t_index,t_minutes,bus,p_bus_kw_set,q_bus_kvar_set,p_bus_share_realized,q_bus_share_realized,p_bus_share_target,q_bus_share_target
0,0,802,22.80185976789066,11.74231528306654,0.015866067010433468,0.014176608157799316,0.0155,0.0139
0,0,806,21.528329450405266,11.18426152642161,0.014979914847288616,0.0135028645860906,0.0155,0.0139
0,0,808,6.247365244351636,3.243419162640158,0.004347062766569481,0.0039158105920180245,0.0045,0.0038
0,0,810,6.680305245143969,3.0874157303903105,0.004648312538912226,0.003727466174672392,0.0045,0.0038
0,0,816,2.041026222081364,0.79727377184543,0.0014201937534584906,0.000962556155704894,0.0014,0.001
0,0,818,14.422372320094288,7.313705089992782,0.010035423777242399,0.008829905239561306,0.0096,0.0081
0,0,820,71.34420667964798,38.383294140253376,0.049642966648690334,0.04634051357968832,0.0478,0.0417
0,0,822,54.56302797279341,27.98211554854561,0.03796623025142741,0.03378307241758864,0.0382,0.0335
0,0,824,19.5495148565884,9.683441770287107,0.013603009398947354,0.011690910717939451,0.0138,0.0115
0,0,826,15.738976456275608,7.942528894931638,0.010951547710268373,0.009589090159060974,0.0113,0.0096
0,0,828,4.554728641662516,2.0452794702153443,0.0031692866537457523,0.0024692852238644837,0.0031,0.0024
0,0,830,38.705032202717014,16.780963838825784,0.026931866120589773,0.02025981615365938,0.0274,0.0206
0,0,832,6.155779381658856,2.7931568731839973,0.00428333518252661,0.0033722046768320533,0.0042,0.0034
0,0,834,70.56686847685992,37.02596534147748,0.04910207655723504,0.044701797699755214,0.0503,0.0431
0,0,836,47.89731829998122,25.13929908764669,0.03332807365290904,0.03035091325142963,0.0345,0.0302
0,0,838,12.6402911812961,5.423978756582817,0.008795410065465359,0.00654842078709891,0.0079,0.0067
0,0,840,36.95782253472439,26.602873881966755,0.025716116793305294,0.032117900925370604,0.0266,0.0297
0,0,842,3.4444973338016083,1.9933787626204513,0.0023967617585436683,0.002406625009337084,0.0025,0.0024
0,0,844,355.7438177988413,258.5181793416449,0.2475348637873842,0.31211143985201245,0.2442,0.3151
0,0,846,26.717668399515524,13.091130278028741,0.018590778186707017,0.015805045241967738,0.0192,0.0163
0,0,848,59.391100174262945,39.5629546550978,0.041325715743378275,0.047764728862196876,0.0404,0.0512
0,0,854,1.6044089265897008,0.7894643773083656,0.0011163852335087253,0.0009531277999136579,0.0011,0.001
0,0,856,1.4651608893862136,0.8450653128485408,0.00101949319435791,0.0010202553345913226,0.0011,0.001
0,0,858,19.738097827945303,9.914877917931834,0.013734229838465568,0.011970325765110033,0.0138,0.012
0,0,860,137.06985173445588,85.62695588171688,0.09537640678728893,0.10337823265832596,0.0984,0.1015
0,0,862,11.431146648136597,5.547885891190837,0.007954059036045243,0.006698015041123645,0.0079,0.0067
0,0,864,0.756318047071897,0.40407772520630847,0.0005262637757706446,0.00048784685451306844,0.0006,0.0005
0,0,890,367.3894241957541,174.82280272242528,0.25563814892953485,0.21106522108277392,0.2544,0.2155
1,5,802,20.9756161895766,11.362133067828502,0.015448314444554082,0.013311447938268066,0.0155,0.0139
1,5,806,21.773941441367143,11.708480160190408,0.016036272357552922,0.013717215170619902,0.0155,0.0139
1,5,808,6.771726001797468,3.300074356770713,0.0049873029551386885,0.0038662430487590095,0.0045,0.0038
1,5,810,6.340935778638751,3.3152493899372644,0.004670030615349093,0.003884021547105416,0.0045,0.0038
1,5,816,1.8152689616348212,0.7823568133119067,0.0013369259557060933,0.0009165798294546031,0.0014,0.001
1,5,818,14.315801042193375,6.690985778206055,0.01054343262322738,0.007838907387422819,0.0096,0.0081
1,5,820,66.02463262312926,36.52683153372834,0.04862642778309022,0.042793462583873704,0.0478,0.0417
1,5,822,53.60909403838556,27.112587177734945,0.03948251790591934,0.031764087828725696,0.0382,0.0335
1,5,824,20.064927597344344,9.43634673337953,0.014777602146678262,0.011055269069545763,0.0138,0.0115
1,5,826,15.371051976882763,7.900912516478961,0.011320613522689687,0.009256412066297029,0.0113,0.0096
1,5,828,4.391065532661582,1.9902340365211235,0.003233972269616016,0.0023316833735325445,0.0031,0.0024
1,5,830,38.56942073021922,17.416619153576722,0.02840596118844013,0.020404656215471315,0.0274,0.0206
1,5,832,5.991612192366691,2.8801180493020593,0.004412757572456949,0.0033742380273563983,0.0042,0.0034
1,5,834,70.75848453434145,34.427004455225536,0.05211285851282008,0.040333384122550275,0.0503,0.0431
1,5,836,49.67081196026837,26.57322153920885,0.036582015753122546,0.031132187324298403,0.0345,0.0302
1,5,838,11.414991811873128,5.091017435686147,0.00840701800119016,0.0059644446287850875,0.0079,0.0067
1,5,840,37.94363701198465,25.579792882619216,0.02794507824864006,0.029968323658591152,0.0266,0.0297
1,5,842,3.6773397797895764,2.112169092331681,0.0027083209725150556,0.0024745379007223285,0.0025,0.0024
1,5,844,326.7153554529861,263.95880355663184,0.240622325431855,0.30924421060870005,0.2442,0.3151
1,5,846,27.34807953056944,13.190777918198354,0.020141564768564622,0.015453819496316756,0.0192,0.0163
1,5,848,53.864105501260326,42.41646049165586,0.0396703310900399,0.04969353044799279,0.0404,0.0512
1,5,854,1.6057106905365401,0.8902021874202063,0.0011825885556924491,0.0010429274152693182,0.0011,0.001
1,5,856,1.5987907449902778,0.8042917728220065,0.001177492090646003,0.0009422780033629391,0.0011,0.001
1,5,858,19.703339608165468,9.926749857788863,0.01451129650370101,0.011629806933199427,0.0138,0.012
1,5,860,135.5128118885333,82.9990538207429,0.09980372020537176,0.09723857107329952,0.0984,0.1015
1,5,862,11.313532525752311,6.015210897435542,0.00833229433437873,0.007047194943142742,0.0079,0.0067
1,5,864,0.8824935706004349,0.3689720960708205,0.0006499469694104846,0.0004322738361010106,0.0006,0.0005
1,5,890,329.76861385734685,198.78436232497532,0.24287101722163332,0.23288828552123633,0.2544,0.2155
2,10,802,22.482159439749708,11.839142933595632,0.016165929346161727,0.013887083884602839,0.0155,0.0139
2,10,806,22.312372908914398,11.910057385327848,0.016043843339754324,0.013970265154172731,0.0155,0.0139
2,10,808,5.610424263717303,3.3278402069133017,0.004034208657416011,0.0039034916942187444,0.0045,0.0038
2,10,810,6.191043169259931,3.3214047673502054,0.004451706105968594,0.0038959430490551313,0.0045,0.0038
2,10,816,1.9391232815185357,0.8437466443723288,0.0013943380326313939,0.0009896983669739426,0.0014,0.001
2,10,818,14.434228431259225,6.5036575005824675,0.010379017087368065,0.007628663474534578,0.0096,0.0081
2,10,820,66.45741026834624,34.429567963482306,0.04778659282290584,0.04038521209696241,0.0478,0.0417
2,10,822,54.45758542140208,24.89832667179988,0.03915804799108541,0.02920525185115894,0.0382,0.0335
2,10,824,19.290570850852852,10.148461914005525,0.013870998747150863,0.011903948004510626,0.0138,0.0115
2,10,826,15.35377508933064,8.014409876228418,0.01104022253539095,0.009400746562569954,0.0113,0.0096
2,10,828,4.342773726729091,2.0153790219863446,0.003122697062122229,0.0023640003076720283,0.0031,0.0024
2,10,830,40.073485752946006,16.462864038191963,0.028815076286273146,0.019310618611625238,0.0274,0.0206
2,10,832,5.768909325045624,2.969206860651818,0.004148168275517726,0.0034828217697754496,0.0042,0.0034
2,10,834,69.4644295851468,35.59706684554618,0.04994880779821618,0.04175466552795304,0.0503,0.0431
2,10,836,49.35778469102746,24.712219069088107,0.03549100619700507,0.028986951260912094,0.0345,0.0302
2,10,838,11.721789473852567,6.247292089763723,0.008428621856931039,0.007327951844890513,0.0079,0.0067
2,10,840,37.395585071243026,24.685076138024016,0.026889516006689495,0.02895511313186211,0.0266,0.0297
2,10,842,3.6264579432257635,2.0495360388214285,0.0026076259731243746,0.0024040658226081287,0.0025,0.0024
2,10,844,360.60112511838787,270.5151777003045,0.2592923658615946,0.3173090303794014,0.2442,0.3151
2,10,846,25.683364488449158,13.711125550057982,0.018467774717312056,0.016082883003774015,0.0192,0.0163
2,10,848,57.61395867843365,44.32534463034188,0.041427656798016584,0.051992765232080934,0.0404,0.0512
2,10,854,1.6299096130303559,0.7334574768918812,0.0011719961205457884,0.0008603313233497104,0.0011,0.001
2,10,856,1.633214835528271,0.8410576117649948,0.001174372760277298,0.0009865441841419647,0.0011,0.001
2,10,858,19.72294621411903,10.230152819996354,0.01418190080228102,0.011999769844864006,0.0138,0.012
2,10,860,140.04816637919257,84.03751699943204,0.10070246004672648,0.09857436932475759,0.0984,0.1015
2,10,862,11.095328057382414,5.877550567099135,0.007978161080514374,0.006894252246054392,0.0079,0.0067
2,10,864,0.8827045639728028,0.38904948403403106,0.0006347139229645856,0.0004563474611587601,0.0006,0.0005
2,10,890,321.5218377228543,191.89339735635556,0.2311921737680553,0.2250872145843587,0.2544,0.2155
3,15,802,21.399528830554118,11.97307782063699,0.014914119640309247,0.014103546134416703,0.0155,0.0139
3,15,806,22.06103938452109,11.30419131039778,0.015375150704278482,0.01331563914031134,0.0155,0.0139
3,15,808,6.108731172840032,3.2739074833798574,0.004257399697143881,0.00385646079674469,0.0045,0.0038
3,15,810,5.96393044698016,3.1594868796817974,0.004156482739271691,0.003721680392979007,0.0045,0.0038
3,15,816,1.984254211053866,0.9147064902470555,0.0013828998261957762,0.0010774677470494713,0.0014,0.001
3,15,818,14.110743788676713,6.84214896763969,0.009834296948519576,0.008059628866466691,0.0096,0.0081
3,15,820,67.58159822150472,34.06194487985539,0.04710010436864058,0.04012286717229751,0.0478,0.0417
3,15,822,55.681549503238024,28.563492687164317,0.038806522219470306,0.033646030110916283,0.0382,0.0335
3,15,824,19.05892899521773,9.649709386955736,0.013282869426778676,0.011366761626494101,0.0138,0.0115
3,15,826,16.459255243194992,7.900651456541151,0.011471061060788835,0.009306479418117282,0.0113,0.0096
3,15,828,4.300805767436651,2.042422085123464,0.0029973899085899325,0.002405847062468841,0.0031,0.0024
3,15,830,36.479602437314064,16.390128805048818,0.025423978232839012,0.01930655936710015,0.0274,0.0206
3,15,832,6.054732362617821,2.8399365610817764,0.0042197659378931385,0.0033452698552578733,0.0042,0.0034
3,15,834,73.64600730251478,35.24237912040254,0.05132661436790863,0.041513345796056776,0.0503,0.0431
3,15,836,49.97712557587169,24.840672767120445,0.03483089912956785,0.029260778191650728,0.0345,0.0302
3,15,838,10.706847609535389,5.376116346344435,0.007461996359058857,0.006332732990674458,0.0079,0.0067
3,15,840,37.50822425543625,24.995753469785374,0.026140862654995208,0.02944345368055657,0.0266,0.0297
3,15,842,3.124153245792171,2.023243802515461,0.002177337438190614,0.002383256230137104,0.0025,0.0024
3,15,844,355.02905968760007,281.7217376439164,0.2474328249885235,0.3318508059039433,0.2442,0.3151
3,15,846,29.24263341418198,14.35402714416805,0.02038026803254256,0.01690815737399704,0.0192,0.0163
3,15,848,59.11033012066961,42.19868373473037,0.041196165690299186,0.04970744296329701,0.0404,0.0512
3,15,854,1.623929829319632,0.8339004955231907,0.001131776496282457,0.00098228327638971,0.0011,0.001
3,15,856,1.5695967864712883,0.7584373622011846,0.0010939097980070603,0.0008933923664500693,0.0011,0.001
3,15,858,19.712084329901046,10.00389582438195,0.013738077430763544,0.011783971372831449,0.0138,0.012
3,15,860,136.00101259627735,86.02942452273874,0.09478411366553269,0.1013373483284697,0.0984,0.1015
3,15,862,10.322210169723421,6.142555859739313,0.007193928363687512,0.0072355513969636995,0.0079,0.0067
3,15,864,0.9067932929128693,0.4207816740894293,0.000631977636826424,0.0004956548217542306,0.0006,0.0005
3,15,890,369.1255773662212,175.08353307282792,0.257257207237095,0.20623758761620828,0.2544,0.2155
4,20,802,22.798029890823752,11.632308208532148,0.016338030938555355,0.014171580559878647,0.0155,0.0139
4,20,806,21.571267297669984,11.46112943728507,0.015458881060377681,0.013963034353624443,0.0155,0.0139
4,20,808,6.123172640535193,3.2315227765715178,0.004388124084504608,0.003936947382951508,0.0045,0.0038
4,20,810,6.6189187349626115,3.31464234227176,0.004743396670215324,0.00403821151731816,0.0045,0.0038
4,20,816,2.179425534043416,0.773179541787413,0.0015618683708196622,0.0009419606123962082,0.0014,0.001
4,20,818,13.275042194928186,6.966346238575699,0.00951345581745475,0.008487063371960023,0.0096,0.0081
4,20,820,68.24711912133944,34.98825143444205,0.04890876751242946,0.04262600465561888,0.0478,0.0417
4,20,822,51.45368572467178,28.603142039759657,0.036873883984631296,0.0348470591060152,0.0382,0.0335
4,20,824,19.636677589160318,9.834784863037106,0.014072472381101243,0.011981667221762235,0.0138,0.0115
4,20,826,15.2511598059331,7.966178616124501,0.010929625145306078,0.009705153954740052,0.0113,0.0096
4,20,828,4.283900614721111,1.9161051384035357,0.003070024081737919,0.002334380919357505,0.0031,0.0024
4,20,830,36.77064223196267,16.52773203239179,0.026351394979886537,0.020135649930366074,0.0274,0.0206
4,20,832,5.713522729520005,2.870584333353808,0.004094551659510268,0.003497217955780285,0.0042,0.0034
4,20,834,74.50350236199269,34.241007385440426,0.05339235593821683,0.04171564111912412,0.0503,0.0431
4,20,836,47.06676261324998,25.273671355053626,0.03373002963130747,0.030790782296271024,0.0345,0.0302
4,20,838,10.972655761300004,5.740410410514087,0.00786346847358044,0.006993512131985701,0.0079,0.0067
4,20,840,38.04449349440722,23.86800883653378,0.027264290586945714,0.02907827096454801,0.0266,0.0297
4,20,842,3.1942256942331557,1.9468393279636789,0.002289117018752364,0.0023718242225683568,0.0025,0.0024
4,20,844,326.14228147649266,262.3127941580735,0.23372733129360032,0.3195743121362059,0.2442,0.3151
4,20,846,27.337822834037617,13.648698589825404,0.019591438268752665,0.016628138468798397,0.0192,0.0163
4,20,848,57.31170890242672,43.12833374038043,0.04107199076733437,0.05254302457072352,0.0404,0.0512
4,20,854,1.4878167543344678,0.8542733784307472,0.00106623231391593,0.0010407568115940343,0.0011,0.001
4,20,856,1.5166945873839315,0.7834591235302278,0.0010869273885368506,0.0009544841733420319,0.0011,0.001
4,20,858,19.718845738485467,10.03869038779187,0.014131357546717176,0.012230084261515957,0.0138,0.012
4,20,860,134.29453808186372,85.7861941728839,0.0962411370003345,0.10451287395864364,0.0984,0.1015
4,20,862,11.103772950387667,5.52059043478842,0.007957432588117938,0.0067257065994275195,0.0079,0.0067
4,20,864,0.7630269753843568,0.4526316433702442,0.000546817351783527,0.0005514387757768247,0.0006,0.0005
4,20,890,368.01570823385237,167.13788697072175,0.2637355971455737,0.2036232179677058,0.2544,0.2155
5,25,802,21.83099871576374,12.01236758890915,0.015562472131732735,0.014402305108235926,0.0155,0.0139
5,25,806,22.063949164121,11.092187430874347,0.015728533469916806,0.01329904921030636,0.0155,0.0139
5,25,808,6.999953548488474,3.2345114570259157,0.004989995347446681,0.0038780382414523107,0.0045,0.0038
5,25,810,6.663627114590442,3.0499908190256364,0.0047502412792590565,0.0036568060399252756,0.0045,0.0038
5,25,816,1.973688287820313,0.9329396136286499,0.0014069658184603288,0.0011185539289894249,0.0014,0.001
5,25,818,12.497806370594684,6.698148058276027,0.008909201355489489,0.008030787543040027,0.0096,0.0081
5,25,820,63.72019567994964,33.65063266236606,0.04542365571125824,0.040345641698147236,0.0478,0.0417
5,25,822,52.764948062802084,27.46495760020681,0.03761408465324786,0.03292928693825149,0.0382,0.0335
5,25,824,18.490584307336576,9.934687090048254,0.013181220278969407,0.011911256758229197,0.0138,0.0115
5,25,826,15.936424008435008,7.3914963458888785,0.01136045848107091,0.008862081916157028,0.0113,0.0096
5,25,828,4.5579773724227035,1.903301492557555,0.0032492052589502968,0.0022819755228006664,0.0031,0.0024
5,25,830,38.709072101726264,17.73802393517369,0.027594195926243188,0.021267117480440207,0.0274,0.0206
5,25,832,5.874973246005741,2.870934364603887,0.004188040529250756,0.003442125156319785,0.0042,0.0034
5,25,834,71.94198818323434,34.99597412755561,0.05128465265286247,0.04195864747015764,0.0503,0.0431
5,25,836,50.50678266937578,24.654959972576048,0.03600432614143666,0.02956022227327045,0.0345,0.0302
5,25,838,11.506305190288883,5.433418746238606,0.008202398625665347,0.006514432228696339,0.0079,0.0067
5,25,840,37.22268272796974,26.061883999833675,0.026534606600662473,0.031247062852756285,0.0266,0.0297
5,25,842,3.371358323878247,1.9503471441029259,0.002403310569733818,0.002338381208237546,0.0025,0.0024
5,25,844,350.04441729777454,267.66889005388435,0.24953308641494562,0.32092333122557887,0.2442,0.3151
5,25,846,26.75171923825163,13.436937435483859,0.019070262911087564,0.0161103022558844,0.0192,0.0163
5,25,848,56.21360570095028,42.849224294810945,0.040072498905584134,0.0513743520898318,0.0404,0.0512
5,25,854,1.5670793376431418,0.8316090777717425,0.0011171100707672047,0.0009970630335942776,0.0011,0.001
5,25,856,1.622536054004385,0.7849181771965257,0.00115664301262323,0.0009410826791066701,0.0011,0.001
5,25,858,19.66284634145442,9.906244159807873,0.014016880409528351,0.011877154924726161,0.0138,0.012
5,25,860,139.235270015818,87.70501893120431,0.09925542287769058,0.10515449455085484,0.0984,0.1015
5,25,862,11.372197550043914,5.531700112293117,0.008106798491143891,0.006632267302414711,0.0079,0.0067
5,25,864,0.8808255088596231,0.4172723022812475,0.0006279063369029029,0.0005002913011269512,0.0006,0.0005
5,25,890,348.81379811669905,173.85610310195855,0.24865582573806994,0.2084458890614679,0.2544,0.2155
6,30,802,23.118099812618013,11.510299515510068,0.01631443019484771,0.01347480834883084,0.0155,0.0139
6,30,806,22.399651551078833,11.899357589845245,0.015807421655802765,0.013930268520059874,0.0155,0.0139
6,30,808,6.625360811095541,3.249918311746469,0.0046755134437693755,0.0038045948622909445,0.0045,0.0038
6,30,810,6.491879133919526,2.930751817936556,0.0045813154983400245,0.003430954947042718,0.0045,0.0038
6,30,816,1.9101009458888203,0.8454908410548225,0.0013479571763855436,0.0009897941429372675,0.0014,0.001
6,30,818,13.359969300504709,7.402367545750911,0.009428122913433753,0.00866575920741179,0.0096,0.0081
6,30,820,68.67779726727123,35.25467594744384,0.04846588337858357,0.041271732429882885,0.0478,0.0417
6,30,822,54.82647813909582,28.825607111459583,0.038691015164724694,0.03374538871401391,0.0382,0.0335
6,30,824,19.009225893212236,9.657181253877658,0.013414800152546901,0.011305410985228982,0.0138,0.0115
6,30,826,15.920531135192759,7.651982823408585,0.011235109977691032,0.00895797732240046,0.0113,0.0096
6,30,828,4.442044970130464,1.9293366001294223,0.003134748667708993,0.0022586241906300906,0.0031,0.0024
6,30,830,37.7850356241612,18.38072933360151,0.026664878649055496,0.02151784189006293,0.0274,0.0206
6,30,832,5.812372391417004,3.0425881380022815,0.004101787967645868,0.00356187881894488,0.0042,0.0034
6,30,834,68.12032663632255,35.88358701906211,0.04807247666401761,0.04200798226830757,0.0503,0.0431
6,30,836,47.42651652764677,24.831421802071183,0.03346886636646381,0.02906949983021893,0.0345,0.0302
6,30,838,11.4361295365048,5.821561334909372,0.008070470260739612,0.006815150480937892,0.0079,0.0067
6,30,840,35.26247059025605,25.206421487200494,0.02488470590600215,0.029508502210754763,0.0266,0.0297
6,30,842,3.6523129816101543,2.103368532884195,0.0025774352421340813,0.0024623588490798763,0.0025,0.0024
6,30,844,355.6407209495054,261.1414152460454,0.2509754592031482,0.30571146455757375,0.2442,0.3151
6,30,846,27.456298834187358,14.249386273732394,0.019375894834347193,0.01668138599419376,0.0192,0.0163
6,30,848,53.18805930946279,42.469755126937756,0.0375347839068519,0.04971823801684126,0.0404,0.0512
6,30,854,1.5423021970951176,0.8628789718420133,0.0010884018036869572,0.001010149975518868,0.0011,0.001
6,30,856,1.5041373833373357,0.7808350415859545,0.0010614689158199855,0.0009141032796969612,0.0011,0.001
6,30,858,19.70752517017326,10.655520192687153,0.01390758956436851,0.012474140421809327,0.0138,0.012
6,30,860,135.91216352324116,87.80582564345906,0.09591313829436846,0.10279199692954613,0.0984,0.1015
6,30,862,10.376618380581494,5.5181479439578425,0.007322773826600213,0.006459952313589457,0.0079,0.0067
6,30,864,0.8566345472927184,0.44428248006180154,0.000604526524133878,0.0005201099470529933,0.0006,0.0005
6,30,890,364.573085418651,193.8540797747425,0.25727902384678186,0.22693993054514058,0.2544,0.2155
7,35,802,21.86434354058521,12.11403020686049,0.015555381532152428,0.014875548978800543,0.0155,0.0139
7,35,806,22.200444756373102,11.66088519186452,0.01579450065481423,0.01431910485987682,0.0155,0.0139
7,35,808,6.737537531326316,3.167497714765203,0.004793419326422277,0.003889561656330052,0.0045,0.0038
7,35,810,7.005820554044432,3.6305642127176334,0.004984289213242017,0.004458188963106286,0.0045,0.0038
7,35,816,2.187579475466382,0.9052064092291223,0.0015563528495433924,0.0011115575944978368,0.0014,0.001
7,35,818,13.194833534744589,6.9275088975441665,0.009387460890613956,0.00850670636830133,0.0096,0.0081
7,35,820,68.22618561600781,34.90380467427573,0.048539502033091715,0.04286048879790906,0.0478,0.0417
7,35,822,51.410712153630215,28.109470626200363,0.03657613780651286,0.03451731586663809,0.0382,0.0335
7,35,824,19.4972247415342,9.246931682395081,0.013871295477484474,0.011354865622440879,0.0138,0.0115
7,35,826,16.519192307185698,8.15961165451136,0.011752575075683848,0.010019679721942213,0.0113,0.0096
7,35,828,4.212742693455207,2.025146220616852,0.002997154694895964,0.002486799296319909,0.0031,0.0024
7,35,830,39.78502162187089,17.215320120377925,0.02830504329774957,0.02113973081323368,0.0274,0.0206
7,35,832,6.081776120820111,2.841123668686145,0.004326878041267671,0.003488787262923899,0.0042,0.0034
7,35,834,76.45606314092934,34.37654680826677,0.054394646260285576,0.042213037035255176,0.0503,0.0431
7,35,836,47.91230939240785,24.51090526768023,0.03408720007083671,0.0300984202282761,0.0345,0.0302
7,35,838,11.463141275838007,6.631179867509411,0.008155448882864201,0.008142826063823794,0.0079,0.0067
7,35,840,37.776049583169865,26.041648825555136,0.026875760662695248,0.031978112649404124,0.0266,0.0297
7,35,842,3.5981277584673874,1.9740041159755908,0.0025598870590601112,0.002423998818734904,0.0025,0.0024
7,35,844,348.5428578217409,239.27404833034487,0.2479707256547627,0.29381904820397353,0.2442,0.3151
7,35,846,27.08514871426013,14.079269528798648,0.019269722016731872,0.017288784977832462,0.0192,0.0163
7,35,848,58.71783938147407,37.45295701994352,0.04177479157455771,0.045990746847862606,0.0404,0.0512
7,35,854,1.5314710346818672,0.8865304664093858,0.0010895646697874316,0.0010886242768986339,0.0011,0.001
7,35,856,1.5012489095437358,0.8776750870234967,0.0010680631467088427,0.0010777502219779145,0.0011,0.001
7,35,858,19.525359430578483,9.97902763262842,0.013891311894696357,0.012253850434176783,0.0138,0.012
7,35,860,134.6783343133224,82.53422809584379,0.09581686596122854,0.10134876102355415,0.0984,0.1015
7,35,862,11.83426632608097,5.461445953269791,0.008419485703450766,0.0067064391771887236,0.0079,0.0067
7,35,864,0.842022467109298,0.4367843213026838,0.0005990566654890214,0.0005363538354915589,0.0006,0.0005
7,35,890,345.1930122365326,188.9351779063752,0.2455874788833704,0.23200491040322907,0.2544,0.2155
8,40,802,21.710613245825485,11.32019356317176,0.015128453074409907,0.013531782809884423,0.0155,0.0139
8,40,806,22.0188636433032,10.948365859402937,0.015343249018707173,0.013087312341952954,0.0155,0.0139
8,40,808,6.153667579283849,3.353520226339882,0.004288016655937331,0.004008686520963617,0.0045,0.0038
8,40,810,6.250968736124041,3.4686466477569913,0.004355818332871799,0.004146304815350719,0.0045,0.0038
8,40,816,1.8930548180434177,0.7455802322002719,0.0013191239997590641,0.0008912418072337687,0.0014,0.001
8,40,818,13.535998470420083,7.266276495126017,0.009432194077447782,0.008685865203621482,0.0096,0.0081
8,40,820,66.88416540029091,36.040557663858394,0.046606419921092324,0.043081683712641615,0.0478,0.0417
8,40,822,52.346590985551735,27.803052756951143,0.036476304762258105,0.033234844374287205,0.0382,0.0335
8,40,824,18.504036147880772,9.69841447794538,0.012894036634558228,0.011593162041217322,0.0138,0.0115
8,40,826,15.159354148485333,8.248223338020077,0.010563385533009692,0.009859651794349278,0.0113,0.0096
8,40,828,4.842444605456178,2.0329109825427345,0.0033743264250335886,0.0024300741620790285,0.0031,0.0024
8,40,830,36.57223029327682,17.199021585042743,0.02548436856912532,0.02055913826318919,0.0274,0.0206
8,40,832,5.894850324303858,2.806700563287672,0.004107666858698635,0.003355036486155955,0.0042,0.0034
8,40,834,71.22079829040761,37.83872541020741,0.04962828514600429,0.045231153619101114,0.0503,0.0431
8,40,836,47.81897143564198,25.46807552089243,0.033321355654002904,0.03044369026123705,0.0345,0.0302
8,40,838,11.42756419240986,6.132673375571821,0.007962988731924518,0.00733079374474469,0.0079,0.0067
8,40,840,35.722961466854414,25.61469251816035,0.024892578579473093,0.030618951342436355,0.0266,0.0297
8,40,842,3.5746228085221645,2.033545708332706,0.002490879129259102,0.002430832892173686,0.0025,0.0024
8,40,844,338.0541968701407,273.482100440607,0.23556391503315166,0.3269114052601417,0.2442,0.3151
8,40,846,27.859903433135294,13.702538319694938,0.019413419463258155,0.016379558481178346,0.0192,0.0163
8,40,848,55.30432461546614,41.1862662904342,0.03853732136828916,0.049232692628629,0.0404,0.0512
8,40,854,1.4916693646693462,0.7699793134152614,0.0010394294131822442,0.0009204076572627025,0.0011,0.001
8,40,856,1.6677504146175015,0.812292482572768,0.0011621267258408673,0.0009709874120912809,0.0011,0.001
8,40,858,19.193066668370335,9.73970855154937,0.013374168898812298,0.011642523603122276,0.0138,0.012
8,40,860,137.2280076418695,85.26216237065624,0.09562362198607952,0.10191955258206346,0.0984,0.1015
8,40,862,10.68234057702954,5.712342593003505,0.007443699830797275,0.006828344309911038,0.0079,0.0067
8,40,864,0.8394573108131475,0.4203961677736175,0.0005849531006245956,0.0005025275941329777,0.0006,0.0005
8,40,890,401.2323391519992,167.45638686047687,0.2795878930763913,0.200171794278848,0.2544,0.2155
9,45,802,22.253700515130795,11.491001363053307,0.015507416979315515,0.013822276269382776,0.0155,0.0139
9,45,806,22.083091438064848,11.186226479706853,0.015388528613009024,0.013455669173579227,0.0155,0.0139
9,45,808,6.334086899996344,3.3919333545006336,0.004413887329645587,0.004080083052116554,0.0045,0.0038
9,45,810,6.376749861879327,3.13744752739401,0.004443616872336351,0.0037739675711611622,0.0045,0.0038
9,45,816,1.8625690833696735,0.8259547724154813,0.0012979250533616364,0.0009935230785934246,0.0014,0.001
9,45,818,14.204732446190748,6.37208159540377,0.009898520426880011,0.00766483872379571,0.0096,0.0081
9,45,820,68.1629918511579,35.181172122756145,0.04749915352167569,0.042318668773722194,0.0478,0.0417
9,45,822,53.98274088333177,27.617945547250418,0.03761769293133892,0.03322102759244919,0.0382,0.0335
9,45,824,18.408292352195836,9.399843368765799,0.012827757126890042,0.011306867680806125,0.0138,0.0115
9,45,826,15.835986207235567,8.595653853781249,0.011035254169405173,0.010339525558230325,0.0113,0.0096
9,45,828,4.341734819686064,1.9901558641619455,0.0030255234277421178,0.0023939153172521485,0.0031,0.0024
9,45,830,39.20825405518049,17.616963777392805,0.027322141063739785,0.02119106356925274,0.0274,0.0206
9,45,832,5.833908835832644,2.7709144439053297,0.004065339913919401,0.0033330728761053526,0.0042,0.0034
9,45,834,70.05157192438725,36.158543493447695,0.04881520424656439,0.043494327593755114,0.0503,0.0431
9,45,836,47.679580949263446,25.277645021339254,0.03322535695474694,0.030405930857143385,0.0345,0.0302
9,45,838,11.019853674181142,6.105435013037098,0.0076791482774012125,0.0073440953341369734,0.0079,0.0067
9,45,840,37.04525444967647,24.726656035703336,0.025814862003080214,0.0297431581587314,0.0266,0.0297
9,45,842,3.267291734306824,1.8840576049415443,0.0022768013473766784,0.0022662920227879925,0.0025,0.0024
9,45,844,349.97401433291657,264.66195508816753,0.24387822458990183,0.3183561245572413,0.2442,0.3151
9,45,846,27.150394412074274,13.13383264289591,0.01891966178904242,0.015798402378546725,0.0192,0.0163
9,45,848,54.37698587580903,46.13002942564138,0.037892421239387956,0.055488811713668415,0.0404,0.0512
9,45,854,1.6438275428264646,0.8866488776634351,0.0011454957404213003,0.0010665307011803998,0.0011,0.001
9,45,856,1.6590956941200914,0.7773751159079376,0.001156135300725105,0.000935087663601831,0.0011,0.001
9,45,858,19.59905670019168,10.078227691427156,0.013657537291133698,0.012122881466583958,0.0138,0.012
9,45,860,137.97820155101016,84.23488511098836,0.09614964954043183,0.10132431602239622,0.0984,0.1015
9,45,862,11.126216543803743,5.322384812390241,0.007753266888336628,0.0064021812342103055,0.0079,0.0067
9,45,864,0.9169681402716465,0.42804041740974474,0.0006389861901067435,0.0005148805327725872,0.0006,0.0005
9,45,890,382.65877518307803,171.95628124837643,0.2666544911720839,0.20684248052679635,0.2544,0.2155
10,50,802,21.753121205276834,11.63705240761491,0.015044223409476672,0.014051558835027015,0.0155,0.0139
10,50,806,23.153658633709064,11.770801875844278,0.01601281995099538,0.014213059226719737,0.0155,0.0139
10,50,808,6.210703972338976,3.2883118772403357,0.0042952557110437295,0.003970585178487729,0.0045,0.0038
10,50,810,6.629873958047142,2.8738572286084816,0.004585149140682281,0.003470137670329213,0.0045,0.0038
10,50,816,1.9379041036683948,0.8368049210810026,0.0013402335235762298,0.0010104288586270799,0.0014,0.001
10,50,818,14.881363588307565,7.1331347485393435,0.010291790145767329,0.008613148681163271,0.0096,0.0081
10,50,820,65.46407744277704,34.94629322985335,0.04527424809757946,0.042197102684186895,0.0478,0.0417
10,50,822,51.25347783168714,26.758412641193175,0.03544635106549753,0.03231036489219693,0.0382,0.0335
10,50,824,18.7365998049499,9.342925788796427,0.012958029826600055,0.0112814368118388,0.0138,0.0115
10,50,826,17.233857078553772,7.351321824670009,0.01191874920615349,0.00887660616420136,0.0113,0.0096
10,50,828,4.202159025096425,1.9336771057440472,0.0029061677438897344,0.002334884871836385,0.0031,0.0024
10,50,830,38.49600545811587,17.8174838267359,0.02662342111824583,0.021514333141585927,0.0274,0.0206
10,50,832,6.078195389103255,2.760117088183428,0.0042036142076907375,0.0033327982291111733,0.0042,0.0034
10,50,834,70.3431074488434,35.55829910793451,0.04864853249291474,0.042936090213160506,0.0503,0.0431
10,50,836,49.37323503623455,24.443338071303327,0.0341459954791927,0.02951494854561459,0.0345,0.0302
10,50,838,10.056668475229012,6.276024224719642,0.006955083174900232,0.0075782011247105445,0.0079,0.0067
10,50,840,37.243823558094434,24.81234073192631,0.025757425656010476,0.02996051348890147,0.0266,0.0297
10,50,842,3.5143426579081547,1.9936716505947922,0.002430481381687842,0.002407327346719395,0.0025,0.0024
10,50,844,371.5356046089999,273.5975597758933,0.2569500067400398,0.33036477568796435,0.2442,0.3151
10,50,846,27.769169589667946,13.008839542073257,0.01920485742070289,0.01570797035177512,0.0192,0.0163
10,50,848,55.8020329893686,42.653288363560115,0.03859208262910817,0.05150317880804129,0.0404,0.0512
10,50,854,1.5844634671582833,0.7842408705628389,0.0010957978011128296,0.0009469585894736998,0.0011,0.001
10,50,856,1.5523688605461947,0.8727145308841993,0.00107360151821829,0.0010537891510119708,0.0011,0.001
10,50,858,20.17632063390456,9.81282092938617,0.013953725184230699,0.011848827847215545,0.0138,0.012
10,50,860,147.01421916593304,82.04989289893828,0.10167344431315678,0.09907396281232328,0.0984,0.1015
10,50,862,10.865369917628579,5.745530597861678,0.0075143723479902,0.006937638364631908,0.0079,0.0067
10,50,864,0.8692983249222277,0.44821498643978486,0.0006011973218096821,0.0005412125882133338,0.0006,0.0005
10,50,890,362.21408329357274,167.6611024786539,0.25050334339172603,0.2024481598349316,0.2544,0.2155
11,55,802,21.902535552270326,11.692497001593882,0.014999776526403759,0.014165939738132977,0.0155,0.0139
11,55,806,21.806472768218924,12.537042934953963,0.014933988696047933,0.015189141779273831,0.0155,0.0139
11,55,808,6.1844644616963045,3.393168680619588,0.004235381088164233,0.004110963042746547,0.0045,0.0038
11,55,810,6.2720254928526,3.0103733271622617,0.004295346560957622,0.003647190769948479,0.0045,0.0038
11,55,816,1.9097591627974844,0.8935809103864144,0.0013078833084348026,0.0010826099271998445,0.0014,0.001
11,55,818,14.070914286499468,6.768913136045749,0.009636353257638994,0.008200815921937775,0.0096,0.0081
11,55,820,65.57455552966908,35.41102681952737,0.04490821057753443,0.0429019115354449,0.0478,0.0417
11,55,822,54.84836086113882,30.262520873792763,0.037562461834303645,0.03666428539290633,0.0382,0.0335
11,55,824,20.790108993268476,8.743199201845929,0.014237940082981827,0.01059274447493621,0.0138,0.0115
11,55,826,16.184852607357552,7.8556011418014515,0.01108406703158996,0.009517383016339314,0.0113,0.0096
11,55,828,4.252036428307973,1.9964421506631331,0.0029119731847729604,0.0024187715586420342,0.0031,0.0024
11,55,830,39.08690748594622,16.57374757585345,0.02676835638495921,0.020079775035440478,0.0274,0.0206
11,55,832,6.0069547248862944,2.8930455846057117,0.004113814962769454,0.0035050433971126594,0.0042,0.0034
11,55,834,72.4003378118748,35.01242609851293,0.049582793052546516,0.042418990411522674,0.0503,0.0431
11,55,836,48.300339083077574,24.02481015823102,0.033078101421942036,0.02910704299305721,0.0345,0.0302
11,55,838,10.86944537710559,5.4985450002493685,0.007443852846783135,0.006661712815519812,0.0079,0.0067
11,55,840,37.544320955772754,25.587461730679312,0.02571192832118446,0.031000259472307425,0.0266,0.0297
11,55,842,3.4452846212267687,2.0940346333011823,0.0023594756536258824,0.0025370088545555534,0.0025,0.0024
11,55,844,362.33727094526654,240.4197564674984,0.24814378583682475,0.29127839686517987,0.2442,0.3151
11,55,846,27.88828403364832,13.446134260020747,0.019099068562691487,0.016290543210088826,0.0192,0.0163
11,55,848,60.45644514075076,42.79043625210958,0.041403113558605834,0.051842368762906196,0.0404,0.0512
11,55,854,1.6043279271409914,0.831959035779513,0.0010987111663283665,0.001007952498413405,0.0011,0.001
11,55,856,1.5461205399457674,0.8078859485694618,0.0010588483021393975,0.0009787869657917657,0.0011,0.001
11,55,858,19.66715491734807,10.0423157564286,0.013468893953686795,0.012166677469960316,0.0138,0.012
11,55,860,142.4938953812213,83.64755543569171,0.09758580608141165,0.10134244459353879,0.0984,0.1015
11,55,862,11.149381738587392,5.5183691156957355,0.0076355650279514185,0.0066857305445589335,0.0079,0.0067
11,55,864,0.8545919045177427,0.4226586431292637,0.0005852604397535695,0.0005120682834089267,0.0006,0.0005
11,55,890,380.74364235811305,193.21957481920865,0.2607492422779657,0.234093440669129,0.2544,0.2155
12,60,802,22.55998360381605,11.702921719589547,0.015783964454123237,0.014352279289101514,0.0155,0.0139
12,60,806,22.278326477481308,12.176785998250704,0.01558690464466637,0.01493341899382066,0.0155,0.0139
12,60,808,6.233884641357499,3.2847294067867576,0.004361501999214567,0.004028340525974374,0.0045,0.0038
12,60,810,6.302322540105067,3.0630639398710025,0.00440938418654753,0.003756493480753295,0.0045,0.0038
12,60,816,1.8485884447785939,0.8861073244813648,0.0012933544108495174,0.001086708097840809,0.0014,0.001
12,60,818,14.38746442084953,6.720138234810437,0.010066107803608466,0.008241471926273107,0.0096,0.0081
12,60,820,65.7358899056893,33.11796521914713,0.04599174218619785,0.04061535210615938,0.0478,0.0417
12,60,822,58.09830022314186,28.86129014904475,0.040648145923826644,0.03539503269252086,0.0382,0.0335
12,60,824,19.249266886613068,9.831348347166845,0.013467640298055843,0.012057011116360261,0.0138,0.0115
12,60,826,16.68363752840895,6.990499695756739,0.011672612282809464,0.00857303897333073,0.0113,0.0096
12,60,828,4.316812335133271,1.913919234778375,0.0030202332434913167,0.002347200472882092,0.0031,0.0024
12,60,830,37.8437911853503,16.215730862130286,0.02647719366151459,0.01988671750411053,0.0274,0.0206
12,60,832,6.0760988836249314,2.827516999875745,0.004251108089575534,0.0034676224150905796,0.0042,0.0034
12,60,834,73.50481993639059,36.763404859833365,0.05142722997752841,0.04508606199453807,0.0503,0.0431
12,60,836,50.564662449072436,24.806725011980888,0.03537727902408129,0.030422577724665566,0.0345,0.0302
12,60,838,11.942654132312184,5.1736487380853395,0.008355610164557836,0.006344881510094616,0.0079,0.0067
12,60,840,38.65192268999649,25.717839745058996,0.02704259828093262,0.03153995451542571,0.0266,0.0297
12,60,842,3.6888729994093317,1.9683451116784545,0.0025808990520987357,0.0024139475130264907,0.0025,0.0024
12,60,844,359.6488720320944,258.4446076469511,0.25162629157052563,0.316952405440972,0.2442,0.3151
12,60,846,27.26672402182519,13.864334526837425,0.019077008667155157,0.01700300198997509,0.0192,0.0163
12,60,848,56.21184793755734,43.48031337314278,0.039328300291712394,0.053323573041116394,0.0404,0.0512
12,60,854,1.524804203320565,0.8255956821097493,0.0010668206044546266,0.0010124975705580448,0.0011,0.001
12,60,856,1.3927169779642803,0.7963607596313766,0.0009744065271006559,0.0009766443210483529,0.0011,0.001
12,60,858,19.312232808231137,9.970778189139821,0.013511694047654873,0.012228005683458982,0.0138,0.012
12,60,860,138.2510871320867,82.16978693693447,0.0967265882528229,0.10077173542661369,0.0984,0.1015
12,60,862,11.282876935388789,5.205776228714884,0.007894000794322372,0.006384282159729088,0.0079,0.0067
12,60,864,0.9116345211639141,0.3927892813483671,0.0006378199173322504,0.00048171060208330237,0.0006,0.0005
12,60,890,353.5275732709409,168.23277612413074,0.24734355964323945,0.20631803291247658,0.2544,0.2155
13,65,802,20.768362392693177,11.35283966741701,0.014947541295129953,0.013367423143370232,0.0155,0.0139
13,65,806,23.45329466001832,12.107512000969066,0.016879958265790543,0.014256013550062745,0.0155,0.0139
13,65,808,6.454531198978313,2.848173964082141,0.004645497310436802,0.00335358797262733,0.0045,0.0038
13,65,810,6.444295600848192,3.3718029833935446,0.004638130478963168,0.003970135979675513,0.0045,0.0038
13,65,816,1.9476421135928972,0.7599809858189623,0.0014017696903876494,0.0008948410896274982,0.0014,0.001
13,65,818,13.408498824382018,7.261474464337006,0.009650452264530294,0.008550037228849117,0.0096,0.0081
13,65,820,69.35823503590584,37.370117616826136,0.049918961483514976,0.04400151765864626,0.0478,0.0417
13,65,822,53.98689710565987,30.795123059942018,0.03885580185015912,0.03625977753177077,0.0382,0.0335
13,65,824,19.246292704150697,10.420268970806438,0.013852067367365734,0.012269365963149582,0.0138,0.0115
13,65,826,14.20277990613655,8.964478474114363,0.010222117427386051,0.010555242611858773,0.0113,0.0096
13,65,828,4.053620019271576,2.023026022855586,0.002917497850198579,0.0023820159246301345,0.0031,0.0024
13,65,830,39.17833004417133,17.28480042538316,0.028197683338553308,0.020352021873252753,0.0274,0.0206
13,65,832,5.662125579143799,2.9262905781849886,0.004075181967271535,0.0034455665318099344,0.0042,0.0034
13,65,834,70.88975201926336,34.54802953269166,0.05102123487994721,0.04067864455609046,0.0503,0.0431
13,65,836,49.898403017521034,26.116283636748907,0.035913204207561604,0.03075066895436279,0.0345,0.0302
13,65,838,12.372322960771262,6.17262759775653,0.008904689010910072,0.0072679723683994855,0.0079,0.0067
13,65,840,37.15603565316685,25.857792156387745,0.02674218442395982,0.030446307658143587,0.0266,0.0297
13,65,842,3.5096530178057015,1.9113217247939105,0.0025259903705111167,0.0022504894816548944,0.0025,0.0024
13,65,844,334.56428639604275,282.77563669890964,0.24079479124170033,0.33295472332256376,0.2442,0.3151
13,65,846,26.165913854799662,12.877461365185077,0.018832302252537503,0.015162591926218565,0.0192,0.0163
13,65,848,58.28003021610529,43.04573083064814,0.041945683625163675,0.050684279474177446,0.0404,0.0512
13,65,854,1.5403735061091899,0.8229284583131498,0.001108647670776003,0.0009689587135247542,0.0011,0.001
13,65,856,1.6084054022246115,0.8771135542799015,0.0011576120309572868,0.0010327590601402798,0.0011,0.001
13,65,858,19.66248402029956,9.78909585933755,0.014151611297078665,0.011526189955658073,0.0138,0.012
13,65,860,139.689513055814,86.53861995157858,0.10053824781259545,0.10189506634680118,0.0984,0.1015
13,65,862,9.83012653951093,5.312530553475791,0.007075002814732678,0.006255249431048383,0.0079,0.0067
13,65,864,0.8093158564667909,0.44500302860243257,0.0005824860890137851,0.0005239696813901549,0.0006,0.0005
13,65,890,345.2751052602135,164.71549679501183,0.24850365168286714,0.19394458201049564,0.2544,0.2155
14,70,802,20.895997702660228,11.290267383650706,0.014742189526179282,0.013590123666224528,0.0155,0.0139
14,70,806,20.798381823516486,12.096947994270224,0.0146733212284517,0.014561127176144937,0.0155,0.0139
14,70,808,6.017225084750592,3.011662617745654,0.004245170481129039,0.003625145979746902,0.0045,0.0038
14,70,810,6.731485630463236,3.287024096767173,0.004749083454598954,0.003956599294859347,0.0045,0.0038
14,70,816,1.9858273753845903,0.7757015818171377,0.0014010072144326376,0.0009337139738821818,0.0014,0.001
14,70,818,13.334202310591172,6.549597399286734,0.009407320025601225,0.007883767106276269,0.0096,0.0081
14,70,820,68.10704369619606,36.314837233602134,0.048049725144699504,0.04371226226565127,0.0478,0.0417
14,70,822,51.70415903533815,27.96129692657727,0.03647744044753755,0.03365708447706726,0.0382,0.0335
14,70,824,19.55499969041132,8.978681238416474,0.01379611137608998,0.010807661523268041,0.0138,0.0115
14,70,826,14.295195843916066,7.180575108201323,0.010085303867449784,0.008643276584962108,0.0113,0.0096
14,70,828,4.454484406953117,2.0817728832615234,0.0031426522103968745,0.002505835332959921,0.0031,0.0024
14,70,830,39.64503231924989,16.95919275411066,0.027969690107090658,0.02041382360363355,0.0274,0.0206
14,70,832,6.034027366571932,2.942474182899583,0.004257024541729885,0.003541863684130747,0.0042,0.0034
14,70,834,70.26258311537053,37.93326292501366,0.04957046471888959,0.04566036540116493,0.0503,0.0431
14,70,836,49.08741863846829,24.95991128573866,0.03463132218985063,0.030044308920653632,0.0345,0.0302
14,70,838,11.071443175718187,5.76494490550387,0.007810936617971722,0.006939278896815232,0.0079,0.0067
14,70,840,39.6065061864604,25.27449365443845,0.027942509803983086,0.03042297252077659,0.0266,0.0297
14,70,842,3.293727124749655,1.9304704496666678,0.0023237344400356295,0.00232371220746757,0.0025,0.0024
14,70,844,333.77013291192026,257.54133584714646,0.2354758374106807,0.3100031632905096,0.2442,0.3151
14,70,846,27.44463227219599,13.50478501858294,0.019362271004724582,0.01625574419557932,0.0192,0.0163
14,70,848,53.97299679857807,41.843013052649205,0.038078112345849326,0.05036654160878486,0.0404,0.0512
14,70,854,1.363697041589677,0.8079087947245672,0.0009620923838848635,0.0009724818782623932,0.0011,0.001
14,70,856,1.4749226693295034,0.7908161627789804,0.0010405624003751522,0.0009519074335633985,0.0011,0.001
14,70,858,19.36859259862655,10.14492395275087,0.013664600609520306,0.012211470855152343,0.0138,0.012
14,70,860,136.71613457921572,85.0098512923714,0.09645364609687157,0.10232657497409242,0.0984,0.1015
14,70,862,11.228156168106807,5.845384591956385,0.007921498107682912,0.0070361043527070065,0.0079,0.0067
14,70,864,0.8220898175658394,0.40977747515510027,0.0005799868506185209,0.0004932501927328447,0.0006,0.0005
14,70,890,384.38727680959244,179.57911461094642,0.27118638539367435,0.21615983860293075,0.2544,0.2155
15,75,802,22.401181635523045,11.69891231209263,0.016090788355256954,0.014178942449474714,0.0155,0.0139
15,75,806,22.067938102159395,11.779037536230959,0.015851419233870546,0.014276053267258542,0.0155,0.0139
15,75,808,6.458728187879052,3.2690542546559254,0.0046393101045389355,0.003962054839325974,0.0045,0.0038
15,75,810,5.918394565194489,2.973435078376091,0.00425118799092421,0.0036037679169511247,0.0045,0.0038
15,75,816,1.95888938714351,0.8739639535915803,0.0014070719595390335,0.0010592339074190242,0.0014,0.001
15,75,818,13.702274751006012,6.763151146822416,0.009842355934223956,0.008196858676235428,0.0096,0.0081
15,75,820,64.28283254118676,33.62265268523977,0.046174414819993466,0.04075025478478998,0.0478,0.0417
15,75,822,52.447709150856305,30.024972429735637,0.03767323534068552,0.03638990914465072,0.0382,0.0335
15,75,824,19.9408846081771,10.238863166970676,0.01432355484935502,0.012409380267126334,0.0138,0.0115
15,75,826,15.346724957063499,8.595159092728304,0.011023565955059175,0.010417230497052465,0.0113,0.0096
15,75,828,4.339786835505008,2.133693306291141,0.0031172726784334625,0.002586010886111167,0.0031,0.0024
15,75,830,40.15713183836941,17.09569790821358,0.02884490291086672,0.02071978234451838,0.0274,0.0206
15,75,832,5.799682982060638,2.780363368702257,0.004165917356963758,0.0033697673032994356,0.0042,0.0034
15,75,834,73.22145327692851,35.41124807366426,0.052595033909954854,0.04291801110275578,0.0503,0.0431
15,75,836,49.46985721578816,24.998552136284196,0.03553424169204288,0.030297947587331252,0.0345,0.0302
15,75,838,10.859618069615395,5.143086752219303,0.007800473154505781,0.00623335991645955,0.0079,0.0067
15,75,840,35.99932887649374,24.545630094344645,0.025858349407978713,0.0297490114644302,0.0266,0.0297
15,75,842,3.8301198223782875,2.045032112426103,0.0027511784172774686,0.0024785545746372653,0.0025,0.0024
15,75,844,328.36730687583565,256.4868695386687,0.2358665236366856,0.3108590324654036,0.2442,0.3151
15,75,846,27.27676332544358,13.933471735198196,0.019592922946089022,0.01688720186837772,0.0192,0.0163
15,75,848,52.71546385406206,44.091202563556635,0.03786556377810939,0.053438012611701974,0.0404,0.0512
15,75,854,1.5875993735379508,0.7867310923556763,0.0011403740181289428,0.0009535087180876705,0.0011,0.001
15,75,856,1.5963924875779856,0.7926056285921056,0.0011466901196321541,0.0009606285860712596,0.0011,0.001
15,75,858,19.790266255491048,10.272713974625638,0.014215365554927556,0.012450407043018297,0.0138,0.012
15,75,860,141.6234086042265,86.10180798178718,0.10172821822876475,0.10435436625228518,0.0984,0.1015
15,75,862,11.500707454532462,6.052235232532904,0.008260968220227857,0.007335237051402201,0.0079,0.0067
15,75,864,0.8539558165571826,0.42932503568533814,0.0006133972096888193,0.0005203368322377154,0.0006,0.0005
15,75,890,358.6598755703914,172.15114443911534,0.2576257022162756,0.20864513764158713,0.2544,0.2155
16,80,802,22.05601637419176,11.598947026277962,0.015794702794558337,0.013446934362596908,0.0155,0.0139
16,80,806,21.709868911170997,11.551665048635254,0.015546820483956648,0.01339211924459914,0.0155,0.0139
16,80,808,6.449118721237867,3.42921117105353,0.0046183277959461954,0.003975565836120393,0.0045,0.0038
16,80,810,6.515740016897042,3.278316235255427,0.004666036482178236,0.00380062975849814,0.0045,0.0038
16,80,816,1.8971917504895357,0.8901885603552934,0.0013586125134697256,0.0010320167093024022,0.0014,0.001
16,80,818,14.520070538327566,7.522191895701373,0.010398078910444713,0.008720655457361233,0.0096,0.0081
16,80,820,67.86208988423226,34.15546199052308,0.04859724088676601,0.03959723710007492,0.0478,0.0417
16,80,822,50.71986240434137,27.90607423273941,0.03632138908796133,0.03235217366501067,0.0382,0.0335
16,80,824,18.732074745800148,9.643989121607046,0.013414369499723735,0.011180505300873231,0.0138,0.0115
16,80,826,15.57474036563598,7.692695702662763,0.011153346597324773,0.008918324564357616,0.0113,0.0096
16,80,828,4.308161651729572,2.034977745412923,0.003085150633076444,0.0023591979608078304,0.0031,0.0024
16,80,830,39.44174985969157,18.08246972466368,0.028244933543851252,0.020963435986932427,0.0274,0.0206
16,80,832,5.709005463583193,2.9148192998427844,0.00408831962309017,0.0033792191407562774,0.0042,0.0034
16,80,834,71.03205702662228,37.73326557735649,0.05086731033326643,0.043745069647754986,0.0503,0.0431
16,80,836,48.23378452148462,24.5361487272841,0.03454106481644899,0.02844533910700854,0.0345,0.0302
16,80,838,11.999227196722641,5.375393140591252,0.008592858480028245,0.006231820748118314,0.0079,0.0067
16,80,840,37.4334252910112,26.26210826827424,0.026806736856872303,0.03044628493490236,0.0266,0.0297
16,80,842,3.6240585669721583,2.138832182514147,0.0025952523340695885,0.002479598872701015,0.0025,0.0024
16,80,844,349.08153004973246,262.4152323564341,0.2499834478114027,0.30422420218388735,0.2442,0.3151
16,80,846,27.342558676915985,13.433829211862136,0.019580489088228924,0.01557415679552549,0.0192,0.0163
16,80,848,53.89413983554932,44.51936966214037,0.0385945452083961,0.0516123610492161,0.0404,0.0512
16,80,854,1.4646790053975676,0.8433979118769012,0.0010488824993235722,0.0009777712008569525,0.0011,0.001
16,80,856,1.477694221504057,0.816288117085318,0.0010582029254023945,0.0009463421728322534,0.0011,0.001
16,80,858,19.081426436507584,10.059847245802752,0.013664546414352665,0.011662619486543995,0.0138,0.012
16,80,860,142.05132293245637,86.84763373857432,0.10172546071906859,0.10068452142971956,0.0984,0.1015
16,80,862,11.976621792450075,5.998138010490218,0.008576670350858474,0.006953783644509136,0.0079,0.0067
16,80,864,0.9122239141596078,0.3892625831938827,0.0006532596531393214,0.0004512813442603285,0.0006,0.0005
16,80,890,341.31813517859376,200.5020937496163,0.2444239436567941,0.23244683229487237,0.2544,0.2155
17,85,802,22.78527351020951,10.977185987198137,0.01536925359484332,0.01338995162021991,0.0155,0.0139
17,85,806,21.574336640830616,12.07606053924402,0.01455244550059373,0.014730356812019054,0.0155,0.0139
17,85,808,6.332906419488245,3.2094407791892285,0.004271708422104918,0.003914870059724076,0.0045,0.0038
17,85,810,6.0452453034386995,3.2681383879250867,0.004077673593426644,0.003986469296733665,0.0045,0.0038
17,85,816,1.9685241897945986,0.8983354958985266,0.0013278202461331121,0.0010957880136890875,0.0014,0.001
17,85,818,13.926263053725965,6.850832957709005,0.009393622964644563,0.008356633655375078,0.0096,0.0081
17,85,820,66.11127136036893,34.32654613870399,0.044593754582745386,0.04187145891693241,0.0478,0.0417
17,85,822,54.97258842225682,26.25892895794848,0.037080426172985806,0.0320305940662546,0.0382,0.0335
17,85,824,20.543457288606824,8.939146604476251,0.01385709083728824,0.010903954865990339,0.0138,0.0115
17,85,826,16.51432696727892,8.155347094288338,0.011139338704648085,0.009947877640587782,0.0113,0.0096
17,85,828,4.377293425844476,1.9554148925533565,0.0029525971101773117,0.002385211550508674,0.0031,0.0024
17,85,830,38.03269554939261,16.92895168871121,0.02565403230872646,0.02064990466201816,0.0274,0.0206
17,85,832,5.8903702498041275,2.9202462514174323,0.003973206382455569,0.0035621110976173337,0.0042,0.0034
17,85,834,73.42181608915287,33.18374993411731,0.04952490521399767,0.0404774781727752,0.0503,0.0431
17,85,836,49.188933472727,24.892380532398878,0.03317920200797568,0.030363680767515153,0.0345,0.0302
17,85,838,11.186970413335713,5.40468045848324,0.007545899554970268,0.006592619451491152,0.0079,0.0067
17,85,840,37.31788661925301,25.237980169322064,0.025171875282423855,0.030785242579783233,0.0266,0.0297
17,85,842,3.430639551502063,2.0247149041779937,0.0023140547001074792,0.002469743579392646,0.0025,0.0024
17,85,844,371.0095598574626,257.1781134854954,0.25025549985193546,0.3137053978466086,0.2442,0.3151
17,85,846,27.103667769674086,14.002922974309492,0.018282121700924546,0.017080740126507402,0.0192,0.0163
17,85,848,52.117070125147926,43.99405068171343,0.03515430556559802,0.05366386347946032,0.0404,0.0512
17,85,854,1.6853403245289458,0.810685164781058,0.0011368054383764444,0.0009888722982654917,0.0011,0.001
17,85,856,1.4710060537544607,0.8115895816261913,0.0009922314546530167,0.0009899755042979822,0.0011,0.001
17,85,858,19.05287511455984,9.8573232416087,0.01285165478550611,0.012023945067883398,0.0138,0.012
17,85,860,144.5623299301631,84.82130283771716,0.09751101332896203,0.10346487184289285,0.0984,0.1015
17,85,862,11.869434485389865,5.251309119550091,0.008006239141768286,0.006405537369558841,0.0079,0.0067
17,85,864,0.8225118811376199,0.44575458302421833,0.0005548054395884875,0.0005437306344400421,0.0006,0.0005
17,85,890,399.2085076291224,175.1266073567368,0.26927641611243974,0.21361911902145747,0.2544,0.2155
18,90,802,22.593281572460256,11.481636129668884,0.01562185681308724,0.01355097362223178,0.0155,0.0139
18,90,806,21.779026069881965,11.630368168821946,0.015058849494750115,0.013726511665467261,0.0155,0.0139
18,90,808,6.1151345049016275,3.12908210823209,0.004228237289123459,0.0036930371796822727,0.0045,0.0038
18,90,810,6.663543832417342,3.1922182789659126,0.004607428419988432,0.0037675523946359996,0.0045,0.0038
18,90,816,1.7742201879032748,0.8197313988791648,0.0012267635244319025,0.0009674717468900546,0.0014,0.001
18,90,818,13.805624341286814,6.586014753624064,0.00954573535425423,0.007773013462025015,0.0096,0.0081
18,90,820,70.042103280524,34.708562584759605,0.048429782315002785,0.04096409350896423,0.0478,0.0417
18,90,822,57.2833368533046,25.75141469766004,0.03960788446017328,0.030392597131817176,0.0382,0.0335
18,90,824,18.709855306218962,9.389815513854902,0.012936707739862224,0.011082143773662683,0.0138,0.0115
18,90,826,16.37249702252416,8.502172051417189,0.011320569052276816,0.010034520158909894,0.0113,0.0096
18,90,828,4.457976715958898,2.07222950626989,0.0030824151732644148,0.002445707829575982,0.0031,0.0024
18,90,830,40.2660285013854,16.866757129127368,0.02784146825519492,0.019906656017323745,0.0274,0.0206
18,90,832,5.769964100557962,2.715566186323283,0.003989573303306325,0.003204993203468867,0.0042,0.0034
18,90,834,73.06417827544024,36.2548596011453,0.05051936025867518,0.04278907993463861,0.0503,0.0431
18,90,836,47.25157920459909,25.291245310179104,0.03267154451021686,0.02984949132693982,0.0345,0.0302
18,90,838,10.747642273808298,5.855311869683087,0.00743132989075715,0.006910615856479365,0.0079,0.0067
18,90,840,37.54104481971591,25.15714285327288,0.025957310579537506,0.029691219558379157,0.0266,0.0297
18,90,842,3.468285667425903,1.9546052885179508,0.0023981050255866047,0.002306884176388312,0.0025,0.0024
18,90,844,361.0809304651772,281.10858479431744,0.24966513056425685,0.33177283921124895,0.2442,0.3151
18,90,846,26.869815979212753,14.17018355158261,0.018578815851740677,0.016724078464174095,0.0192,0.0163
18,90,848,54.53230045941257,40.71453451142258,0.037705712945374004,0.048052522913530425,0.0404,0.0512
18,90,854,1.4768275054800069,0.8822969176594222,0.0010211348782710376,0.0010413134611786405,0.0011,0.001
18,90,856,1.5849390628410254,0.8583796889904209,0.0010958873334872981,0.001013085625776939,0.0011,0.001
18,90,858,18.758817635407556,9.820541743791315,0.012970562162176501,0.011590499875036539,0.0138,0.012
18,90,860,139.08048234747432,81.92267795145905,0.09616555141665326,0.09668761798801452,0.0984,0.1015
18,90,862,11.220966483545705,5.280500704551352,0.007758604306692306,0.006232206364269731,0.0079,0.0067
18,90,864,0.8692332206339857,0.39902246550510756,0.0006010210100012545,0.0004709383613686718,0.0006,0.0005
18,90,890,373.08132053259914,180.77688276513535,0.2579626580718577,0.21335833518792086,0.2544,0.2155
19,95,802,22.370974008845355,12.531342432605985,0.01602991384976395,0.015025628094526676,0.0155,0.0139
19,95,806,22.63790572135544,11.089415765834183,0.016221183677962527,0.013296694905523715,0.0155,0.0139
19,95,808,6.369987597220514,3.0444066365274933,0.004564412455494153,0.003650376815970397,0.0045,0.0038
19,95,810,5.905949058007273,3.162944991779632,0.004231905797374689,0.0037925094925399198,0.0045,0.0038
19,95,816,1.982294244375517,0.7728507367601923,0.001420412269472863,0.0009266818623457461,0.0014,0.001
19,95,818,13.405786515864497,6.94373967049887,0.009605911787867056,0.008325847804035325,0.0096,0.0081
19,95,820,68.35264848735733,36.50261388327584,0.048978067124940905,0.04376823182655217,0.0478,0.0417
19,95,822,56.830571978934174,25.804470624430788,0.0407219271049586,0.030940689783560932,0.0382,0.0335
19,95,824,19.32701818985854,9.46909166514767,0.01384876833855137,0.011353855384502749,0.0138,0.0115
19,95,826,17.229811536276628,8.325226705373058,0.01234601562117852,0.0099823112288492,0.0113,0.0096
19,95,828,4.339202554086453,1.9851281603604831,0.00310925412059301,0.002380255556654326,0.0031,0.0024
19,95,830,41.011488147167746,17.117882057159505,0.029386767942682242,0.02052508986488225,0.0274,0.0206
19,95,832,5.6420096897741745,2.779815989472426,0.004042780132454386,0.003333121048575902,0.0042,0.0034
19,95,834,69.04344770103263,36.58816729884318,0.049473059067550174,0.0438708141166336,0.0503,0.0431
19,95,836,49.801816639674094,25.482295956637156,0.03568547484700781,0.03055438825475193,0.0345,0.0302
19,95,838,10.007593272216877,5.38162106009523,0.0071709375699817255,0.006452799213615251,0.0079,0.0067
19,95,840,39.479347146875455,24.908571520272076,0.0282889128278059,0.02986646754267137,0.0266,0.0297
19,95,842,3.4447050190950024,1.9044059568921523,0.0024683022148302243,0.0022834661013498457,0.0025,0.0024
19,95,844,369.9456114245599,250.03735952013847,0.265084402578501,0.29980573861836207,0.2442,0.3151
19,95,846,27.577312169891144,14.546637304663498,0.01976051369585487,0.017442054858953202,0.0192,0.0163
19,95,848,56.45468576250556,44.29523400678564,0.040452585963876325,0.05311192445066581,0.0404,0.0512
19,95,854,1.4773764398727443,0.8356586253591558,0.0010586135876545764,0.0010019912699823093,0.0011,0.001
19,95,856,1.5612627283740685,0.8480859948411937,0.0011187222792708193,0.001016892229958035,0.0011,0.001
19,95,858,19.33200069135303,9.770884470362628,0.013852338548309848,0.011715718167931679,0.0138,0.012
19,95,860,136.441888284042,85.83240533724829,0.09776738884178772,0.10291681102740081,0.0984,0.1015
19,95,862,11.665729323647422,5.823252175185699,0.008359074396081023,0.006982334251541792,0.0079,0.0067
19,95,864,0.8760024561377665,0.3996835825450085,0.0006276992632738207,0.00047923811029082736,0.0006,0.0005
19,95,890,313.06225681147873,187.8147182258619,0.22432465409492006,0.22519806811737242,0.2544,0.2155
20,100,802,22.51388202527287,11.122758763075725,0.016295014541968574,0.013744518938481417,0.0155,0.0139
20,100,806,22.566544528141442,11.718943744160065,0.01633313041417118,0.01448123146977846,0.0155,0.0139
20,100,808,6.045323978631712,3.376127966312225,0.004375462305085128,0.004171919553425921,0.0045,0.0038
20,100,810,6.64273507763947,3.31388434602131,0.004807854308158479,0.004095004407092966,0.0045,0.0038
20,100,816,2.059080039827707,0.7940389970964699,0.0014903133610811865,0.0009812029790410837,0.0014,0.001
20,100,818,13.978565515043714,6.876436860950212,0.010117354620931352,0.008497290885994777,0.0096,0.0081
20,100,820,62.95851179080526,33.94580361967398,0.04556787958736928,0.041947213876601414,0.0478,0.0417
20,100,822,47.927733285306815,27.020328649866926,0.03468895812685597,0.03338932604426922,0.0382,0.0335
20,100,824,20.208034094820825,8.797780742131799,0.014626096426642846,0.010871517273957293,0.0138,0.0115
20,100,826,15.677484592515816,7.4896584635050925,0.011346992008297922,0.009255055763336304,0.0113,0.0096
20,100,828,4.398185593003436,2.046223189480848,0.0031833025559881893,0.0025285411631459555,0.0031,0.0024
20,100,830,37.459914331848196,17.425356007550555,0.027112598711015283,0.021532709713226832,0.0274,0.0206
20,100,832,5.946755034071954,2.8757827146836856,0.004304120437734809,0.0035536372609413142,0.0042,0.0034
20,100,834,72.33345165657909,36.040725114083536,0.052353239005677496,0.04453593208652344,0.0503,0.0431
20,100,836,49.61194564828056,24.86894346042636,0.03590795114261456,0.030730835007099812,0.0345,0.0302
20,100,838,10.839884536042725,5.577726812853085,0.007845651671701679,0.006892460175207064,0.0079,0.0067
20,100,840,37.60632312253606,23.725094566323712,0.02721856592584979,0.02931736797768386,0.0266,0.0297
20,100,842,3.493237299876445,2.0997830901258974,0.002528322416193518,0.0025947257387930406,0.0025,0.0024
20,100,844,327.8713791871998,251.947776870406,0.23730553823429126,0.31133472050112193,0.2442,0.3151
20,100,846,26.406413683971827,13.755209412886671,0.019112336757318677,0.016997468011786598,0.0192,0.0163
20,100,848,58.07164445469483,41.71853044569227,0.042030880760725316,0.05155206042047351,0.0404,0.0512
20,100,854,1.5111652229906454,0.7862983810203644,0.001093745594665001,0.0009716378121144457,0.0011,0.001
20,100,856,1.4848374384073955,0.7878695148530093,0.0010746901677883614,0.0009735792799802565,0.0011,0.001
20,100,858,18.96711130172083,9.842690247282164,0.013727945901721118,0.012162723780225801,0.0138,0.012
20,100,860,140.79320038104163,85.66885906431746,0.10190278358232459,0.10586197911227595,0.0984,0.1015
20,100,862,10.115532297799847,5.766191877051564,0.007321382678800971,0.007125348588890668,0.0079,0.0067
20,100,864,0.8604800456258097,0.4096111865973367,0.0006227950755363528,0.000506161181009389,0.0006,0.0005
20,100,890,353.2929840310487,169.45206151529436,0.2557050936794911,0.20939383099752165,0.2544,0.2155
21,105,802,22.801061051919405,11.844130855854706,0.016089848120436224,0.014582468317878019,0.0155,0.0139
21,105,806,23.395957672636722,11.713507270255786,0.01650964421031585,0.01442164484152962,0.0155,0.0139
21,105,808,6.3305365371457825,3.0071227693030402,0.004467220677652345,0.003702363056015625,0.0045,0.0038
21,105,810,6.701032666325318,3.2104293860502624,0.004728665811022857,0.003952673723266135,0.0045,0.0038
21,105,816,1.9505663090986738,0.8178572919970228,0.0013764410169673034,0.0010069441307461353,0.0014,0.001
21,105,818,14.714082632971573,6.679307223228583,0.010383172706611012,0.0082235486211264,0.0096,0.0081
21,105,820,73.12503288585053,35.0360015004743,0.05160157548177762,0.04313624934439517,0.0478,0.0417
21,105,822,58.05204883542986,26.72914879451524,0.040965139592202625,0.032908870241601065,0.0382,0.0335
21,105,824,18.82071672334186,9.652724528343606,0.013281069372463825,0.011884413582461808,0.0138,0.0115
21,105,826,16.39330728698957,7.9617968088073745,0.01156813815982913,0.009802547027790124,0.0113,0.0096
21,105,828,4.328792048593638,2.136331702005492,0.0030546651512500765,0.0026302469754945494,0.0031,0.0024
21,105,830,38.32897189863501,17.0317301592481,0.02704730867818937,0.020969429371266453,0.0274,0.0206
21,105,832,6.103706318655206,2.7629941976870533,0.004307155154546722,0.0034017924861355067,0.0042,0.0034
21,105,834,68.57836796817384,35.80430761108019,0.04839316567078879,0.04408218616767877,0.0503,0.0431
21,105,836,48.755470734263085,24.951733415594532,0.03440489534098367,0.030720520267570828,0.0345,0.0302
21,105,838,11.487565066375769,5.548919716527817,0.008106341050126508,0.006831817965327298,0.0079,0.0067
21,105,840,36.4295789729352,25.63206986521862,0.025706978786262328,0.03155814903433144,0.0266,0.0297
21,105,842,3.8395660456773997,2.052845762714618,0.002709436827639771,0.0025274592674293635,0.0025,0.0024
21,105,844,327.2832447961726,252.65484625933752,0.23095143200323462,0.31106810079811964,0.2442,0.3151
21,105,846,27.822669710269615,13.855258386029833,0.019633407801678375,0.017058564187546178,0.0192,0.0163
21,105,848,54.82018880996037,42.299081194965545,0.038684537964150945,0.05207853737077131,0.0404,0.0512
21,105,854,1.5029248899190069,0.7840601993869663,0.0010605573644207453,0.0009653332233506872,0.0011,0.001
21,105,856,1.5537717303298213,0.8318780084936443,0.0010964380604002507,0.0010242064066019333,0.0011,0.001
21,105,858,19.046336288794407,9.893406283246039,0.01344028058341862,0.012180740439051804,0.0138,0.012
21,105,860,141.98034544629235,82.99579847485641,0.10019017049759651,0.10218424775156243,0.0984,0.1015
21,105,862,11.164667583311427,5.155624662580565,0.007878484484629569,0.006347593944707926,0.0079,0.0067
21,105,864,0.8632172681336919,0.3868291521071586,0.0006091398425530634,0.0004762632162448523,0.0006,0.0005
21,105,890,370.9348039377144,170.78740843385853,0.26175468958885134,0.2102730882399993,0.2544,0.2155
22,110,802,21.265873377364677,10.378050201042388,0.015038052762668244,0.012500615143986486,0.0155,0.0139
22,110,806,20.978342532893063,11.816088979543657,0.014834726807823566,0.014232768003525286,0.0155,0.0139
22,110,808,6.921564477864527,3.0763715185937643,0.0048945486494397505,0.0037055646917182263,0.0045,0.0038
22,110,810,7.030932028327344,3.13569414275695,0.0049718873491112255,0.003777020242580839,0.0045,0.0038
22,110,816,2.1067293154237787,0.8077149082270696,0.0014897627781290184,0.0009729123504136458,0.0014,0.001
22,110,818,13.877855174948985,6.653157403196932,0.009813653765835293,0.008013890719219664,0.0096,0.0081
22,110,820,71.13893945811915,35.1255548610588,0.05030553441506615,0.04230958942489763,0.0478,0.0417
22,110,822,51.515912508993786,25.620518308114647,0.03642921203752847,0.030860540559635403,0.0382,0.0335
22,110,824,19.82270432583797,9.817890653350181,0.014017523205419564,0.011825889276479457,0.0138,0.0115
22,110,826,16.487924956301566,8.02696868281995,0.011659351160422625,0.009668679986408796,0.0113,0.0096
22,110,828,4.470524789475867,1.9776167322539013,0.0031613085655119,0.0023820876940575143,0.0031,0.0024
22,110,830,39.5440018631483,18.233999914391696,0.027963337122943403,0.02196329860134988,0.0274,0.0206
22,110,832,5.9841686447647255,2.72970544663767,0.0042316740170409445,0.003287996934282885,0.0042,0.0034
22,110,834,67.44801762940973,34.63097838042634,0.04769551806548632,0.04171385996474984,0.0503,0.0431
22,110,836,48.48013604926918,25.95097516825774,0.034282478359258906,0.031258583925230614,0.0345,0.0302
22,110,838,9.962538622952437,5.191202195033812,0.007044957844127101,0.006252929935549702,0.0079,0.0067
22,110,840,38.8467888958632,24.797982432036967,0.027470306566295316,0.029869775991167996,0.0266,0.0297
22,110,842,3.366530367012918,1.972939146198445,0.0023806245992300207,0.002376453427316709,0.0025,0.0024
22,110,844,339.03755259170083,261.8118375515023,0.23974865804602669,0.31535875795267526,0.2442,0.3151
22,110,846,26.845597214556058,13.939338849153081,0.018983725718386735,0.016790274371324604,0.0192,0.0163
22,110,848,56.16160013985431,44.10388666484821,0.03971438610360359,0.053124209545246666,0.0404,0.0512
22,110,854,1.5830441797379513,0.8886724072299801,0.001119441533300631,0.0010704276368547739,0.0011,0.001
22,110,856,1.542417430442344,0.8229985496707793,0.0010907125369108881,0.000991321870119699,0.0011,0.001
22,110,858,19.56503228459593,10.062680238756862,0.013835311749397885,0.012120744315638697,0.0138,0.012
22,110,860,137.817310937051,86.77552452151787,0.09745680117170237,0.10452324039173592,0.0984,0.1015
22,110,862,11.749244412996852,5.494828785086223,0.008308417635562311,0.006618655584992496,0.0079,0.0067
22,110,864,0.8358921755381421,0.45457321179991117,0.0005910968440649042,0.0005475445450153817,0.0006,0.0005
22,110,890,369.7502596908502,175.90541067134413,0.26146699058970607,0.21188236691382573,0.2544,0.2155
23,115,802,21.705768988295638,12.100572653539157,0.015250522384051463,0.01467057077780804,0.0155,0.0139
23,115,806,21.743546346277835,12.128170481369516,0.015277064841212436,0.01470403001135767,0.0155,0.0139
23,115,808,6.5490445734147755,3.4090768719063624,0.004601373529538113,0.004133118734811527,0.0045,0.0038
23,115,810,6.269422303626311,3.123751335324004,0.0044049102903509765,0.003787193909681597,0.0045,0.0038
23,115,816,1.9221154283292727,0.8653147562630547,0.0013504826472756058,0.0010490959180453282,0.0014,0.001
23,115,818,13.383695426789874,6.626256408994638,0.009403414677344403,0.008033583733876252,0.0096,0.0081
23,115,820,72.66331326233755,35.304188617490134,0.05105340824387148,0.04280232123679616,0.0478,0.0417
23,115,822,53.94176664928421,29.344490141393972,0.037899607250209855,0.03557686333399258,0.0382,0.0335
23,115,824,19.894778363278423,9.516165487927012,0.013978116274918675,0.011537270451670334,0.0138,0.0115
23,115,826,16.890109174271895,7.882548722615185,0.011867028906932647,0.009556695559430717,0.0113,0.0096
23,115,828,4.455177149810435,2.018181333394331,0.00313021754192334,0.0024468157782064036,0.0031,0.0024
23,115,830,37.985195789531694,17.388171507765154,0.026688484474482438,0.021081184180711,0.0274,0.0206
23,115,832,5.876625542145655,2.808631948190012,0.004128930397329271,0.003405147422728221,0.0042,0.0034
23,115,834,67.21784708222575,36.84743514305053,0.04722741138947893,0.04467333247147673,0.0503,0.0431
23,115,836,48.03005714058292,24.613016669800437,0.03374602677862767,0.02984048883042459,0.0345,0.0302
23,115,838,11.74324557642743,5.612207437607251,0.008250830902203491,0.006804164463165043,0.0079,0.0067
23,115,840,36.025703058564055,22.968921456957634,0.025311740449835255,0.027847210009987012,0.0266,0.0297
23,115,842,3.497492765715808,1.9951530694686062,0.002457346327622332,0.00241889662218914,0.0025,0.0024
23,115,844,356.89057103924864,263.46617924613435,0.2507521224069907,0.31942283566708607,0.2442,0.3151
23,115,846,27.21895935686939,13.212113990501729,0.01912410240643209,0.016018188475190268,0.0192,0.0163
23,115,848,54.47904265606941,42.56063407697006,0.03827709858775748,0.051599937660136916,0.0404,0.0512
23,115,854,1.5706654879062736,0.8333606444433472,0.0011035531242449012,0.0010103551846507065,0.0011,0.001
23,115,856,1.5905554653378224,0.8483492849664025,0.001117527867374328,0.0010285272098888914,0.0011,0.001
23,115,858,20.00538944886383,10.078124765552754,0.01405583187382485,0.012218582286465447,0.0138,0.012
23,115,860,142.834784337318,85.73804936334696,0.10035604253099879,0.10394765252438644,0.0984,0.1015
23,115,862,11.923012617286556,6.019476329092698,0.008377135631697992,0.007297931764036474,0.0079,0.0067
23,115,864,0.859355352843907,0.42626242086575833,0.0006037850145492364,0.0005167947992446364,0.0006,0.0005
23,115,890,356.11311957372965,167.08468219367185,0.2502058832489215,0.2025712109825558,0.2544,0.2155
24,120,802,22.562187681922317,12.788373080103097,0.016196380202268955,0.015133787613607702,0.0155,0.0139
24,120,806,22.59561449518024,11.332657792483323,0.016220375808728225,0.013411091078972202,0.0155,0.0139
24,120,808,6.554646883631565,3.2605137738535808,0.004705286318665582,0.0038584988610877173,0.0045,0.0038
24,120,810,7.105086089394466,3.108910410741503,0.005100421878233417,0.0036790911221614504,0.0045,0.0038
24,120,816,2.0654748462327346,0.8461805000887141,0.0014827115339800302,0.0010013717844252722,0.0014,0.001
24,120,818,13.831640100985055,6.007041712666515,0.009929112595583942,0.007108745803406325,0.0096,0.0081
24,120,820,64.7794851786742,35.43579854260847,0.046502280100333866,0.041934798562985195,0.0478,0.0417
24,120,822,52.67448624921817,26.29951859384894,0.037812645576700464,0.031122905646120535,0.0382,0.0335
24,120,824,18.965426079110106,9.036560975738361,0.013614426748227592,0.010693885274352461,0.0138,0.0115
24,120,826,15.923638154605063,7.765975170487526,0.011430863947736042,0.009190271358720917,0.0113,0.0096
24,120,828,4.300894745951206,2.0952232777825377,0.0030874189815901613,0.002479491635912789,0.0031,0.0024
24,120,830,38.40839450983263,16.898185165853146,0.027571659681672654,0.01999734788417481,0.0274,0.0206
24,120,832,5.820276348076566,2.7869648900959234,0.004178114726492244,0.0032981001155585003,0.0042,0.0034
24,120,834,70.71379067598679,32.61759489079799,0.05076225122662229,0.03859973043107787,0.0503,0.0431
24,120,836,47.483001679400516,26.148399119772584,0.034085912199052416,0.03094407054249739,0.0345,0.0302
24,120,838,10.35555195580054,5.8781458172650485,0.007433785191623108,0.006956210129552191,0.0079,0.0067
24,120,840,37.82842416212904,26.194932486307188,0.027155325042945405,0.03099913822637475,0.0266,0.0297
24,120,842,3.388233503092414,2.1278095054600423,0.002432260506108634,0.002518054246317649,0.0025,0.0024
24,120,844,318.5706332876576,264.26818648027364,0.22868753556813295,0.31273552798113186,0.2442,0.3151
24,120,846,28.08601009032558,13.393814072133827,0.020161683973232432,0.01585026775760825,0.0192,0.0163
24,120,848,58.16740705800289,45.28384578208711,0.04175576647854964,0.053588998389461004,0.0404,0.0512
24,120,854,1.6186521098355062,0.867601968458625,0.0011619575794552125,0.001026721995171488,0.0011,0.001
24,120,856,1.4208841828091758,0.8686369250033948,0.0010199888757510282,0.001027946764924431,0.0011,0.001
24,120,858,19.63961887753521,10.197429679717576,0.014098399448342739,0.01206765974146113,0.0138,0.012
24,120,860,142.12564282896892,84.72408083601472,0.10202560940463445,0.10026265554648961,0.0984,0.1015
24,120,862,11.179814632911174,5.175486619923925,0.008025486310913082,0.006124681756810746,0.0079,0.0067
24,120,864,0.8773885536829429,0.41164896595728123,0.0006298377976863395,0.00048714625254806047,0.0006,0.0005
24,120,890,365.99659633389194,189.20179597697586,0.26273250229673717,0.22390180349708763,0.2544,0.2155
25,125,802,21.4714975737174,11.78990783727536,0.014821750733467483,0.014354961114649813,0.0155,0.0139
25,125,806,21.090509838496263,12.239044085968558,0.0145587553264369,0.014901813004771162,0.0155,0.0139
25,125,808,6.65138787561039,3.289227063777139,0.004591445602964376,0.004004842722221513,0.0045,0.0038
25,125,810,6.0417271650805064,3.4941657522103857,0.004170597497123655,0.0042543685831485534,0.0045,0.0038
25,125,816,1.8974194165150784,0.8562980025901022,0.0013097864986768505,0.0010425971686453762,0.0014,0.001
25,125,818,13.866185576458248,6.775267668382597,0.009571812377439308,0.008249318422446014,0.0096,0.0081
25,125,820,70.38927022233024,32.07304401065537,0.048589634419497874,0.03905096680618411,0.0478,0.0417
25,125,822,55.475371882909165,26.305147631611824,0.03829458709491096,0.032028186867843714,0.0382,0.0335
25,125,824,19.91214396747504,10.17397285849853,0.013745330685089069,0.012387457712222487,0.0138,0.0115
25,125,826,15.774977232941637,7.8960092042230094,0.010889449120632768,0.009613892377443105,0.0113,0.0096
25,125,828,4.2774658249349065,1.9150210468238529,0.0029527298694673474,0.002331659673706603,0.0031,0.0024
25,125,830,39.428370509494755,17.000127985403253,0.027217360014695692,0.020698734845320924,0.0274,0.0206
25,125,832,6.126012509903045,2.724631453883113,0.00422877957628022,0.0033174117314629173,0.0042,0.0034
25,125,834,72.85997793909652,36.51545517555694,0.05029516118992632,0.04445988436581327,0.0503,0.0431
25,125,836,48.76053349503453,25.05006982110835,0.03365934167437621,0.030500049971923685,0.0345,0.0302
25,125,838,11.022531608464753,5.450388967743536,0.007608841227377223,0.006636194512420891,0.0079,0.0067
25,125,840,37.45630161566175,25.191192747126454,0.025856043065411415,0.030671876091630117,0.0266,0.0297
25,125,842,3.7535734402144305,1.9292699170554546,0.0025910875428979308,0.0023490085776103,0.0025,0.0024
25,125,844,361.3283868793216,249.4554384717774,0.24942458088283204,0.30372782964246076,0.2442,0.3151
25,125,846,27.819783743222715,13.122691212187002,0.019203965568090984,0.01597770946732309,0.0192,0.0163
25,125,848,55.95083232170199,41.874142355157645,0.03862279690343584,0.050984426130723084,0.0404,0.0512
25,125,854,1.6545258566304746,0.8579888976871808,0.00114211734625681,0.0010446559407496648,0.0011,0.001
25,125,856,1.4729913645133257,0.7779491264422702,0.0010168042896127989,0.0009472024390171454,0.0011,0.001
25,125,858,20.308003305298055,10.200645069354014,0.014018591942743974,0.012419932821863437,0.0138,0.012
25,125,860,140.73773777690056,86.70497260933675,0.09715110280312789,0.10556880744382843,0.0984,0.1015
25,125,862,11.71106098655026,5.613035498952283,0.00808413228612222,0.006834226987581766,0.0079,0.0067
25,125,864,0.9183871812807243,0.3751676697996049,0.0006339616429185111,0.00045679045042405515,0.0006,0.0005
25,125,890,370.49089911260336,181.66214682816067,0.25574945281818706,0.2211851941265642,0.2544,0.2155
26,130,802,21.36011788064284,12.126620061028703,0.015000854974522785,0.014456687382370189,0.0155,0.0139
26,130,806,23.054519012020727,11.730721625777864,0.01619080466405615,0.013984719110519723,0.0155,0.0139
26,130,808,6.641593230273729,3.0217589210806692,0.004664280291139954,0.0036023742681063012,0.0045,0.0038
26,130,810,6.825509764632927,2.9879306883710237,0.004793441809571431,0.0035620461154536875,0.0045,0.0038
26,130,816,1.8657732805374068,0.8272404914618642,0.0013103014952012494,0.0009861904731010389,0.0014,0.001
26,130,818,14.042730803310333,7.039909675116679,0.009861975921847416,0.008392591906161494,0.0096,0.0081
26,130,820,72.79390000959883,36.34537634006827,0.0511219433888743,0.043328952412020096,0.0478,0.0417
26,130,822,55.76852116117013,29.965738073103484,0.039165303429362024,0.035723499649917806,0.0382,0.0335
26,130,824,20.522964704756916,9.738210931730965,0.014412936244247127,0.011609357792617434,0.0138,0.0115
26,130,826,13.731938976405187,7.9301821193565045,0.009643711998927027,0.009453925595742098,0.0113,0.0096
26,130,828,4.603627168283719,1.9516114509533242,0.0032330506738813343,0.002326603496794367,0.0031,0.0024
26,130,830,37.33162716036609,17.533913862867497,0.026217379891105452,0.020902964719699425,0.0274,0.0206
26,130,832,5.982641907259298,2.9273481258843432,0.004201509753681108,0.003489822926940717,0.0042,0.0034
26,130,834,69.62380608689344,34.14886207274682,0.04889563923382024,0.04071038928942085,0.0503,0.0431
26,130,836,48.83954345243045,24.675693644614483,0.03429919780619507,0.029417000546570194,0.0345,0.0302
26,130,838,11.404530383853166,5.433007923566812,0.00800921171393701,0.006476932294544302,0.0079,0.0067
26,130,840,37.81073538018726,24.967153185009995,0.026553849612986166,0.029764462530115655,0.0266,0.0297
26,130,842,3.604243848598542,1.9028109500941828,0.002531200416016404,0.002268426232109466,0.0025,0.0024
26,130,844,349.27791387298714,263.3787322976957,0.2452920607034991,0.31398559341602356,0.2442,0.3151
26,130,846,27.01531207241777,12.65024605369732,0.018972403652185152,0.015080925401141866,0.0192,0.0163
26,130,848,59.814302325913786,42.11300998919694,0.0420065881474569,0.05020480703448437,0.0404,0.0512
26,130,854,1.6447858870064023,0.833139364793899,0.0011551057298932058,0.0009932227844326594,0.0011,0.001
26,130,856,1.5505574536745315,0.811551542213286,0.0010889306708047517,0.0009674869734034218,0.0011,0.001
26,130,858,19.912153347172215,10.124506394684103,0.013983973602602581,0.012069877930713336,0.0138,0.012
26,130,860,135.37416556140178,82.27143206271475,0.09507102143494864,0.09807946219514689,0.0984,0.1015
26,130,862,11.93706606303543,5.811740234138101,0.008383202650541885,0.006928436059647617,0.0079,0.0067
26,130,864,0.892315298816165,0.409346443772513,0.0006266581703287124,0.000488000245651482,0.0006,0.0005
26,130,890,360.69980121264166,185.1664630851023,0.25331346191836634,0.2207452412171502,0.2544,0.2155
27,135,802,22.078097284157444,11.218987126054543,0.015057920912685216,0.013484507044569766,0.0155,0.0139
27,135,806,23.71771373897559,11.078116821391017,0.016176188242791836,0.013315189922242874,0.0155,0.0139
27,135,808,6.619586323500313,3.165802997203913,0.004514755327465907,0.0038050933063624144,0.0045,0.0038
27,135,810,6.505269851985934,3.1142644082386943,0.004436788083960919,0.0037431472092539953,0.0045,0.0038
27,135,816,2.0184596418031053,0.8397413057776761,0.0013766496840979018,0.0010093154957882102,0.0014,0.001
27,135,818,13.436518410655397,7.115933020237837,0.00916410635234725,0.008552897678012473,0.0096,0.0081
27,135,820,64.64870639553257,35.4411089344763,0.04409234616018618,0.042597952713970044,0.0478,0.0417
27,135,822,57.76750380747649,29.891711224192075,0.03939916073657337,0.03592793057412263,0.0382,0.0335
27,135,824,19.185508000906438,9.441247483653893,0.013085088738812643,0.011347777368172243,0.0138,0.0115
27,135,826,16.432688284498525,7.774245833535083,0.011207583578696542,0.009344147696280307,0.0113,0.0096
27,135,828,4.112896357601255,1.9838132503489254,0.002805117998971362,0.002384417010989881,0.0031,0.0024
27,135,830,40.48997102834326,17.14513276461044,0.027615368011771856,0.020607356167434948,0.0274,0.0206
27,135,832,6.042845068688569,2.7476353109184943,0.004121400588139262,0.0033024824157204358,0.0042,0.0034
27,135,834,72.29687722442173,36.114153867577116,0.049308626801849914,0.043406909800713905,0.0503,0.0431
27,135,836,47.30346749590585,25.180093121657837,0.03226237584161044,0.030264866094139687,0.0345,0.0302
27,135,838,11.362111206340467,5.806306288291007,0.007749298761763218,0.006978809866494999,0.0079,0.0067
27,135,840,37.41390426989662,26.193476848083833,0.025517398726888473,0.031482888705655895,0.0266,0.0297
27,135,842,3.333419703820255,2.0998176374274675,0.0022734916701780228,0.0025238468861814496,0.0025,0.0024
27,135,844,352.9355406322025,262.66614882443116,0.24071256638265687,0.3157079595864252,0.2442,0.3151
27,135,846,27.527061151880552,13.731740077254841,0.01877427680695562,0.016504675843322977,0.0192,0.0163
27,135,848,56.880043688075006,42.96876285466696,0.038793886463201144,0.0516457126565908,0.0404,0.0512
27,135,854,1.5258021162190383,0.8122320358915014,0.001040642556227907,0.0009762511077643022,0.0011,0.001
27,135,856,1.466367153047276,0.797567053538339,0.0010001061384664472,0.0009586247342220363,0.0011,0.001
27,135,858,19.102799163353996,9.72620543992711,0.01302867884448998,0.01169027865867187,0.0138,0.012
27,135,860,142.5371834712147,84.4206357013877,0.0972146108517504,0.10146822026194434,0.0984,0.1015
27,135,862,10.935991548004944,5.387062062790063,0.0074586724441067145,0.006474905044371292,0.0079,0.0067
27,135,864,0.8387934666321496,0.47250728367313505,0.0005720821645118494,0.0005679236212424135,0.0006,0.0005
27,135,890,397.69640511868465,174.65644849363065,0.27124081112884313,0.20992591252933834,0.2544,0.2155
28,140,802,21.641810514270798,11.634608244869913,0.015173189621167985,0.014145667831932952,0.0155,0.0139
28,140,806,22.933722670290827,11.430496561391852,0.01607895617449114,0.013897503388891185,0.0155,0.0139
28,140,808,6.137828081632784,3.057467907428795,0.00430326424322646,0.00371735124337798,0.0045,0.0038
28,140,810,5.836903008296002,2.825458170871849,0.004092284057604189,0.003435267601364855,0.0045,0.0038
28,140,816,1.810300868223224,0.9318414458682004,0.0012692116644678758,0.0011329577488001683,0.0014,0.001
28,140,818,13.621713235097774,6.442311792007122,0.009550256331143014,0.007832734954325609,0.0096,0.0081
28,140,820,67.90326070866378,35.63664658116602,0.047607340889929996,0.043327987893656834,0.0478,0.0417
28,140,822,50.00849205112628,28.543351151697124,0.035061222445324496,0.03470376962457346,0.0382,0.0335
28,140,824,21.335810363060823,9.34610169717946,0.0149586512711832,0.011363240372967424,0.0138,0.0115
28,140,826,14.14201811062068,8.031319799988433,0.009915044874685683,0.009764693383015822,0.0113,0.0096
28,140,828,4.143556668770618,2.1723384535566668,0.0029050698415390925,0.0026411871835991586,0.0031,0.0024
28,140,830,35.479846346674805,16.730918217890995,0.024875110887465416,0.020341897780518512,0.0274,0.0206
28,140,832,5.931943690548268,2.886374969846619,0.004158917590532864,0.003509331874569902,0.0042,0.0034
28,140,834,69.7817894396321,36.27104312323489,0.048924387475519464,0.044099304174270756,0.0503,0.0431
28,140,836,49.71111594451213,24.915535702977053,0.03485273045933812,0.030292974588498507,0.0345,0.0302
28,140,838,12.126151622774524,5.532195537875187,0.00850171004990851,0.006726191274604368,0.0079,0.0067
28,140,840,38.43991146424375,24.20010775908829,0.02695042844420412,0.029423138162644157,0.0266,0.0297
28,140,842,3.3811965648542714,2.1950135767860313,0.002370575076939412,0.0026687562047900673,0.0025,0.0024
28,140,844,352.7123397609802,238.85566594763392,0.2472885163369385,0.29040710603729886,0.2442,0.3151
28,140,846,25.71020745476119,14.013395423755746,0.018025564573417693,0.017037860896552647,0.0192,0.0163
28,140,848,57.14327235672502,42.063688783376136,0.04006345524885259,0.05114215767237427,0.0404,0.0512
28,140,854,1.522533074450457,0.8495514498705289,0.0010674561182348033,0.0010329073711015965,0.0011,0.001
28,140,856,1.752096379222698,0.8152872089485741,0.0012284041845287178,0.0009912479907087058,0.0011,0.001
28,140,858,19.330222880907744,9.620197772624989,0.013552523112520922,0.011696493711256533,0.0138,0.012
28,140,860,140.85022207234815,83.19232122244327,0.09875084740614032,0.10114744883645257,0.0984,0.1015
28,140,862,11.538372947802088,5.386344295182159,0.008089615263071953,0.006548861433445348,0.0079,0.0067
28,140,864,0.8362597260507032,0.4174581587537008,0.0005863061867003343,0.0005075567929039636,0.0006,0.0005
28,140,890,370.55622503918215,194.4885696986687,0.25979896017092324,0.23646440397150378,0.2544,0.2155
29,145,802,22.669676779710343,11.58127381358388,0.015552184558125726,0.013877313193001221,0.0155,0.0139
29,145,806,22.602101896655867,12.04057624154262,0.01550582584454682,0.0144276743834614,0.0155,0.0139
29,145,808,5.854392348252126,3.283581844604375,0.0040163162077893316,0.0039345666449040265,0.0045,0.0038
29,145,810,6.357454591368558,3.0449575448751776,0.00436143435504822,0.0036486340095044038,0.0045,0.0038
29,145,816,1.985171555130135,0.8311514969525926,0.0013618965415756494,0.0009959310020383355,0.0014,0.001
29,145,818,13.90395500896083,6.845642691890744,0.009538595388389935,0.008202822001438362,0.0096,0.0081
29,145,820,67.90770310771912,37.065369310554416,0.04658703967914049,0.044413744706865356,0.0478,0.0417
29,145,822,53.65373333312027,30.05199269705412,0.03680832202142277,0.036009934782964104,0.0382,0.0335
29,145,824,18.898378437083487,10.219902453695811,0.01296494308934657,0.012246043866565838,0.0138,0.0115
29,145,826,16.235101239890263,8.253351660634134,0.011137842557535367,0.00988961557512415,0.0113,0.0096
29,145,828,4.211733879041309,1.93519953807127,0.0028893955230621573,0.002318861509799308,0.0031,0.0024
29,145,830,38.56225491844478,16.539457429564283,0.026455044388013,0.019818478907144277,0.0274,0.0206
29,145,832,6.041380734987859,2.8520990987116575,0.0041445967266956745,0.0034175405130197956,0.0042,0.0034
29,145,834,71.1966555331351,34.57938772350841,0.04884337511876815,0.04143490614119674,0.0503,0.0431
29,145,836,47.9060120583908,25.800908722754684,0.032865185869906784,0.030916054379937368,0.0345,0.0302
29,145,838,11.511571337021158,6.021323724503582,0.007897337210719186,0.007215078108538981,0.0079,0.0067
29,145,840,35.55003180832611,24.24710560051861,0.024388554856907493,0.02905420283280945,0.0266,0.0297
29,145,842,3.606846291299733,2.1484061531826777,0.0024744216576254815,0.0025743372908183454,0.0025,0.0024
29,145,844,353.3258859880756,261.314257008424,0.24239381273260707,0.3131209782855593,0.2442,0.3151
29,145,846,27.169382123061368,13.487842633490398,0.018639138493861274,0.016161867816588515,0.0192,0.0163
29,145,848,54.02562232063579,44.112196646489345,0.03706345076565579,0.05285763710867271,0.0404,0.0512
29,145,854,1.7201281714072423,0.7924158672513015,0.0011800675874346794,0.0009495158603410172,0.0011,0.001
29,145,856,1.598554582091544,0.8849097781334914,0.001096663888440446,0.001060347103122979,0.0011,0.001
29,145,858,19.9179584429329,9.865910343564261,0.013664410337019766,0.011821871235884662,0.0138,0.012
29,145,860,142.552205100722,84.1125580298152,0.09779575705633627,0.10078824920581188,0.0984,0.1015
29,145,862,11.918789443033015,4.900414714064757,0.008176702955614809,0.0058719438688086606,0.0079,0.0067
29,145,864,0.7675724283373923,0.40928340059947055,0.0005265813087337889,0.0004904256670068152,0.0006,0.0005
29,145,890,396.0019943641806,177.32579191730966,0.2716711032796777,0.2124814239990724,0.2544,0.2155
30,150,802,21.640063363317026,11.41377927328636,0.015462799073249,0.01354403074887664,0.0155,0.0139
30,150,806,21.200384840123505,11.647322563456367,0.015148628982948388,0.013821162225447207,0.0155,0.0139
30,150,808,5.9990793876883926,3.3339166736324084,0.004286612180329423,0.003956154123950262,0.0045,0.0038
30,150,810,6.2683843085764686,3.168627872991791,0.004479042664991887,0.003760016057432626,0.0045,0.0038
30,150,816,1.9489622419178538,0.7737596670489284,0.0013926212249087114,0.0009181730671171276,0.0014,0.001
30,150,818,13.859356653139292,6.465025560890434,0.009903133997993094,0.007671648705693051,0.0096,0.0081
30,150,820,73.22934333580284,35.23863847575885,0.052325661124770356,0.04181552767375397,0.0478,0.0417
30,150,822,53.411870399318346,28.399409532845315,0.03816518492783565,0.033699834800822066,0.0382,0.0335
30,150,824,19.673853613276332,8.395126099298514,0.014057853727650801,0.00996198045424942,0.0138,0.0115
30,150,826,16.0938611754994,7.8249647442111145,0.011499788031644888,0.009285404997494381,0.0113,0.0096
30,150,828,4.27783391292877,1.8698242241008112,0.0030567048327814583,0.0022188055489638005,0.0031,0.0024
30,150,830,39.542074737590546,17.849829752691026,0.028254591788451983,0.02118129650522416,0.0274,0.0206
30,150,832,5.846001817734681,2.885296528933475,0.0041772313681258935,0.0034238041556458247,0.0042,0.0034
30,150,834,66.80103084001492,35.68809028375858,0.04773234257326736,0.04234886452581084,0.0503,0.0431
30,150,836,47.93165633060308,23.78319851766793,0.03424932536678733,0.02822206074931252,0.0345,0.0302
30,150,838,11.490090901287969,5.575357611333034,0.008210187001631264,0.006615934399626398,0.0079,0.0067
30,150,840,37.317551452238504,24.32633922825491,0.026665069797796873,0.028866572467037253,0.0266,0.0297
30,150,842,3.425628005528716,1.8381043022801093,0.0024477653627843145,0.0021811654662002365,0.0025,0.0024
30,150,844,322.3032646672513,272.5859540466186,0.2303001862115615,0.32346100751747475,0.2442,0.3151
30,150,846,26.155024193244287,14.07616998801325,0.018688941758907642,0.016703326267248974,0.0192,0.0163
30,150,848,58.55387248603189,40.92715173287888,0.04183937680824664,0.04856573692741886,0.0404,0.0512
30,150,854,1.637945336993576,0.8529028482506522,0.0011703856506182885,0.0010120874187174653,0.0011,0.001
30,150,856,1.5020058345635647,0.7553916866107417,0.0010732507588713492,0.0008963769130218912,0.0011,0.001
30,150,858,19.41496614297206,10.404398512812588,0.013872866980214444,0.012346260603699743,0.0138,0.012
30,150,860,135.27529353535402,87.34477257976737,0.09666028460238917,0.10364667628913994,0.0984,0.1015
30,150,862,11.832215449103819,6.041578013018874,0.008454650386607775,0.007169169511765421,0.0079,0.0067
30,150,864,0.7748017797959733,0.38603585727764456,0.0005536307376479162,0.00045808503878942973,0.0006,0.0005
30,150,890,372.08556791143957,178.86561390930152,0.2658718820769863,0.2122488368400654,0.2544,0.2155
31,155,802,20.782577339472866,11.182669767616314,0.014938968624807149,0.013620610008804004,0.0155,0.0139
31,155,806,20.943855348168455,11.302764311401539,0.015054898765348412,0.013766886432866955,0.0155,0.0139
31,155,808,5.378914300315515,3.1345260491087954,0.003866480593594082,0.003817885868452035,0.0045,0.0038
31,155,810,6.84434540956321,3.3470683634079883,0.004919864348903756,0.004076764654430443,0.0045,0.0038
31,155,816,2.1444758850504018,0.8492083007807892,0.0015414959097770917,0.0010343446888389884,0.0014,0.001
31,155,818,14.656336379114178,7.482769021339574,0.010535293373182743,0.009114091781622152,0.0096,0.0081
31,155,820,72.50193593918257,35.26864695707471,0.05211596851253187,0.042957584881173155,0.0478,0.0417
31,155,822,50.68643955682853,31.70971404669339,0.03643451521310933,0.03862276696853308,0.0382,0.0335
31,155,824,19.91349687358223,9.563508683282711,0.014314254682917287,0.011648454689060424,0.0138,0.0115
31,155,826,16.643904791950714,8.181818220087358,0.011964000779103354,0.009965541096586594,0.0113,0.0096
31,155,828,4.717428361084253,2.0153456050869223,0.003390990112769169,0.002454712254790777,0.0031,0.0024
31,155,830,37.934468437383366,17.06697636572941,0.027268121009633214,0.020787757658753334,0.0274,0.0206
31,155,832,6.051004714267076,2.8293855012103917,0.004349593801501466,0.003446221454929533,0.0042,0.0034
31,155,834,68.04367557461076,36.60550699873373,0.04891127399271112,0.04458589454623379,0.0503,0.0431
31,155,836,50.98263632494082,24.57968641843092,0.03664742789248113,0.0299383179331341,0.0345,0.0302
31,155,838,11.872460006499313,5.825625882747247,0.008534182485610303,0.007095673918215747,0.0079,0.0067
31,155,840,36.837884522858644,24.029229135453395,0.026479872640532302,0.029267855142606672,0.0266,0.0297
31,155,842,3.858962432700146,2.0476954805852636,0.0027739061313113906,0.0024941147451757,0.0025,0.0024
31,155,844,333.0061041610923,260.07061584815455,0.23937203074823252,0.3167687597710643,0.2442,0.3151
31,155,846,26.904661984039144,13.675759107409062,0.019339656226237675,0.01665721918354332,0.0192,0.0163
31,155,848,58.85905782652962,42.26871736083833,0.04230917098459061,0.051483744643124094,0.0404,0.0512
31,155,854,1.5938296352318764,0.8634348986521804,0.0011456794085300274,0.001051672835460956,0.0011,0.001
31,155,856,1.5201559297974951,0.8640935014594574,0.001092721146617676,0.0010524750206434784,0.0011,0.001
31,155,858,19.432423906777156,9.845104294589923,0.013968448970759828,0.011991441120879548,0.0138,0.012
31,155,860,142.38253536456767,83.66564481884897,0.10234766332334609,0.10190563996736589,0.0984,0.1015
31,155,862,11.867182486921434,5.582602336223908,0.008530388889748592,0.006799668669117129,0.0079,0.0067
31,155,864,0.8625864874520873,0.42456208577898175,0.0006200459289404086,0.0005171211092780537,0.0006,0.0005
31,155,890,343.94213211037527,166.72825630134298,0.2472330855031716,0.20307677895531587,0.2544,0.2155
32,160,802,22.077165575944946,11.974988036383236,0.015166943939487088,0.014313430917162633,0.0155,0.0139
32,160,806,23.295154657457545,12.500544804070113,0.016003698642198434,0.014941616971668738,0.0155,0.0139
32,160,808,6.9673462335849905,3.529562157444558,0.004786545146308122,0.00421880539295074,0.0045,0.0038
32,160,810,6.295609342183381,3.302190102865214,0.004325063995617543,0.003947032746011402,0.0045,0.0038
32,160,816,1.89041892314257,0.8217210410682367,0.0012987119080489886,0.0009821844764081697,0.0014,0.001
32,160,818,14.19549829695277,6.524810575183574,0.009752263084784683,0.007798957721854164,0.0096,0.0081
32,160,820,63.95222872590898,36.24933510346276,0.04393498180527194,0.04332800602556591,0.0478,0.0417
32,160,822,57.06560069792451,30.786548118473146,0.03920388981462493,0.03679846095318187,0.0382,0.0335
32,160,824,18.48207385536951,8.76265820701444,0.012697127132809087,0.010473806112852755,0.0138,0.0115
32,160,826,15.20996307827806,7.944127624468602,0.010449197227621818,0.009495435118972977,0.0113,0.0096
32,160,828,4.523495092429446,2.0078291123728405,0.0031076270294487667,0.0023999124847640797,0.0031,0.0024
32,160,830,36.32174386507865,16.9688006444081,0.02495292482592516,0.020282421580121827,0.0274,0.0206
32,160,832,5.981384579005275,2.7927257481337584,0.004109192562705261,0.003338081586807742,0.0042,0.0034
32,160,834,75.02706440664521,35.93027583090411,0.0515433593993494,0.04294664173172502,0.0503,0.0431
32,160,836,48.63417574629425,25.365038545196605,0.033411527152331706,0.030318253832468372,0.0345,0.0302
32,160,838,10.691489080314177,5.827414725724727,0.0073450196744209014,0.006965376320117746,0.0079,0.0067
32,160,840,37.78273522931076,25.889307861936153,0.025956621339463432,0.030944901026130706,0.0266,0.0297
32,160,842,3.5753257455020826,2.087023361639438,0.002456237643410162,0.0024945715702237056,0.0025,0.0024
32,160,844,370.2565966730144,273.8716247300156,0.2543651278805309,0.32735252585088376,0.2442,0.3151
32,160,846,27.92130866006916,13.643533609328188,0.019181852022970045,0.016307805501748714,0.0192,0.0163
32,160,848,59.60275767036305,42.52395469697308,0.040946908746755536,0.05082791615577348,0.0404,0.0512
32,160,854,1.6096586257289578,0.8669536451220795,0.0011058304588132339,0.00103624997955197,0.0011,0.001
32,160,856,1.4786745332239133,0.8314737094661158,0.0010158447955198801,0.0009938416191916874,0.0011,0.001
32,160,858,19.57184465589782,9.788487002314554,0.01344579627612122,0.011699955946969754,0.0138,0.012
32,160,860,137.79897175364903,83.12853242205271,0.09466746409619677,0.09936164465910675,0.0984,0.1015
32,160,862,11.601318050902007,5.811672790638059,0.007970069341415403,0.006946560343042789,0.0079,0.0067
32,160,864,0.8665034309054217,0.38958552811669,0.0005952851562718436,0.0004656627235102236,0.0006,0.0005
32,160,890,372.9345724632516,166.5052510535781,0.2562048889015782,0.1990199406512325,0.2544,0.2155
33,165,802,22.564546847599537,11.695240110895064,0.016200192100338608,0.013807005371740518,0.0155,0.0139
33,165,806,21.035198120421633,11.384085634762222,0.015102197829236013,0.013439666909026522,0.0155,0.0139
33,165,808,6.4719419778706,3.468429572679337,0.004646523770757795,0.004094710778693217,0.0045,0.0038
33,165,810,6.46103992473973,3.285213692622962,0.0046386966534573216,0.0038784123003259407,0.0045,0.0038
33,165,816,1.9881070623496266,0.8645345048246493,0.0014273593236165583,0.0010206402296135007,0.0014,0.001
33,165,818,13.462818613784545,6.658668355938326,0.009665616120206992,0.007860998909584848,0.0096,0.0081
33,165,820,65.44292280131044,33.87908007824823,0.0469846759232235,0.0399964973950587,0.0478,0.0417
33,165,822,52.65489721254992,29.88867731321301,0.03780352672837472,0.03528556269941927,0.0382,0.0335
33,165,824,18.641561714656053,9.729343187212288,0.013383689150392696,0.011486133878021445,0.0138,0.0115
33,165,826,15.973912086025491,7.510882222468009,0.011468452973389233,0.008867093809858473,0.0113,0.0096
33,165,828,4.560224056057772,1.9961316600754841,0.0032740079482952403,0.002356565602076745,0.0031,0.0024
33,165,830,38.26530138986717,17.315058741589855,0.027472531909460828,0.020441573391419426,0.0274,0.0206
33,165,832,5.812950986643992,2.643305840788736,0.004173401898540835,0.003120597576181788,0.0042,0.0034
33,165,834,73.86731425563914,35.806334823763834,0.053032958692221126,0.04227174923869185,0.0503,0.0431
33,165,836,49.61125536138827,24.00321079992904,0.0356183473402633,0.028337379764003537,0.0345,0.0302
33,165,838,11.38967503442538,5.223113543914572,0.008177204920813686,0.006166231396212007,0.0079,0.0067
33,165,840,35.97360436572524,24.859589836575637,0.02582721049983442,0.029348391923404223,0.0266,0.0297
33,165,842,3.8360712093679696,1.9732787306658344,0.002754103192147662,0.0023295862056618654,0.0025,0.0024
33,165,844,332.3222541709274,264.8779052981706,0.23859040436964524,0.31270590655939307,0.2442,0.3151
33,165,846,26.664233472319722,13.227136834191324,0.01914355769594423,0.015615510890819119,0.0192,0.0163
33,165,848,57.87233178047426,42.65286991781307,0.0415493782556485,0.05035453727254207,0.0404,0.0512
33,165,854,1.5801879033041386,0.8137978002660384,0.0011344942028331335,0.0009607421902622129,0.0011,0.001
33,165,856,1.5252392420945329,0.8299306550563214,0.0010950438707141557,0.000979788093607407,0.0011,0.001
33,165,858,19.036583345560707,10.192500947941156,0.013667294504741977,0.012032922283365041,0.0138,0.012
33,165,860,140.95210064407567,87.32059458900882,0.10119640880903422,0.10308774399859248,0.0984,0.1015
33,165,862,11.482345005518152,5.723740343367797,0.008243737226725934,0.006757254482847801,0.0079,0.0067
33,165,864,0.7930257202212707,0.4197967483516236,0.0005693519615024165,0.0004955978590068022,0.0006,0.0005
33,165,890,352.6151013337892,188.80872231257038,0.2531596321286394,0.22290119899057054,0.2544,0.2155
34,170,802,21.78115088229584,11.872506648168898,0.015449594253782001,0.013998778352588979,0.0155,0.0139
34,170,806,22.635440594526948,12.263000303298858,0.016055550729657607,0.014459206321867035,0.0155,0.0139
34,170,808,6.493680912022776,3.2880765771111378,0.004606034632716627,0.0038769449934498326,0.0045,0.0038
34,170,810,6.501678285820148,3.005401566010948,0.004611707252172454,0.0035436451315527247,0.0045,0.0038
34,170,816,1.9964515207919957,0.853045286543554,0.0014161035893035974,0.001005818926442608,0.0014,0.001
34,170,818,13.223243871704867,6.7166340616025515,0.009379382826951705,0.007919529909745307,0.0096,0.0081
34,170,820,64.43791198089559,33.598584848517525,0.045706473457054544,0.03961582471108507,0.0478,0.0417
34,170,822,53.23134456111544,28.716689513971886,0.03775753997099228,0.033859620671445066,0.0382,0.0335
34,170,824,20.225322214503162,9.931984176427598,0.01434602898417374,0.011710723708769155,0.0138,0.0115
34,170,826,14.996186215024874,8.531343418772662,0.010636949058766743,0.010059239308797244,0.0113,0.0096
34,170,828,4.360251918455551,1.8888430423988907,0.0030927715137021405,0.0022271198388800215,0.0031,0.0024
34,170,830,38.01547619809826,16.99475076866935,0.026964768106092774,0.020038375738015334,0.0274,0.0206
34,170,832,5.685686277611358,2.670664397700417,0.004032915731500258,0.003148959193324583,0.0042,0.0034
34,170,834,69.75640142005994,35.03394559123435,0.049478932695877505,0.0413082471698587,0.0503,0.0431
34,170,836,49.04577110666443,24.740453694226154,0.03478866968768553,0.029171272577167073,0.0345,0.0302
34,170,838,11.328294996861386,5.635863822505261,0.008035276107972554,0.006645202299279745,0.0079,0.0067
34,170,840,38.21890146495099,24.707532718502662,0.027109059739295522,0.02913245571599688,0.0266,0.0297
34,170,842,3.394587135135403,1.9113149006575834,0.002407815554851079,0.0022536162285857917,0.0025,0.0024
34,170,844,349.2678647942461,283.33508644291953,0.247739287336828,0.3340781514944698,0.2442,0.3151
34,170,846,27.463151790479028,13.502459108098103,0.019479895914857413,0.01592064236058473,0.0192,0.0163
34,170,848,59.75068220900406,44.39129711804605,0.042381773190236574,0.05234142608252749,0.0404,0.0512
34,170,854,1.642383224175912,0.8358753423323082,0.0011649593063220894,0.0009855739815070228,0.0011,0.001
34,170,856,1.6252847457089339,0.8929097062001828,0.0011528311797552532,0.0010528227472417992,0.0011,0.001
34,170,858,19.482698263167144,9.993719869555628,0.013819278180541617,0.011783515774518475,0.0138,0.012
34,170,860,135.59213499472995,86.01670394042857,0.09617689538046148,0.10142161287128358,0.0984,0.1015
34,170,862,10.527730631951426,5.672001370826682,0.007467427573304496,0.006687811795669084,0.0079,0.0067
34,170,864,0.8195252773617765,0.41201948548626954,0.000581297704808105,0.00048580890499308374,0.0006,0.0005
34,170,890,358.32101568620396,170.6974879793387,0.25416078034033596,0.20126805319035354,0.2544,0.2155
35,175,802,22.230391567453395,11.714965360537315,0.01570378482111492,0.01397679493958339,0.0155,0.0139
35,175,806,21.974135914076562,11.756039142713238,0.015522763104623177,0.014025798911272442,0.0155,0.0139
35,175,808,6.602598432483419,3.3604018699189253,0.0046641456912415525,0.00400920074494315,0.0045,0.0038
35,175,810,6.2155715850937945,3.0868861124788562,0.004390745813737848,0.0036828768048517606,0.0045,0.0038
35,175,816,1.971817840205486,0.8183367696887696,0.0013929130746557388,0.0009763345318962526,0.0014,0.001
35,175,818,13.939092840576958,7.115250089221378,0.009846723297957626,0.00848900431032417,0.0096,0.0081
35,175,820,65.98929436614345,32.93790682900611,0.04661553873573264,0.03929728815408181,0.0478,0.0417
35,175,822,57.6900971820512,28.108088676379005,0.040752897658469886,0.03353496826347905,0.0382,0.0335
35,175,824,19.44647589733303,9.560273430462209,0.013737197210138876,0.011406092736222062,0.0138,0.0115
35,175,826,15.013447028541355,8.219703822317909,0.010605658512313333,0.009806696925937637,0.0113,0.0096
35,175,828,4.4206769340483465,2.082976217803435,0.003122813159872462,0.002485140208637569,0.0031,0.0024
35,175,830,39.83224659138795,16.777715458596372,0.028137922245532482,0.020017019368183973,0.0274,0.0206
35,175,832,6.016004042966813,2.9789388753746247,0.004249769181395068,0.0035540879991773724,0.0042,0.0034
35,175,834,70.28877242700227,36.34593081927174,0.04965273572373719,0.043363305508395074,0.0503,0.0431
35,175,836,50.705808384167625,26.227437185605837,0.03581912183730691,0.031291215983348296,0.0345,0.0302
35,175,838,10.669109618556691,5.43554387430794,0.007536772403415427,0.00648499417439389,0.0079,0.0067
35,175,840,37.31209968312746,24.283012650145196,0.026357663690714125,0.028971377881293375,0.0266,0.0297
35,175,842,3.6913013150006253,2.0562774254811043,0.0026075744723064644,0.0024532866321275806,0.0025,0.0024
35,175,844,325.7893301366942,261.80874151331807,0.2301410446126431,0.3123566293971701,0.2442,0.3151
35,175,846,27.028844344959637,13.864821436933385,0.01909346285101349,0.01654172762223769,0.0192,0.0163
35,175,848,55.463678250679806,45.212360843540054,0.039180131667649415,0.05394159323537472,0.0404,0.0512
35,175,854,1.5433637834987584,0.8885824410023039,0.0010902485762891458,0.0010601426621917067,0.0011,0.001
35,175,856,1.734921004855199,0.8012608323107601,0.0012255666329227665,0.0009559617123625668,0.0011,0.001
35,175,858,19.861634568313896,10.33196227612249,0.014030469706753312,0.012326772944913935,0.0138,0.012
35,175,860,140.77500897690922,86.38854131534417,0.09944496220212781,0.10306773344474603,0.0984,0.1015
35,175,862,11.665549555388644,5.365485467239479,0.008240668162862317,0.0064014094637904586,0.0079,0.0067
35,175,864,0.8228261944811966,0.3926204803081657,0.0005812531670484557,0.0004684244275133118,0.0006,0.0005
35,175,890,376.91314658253214,180.25245338300763,0.2662554517864248,0.21505412101155033,0.2544,0.2155
36,180,802,21.32624131410813,11.464039576581394,0.014748102346519985,0.013804008590354104,0.0155,0.0139
36,180,806,22.325806102141403,11.514757385261998,0.015439348571242203,0.013865078605162947,0.0155,0.0139
36,180,808,6.289224344697275,3.054577214919554,0.004349295450129792,0.003678058666230047,0.0045,0.0038
36,180,810,6.305834415018451,3.3367958090488745,0.004360782097658137,0.0040178819782218335,0.0045,0.0038
36,180,816,1.9495029198946907,0.8366486763529104,0.0013481732746044772,0.0010074202412102924,0.0014,0.001
36,180,818,14.281529308139003,7.034439434483251,0.009876351523881608,0.00847026580231756,0.0096,0.0081
36,180,820,66.25206189421772,32.78538285402978,0.04581642752197104,0.0394773328835657,0.0478,0.0417
36,180,822,56.85923889875909,28.867607480738172,0.03932084713255991,0.03475988537767335,0.0382,0.0335
36,180,824,19.263456061109125,9.678600367866311,0.013321588992289296,0.011654136548303147,0.0138,0.0115
36,180,826,16.171508533900216,7.838728951557354,0.011183361354811521,0.009438721932345458,0.0113,0.0096
36,180,828,4.405031728077212,2.108250354611714,0.003046287332516166,0.0025385734069801225,0.0031,0.0024
36,180,830,39.125595792858654,17.770658895602146,0.027057195997305192,0.021397896126619582,0.0274,0.0206
36,180,832,5.937138466695319,2.7903545061189723,0.004105811449031948,0.003359904448627677,0.0042,0.0034
36,180,834,68.78995153064841,35.11934473985871,0.047571497979581004,0.042287688666649025,0.0503,0.0431
36,180,836,47.705635981922825,25.015439996452418,0.03299069871734909,0.03012143723822438,0.0345,0.0302
36,180,838,10.986565612027727,5.870703337061181,0.007597728624394405,0.007068995074106257,0.0079,0.0067
36,180,840,36.74097673918641,24.73554751677675,0.02540811938117619,0.02978441483281407,0.0266,0.0297
36,180,842,3.6332158338650262,1.9830132927194706,0.002512540216329218,0.0023877737288524616,0.0025,0.0024
36,180,844,357.3554050408973,275.4047178903114,0.2471281277371058,0.3316186293833069,0.2442,0.3151
36,180,846,26.42821385296002,13.516531138871331,0.01827635714134616,0.01627544206441129,0.0192,0.0163
36,180,848,60.729102261168194,43.82224745875013,0.04199704028330051,0.052766974182899634,0.0404,0.0512
36,180,854,1.5719630262508408,0.910222053536185,0.0010870866204048776,0.0010960109621228366,0.0011,0.001
36,180,856,1.499270424838468,0.8528862294941971,0.0010368162558491113,0.0010269721034968228,0.0011,0.001
36,180,858,19.241074118986887,9.871135075100753,0.013306110823010855,0.011885970251846421,0.0138,0.012
36,180,860,142.0931003827556,82.76783477169474,0.09826408490430497,0.09966189444490631,0.0984,0.1015
36,180,862,11.31509120363706,5.442404684009564,0.00782491957553966,0.0065532747430251375,0.0079,0.0067
36,180,864,0.9089429936375256,0.42599546859172865,0.0006285769770620782,0.0005129470348222322,0.0006,0.0005
36,180,890,376.54222857265177,165.6674027626849,0.26039672171872497,0.1994824106809048,0.2544,0.2155
37,185,802,21.39428391790616,11.7162626488205,0.014552372682723426,0.013809790000169648,0.0155,0.0139
37,185,806,22.22688860006497,11.088699285103765,0.015118709638830406,0.01307009010400859,0.0155,0.0139
37,185,808,6.190754602801372,3.2527438887244244,0.004210945713955358,0.0038339623627455677,0.0045,0.0038
37,185,810,6.133357671343588,3.0586176336753477,0.004171904372790426,0.0036051485424940214,0.0045,0.0038
37,185,816,1.8784628858575458,0.8681141197572874,0.0012777287658029043,0.0010232336069418149,0.0014,0.001
37,185,818,14.252157025011899,7.220987171581468,0.009694304392542914,0.008511273553900578,0.0096,0.0081
37,185,820,70.92465612857755,36.48116081562443,0.048242887321562546,0.042999818707282846,0.0478,0.0417
37,185,822,53.62580488251983,27.214268902449874,0.03647622425952237,0.03207706670768558,0.0382,0.0335
37,185,824,20.36835231289494,10.01011825183307,0.01385453492753629,0.011798782178086173,0.0138,0.0115
37,185,826,16.56392455140494,8.307635676560995,0.01126676658520048,0.009792090492506534,0.0113,0.0096
37,185,828,4.515408516222595,1.9067758820181129,0.0030713768123745355,0.0022474892632002672,0.0031,0.0024
37,185,830,38.08302115379133,16.98589253859332,0.025904036743672896,0.020021026837174657,0.0274,0.0206
37,185,832,5.502641400135559,2.9253092490857178,0.003742891732269425,0.0034480198700132985,0.0042,0.0034
37,185,834,68.83838448415798,37.92494208603315,0.04682380722505221,0.044701582891660346,0.0503,0.0431
37,185,836,49.555311402882715,25.490398593610635,0.03370747825495536,0.030045165608661127,0.0345,0.0302
37,185,838,12.579561574766956,5.690744340631052,0.00855660647132293,0.006707598373674247,0.0079,0.0067
37,185,840,38.37905740184673,24.92244618338384,0.02610540033339752,0.029375728284625733,0.0266,0.0297
37,185,842,3.4078955088289162,1.9066736078123423,0.00231804746064674,0.002247368714067283,0.0025,0.0024
37,185,844,371.2194306264464,259.55173447753924,0.2525031229029863,0.305929890337125,0.2442,0.3151
37,185,846,27.515241199731157,13.90268825090879,0.018715842321714023,0.016386898359794334,0.0192,0.0163
37,185,848,56.84543251078947,43.177669855458085,0.03866621207710754,0.05089289744290255,0.0404,0.0512
37,185,854,1.637497402777985,0.8902354545407006,0.0011138242608939386,0.0010493077055719903,0.0011,0.001
37,185,856,1.58733589124297,0.8599068201246093,0.001079704445854216,0.0010135597810987964,0.0011,0.001
37,185,858,19.354100354041925,10.091215109708216,0.013164641657163356,0.011894369876185626,0.0138,0.012
37,185,860,137.69314767245248,87.5074142656293,0.09365875522992996,0.10314372856670707,0.0984,0.1015
37,185,862,11.30129412503269,5.700946510864104,0.007687130101461422,0.006719623524755904,0.0079,0.0067
37,185,864,0.8330444696681103,0.4491958677583443,0.0005666360991753389,0.0005294606982296705,0.0006,0.0005
37,185,890,387.75133179145314,189.29986820633067,0.2637481072095549,0.22312502760873096,0.2544,0.2155
38,190,802,21.884286504305408,11.393648541174905,0.015639084259429867,0.013675232286589565,0.0155,0.0139
38,190,806,21.088435392493192,11.620150064946376,0.015070348212534142,0.013947090852320078,0.0155,0.0139
38,190,808,6.284387447669199,3.211824273078469,0.004490987850742426,0.0038549936694401046,0.0045,0.0038
38,190,810,5.8211290602816534,3.105758854974663,0.004159931274928721,0.0037276885989965132,0.0045,0.0038
38,190,816,2.0231914496942713,0.7996757736240867,0.0014458255949309524,0.0009598112420922466,0.0014,0.001
38,190,818,13.976940030867723,6.88457957626356,0.009988287385505348,0.008263220035327336,0.0096,0.0081
38,190,820,72.23545979104073,35.746632500676206,0.05162135132751498,0.0429049133070494,0.0478,0.0417
38,190,822,52.23232634909835,27.986027293908165,0.03732658831161262,0.0335902430762152,0.0382,0.0335
38,190,824,19.179681107640082,9.338379782372067,0.013706302412572017,0.011208394944150255,0.0138,0.0115
38,190,826,16.00847804435828,8.326152190165105,0.011440077653511712,0.009993468276867078,0.0113,0.0096
38,190,828,4.38596357724848,2.0348208750550603,0.0031343244354749646,0.0024422947598759202,0.0031,0.0024
38,190,830,39.979283423256426,17.362714938308464,0.02857024294417497,0.020839607176677252,0.0274,0.0206
38,190,832,5.541235773552884,2.774919806280561,0.0039599122021598265,0.0033305988674661763,0.0042,0.0034
38,190,834,66.15340075452542,38.39485189772641,0.047274952658123745,0.04608343994578485,0.0503,0.0431
38,190,836,49.03204355642179,25.670191401122096,0.03503958241636327,0.03081065990257052,0.0345,0.0302
38,190,838,10.147797025538962,5.719192794569347,0.007251881513193191,0.006864463975247392,0.0079,0.0067
38,190,840,38.548359941864824,24.44432722142345,0.02754766755018726,0.02933931581567806,0.0266,0.0297
38,190,842,3.829414025277551,1.94290254838978,0.002736599550265253,0.002331969742915839,0.0025,0.0024
38,190,844,318.9733288069142,258.9657304054344,0.22794669429779016,0.31082374577050603,0.2442,0.3151
38,190,846,27.259285413715343,14.66309442163698,0.019480199244927252,0.017599386318739633,0.0192,0.0163
38,190,848,57.367371082262,42.78797663480614,0.040996225758649724,0.05135629008035052,0.0404,0.0512
38,190,854,1.6248023738770434,0.8578473820789185,0.0011611263280155665,0.001029631743859482,0.0011,0.001
38,190,856,1.6692338181785615,0.7781053645462447,0.0011928782017201491,0.0009339213479472555,0.0011,0.001
38,190,858,19.679045914976864,9.836545871109486,0.014063161581665672,0.011806319038101944,0.0138,0.012
38,190,860,135.81927945152995,85.86885870024297,0.09706001404156565,0.10306414004842292,0.0984,0.1015
38,190,862,10.744016423729192,5.676244727411522,0.007677955509417338,0.006812915536437751,0.0079,0.0067
38,190,864,0.8014578211968942,0.39405242229181275,0.0005727427482550741,0.00047296161439943263,0.0006,0.0005
38,190,890,377.04335350891466,176.57420941577382,0.26944505473476815,0.21193328202597128,0.2544,0.2155
39,195,802,21.96005699145057,11.472207210697428,0.016238830656425587,0.014104920750334165,0.0155,0.0139
39,195,806,21.873211524072545,11.049441114751243,0.016174610930648967,0.013585135658439315,0.0155,0.0139
39,195,808,6.627160169208956,3.3308007715975534,0.0049005943728966765,0.004095173671089862,0.0045,0.0038
39,195,810,6.643645771692355,3.1972927605296793,0.004912785001869146,0.003931027410386764,0.0045,0.0038
39,195,816,2.10040690131525,0.8552890543321254,0.001553190503709751,0.0010515661117708741,0.0014,0.001
39,195,818,14.82481935734975,7.0518209863977805,0.010962527608640813,0.008670116772815612,0.0096,0.0081
39,195,820,64.02676943708713,36.292112097417196,0.04734595482933601,0.044620651945598326,0.0478,0.0417
39,195,822,53.830324396878595,28.290942532247723,0.039805976933561,0.03478332417126498,0.0382,0.0335
39,195,824,19.01932520322571,9.48511334398554,0.014064244063433474,0.011661816210929462,0.0138,0.0115
39,195,826,16.56568911278676,9.421598493327853,0.012249850731911418,0.011583725576882978,0.0113,0.0096
39,195,828,4.500106467182987,2.007657839047998,0.0033276993263232453,0.002468387660149109,0.0031,0.0024
39,195,830,38.75375014756328,17.62926141735293,0.028657283821836695,0.02167493409174311,0.0274,0.0206
39,195,832,5.8539197369303455,2.862499737153586,0.004328805308717009,0.0035194039994984687,0.0042,0.0034
39,195,834,72.47576066753052,37.95175332927748,0.053593740882997454,0.04666115798070098,0.0503,0.0431
39,195,836,46.274847292137046,25.198579280362935,0.034218918881746066,0.030981306146485168,0.0345,0.0302
39,195,838,10.996365858293856,5.498728747367161,0.008131496338031072,0.006760611256818731,0.0079,0.0067
39,195,840,38.09270681253474,23.969488894540493,0.02816846128470638,0.02947015644628992,0.0266,0.0297
39,195,842,3.2203531464153654,2.0501734416951556,0.0023813585465140502,0.0025206600080048616,0.0025,0.0024
39,195,844,315.2941898305171,252.83357733294886,0.23315098670308448,0.31085540086648494,0.2442,0.3151
39,195,846,25.95897249031692,13.09328142939869,0.01919591367404834,0.016098009173969873,0.0192,0.0163
39,195,848,57.04670954787265,41.80732688911813,0.042184401261565634,0.05140153256685091,0.0404,0.0512
39,195,854,1.5231539899830397,0.8223205399184231,0.0011263285754050186,0.0010110317773990274,0.0011,0.001
39,195,856,1.6033407636507961,0.8471402438635595,0.0011856243886619133,0.0010415472615393825,0.0011,0.001
39,195,858,19.391079244500716,9.914215553238533,0.014339145486706508,0.01218939146686304,0.0138,0.012
39,195,860,143.0519430665262,83.20386474077131,0.10578279826114914,0.10229800567024075,0.0984,0.1015
39,195,862,10.303819955101202,5.749438969143406,0.00761937855763892,0.0070688560212748,0.0079,0.0067
39,195,864,0.8526033122030953,0.4176210878031045,0.0006304756317055017,0.0005134593752489442,0.0006,0.0005
39,195,890,329.6525990631897,167.04431946012738,0.2437686174367298,0.20537868995092556,0.2544,0.2155
40,200,802,21.22881445958674,12.239679384807452,0.014880725042993325,0.014682084937275712,0.0155,0.0139
40,200,806,23.37762584722089,10.802380792630924,0.016386973613280148,0.012957976049525253,0.0155,0.0139
40,200,808,6.014273435497399,3.1190710466946383,0.004215814759575503,0.00374147594828429,0.0045,0.0038
40,200,810,6.532476345604896,3.1487110517988173,0.004579058549588766,0.0037770305619959045,0.0045,0.0038
40,200,816,1.9776959775870355,0.8287248853724707,0.0013863020997772414,0.000994095414931827,0.0014,0.001
40,200,818,13.366402399202713,6.6485420267352415,0.00936942377518023,0.007975246383229478,0.0096,0.0081
40,200,820,64.76943004978845,33.51698838949901,0.04540131440675157,0.040205241894418285,0.0478,0.0417
40,200,822,55.718742835162864,27.147671853135822,0.039057069976740175,0.032564939935581454,0.0382,0.0335
40,200,824,20.42469986794362,9.612591576983375,0.014317066240280653,0.01153076658002927,0.0138,0.0115
40,200,826,16.788014091705907,8.437439569127491,0.011767864955066177,0.01012111514626979,0.0113,0.0096
40,200,828,4.131068617904009,1.9793360414199952,0.0028957479634010943,0.002374308914955015,0.0031,0.0024
40,200,830,41.26640926737803,17.286570531194545,0.028926442924473994,0.020736073947185202,0.0274,0.0206
40,200,832,5.990293420785763,2.711561295126753,0.004199005530490662,0.0032526483738696895,0.0042,0.0034
40,200,834,73.55145821974631,37.22082365073079,0.05155723737483561,0.04464817068278027,0.0503,0.0431
40,200,836,49.765048430560014,25.380357574625105,0.03488371919478475,0.03044496133710915,0.0345,0.0302
40,200,838,11.575445300524917,6.109897758997766,0.008114019701629336,0.007329116640671461,0.0079,0.0067
40,200,840,39.58852543632604,26.65151251485781,0.02775029962210067,0.0319697729121656,0.0266,0.0297
40,200,842,3.6193202701316305,1.9108773294009034,0.0025370286166893925,0.002292189392624356,0.0025,0.0024
40,200,844,350.4575477560158,263.6546118427745,0.2456596159586245,0.31626640563681485,0.2442,0.3151
40,200,846,28.495824573132115,13.88302783077536,0.01997466844667153,0.016653360548889325,0.0192,0.0163
40,200,848,59.7672047114645,43.41917310994019,0.041894913236568555,0.05208338939806698,0.0404,0.0512
40,200,854,1.6044503548852402,0.8754404912140364,0.0011246687666723854,0.0010501330341617487,0.0011,0.001
40,200,856,1.6381910493460332,0.8336437360456629,0.0011483199224157515,0.0009999958132271636,0.0011,0.001
40,200,858,19.357461994427506,9.842917190969779,0.013568966369631006,0.01180705324747058,0.0138,0.012
40,200,860,140.13969305307623,84.54837637642133,0.09823347619822313,0.1014198496741834,0.0984,0.1015
40,200,862,11.494437591602333,5.388017462971063,0.008057235869205032,0.006463186456751327,0.0079,0.0067
40,200,864,0.8380391860697793,0.44184145652719065,0.0005874388664943408,0.0005300101080747288,0.0006,0.0005
40,200,890,353.11953143925894,176.00743956644692,0.2475255820178543,0.21112940102945743,0.2544,0.2155
41,205,802,21.833084241288383,11.936213826318404,0.015685950613482484,0.015025033861616209,0.0155,0.0139
41,205,806,22.48762874883802,11.924865620680958,0.01615620725273154,0.015010748999058262,0.0155,0.0139
41,205,808,6.047422487520633,3.2570420136260676,0.004344762720180587,0.004099890237852118,0.0045,0.0038
41,205,810,6.225925652068017,3.160765155487412,0.004473008083616027,0.0039786991235949525,0.0045,0.0038
41,205,816,1.9592144371616098,0.8134205446883742,0.0014075950315998677,0.001023915238576684,0.0014,0.001
41,205,818,13.391866837829474,6.678750750139876,0.009621369089176882,0.008407059192663416,0.0096,0.0081
41,205,820,67.03211196076771,36.54756400204673,0.04815913254003839,0.04600524041212743,0.0478,0.0417
41,205,822,52.58812199713385,29.09990519126396,0.0377818669770385,0.03663029728107847,0.0382,0.0335
41,205,824,18.854410027215195,9.366649785950637,0.013545926048045795,0.011790525224464455,0.0138,0.0115
41,205,826,16.786675893718026,7.692547498138547,0.01206036518356142,0.009683203428106846,0.0113,0.0096
41,205,828,4.557131743182084,1.9725807847007022,0.0032740652979988344,0.002483039723999572,0.0031,0.0024
41,205,830,39.382785819189806,17.10167417785472,0.02829451059474845,0.021527197598122213,0.0274,0.0206
41,205,832,5.511838565992357,2.77932422050395,0.003959973157257522,0.003498549970125843,0.0042,0.0034
41,205,834,72.95301107457041,33.32819242826337,0.05241299470903448,0.04195276886519812,0.0503,0.0431
41,205,836,47.40940121367967,24.928002092162792,0.03406122185184551,0.03137880076438859,0.0345,0.0302
41,205,838,10.710971734286213,5.4379742627083285,0.007695283533450329,0.006845198035547536,0.0079,0.0067
41,205,840,37.404974166219475,24.403022779831787,0.026873554417948024,0.03071796877367565,0.0266,0.0297
41,205,842,3.389290539746869,2.0832224734943923,0.0024350313237318194,0.0026223129596185707,0.0025,0.0024
41,205,844,341.38249924967744,242.88771046077915,0.2452658068991935,0.3057415129575688,0.2442,0.3151
41,205,846,27.407955288659654,13.46220756743256,0.019691209373957033,0.016945919995735217,0.0192,0.0163
41,205,848,57.39214149818817,41.61453376046624,0.04123330845946729,0.05238342643525101,0.0404,0.0512
41,205,854,1.5768608988246942,0.934651550692281,0.001132893635637626,0.0011765180653013725,0.0011,0.001
41,205,856,1.569440439978775,0.9153727121633601,0.0011275624167543885,0.001152250302849683,0.0011,0.001
41,205,858,19.565651291125903,10.007022168694034,0.014056916397218554,0.012596611381663524,0.0138,0.012
41,205,860,139.79421169065833,85.14329114011863,0.100434967244966,0.10717643392488639,0.0984,0.1015
41,205,862,11.200035330657768,5.3831122785042655,0.008046650630043534,0.00677613902048834,0.0079,0.0067
41,205,864,0.8275906768655052,0.45541815634427674,0.0005945814316486513,0.0005732699933022338,0.0006,0.0005
41,205,890,342.64560712115707,161.1067213931972,0.24617328508562683,0.20279746823313863,0.2544,0.2155
42,210,802,22.270931272927527,11.647989883469286,0.016217498112837306,0.014241892549276202,0.0155,0.0139
42,210,806,21.439760017154008,11.29408424241429,0.01561224644613501,0.013809175302531243,0.0155,0.0139
42,210,808,6.546736791503124,3.14191978975498,0.004767276691770247,0.003841597090296176,0.0045,0.0038
42,210,810,6.080189211509017,2.975077391156202,0.004427540808911108,0.0036376003889529236,0.0045,0.0038
42,210,816,1.9484501280247355,0.7769871320881091,0.0014188444069516924,0.0009500151835703047,0.0014,0.001
42,210,818,12.726347282632315,6.851533830041737,0.009267215210272243,0.008377308838812452,0.0096,0.0081
42,210,820,66.62765438828193,35.70931523412064,0.04851767741828704,0.04366145881482375,0.0478,0.0417
42,210,822,54.721854677777316,27.958042753757837,0.039847977800847256,0.034184047614273426,0.0382,0.0335
42,210,824,19.119485499252328,9.23490924785957,0.013922642758072054,0.011291440542628619,0.0138,0.0115
42,210,826,16.00479804045208,8.266574237504619,0.011654554487934298,0.010107466027957259,0.0113,0.0096
42,210,828,4.214639697540225,2.0774596196605137,0.003069063906826157,0.002540091206694364,0.0031,0.0024
42,210,830,40.370704321112825,16.526491683095777,0.029397595148498604,0.02020679285626695,0.0274,0.0206
42,210,832,5.9651350937881835,2.9068030069951125,0.004343759402819664,0.003554121913025485,0.0042,0.0034
42,210,834,71.27841793273038,35.923856988136926,0.05190432291061228,0.04392377708935878,0.0503,0.0431
42,210,836,48.04038123758045,24.50416669700853,0.03498258705541922,0.02996102439989452,0.0345,0.0302
42,210,838,10.515718758248976,5.412968413311287,0.00765745477937588,0.006618387832256973,0.0079,0.0067
42,210,840,38.33889695490605,26.1906304896711,0.02791805072696998,0.032023048522823394,0.0266,0.0297
42,210,842,3.7720035634674383,2.0638716094564185,0.002746740130553491,0.002523477268734147,0.0025,0.0024
42,210,844,340.9610270837293,254.6741000121196,0.24828484922869545,0.3113877333121391,0.2442,0.3151
42,210,846,27.752550598615933,14.279380536565487,0.02020916554605814,0.0174592702523382,0.0192,0.0163
42,210,848,58.51002715175131,39.347885567581685,0.04260649199115663,0.04811030606147863,0.0404,0.0512
42,210,854,1.5685961148728575,0.8279753126944656,0.0011422380241313801,0.0010123579737636055,0.0011,0.001
42,210,856,1.4780002414701598,0.8478755605249221,0.0010762668984548754,0.001036689827941085,0.0011,0.001
42,210,858,19.353720385106907,9.752756195574698,0.014093210561131327,0.01192460735167575,0.0138,0.012
42,210,860,140.22467338596928,85.02335362274081,0.10211038542310825,0.10395729036412338,0.0984,0.1015
42,210,862,10.75937367365239,5.820106232447131,0.007834882165878652,0.007116191584740343,0.0079,0.0067
42,210,864,0.8477427334762656,0.3777456815667618,0.0006173188723829985,0.0004618662500267024,0.0006,0.0005
42,210,890,321.8277218850515,173.45425895500816,0.2343521430859088,0.2120809635795963,0.2544,0.2155
43,215,802,20.578453406698287,12.171512571509034,0.014853032122636936,0.014480812973615684,0.0155,0.0139
43,215,806,21.784458030097504,11.437142087154122,0.015723497218209502,0.013607110418176546,0.0155,0.0139
43,215,808,6.549910654685853,3.4614108266926618,0.004727567783241878,0.004118144110002794,0.0045,0.0038
43,215,810,6.254705527973577,2.9366180362309335,0.004514495831566573,0.0034937824126434337,0.0045,0.0038
43,215,816,2.0189009333637102,0.8634332143625584,0.00145719407688394,0.0010272523500209365,0.0014,0.001
43,215,818,12.423313004426781,6.559442602182418,0.008966848162858615,0.0078039652816621246,0.0096,0.0081
43,215,820,68.60059862793041,33.65038598289137,0.049514260130020894,0.040034871840732504,0.0478,0.0417
43,215,822,54.96418297012077,29.018314162869338,0.039671823684474,0.034523957292354523,0.0382,0.0335
43,215,824,19.126305605417205,9.658047383567006,0.013804906808602215,0.011490468175592789,0.0138,0.0115
43,215,826,14.805467861803391,8.379362731968262,0.010686230174637669,0.009969178756282872,0.0113,0.0096
43,215,828,4.402486260921026,2.075089894629854,0.003177608567592511,0.0024687965847328777,0.0031,0.0024
43,215,830,36.25427305960333,17.21681519794879,0.02616746126129488,0.02048336058629157,0.0274,0.0206
43,215,832,5.949306129435976,2.8356722852296135,0.0042940658999743135,0.00337368422992841,0.0042,0.0034
43,215,834,73.01835705246208,34.25315617046532,0.05270289177754114,0.04075200558241399,0.0503,0.0431
43,215,836,50.37146306743011,25.119297433853294,0.0363569090552369,0.029885180336559944,0.0345,0.0302
43,215,838,11.105286633688625,5.579425038830397,0.008015528467633891,0.006638009040612972,0.0079,0.0067
43,215,840,37.4245917038378,24.525175715945714,0.02701216907645447,0.029178335938212806,0.0266,0.0297
43,215,842,3.8622022353926297,2.2465299007081354,0.0027876445684559786,0.002672763893613317,0.0025,0.0024
43,215,844,330.19851559987944,262.39646490752006,0.2383293371043931,0.31218093157608406,0.2442,0.3151
43,215,846,27.405527886362137,13.459230902775786,0.019780650080411907,0.016012850032133746,0.0192,0.0163
43,215,848,58.70742874646952,44.11387410453452,0.042373608345362836,0.0524835969807648,0.0404,0.0512
43,215,854,1.4962079932111871,0.8699066351450405,0.0010799268995637082,0.001034953972567839,0.0011,0.001
43,215,856,1.5565381400950578,0.8880682520093728,0.0011234717467842412,0.0010565613919880411,0.0011,0.001
43,215,858,19.92223253722156,10.052755280793583,0.014379387701394377,0.011960063980170639,0.0138,0.012
43,215,860,141.79143207486206,86.68578683865573,0.10234164121571476,0.10313267634621182,0.0984,0.1015
43,215,862,11.090631592181584,5.509870969507331,0.008004950811579729,0.006555258481592159,0.0079,0.0067
43,215,864,0.895747674421189,0.4021002562641962,0.0006465291010462727,0.0004783907154838403,0.0006,0.0005
43,215,890,342.91302293983307,184.16199219939017,0.24750636232643258,0.21910303671955256,0.2544,0.2155
44,220,802,21.79115304545846,11.774689194334659,0.015516232226880752,0.014308956020414957,0.0155,0.0139
44,220,806,22.103723796885554,11.709794567998069,0.01573879595980282,0.014230094121057283,0.0155,0.0139
44,220,808,6.483981611244239,3.289097755324697,0.0046168720042034555,0.00399701039671018,0.0045,0.0038
44,220,810,6.563130114835599,3.106138913395916,0.004673229121221162,0.0037746733159178822,0.0045,0.0038
44,220,816,1.9911921941982784,0.805245598722223,0.0014178139371092977,0.0009785586411310855,0.0014,0.001
44,220,818,13.0658646657773,6.451364560370159,0.009303454019907781,0.007839892012641484,0.0096,0.0081
44,220,820,67.36538214195065,35.753168090601825,0.047967030986683645,0.043448323888249596,0.0478,0.0417
44,220,822,58.13275531834561,29.840720103310204,0.0413930061262121,0.036263339484257674,0.0382,0.0335
44,220,824,18.83757735517457,9.855905470244778,0.01341316011249965,0.011977192398671094,0.0138,0.0115
44,220,826,15.960970782170014,8.302329459246678,0.011364893298944662,0.010089240160709737,0.0113,0.0096
44,220,828,4.58667833676521,1.9502824860583958,0.0032659109903357968,0.0023700418635102683,0.0031,0.0024
44,220,830,39.534585300963414,16.989741023705314,0.028150314269442492,0.020646443663532816,0.0274,0.0206
44,220,832,6.000662407292163,2.918532850554385,0.004272728076041999,0.0035466887926699753,0.0042,0.0034
44,220,834,67.81689433866353,35.49438792518649,0.04828852696639851,0.04313384645748519,0.0503,0.0431
44,220,836,49.845138652172885,24.51143532600416,0.03549186888343075,0.029787032531252953,0.0345,0.0302
44,220,838,11.099055035188117,5.355425236425101,0.007903001510092222,0.006508073624185138,0.0079,0.0067
44,220,840,37.71996703558018,24.53540561713781,0.026858228515646468,0.02981616194910569,0.0266,0.0297
44,220,842,3.861864113620606,2.0710388920561735,0.0027498122880690195,0.0025167886755991125,0.0025,0.0024
44,220,844,331.19166621936614,260.70238855465755,0.2358226200305752,0.3168133740668571,0.2442,0.3151
44,220,846,27.563255721179743,13.484539379707286,0.019626216006401624,0.01638681732954973,0.0192,0.0163
44,220,848,56.09240714314731,45.10082947397037,0.03994019102991929,0.054807882804905124,0.0404,0.0512
44,220,854,1.624952956573,0.8626234925237316,0.0011570359484578932,0.0010482859813096149,0.0011,0.001
44,220,856,1.576503882114958,0.7876131449576789,0.0011225381369423576,0.0009571311536378058,0.0011,0.001
44,220,858,19.60634359240155,10.061043177164839,0.01396055452710981,0.012226481902453514,0.0138,0.012
44,220,860,140.53139844612022,81.2424845320589,0.10006436139058535,0.09872830772618633,0.0984,0.1015
44,220,862,11.693825069622502,5.304799368710248,0.008326503192477823,0.00644655154893786,0.0079,0.0067
44,220,864,0.8839686963383464,0.3969925603749778,0.0006294234887463822,0.00048243728501731146,0.0006,0.0005
44,220,890,360.88518862679535,170.23145034086818,0.2569656769558617,0.20687037220404314,0.2544,0.2155
45,225,802,21.015202577364793,11.606546070575341,0.014332351401458996,0.01392824031648532,0.0155,0.0139
45,225,806,21.26512261039104,11.713122297556858,0.014502796664711156,0.014056135324388328,0.0155,0.0139
45,225,808,6.8988432906345025,3.118123728592467,0.004705005623475178,0.0037418519139362093,0.0045,0.0038
45,225,810,5.804101492706815,3.137546683280286,0.003958392590172118,0.0037651601038923917,0.0045,0.0038
45,225,816,1.9593793491168563,0.8393140938131572,0.0013362951538022341,0.0010072047557093161,0.0014,0.001
45,225,818,13.648835652740415,6.71966655093223,0.009308495032378955,0.0080638227771574,0.0096,0.0081
45,225,820,70.8674832939471,32.531243850960536,0.04833156710085059,0.039038571802085066,0.0478,0.0417
45,225,822,57.8896738179633,27.863750999066596,0.03948071138598229,0.03343742554191831,0.0382,0.0335
45,225,824,19.42363978192009,9.772632874073725,0.013246906843985582,0.011727483643041808,0.0138,0.0115
45,225,826,16.138440793003337,7.5027888462404855,0.011006403752971511,0.009003595510572334,0.0113,0.0096
45,225,828,4.537313856343317,2.021440031166216,0.0030944444322352077,0.002425795095995425,0.0031,0.0024
45,225,830,39.26500733335392,17.140224643929805,0.026778703693707637,0.020568838176968893,0.0274,0.0206
45,225,832,5.754486770468834,2.8853279124938167,0.003924555389165716,0.0034624892119249303,0.0042,0.0034
45,225,834,74.957227726325,37.535998609099366,0.05112076954280729,0.04504444353796278,0.0503,0.0431
45,225,836,49.048699217751206,25.342734264557485,0.03345117375791807,0.030412121829115884,0.0345,0.0302
45,225,838,11.208187310449954,5.860631850350277,0.007643974808968309,0.0070329526391205155,0.0079,0.0067
45,225,840,36.148015713348954,23.276172468185834,0.024652917894172604,0.027932179118019134,0.0266,0.0297
45,225,842,3.687552756886843,1.8095238790462986,0.0025149080399561124,0.002171488683413826,0.0025,0.0024
45,225,844,362.65682103834564,256.9112603215512,0.24733166278663432,0.30830203507668547,0.2442,0.3151
45,225,846,26.73816175323958,14.140800641371992,0.01823540499624985,0.016969429871980482,0.0192,0.0163
45,225,848,61.387954901488214,43.55216871995735,0.04186653629561982,0.05226404724946835,0.0404,0.0512
45,225,854,1.4302209543309072,0.821220901895811,0.0009754095504784331,0.0009854923251908202,0.0011,0.001
45,225,856,1.5612113627357984,0.8302815879456864,0.0010647449045664138,0.000996365449026931,0.0011,0.001
45,225,858,18.8405180546338,10.070208430484273,0.01284921829092378,0.012084584182409458,0.0138,0.012
45,225,860,136.1824075465118,85.00438643139253,0.09287629336276695,0.10200808362561643,0.0984,0.1015
45,225,862,11.44755268991596,5.740396478705084,0.007807221806908053,0.0068886662044970615,0.0079,0.0067
45,225,864,0.853453439618474,0.44349511909245465,0.0005820545653255211,0.0005322088552741844,0.0006,0.0005
45,225,890,385.66185899737155,185.1192884090919,0.2630210803318069,0.2221492871781429,0.2544,0.2155
46,230,802,21.905263187353242,12.188559750831702,0.015578157697958197,0.014789323250962971,0.0155,0.0139
46,230,806,21.76252725818141,10.997631596332383,0.015476649544653418,0.013344277912906408,0.0155,0.0139
46,230,808,6.580598304184463,3.3365999147611785,0.004679861513313701,0.004048555014481622,0.0045,0.0038
46,230,810,6.256848831087068,3.068015903870347,0.00444962367944673,0.003722661238817634,0.0045,0.0038
46,230,816,1.9677433798469797,0.8304943639964499,0.0013993813458524043,0.0010077031132745846,0.0014,0.001
46,230,818,13.495632462714314,6.371135156229556,0.0095975605926171,0.007730591573350069,0.0096,0.0081
46,230,820,67.97305656308687,34.21452227791996,0.04833975219997999,0.04151512895614299,0.0478,0.0417
46,230,822,57.27661864660181,25.457078706897818,0.040732868171961284,0.030889044622013504,0.0382,0.0335
46,230,824,18.629947449443232,9.593056507406983,0.013248882553470353,0.01163999820759091,0.0138,0.0115
46,230,826,16.927216251275105,7.450868336987556,0.012037967400548999,0.009040715440440342,0.0113,0.0096
46,230,828,4.124594060310276,2.1084195277062405,0.0029332483322396814,0.0025583086583927618,0.0031,0.0024
46,230,830,38.61095578521301,16.194211205549937,0.027458586228637585,0.019649690300521525,0.0274,0.0206
46,230,832,5.654020818129474,2.8010641624575165,0.00402091621447448,0.0033987480220905772,0.0042,0.0034
46,230,834,68.91335367836129,37.84389906996198,0.04900845435705506,0.04591893282422427,0.0503,0.0431
46,230,836,47.93039610219141,23.737768220164238,0.034086203969309926,0.028802872089993194,0.0345,0.0302
46,230,838,10.315652051348694,5.763690568651656,0.0073360841656517324,0.006993532023543584,0.0079,0.0067
46,230,840,37.336157005117336,25.232115167227622,0.026551999703762572,0.030616078941418115,0.0266,0.0297
46,230,842,3.442620160664504,1.8655931921273003,0.0024482554397230127,0.0022636686644854666,0.0025,0.0024
46,230,844,327.9457981066276,250.62230255685606,0.23322209441598074,0.30409944424820723,0.2442,0.3151
46,230,846,27.195918987297087,13.788637759796735,0.019340663068116264,0.016730821786073023,0.0192,0.0163
46,230,848,59.73563129089869,43.34137412904448,0.04248162080855348,0.052589444958139844,0.0404,0.0512
46,230,854,1.4843411211469197,0.8150490621706568,0.0010556047587750859,0.0009889621327092018,0.0011,0.001
46,230,856,1.7138435354280925,0.8509044926875347,0.0012188178081301998,0.001032468302679806,0.0011,0.001
46,230,858,19.31841233327841,9.897388384345893,0.013738491577482576,0.012009267636927275,0.0138,0.012
46,230,860,132.5480349672736,79.8981459451291,0.09426292547202929,0.09694660662876924,0.0984,0.1015
46,230,862,11.799746186003384,5.496119110350298,0.008391513277392026,0.00666886685633379,0.0079,0.0067
46,230,864,0.8415896598764747,0.43765714471281736,0.0005985053147453566,0.0005310432995013759,0.0006,0.0005
46,230,890,374.46584027112226,189.94357275262522,0.2663053103881384,0.2304732432960089,0.2544,0.2155
47,235,802,21.06157720233714,11.960749292670718,0.014848218009186596,0.014814486996828627,0.0155,0.0139
47,235,806,21.216451094579703,12.144683895963109,0.01495740267726044,0.015042306903597487,0.0155,0.0139
47,235,808,6.809494772713195,3.072226589357106,0.004800631118283122,0.0038052349184537833,0.0045,0.0038
47,235,810,5.883847586285187,3.3551991000562698,0.004148058374483664,0.004155722373514942,0.0045,0.0038
47,235,816,1.9186678585296018,0.8959060526283773,0.0013526431746766522,0.0011096619653399294,0.0014,0.001
47,235,818,14.787413663880539,6.6100079042780955,0.010424990482144817,0.008187102141407467,0.0096,0.0081
47,235,820,63.609399283372056,33.69627696919256,0.0448440408293876,0.041735935164825634,0.0478,0.0417
47,235,822,50.944152399817725,26.24702417462942,0.0359151583881278,0.03250935111387749,0.0382,0.0335
47,235,824,20.13752412032778,9.683018422335428,0.014196769094325021,0.011993308027586748,0.0138,0.0115
47,235,826,15.254805549016993,8.046953979070459,0.010754497457788628,0.009966891886954595,0.0113,0.0096
47,235,828,4.229657777609213,2.0078563046466233,0.0029818697898476576,0.0024869145225638227,0.0031,0.0024
47,235,830,38.86188415739092,17.16618426051323,0.02739727052125345,0.021261896499107452,0.0274,0.0206
47,235,832,5.724825044288927,3.023534025807609,0.004035948946530971,0.0037449247044450086,0.0042,0.0034
47,235,834,70.5929808463317,36.493906317185235,0.049767401531940036,0.04520105616884003,0.0503,0.0431
47,235,836,48.99648778186926,25.92709620691238,0.03454207276504024,0.0321130909296957,0.0345,0.0302
47,235,838,10.52520470376216,5.25630544428266,0.0074201724083339205,0.006510417261517359,0.0079,0.0067
47,235,840,41.416763269630245,25.77176824644748,0.029198436772061916,0.03192070297855277,0.0266,0.0297
47,235,842,3.385415123653147,1.8434753178541936,0.0023866864919319195,0.0022833135664887248,0.0025,0.0024
47,235,844,359.314205393286,257.1636733429018,0.2533132065192692,0.3185208385840536,0.2442,0.3151
47,235,846,27.494190026187738,13.481241294501565,0.019383150823554567,0.016697756049521506,0.0192,0.0163
47,235,848,59.29923032172347,41.46234618418057,0.04180541139607594,0.05135492546273374,0.0404,0.0512
47,235,854,1.6511965506893933,0.828205589101935,0.0011640783653150354,0.0010258087206935981,0.0011,0.001
47,235,856,1.4346858796283297,0.8342228583734739,0.001011440335677197,0.0010332616615753415,0.0011,0.001
47,235,858,19.821909019168967,10.301094467590623,0.013974263353944026,0.01275885200074696,0.0138,0.012
47,235,860,142.4189788650673,86.18275033650433,0.1004040688177711,0.10674525508142181,0.0984,0.1015
47,235,862,11.899983340949007,6.056803947866803,0.008389378689668709,0.0075019082109677405,0.0079,0.0067
47,235,864,0.774850585845187,0.39102773317082085,0.000546262528805231,0.0004843237766055547,0.0006,0.0005
47,235,890,348.99245898691896,157.4649042152928,0.24603647033731466,0.1950347523280824,0.2544,0.2155
48,240,802,21.908898592826098,11.510930199009918,0.01534152665159981,0.013984536942191554,0.0155,0.0139
48,240,806,21.528668390531383,12.022931011452894,0.015075273569203526,0.014606562630146532,0.0155,0.0139
48,240,808,6.175517565421918,3.1068211495142948,0.004324355554247973,0.0037744521413136277,0.0045,0.0038
48,240,810,6.260161385310626,3.1064685996632746,0.004383626695296617,0.0037740238313221396,0.0045,0.0038
48,240,816,2.0547106750439976,0.8227548736008127,0.0014387943076625447,0.000999558308956504,0.0014,0.001
48,240,818,15.433072607619867,6.581707908582166,0.010806882588036748,0.007996064244938117,0.0096,0.0081
48,240,820,68.95348449486161,33.47854117025035,0.04828411230334414,0.04067281163830846,0.0478,0.0417
48,240,822,52.896080861614095,27.636367496842883,0.03704004703227541,0.03357520161496796,0.0382,0.0335
48,240,824,20.35866010847299,9.75070245618371,0.014255984860291941,0.011846050349827296,0.0138,0.0115
48,240,826,14.596156063557162,8.371413303974666,0.010220838638291733,0.010170363001406878,0.0113,0.0096
48,240,828,4.279446873317507,1.9710828608044815,0.0029966475942612503,0.0023946527870885525,0.0031,0.0024
48,240,830,39.29627750375716,17.463889737650515,0.02751689620901144,0.021216739826251392,0.0274,0.0206
48,240,832,5.868419738754142,2.910080482619364,0.00410931281841575,0.0035354334802100954,0.0042,0.0034
48,240,834,73.73167227080003,33.430384076838294,0.05162999912646864,0.04061430597106817,0.0503,0.0431
48,240,836,48.21323377757112,23.976203005374565,0.033760921747139634,0.029128497077584952,0.0345,0.0302
48,240,838,11.678509215347335,5.324370755246484,0.008177780348888544,0.006468535403600413,0.0079,0.0067
48,240,840,38.00754974901031,23.95730898105505,0.026614475162497535,0.02910554287870486,0.0266,0.0297
48,240,842,3.2943057789553003,2.189915674472584,0.0023068106181709583,0.002660511020436933,0.0025,0.0024
48,240,844,326.7351746228158,265.9903264652346,0.2287936277696949,0.3231495181022477,0.2442,0.3151
48,240,846,26.199376723066642,13.945697458295868,0.01834589879309781,0.016942516192734788,0.0192,0.0163
48,240,848,57.902357414866344,42.10294711075117,0.04054565115206204,0.05115053336837019,0.0404,0.0512
48,240,854,1.4882280534016967,0.8623366391583573,0.0010421194953358678,0.0010476458790404802,0.0011,0.001
48,240,856,1.6384795421615863,0.7706075558395692,0.0011473318687231441,0.0009362049501001505,0.0011,0.001
48,240,858,19.341730651345916,10.169201979474126,0.0135438883437459,0.012354482070162787,0.0138,0.012
48,240,860,135.67568871063298,82.52548690794683,0.09500578888113972,0.10025955334485419,0.0984,0.1015
48,240,862,11.383131794586177,5.690800864248258,0.007970944731219842,0.006913708409384719,0.0079,0.0067
48,240,864,0.9232764110971561,0.4282663647740369,0.0006465167387409649,0.0005202973778605434,0.0006,0.0005
48,240,890,392.2558539613331,173.02089255359678,0.2746739464011358,0.2102016971569202,0.2544,0.2155
49,245,802,21.989163430166855,11.74162885247711,0.016034450418280232,0.01411635395926304,0.0155,0.0139
49,245,806,21.098100867198156,11.677320966407944,0.015384689524425305,0.014039039909097608,0.0155,0.0139
49,245,808,6.323288745072429,3.237567819825162,0.004610928477808123,0.0038923605818224896,0.0045,0.0038
49,245,810,6.827469290867884,3.262468155497254,0.0049785758414330585,0.003922296969394267,0.0045,0.0038
49,245,816,2.147313677778871,0.8504907218815244,0.0015658164899354254,0.0010225010703362415,0.0014,0.001
49,245,818,14.126781346050267,6.990433428067585,0.010301218406170638,0.008404237081505804,0.0096,0.0081
49,245,820,69.38024332789993,33.511252158773836,0.0505919233891013,0.040288847742923614,0.0478,0.0417
49,245,822,55.283741181125755,29.28088728486284,0.040312784509559295,0.03520289853713158,0.0382,0.0335
49,245,824,20.008309295771895,9.983937030451651,0.014590015867385616,0.012003171859679066,0.0138,0.0115
49,245,826,15.914924100066521,7.91521488294276,0.011605128235261537,0.009516054063289052,0.0113,0.0096
49,245,828,4.418126211687735,1.9830733963402243,0.0032216880786752927,0.002384146726289235,0.0031,0.0024
49,245,830,40.21337097933757,16.98007764025503,0.029323503150442715,0.020414270391031778,0.0274,0.0206
49,245,832,5.894244461597891,2.8113360302730017,0.004298070314173707,0.0033799241144801375,0.0042,0.0034
49,245,834,68.4501365991772,34.97833738801841,0.04991369157401763,0.042052648544722404,0.0503,0.0431
49,245,836,47.0352195807926,25.839853268849154,0.03429798039731154,0.031065921055879832,0.0345,0.0302
49,245,838,10.903577692162354,5.9603673866037425,0.007950865272436472,0.007165841878811854,0.0079,0.0067
49,245,840,35.1193559580052,22.38013522434947,0.02560895841348958,0.026906480732137736,0.0266,0.0297
49,245,842,3.6200725182480666,1.9084556477759531,0.0026397490513347392,0.00229443766091077,0.0025,0.0024
49,245,844,335.7160880377976,268.9009825629782,0.24480344535873144,0.3232857636316621,0.2442,0.3151
49,245,846,26.182245058348897,13.482698891320698,0.019092036473357207,0.016209552547378766,0.0192,0.0163
49,245,848,55.84496967800863,42.900469877425685,0.040722031115742074,0.05157701928899592,0.0404,0.0512
49,245,854,1.5525681896890167,0.7976605554500187,0.0011321293662502347,0.0009589860897109956,0.0011,0.001
49,245,856,1.6078277482999572,0.8010462613504225,0.0011724245168819136,0.0009630565490563344,0.0011,0.001
49,245,858,20.368416983438653,10.428623744058966,0.014852605614443145,0.012537795729086925,0.0138,0.012
49,245,860,131.54393395560118,84.39476783239239,0.09592155215613911,0.10146347069900283,0.0984,0.1015
49,245,862,11.05222238868142,5.619174238040525,0.00805925666367082,0.006755642977611048,0.0079,0.0067
49,245,864,0.9179769246050254,0.38250571648026943,0.0006693867881536301,0.00045986686797188763,0.0006,0.0005
49,245,890,337.8302593884318,172.77412946981642,0.24634509453538841,0.20771741274081656,0.2544,0.2155
50,250,802,21.919623116743534,11.478635769428262,0.015234995326554042,0.013539363199707158,0.0155,0.0139
50,250,806,20.31579937360871,11.818925583621272,0.014120275100702573,0.013940744294121787,0.0155,0.0139
50,250,808,6.3637350712119565,3.1424659605279777,0.004423044755513374,0.0037066241003676456,0.0045,0.0038
50,250,810,6.350963216895554,3.327550652707256,0.0044141678172656,0.003924936530560389,0.0045,0.0038
50,250,816,1.9182469519560306,0.8085630081694115,0.0013332566528437815,0.0009537220674437976,0.0014,0.001
50,250,818,13.351241470662856,7.1052414191556394,0.009279634979392928,0.008380825572649263,0.0096,0.0081
50,250,820,72.39570812906958,34.122462118996665,0.0503178484928624,0.04024837247016825,0.0478,0.0417
50,250,822,54.084295728113275,27.576802715541433,0.03759070072826076,0.032527589110093645,0.0382,0.0335
50,250,824,20.933608718524567,9.9156002103113,0.014549676757490403,0.011695720230800935,0.0138,0.0115
50,250,826,15.377741204501843,7.993304989000164,0.010688131549332435,0.009428320715632828,0.0113,0.0096
50,250,828,4.308299213066472,2.0702844867004635,0.002994436447510209,0.0024419568801731426,0.0031,0.0024
50,250,830,38.2255335408654,16.803095577043617,0.026568240783541253,0.01981970841020232,0.0274,0.0206
50,250,832,5.762519708664104,2.7893927014507254,0.004005176565449813,0.0032901645849012593,0.0042,0.0034
50,250,834,71.02797803049454,35.37864734483424,0.049367222583429626,0.041730077122215783,0.0503,0.0431
50,250,836,49.760881014031774,25.03780072064635,0.034585758416388925,0.02953276717618208,0.0345,0.0302
50,250,838,11.833967464357922,5.759103396899822,0.008225070205535095,0.006793019149798998,0.0079,0.0067
50,250,840,38.7817789989081,26.23402045367738,0.026954853131233684,0.030943740897928687,0.0266,0.0297
50,250,842,3.735356174674405,1.8935248478196478,0.0025962186284448235,0.002233464076853219,0.0025,0.0024
50,250,844,354.44020035960926,274.1704648470967,0.24634980114675237,0.3233915228919474,0.2442,0.3151
50,250,846,26.636571921118907,13.581555133526411,0.018513459222010368,0.016019813805697614,0.0192,0.0163
50,250,848,59.8652076995124,40.4227204520953,0.04160866063561935,0.04767969859090749,0.0404,0.0512
50,250,854,1.5095469615729928,0.7889235090243084,0.0010491941755700709,0.0009305567438524616,0.0011,0.001
50,250,856,1.6120375236430737,0.8625203302380628,0.0011204291245396477,0.0010173661968896292,0.0011,0.001
50,250,858,19.01686982362832,10.099153623460666,0.013217468263282179,0.011912226475714998,0.0138,0.012
50,250,860,142.75609514129366,83.08537728396199,0.09922106920959795,0.09800146308573839,0.0984,0.1015
50,250,862,11.536327388800473,5.805085685439607,0.008018198712537153,0.006847256510213553,0.0079,0.0067
50,250,864,0.8613940271849426,0.4047469154385791,0.0005987025373834905,0.0004774099990766617,0.0006,0.0005
50,250,890,364.08643006783836,185.321345404015,0.25305430805095547,0.21859156911016064,0.2544,0.2155
51,255,802,23.14889816558734,11.53619110434543,0.016483225125771026,0.013721818824154082,0.0155,0.0139
51,255,806,22.918995003199186,11.152880402099926,0.01631952206069797,0.013265886709126023,0.0155,0.0139
51,255,808,5.852735794350975,3.4146368762348187,0.004167453716797572,0.004061568341072329,0.0045,0.0038
51,255,810,6.7190182691036515,3.169006765586102,0.004784292105895738,0.0037694015552075365,0.0045,0.0038
51,255,816,1.931278020258318,0.7759867957527794,0.0013751708682054906,0.0009230039728836191,0.0014,0.001
51,255,818,13.362143865946116,7.115819715909783,0.009514544663415168,0.008463971170716652,0.0096,0.0081
51,255,820,68.09307045350187,33.95601666217157,0.04848582432569447,0.04038926751592792,0.0478,0.0417
51,255,822,56.090216458001116,26.262120271043507,0.039939165078918204,0.031237698217539238,0.0382,0.0335
51,255,824,20.569213526198418,9.453639648037818,0.014646354862643226,0.011244710607329622,0.0138,0.0115
51,255,826,16.27580439946383,8.71606323964304,0.011589223214873908,0.010367394190375407,0.0113,0.0096
51,255,828,4.645454654786793,1.9350324360368152,0.0033078064596716765,0.0023016404865343365,0.0031,0.0024
51,255,830,39.52139728783053,16.594477440531577,0.02814130003598893,0.01973843973811377,0.0274,0.0206
51,255,832,6.002985620585009,2.7261102567245112,0.004274439444291298,0.0032425946050210147,0.0042,0.0034
51,255,834,64.8187183826388,36.44487014153546,0.04615431455192459,0.04334965506627221,0.0503,0.0431
51,255,836,49.377743493303626,25.492855288290485,0.03515953357178063,0.030322689561248267,0.0345,0.0302
51,255,838,10.347474425644222,5.735481398718815,0.0073679424921658885,0.006822116234957341,0.0079,0.0067
51,255,840,40.355532179777,25.09245900200917,0.028735247666276303,0.029846434855642118,0.0266,0.0297
51,255,842,3.890713600368231,2.00715420886426,0.0027703913903818203,0.0023874263313650636,0.0025,0.0024
51,255,844,346.2301664928737,279.13531861751795,0.24653397059386226,0.33201983521661116,0.2442,0.3151
51,255,846,26.999011398719865,13.605220479066555,0.019224706933133037,0.0161828430881403,0.0192,0.0163
51,255,848,55.00499814233648,42.925732983925464,0.03916643293072888,0.051058371482557145,0.0404,0.0512
51,255,854,1.622795709790155,0.8444827967001247,0.0011555153435929347,0.0010044771130801717,0.0011,0.001
51,255,856,1.5323325576323938,0.8298289042145166,0.0010911008521585245,0.0009870469183185396,0.0011,0.001
51,255,858,18.976071811995748,10.514826798727096,0.013511954713460441,0.012506948523516154,0.0138,0.012
51,255,860,140.0162935598628,83.74806953158797,0.09969891748256801,0.09961484051284825,0.0984,0.1015
51,255,862,12.074210204772184,5.505926233185846,0.0085974685964537,0.006549069926769399,0.0079,0.0067
51,255,864,0.845481758590263,0.4054469884255299,0.0006020271922615069,0.00048226230543965074,0.0006,0.0005
51,255,890,347.1685570792279,171.62314856112656,0.24720215372638712,0.20413858692923254,0.2544,0.2155
52,260,802,24.410976867332018,11.577295027861592,0.01734538704940932,0.013636536108372795,0.0155,0.0139
52,260,806,21.184853528976546,11.613844841061592,0.015053042983171054,0.013679586997743466,0.0155,0.0139
52,260,808,6.5152759104833855,3.271800779560707,0.004629473986854767,0.0038537524838496524,0.0045,0.0038
52,260,810,6.599224240822017,3.311037484877194,0.0046891240487834185,0.0038999681799629688,0.0045,0.0038
52,260,816,1.8558331173523614,0.8733509583175373,0.0013186749508032605,0.0010286929589094912,0.0014,0.001
52,260,818,12.863861997391734,6.464064614311782,0.009140505376232984,0.007613820871609846,0.0096,0.0081
52,260,820,62.78261165543349,36.41915765126256,0.04461061534139544,0.042896994259262175,0.0478,0.0417
52,260,822,54.614517357963436,28.695168892348917,0.03880671991288873,0.03379914788339364,0.0382,0.0335
52,260,824,20.642820418023938,9.735555913597903,0.01466789763834668,0.011467208828259573,0.0138,0.0115
52,260,826,15.053713924502011,8.686648771842718,0.0106965196833644,0.010231733695385064,0.0113,0.0096
52,260,828,4.369804910079778,1.8720867995994523,0.0031049948516061626,0.0022050728757718584,0.0031,0.0024
52,260,830,39.261462564936565,17.648792002116643,0.027897501522197363,0.020787963753781762,0.0274,0.0206
52,260,832,6.197460778734357,3.0100931773774313,0.004403648265077807,0.003545495230456752,0.0042,0.0034
52,260,834,72.34181805018468,34.68356327790992,0.051402975012344976,0.04085269157156575,0.0503,0.0431
52,260,836,47.33593605224719,24.286649200195356,0.03363487404189464,0.028606489510099285,0.0345,0.0302
52,260,838,11.555422140183227,5.414144483416878,0.008210784461027517,0.006377152570301095,0.0079,0.0067
52,260,840,36.223667243823996,24.763602458552516,0.02573897522036399,0.02916827793424682,0.0266,0.0297
52,260,842,3.441861338522251,1.9142131962722035,0.002445638182016409,0.00225469224955141,0.0025,0.0024
52,260,844,324.2033681304965,281.47457927961193,0.23036492695510083,0.3315401615574478,0.2442,0.3151
52,260,846,27.432022042112365,13.692605349227069,0.019492011419876096,0.01612809441351188,0.0192,0.0163
52,260,848,57.904069736893234,45.27303353159911,0.04114413391897061,0.05332569957001914,0.0404,0.0512
52,260,854,1.6433086878783978,0.8177838644104093,0.00116766425972297,0.0009632422054581599,0.0011,0.001
52,260,856,1.6562621951725829,0.8735089635356744,0.001176868463179722,0.0010288790683467349,0.0011,0.001
52,260,858,19.306428939414964,10.189102072590916,0.013718315506833294,0.0120014267573214,0.0138,0.012
52,260,860,133.7001340430446,83.23917649744892,0.09500154730137102,0.0980448397667152,0.0984,0.1015
52,260,862,11.06505527683993,5.879645211748967,0.00786235092282377,0.006925451415160613,0.0079,0.0067
52,260,864,0.8457493154498363,0.42057272631719333,0.0006009529771371957,0.000495379547192944,0.0006,0.0005
52,260,890,382.33938956982246,172.8898203573828,0.2716738757472054,0.20364154773630272,0.2544,0.2155
53,265,802,20.821448213098563,11.605895160953843,0.015033607774741265,0.013751762083921714,0.0155,0.0139
53,265,806,23.738888311878057,11.617583289987326,0.01714007269026821,0.013765611284474155,0.0155,0.0139
53,265,808,5.827023250165337,2.9871655881684314,0.004207256917997409,0.0035394762665074977,0.0045,0.0038
53,265,810,6.54433680838561,3.191094342065058,0.004725175295980533,0.003781110338396404,0.0045,0.0038
53,265,816,2.080952045613813,0.8648037060188487,0.0015024995635088906,0.0010247012099915936,0.0014,0.001
53,265,818,13.952198297560198,7.0697565160859215,0.01007383706715367,0.008376916063101727,0.0096,0.0081
53,265,820,66.61219873182834,34.152267727707006,0.04809567799983483,0.040466836371045194,0.0478,0.0417
53,265,822,53.99263760002957,25.91716480084351,0.03898403838653054,0.03070910768090193,0.0382,0.0335
53,265,824,20.757131844566224,10.934581374067365,0.0149871697437208,0.012956326027254746,0.0138,0.0115
53,265,826,15.581065752104735,8.225984032163169,0.011249920218433164,0.009746923761385234,0.0113,0.0096
53,265,828,4.380309231439205,2.0954972514072283,0.0031626931154629598,0.002482943301591547,0.0031,0.0024
53,265,830,39.80872829365501,17.427951160371745,0.028742900160112966,0.020650284587608016,0.0274,0.0206
53,265,832,5.653561269757013,2.8996700871192336,0.004082013018024684,0.0034358033229597977,0.0042,0.0034
53,265,834,72.87941646450831,38.0054343047581,0.05262076637350241,0.045032432501500914,0.0503,0.0431
53,265,836,47.367958878520085,24.091933452988677,0.0342008542144423,0.02854640097920254,0.0345,0.0302
53,265,838,11.276937402147182,5.372283440671116,0.008142231609880955,0.006365589443893423,0.0079,0.0067
53,265,840,36.453634593885575,23.80430908217172,0.02632043836909747,0.028205596425813193,0.0266,0.0297
53,265,842,3.617564758132974,2.017545683989432,0.002611972477461236,0.002390578913120695,0.0025,0.0024
53,265,844,322.5284287532497,274.23065083269387,0.23287361399912757,0.3249344073913104,0.2442,0.3151
53,265,846,27.822163043590223,13.980794607622833,0.02008829944783136,0.01656576752778488,0.0192,0.0163
53,265,848,59.12848253522745,40.62225732631248,0.04269224722759877,0.048133091874094064,0.0404,0.0512
53,265,854,1.448458149313118,0.8566604608262536,0.0010458231085579462,0.0010150523230314254,0.0011,0.001
53,265,856,1.5875190778641521,0.8359318564521593,0.0011462285863725202,0.000990491112393981,0.0011,0.001
53,265,858,18.86632954969962,10.379061691486688,0.013621963068868906,0.012298093775296568,0.0138,0.012
53,265,860,138.88933109181087,88.28005868587665,0.10028158014565564,0.10460256162636644,0.0984,0.1015
53,265,862,11.857227396706172,5.573617524455403,0.008561215538593393,0.006604149105271437,0.0079,0.0067
53,265,864,0.8515980060309305,0.37485265164159504,0.000614875116917505,0.000444160869145637,0.0006,0.0005
53,265,890,350.66791500939,176.54214157816872,0.2531910287643218,0.209183823832635,0.2544,0.2155
54,270,802,21.227855187039705,11.433381204546043,0.015057501380510598,0.013284597344690398,0.0155,0.0139
54,270,806,21.166115868927903,11.842638139896623,0.01501370798454529,0.013760118408791077,0.0155,0.0139
54,270,808,7.1056850860649154,3.1424262652598656,0.00504025781456335,0.0036512267781955822,0.0045,0.0038
54,270,810,6.225820936487419,3.3122613121304876,0.004416145979891819,0.003848560372897712,0.0045,0.0038
54,270,816,2.1284417438831387,0.8166321479000589,0.0015097622540982713,0.000948855729507943,0.0014,0.001
54,270,818,13.369512914049713,6.741124200139473,0.009483363127659029,0.007832601664133588,0.0096,0.0081
54,270,820,62.42840972665721,37.096226478687335,0.0442821875954822,0.04310259781951967,0.0478,0.0417
54,270,822,57.650802862833004,28.995150065062905,0.04089329967846406,0.03368984963171514,0.0382,0.0335
54,270,824,18.336423803914336,9.077825168967452,0.013006529595587027,0.010547645528278077,0.0138,0.0115
54,270,826,17.007883958161067,8.022525452040304,0.012064159752509023,0.009321478783153833,0.0113,0.0096
54,270,828,4.366503823548628,2.1059967382026237,0.003097281226566401,0.002446985557092167,0.0031,0.0024
54,270,830,38.7027332631793,17.14030900825917,0.02745291290170726,0.019915552491834673,0.0274,0.0206
54,270,832,5.913249651231258,2.8406759305589295,0.004194430572575204,0.0033006190600226226,0.0042,0.0034
54,270,834,74.21332408080829,34.63036619525667,0.052641551393345726,0.04023748203376981,0.0503,0.0431
54,270,836,49.11704509132811,24.863054383612226,0.03484007064080651,0.02888871282574735,0.0345,0.0302
54,270,838,11.51445080177109,5.661341661615329,0.008167516563300422,0.006577988003704128,0.0079,0.0067
54,270,840,36.91804510520028,24.91883185711097,0.026186984518186122,0.028953521412383148,0.0266,0.0297
54,270,842,3.459867768637234,1.8569219416001381,0.00245417934330201,0.002157582245650138,0.0025,0.0024
54,270,844,333.5313251833137,280.0922662582164,0.23658293996924662,0.32544292104270434,0.2442,0.3151
54,270,846,26.38003627221124,13.710297947227748,0.018712085092292063,0.015930177123127557,0.0192,0.0163
54,270,848,57.70611988761064,43.4935497442855,0.04093253756517545,0.05053573261550637,0.0404,0.0512
54,270,854,1.4043151034458232,0.851647271094129,0.0009961193169302082,0.0009895402658044322,0.0011,0.001
54,270,856,1.5555526179766177,0.8213652235224135,0.0011033962445221566,0.0009543551528823643,0.0011,0.001
54,270,858,18.922718750555404,9.712804374198182,0.013422404722426225,0.011285436293129662,0.0138,0.012
54,270,860,138.62143852022155,89.53508898618323,0.09832799797696758,0.10403200804059032,0.0984,0.1015
54,270,862,11.330521733951473,5.2780296250110625,0.008037050618050295,0.006132612661750497,0.0079,0.0067
54,270,864,0.843192809256431,0.45637428050828616,0.000598099844640304,0.0005302673326954892,0.0006,0.0005
54,270,890,368.6386436964573,182.20032356313834,0.26148552632664884,0.21170097378072178,0.2544,0.2155
55,275,802,22.219993088925193,11.628368491402313,0.015661979133115313,0.013559317708629469,0.0155,0.0139
55,275,806,21.883880568577084,11.433527219837686,0.01542506694061357,0.013332122061548669,0.0155,0.0139
55,275,808,5.872553669767203,3.106021166397615,0.004139326806534244,0.003621791641368449,0.0045,0.0038
55,275,810,6.123455820520255,3.068602273046609,0.004316177637847357,0.0035781591521136798,0.0045,0.0038
55,275,816,2.1350569361674467,0.8341886605120681,0.0015049157328016595,0.0009727098934972895,0.0014,0.001
55,275,818,12.950387616394375,6.844366617359689,0.009128207187193808,0.007980908202877725,0.0096,0.0081
55,275,820,67.70662612088658,34.12074861075195,0.04772367665620456,0.03978667095143542,0.0478,0.0417
55,275,822,53.08022249150261,26.709352131649286,0.03741411321398593,0.031144574719356694,0.0382,0.0335
55,275,824,18.855199536610783,9.859343216351183,0.013290271536596959,0.01149653686738342,0.0138,0.0115
55,275,826,16.011842140852984,8.542151723230738,0.011286103307465352,0.00996061908566456,0.0113,0.0096
55,275,828,4.195951056747494,1.9304468699810151,0.0029575570807493534,0.002251007305887783,0.0031,0.0024
55,275,830,38.014051805996345,16.968492361846007,0.02679457566741657,0.019786196072203763,0.0274,0.0206
55,275,832,5.846954384849052,2.7890327015634533,0.0041212829005525375,0.0032521656437201076,0.0042,0.0034
55,275,834,68.34620336179184,35.74167869825075,0.0481744889206812,0.04167676465255292,0.0503,0.0431
55,275,836,46.449479954672015,23.880617501320128,0.032740369579895345,0.027846114441425637,0.0345,0.0302
55,275,838,11.289558220475753,5.960814857834065,0.007957555367526648,0.006950638218891197,0.0079,0.0067
55,275,840,39.040189316603644,25.234156379476786,0.027517858713208724,0.029424415274726355,0.0266,0.0297
55,275,842,3.5523426633848656,1.9214239930648176,0.002503903419094189,0.002240486134767085,0.0025,0.0024
55,275,844,347.35924472764054,288.52746676911653,0.24483955601815885,0.3364389073567009,0.2442,0.3151
55,275,846,25.376174537488964,13.6284607354909,0.017886644450962295,0.01589153535414135,0.0192,0.0163
55,275,848,54.072929823043154,44.41489197836706,0.038113832671577835,0.05179020872742495,0.0404,0.0512
55,275,854,1.6199109356486283,0.8042688988576773,0.0011418100433289264,0.0009378218045673325,0.0011,0.001
55,275,856,1.4760377252363481,0.8272008289149281,0.0010403996058785862,0.0009645616972314008,0.0011,0.001
55,275,858,19.013116212662258,10.387033889999497,0.013401580647954058,0.012111853237961847,0.0138,0.012
55,275,860,135.87069361001028,83.35382231180098,0.09576978532826444,0.09719514476944986,0.0984,0.1015
55,275,862,10.422122200722642,5.595769900712947,0.007346134617469927,0.006524975706114966,0.0079,0.0067
55,275,864,0.8745598366261297,0.4606571047522952,0.0006164420419521264,0.0005371515395897574,0.0006,0.0005
55,275,890,379.06318049916734,179.01954391122672,0.2671863847729692,0.20874664177876764,0.2544,0.2155
56,280,802,21.752324823625692,11.885782227893852,0.015313574086405,0.014204890083124878,0.0155,0.0139
56,280,806,23.14786025430131,11.795998772974864,0.016296027014132665,0.014097588427755964,0.0155,0.0139
56,280,808,6.591702525825057,3.5125267854177675,0.004640539611431741,0.004197877425668828,0.0045,0.0038
56,280,810,6.285178566340348,3.1671891593238213,0.004424747625936514,0.0037851588577045357,0.0045,0.0038
56,280,816,2.142045364927442,0.7957504978005098,0.001507993773457696,0.0009510142570440753,0.0014,0.001
56,280,818,14.6321424180559,6.631689611187572,0.010300986160263674,0.00792563923737758,0.0096,0.0081
56,280,820,67.87390465607744,35.93595382402757,0.0477830335797268,0.042947638137319034,0.0478,0.0417
56,280,822,53.12574500142875,27.95232085263182,0.037400371618725996,0.033406269580477835,0.0382,0.0335
56,280,824,19.65681638930134,10.407004398183876,0.013838342178188039,0.012437578843053942,0.0138,0.0115
56,280,826,15.004648773255328,8.569460791818269,0.010563229562486478,0.010241500835658245,0.0113,0.0096
56,280,828,4.400083916350183,1.9330701198554894,0.0030976464164530837,0.0023102432847102545,0.0031,0.0024
56,280,830,40.50967678782518,17.43074925706111,0.02851869589741083,0.020831769631617966,0.0274,0.0206
56,280,832,6.211850621001842,2.8518153721401704,0.004373124963409636,0.003408250557001436,0.0042,0.0034
56,280,834,68.64353387696643,35.321298940932905,0.04832485033672671,0.04221305417086158,0.0503,0.0431
56,280,836,50.98222236806625,24.567636382287738,0.035891337852540665,0.02936117856791795,0.0345,0.0302
56,280,838,10.94909706478344,5.506256235780372,0.0077081328290340145,0.006580615654830222,0.0079,0.0067
56,280,840,39.11966261621838,24.443846724309587,0.027540129920180925,0.02921323555068173,0.0266,0.0297
56,280,842,3.902459131202649,1.9620271613658877,0.0027473199995584896,0.0023448503121570783,0.0025,0.0024
56,280,844,366.4442237644782,259.2991829473434,0.257975679135577,0.30989263657944216,0.2442,0.3151
56,280,846,26.48838275691371,14.256259718867582,0.018647745244061677,0.01703788597335584,0.0192,0.0163
56,280,848,58.114214646979164,44.676391415097015,0.040912239895534205,0.05339347610397634,0.0404,0.0512
56,280,854,1.4732109688287987,0.8645852762437174,0.0010371362830864511,0.0010332798112107431,0.0011,0.001
56,280,856,1.5596898225324298,0.8523921054190982,0.0010980171472623843,0.0010187075560568496,0.0011,0.001
56,280,858,19.136788548999107,10.156105392454428,0.013472244074926353,0.012137725393780064,0.0138,0.012
56,280,860,136.28460106697332,85.15069618838619,0.09594396701029875,0.1017649706738669,0.0984,0.1015
56,280,862,10.764551242083765,5.478954633292663,0.0075782131008595545,0.006547987069265114,0.0079,0.0067
56,280,864,0.8540279204310258,0.4124457313050628,0.0006012331986314565,0.000492920547096431,0.0006,0.0005
56,280,890,344.40970522287796,180.92137748817976,0.24246344148369292,0.21622205687698628,0.2544,0.2155
57,285,802,21.952460415629304,12.329314914864776,0.01533773853252887,0.014679759120231612,0.0155,0.0139
57,285,806,21.38679588277344,12.204585830386263,0.014942520204477982,0.014531251848897008,0.0155,0.0139
57,285,808,6.45875099522642,3.3395871259042553,0.004512598229807748,0.003976241576098857,0.0045,0.0038
57,285,810,6.553945373577409,3.294452708642364,0.0045791086098412575,0.0039225027935297,0.0045,0.0038
57,285,816,1.988054051308152,0.9707453705084617,0.0013890130149507005,0.001155806977479616,0.0014,0.001
57,285,818,14.197653898915926,6.859684306473499,0.009919612615352897,0.008167405403722582,0.0096,0.0081
57,285,820,66.18778117326497,34.98041346718204,0.04624405932015769,0.041649032989272965,0.0478,0.0417
57,285,822,54.75887060743105,28.339111083553462,0.03825891147560834,0.03374164154785995,0.0382,0.0335
57,285,824,18.886364025241566,8.94357375734115,0.013195519215835954,0.010648564769280435,0.0138,0.0115
57,285,826,16.077572452096263,7.8534096778031,0.011233073552542492,0.009350573258831364,0.0113,0.0096
57,285,828,4.455650000049202,2.1037560447976174,0.003113072220577232,0.0025048133005449247,0.0031,0.0024
57,285,830,35.925026855536636,17.269518021108507,0.025100087108778105,0.020561755979379346,0.0274,0.0206
57,285,832,6.014499969808327,2.7255395633550323,0.00420220905512465,0.0032451328025107826,0.0042,0.0034
57,285,834,68.80871485470456,33.65794115421525,0.048075252487389114,0.040074446312593784,0.0503,0.0431
57,285,836,49.819599561607376,25.10895937243624,0.03480794304620178,0.029895698008544906,0.0345,0.0302
57,285,838,11.523426087683779,6.0085027776723825,0.008051183921323986,0.007153955759790934,0.0079,0.0067
57,285,840,39.543213491329254,23.96915906914602,0.02762804067439152,0.02853860769063158,0.0266,0.0297
57,285,842,3.766446209977129,2.0798560238115766,0.0026315395209338087,0.0024763570113296527,0.0025,0.0024
57,285,844,347.0061218053551,256.92995121073363,0.24244613426785352,0.3059107355591295,0.2442,0.3151
57,285,846,26.194619621568144,13.593551963342055,0.018301649068394196,0.016185008639014186,0.0192,0.0163
57,285,848,57.783915021017805,43.97219051703724,0.040372448609325144,0.052354990462673175,0.0404,0.0512
57,285,854,1.6508454338575713,0.8451761001518525,0.0011534121981196961,0.0010062993483480197,0.0011,0.001
57,285,856,1.5145491087895533,0.8827288637049474,0.0010581847221439516,0.0010510111208240243,0.0011,0.001
57,285,858,19.533566804873523,10.162750048259948,0.013647706661961741,0.012100163207585201,0.0138,0.012
57,285,860,139.25587555246648,83.90646023014091,0.0972952538304751,0.09990227626717013,0.0984,0.1015
57,285,862,12.045521613416849,5.149189911050539,0.008415961468400021,0.006130824630605827,0.0079,0.0067
57,285,864,0.8783188203543153,0.4217745029222777,0.0006136635329132651,0.0005021810334724804,0.0006,0.0005
57,285,890,377.1028434702438,191.9834860195641,0.26347410283458905,0.22858296258064753,0.2544,0.2155
58,290,802,20.93797018842941,11.963263581314475,0.01444774848941855,0.013937257805638953,0.0155,0.0139
58,290,806,23.173569793729673,11.529843055550272,0.015990370841525568,0.013432320873941962,0.0155,0.0139
58,290,808,6.637849963563489,3.1539149512462696,0.004580290540152647,0.0036743256113854392,0.0045,0.0038
58,290,810,6.197479729886025,3.2802886717118924,0.004276423531023253,0.0038215515844667422,0.0045,0.0038
58,290,816,1.9752811436742108,0.7927227990459426,0.001362995787216599,0.0009235257539562687,0.0014,0.001
58,290,818,13.180141586019754,6.975466226531958,0.009094643319101195,0.008126450650602602,0.0096,0.0081
58,290,820,68.32860928360071,34.62015316330884,0.04714853219662854,0.04033263972060089,0.0478,0.0417
58,290,822,56.308545969168,28.17153683031566,0.038854373305821685,0.032819971650413234,0.0382,0.0335
58,290,824,19.03736267236782,9.367364382784437,0.01313627946343193,0.01091302314580298,0.0138,0.0115
58,290,826,16.786737897703894,8.736132878765886,0.01158328935045681,0.010177635502895164,0.0113,0.0096
58,290,828,4.502944377899238,2.0765926230578007,0.0031071497021082314,0.002419240080110696,0.0031,0.0024
58,290,830,38.686372236479976,16.72534920793107,0.026694611321471825,0.019485109745835918,0.0274,0.0206
58,290,832,5.695306610409384,2.8218186686567246,0.0039299109100264665,0.003287431895027461,0.0042,0.0034
58,290,834,76.00832021900675,35.9790158080788,0.05244773412822258,0.041915721032308506,0.0503,0.0431
58,290,836,48.9586290112939,26.759145552707537,0.03378273786695956,0.031174529232074633,0.0345,0.0302
58,290,838,11.34465809504649,6.061910319257415,0.007828111578182194,0.007062153762633282,0.0079,0.0067
58,290,840,40.86132584969893,24.716168261830916,0.02819538634871417,0.028794451170559187,0.0266,0.0297
58,290,842,3.830569061676131,2.085743131679079,0.0026431931021197105,0.0024299004652840756,0.0025,0.0024
58,290,844,361.10434683640585,295.5290328687933,0.24917146860831885,0.3442927000769932,0.2442,0.3151
58,290,846,29.064704241819364,13.605983124515774,0.020055408094772985,0.01585103372642681,0.0192,0.0163
58,290,848,56.90595012161862,40.56046155608973,0.03926659783682759,0.047253126672380574,0.0404,0.0512
58,290,854,1.4105058292671506,0.8459353363237541,0.0009732860100914667,0.0009855186077868405,0.0011,0.001
58,290,856,1.6030723861639342,0.8048527195542939,0.001106161984050752,0.0009376571678583124,0.0011,0.001
58,290,858,20.163219507494894,10.02458871571934,0.01391315020317525,0.011678692555491466,0.0138,0.012
58,290,860,146.40811438817914,84.63271674075263,0.10102543820887458,0.09859750928248637,0.0984,0.1015
58,290,862,11.094126929927503,5.589408586268182,0.007655238504535333,0.006511687042451016,0.0079,0.0067
58,290,864,0.8891425463990611,0.4380326482198066,0.000613531673128168,0.0005103100758443216,0.0006,0.0005
58,290,890,358.12542886817215,170.5182237882695,0.24711593709364346,0.19865452510874315,0.2544,0.2155
59,295,802,21.60211429104947,11.684797443062084,0.015246110281014942,0.014588550712645799,0.0155,0.0139
59,295,806,21.763310332308027,11.841312172600794,0.015359877507166006,0.014783960438854382,0.0155,0.0139
59,295,808,6.867245409280074,3.3855937981891135,0.004846691366689883,0.004226937356678538,0.0045,0.0038
59,295,810,6.798584601066932,2.957465808187526,0.0047982326723279645,0.0036924165894957287,0.0045,0.0038
59,295,816,1.6789752973041965,0.8978224348448346,0.0011849693135086194,0.0011209375417510527,0.0014,0.001
59,295,818,13.10046141735266,6.7618097984171595,0.009245904211510246,0.008442166467510743,0.0096,0.0081
59,295,820,61.583382228514274,36.50066988354871,0.04346366398602229,0.04557133970327091,0.0478,0.0417
59,295,822,57.214939011949156,28.153479535021305,0.040380550632451204,0.035149814614712074,0.0382,0.0335
59,295,824,19.854682460094228,9.381809871210262,0.014012826443870443,0.011713254743993652,0.0138,0.0115
59,295,826,16.756852489634284,8.638235061977433,0.011826472982115333,0.010784896433462568,0.0113,0.0096
59,295,828,4.503176398119447,2.0210010280027833,0.0031782039042835422,0.002523233811368624,0.0031,0.0024
59,295,830,40.0379564616549,16.20073893280513,0.028257562728190248,0.0202267350080505,0.0274,0.0206
59,295,832,5.79860344132001,2.824671040072679,0.004092476613683479,0.0035266213997667225,0.0042,0.0034
59,295,834,71.0766340034694,37.7725717296541,0.050163710173000184,0.04715931798649169,0.0503,0.0431
59,295,836,47.36415374143654,24.848265757329763,0.03342816826073769,0.031023232271548008,0.0345,0.0302
59,295,838,10.54899469938962,5.504456963517475,0.007445157190348461,0.006872352725765973,0.0079,0.0067
59,295,840,39.112087241596214,25.31055862306997,0.0276041126054557,0.031600408123231234,0.0266,0.0297
59,295,842,3.2846213532094115,2.209806507202078,0.0023181850955744736,0.0027589587626607615,0.0025,0.0024
59,295,844,349.2998477421852,247.1363065601838,0.24652512842345314,0.3085513941304925,0.2442,0.3151
59,295,846,27.516140685761385,13.575917922987067,0.019420048878125783,0.01694962775822947,0.0192,0.0163
59,295,848,61.60457298791298,37.18966972813518,0.04347861977462605,0.04643156079163243,0.0404,0.0512
59,295,854,1.7116959812747883,0.8832186877491078,0.0012080625695466442,0.0011027046621364246,0.0011,0.001
59,295,856,1.5153634778714389,0.8284115816985913,0.0010694971051524742,0.0010342776098124617,0.0011,0.001
59,295,858,19.435097623510313,10.049873092607971,0.01371669632416959,0.012547336312981465,0.0138,0.012
59,295,860,138.902151418817,86.4583234155757,0.09803288188688855,0.1079438168975161,0.0984,0.1015
59,295,862,11.90374767880366,5.028443478067355,0.00840130032751527,0.006278046585139153,0.0079,0.0067
59,295,864,0.8702660926443719,0.46049134346428505,0.0006142071393345762,0.0005749266386172496,0.0006,0.0005
59,295,890,355.18782395891355,162.45097824490983,0.2506806816032374,0.20282117392218404,0.2544,0.2155
60,300,802,21.18573722579804,11.475836850367564,0.01490954600405215,0.013836708324470278,0.0155,0.0139
60,300,806,21.355854362029582,11.198454261575764,0.015029266608612148,0.013502261083241358,0.0155,0.0139
60,300,808,6.642786160199925,3.113567171427528,0.004674886920148278,0.0037541071175396486,0.0045,0.0038
60,300,810,6.160254173926079,3.3158258494968815,0.004335303134552374,0.003997975549186875,0.0045,0.0038
60,300,816,2.0095333846135643,0.7770939324757256,0.0014142170331505166,0.0009369619161183721,0.0014,0.001
60,300,818,13.617364545434306,6.639768786640997,0.009583273925293088,0.00800573807737,0.0096,0.0081
60,300,820,70.07107477022632,31.515670037451518,0.0493127948159337,0.037999244817121705,0.0478,0.0417
60,300,822,55.171883289471964,26.797028944414183,0.03882743013695585,0.03230985925478461,0.0382,0.0335
60,300,824,19.630574957735128,9.65707929348493,0.013815094433529724,0.01164378608658528,0.0138,0.0115
60,300,826,15.336879553155043,8.385076082343017,0.01079338938358603,0.010110099467487301,0.0113,0.0096
60,300,828,4.412937260028368,2.0445165019306906,0.0031056219753009037,0.0024651255390473028,0.0031,0.0024
60,300,830,39.433474635259735,17.38792158257241,0.027751463067242015,0.020965059232182278,0.0274,0.0206
60,300,832,6.002367405797894,2.966008484708799,0.004224189699709437,0.0035761918565011,0.0042,0.0034
60,300,834,72.2807401759713,34.6663151767457,0.0508678555470939,0.04179805778342205,0.0503,0.0431
60,300,836,48.77321657905812,24.939475216092447,0.03432434324095955,0.030070159486397182,0.0345,0.0302
60,300,838,11.714329841900511,5.95705345865316,0.008244005758354137,0.007182570844758968,0.0079,0.0067
60,300,840,36.96986095038213,24.59983264083118,0.02601768523457037,0.02966064379619185,0.0266,0.0297
60,300,842,3.5090130280804948,2.06052875415004,0.002469481737330183,0.0024844319187445614,0.0025,0.0024
60,300,844,350.92230764686553,258.5708069795849,0.2469629559710541,0.31176539750866417,0.2442,0.3151
60,300,846,27.50774384856652,13.399886312551521,0.019358683061473498,0.016156583690181896,0.0192,0.0163
60,300,848,59.19598194580166,42.04386491424802,0.041659405413621356,0.050693357115236995,0.0404,0.0512
60,300,854,1.3887162597380145,0.8406314329209962,0.0009773145366839707,0.0010135706961829781,0.0011,0.001
60,300,856,1.527322303549182,0.8762473452258552,0.001074859085859527,0.001056513707372307,0.0011,0.001
60,300,858,19.67014529918601,9.891374770622415,0.013842942217157456,0.011926282101574386,0.0138,0.012
60,300,860,140.41539925218925,84.68353320170694,0.09881789019258473,0.10210508950901331,0.0984,0.1015
60,300,862,11.896405356512561,5.68138063445145,0.008372142118792619,0.006850185110176147,0.0079,0.0067
60,300,864,0.8003836893995145,0.416999416262097,0.0005632731734000601,0.0005027868006077656,0.0006,0.0005
60,300,890,353.3489080671381,185.47444218213397,0.2486706855729983,0.22363125160983932,0.2544,0.2155
61,305,802,23.51837012140739,11.613616867018209,0.016343431853591404,0.013770902617274846,0.0155,0.0139
61,305,806,20.634085500929757,11.944430033377412,0.014339079132812085,0.014163165936325993,0.0155,0.0139
61,305,808,6.509945589683967,3.05575867906236,0.004523904146688415,0.0036233806981153106,0.0045,0.0038
61,305,810,6.545967410669584,3.2502968442468023,0.004548936501119508,0.003854055272519977,0.0045,0.0038
61,305,816,1.9712565915907667,0.8101299010129829,0.0013698694936891578,0.0009606154656156358,0.0014,0.001
61,305,818,12.321118960353264,6.503183361233113,0.00856221613355901,0.007711181262071067,0.0096,0.0081
61,305,820,76.75930945419661,34.18594765297097,0.05334172975071472,0.040536153499714095,0.0478,0.0417
61,305,822,56.203534162506486,27.567085644799853,0.039057070101971535,0.03268780572008678,0.0382,0.0335
61,305,824,20.531793045913236,9.805082719580886,0.014267993859510032,0.011626424466363541,0.0138,0.0115
61,305,826,16.04111892826554,8.089455259298726,0.011147325801324466,0.009592110871073213,0.0113,0.0096
61,305,828,4.5055877052095195,1.9414863813751173,0.0031310318376801052,0.0023021269081650473,0.0031,0.0024
61,305,830,40.889223874074986,16.72344032215607,0.028414819584963506,0.019829900601960132,0.0274,0.0206
61,305,832,6.120013811016607,2.8809163342942328,0.004252931990909692,0.0034160605384486293,0.0042,0.0034
61,305,834,68.8579728974795,37.094769165968145,0.047850917466514264,0.04398530273936891,0.0503,0.0431
61,305,836,48.23447490042169,25.565168370802393,0.033519195822641144,0.030314022587430583,0.0345,0.0302
61,305,838,10.691915092428715,5.487747472294699,0.007430046588918857,0.00650712322392717,0.0079,0.0067
61,305,840,37.01595742102854,24.069586247332452,0.025723201670993106,0.02854062881921257,0.0266,0.0297
61,305,842,3.3406707527150936,1.9573593464581924,0.0023215054661712147,0.002320948353620786,0.0025,0.0024
61,305,844,353.8472195256048,277.1384025969314,0.24589620322521943,0.328618207176084,0.2442,0.3151
61,305,846,26.631921265638095,13.132981713795068,0.018507106916349575,0.015572496865186938,0.0192,0.0163
61,305,848,63.06392323328012,45.89113681323731,0.04382450511930098,0.054415638408552375,0.0404,0.0512
61,305,854,1.5047928165748945,0.8324317861291195,0.0010457135730285857,0.000987060034231306,0.0011,0.001
61,305,856,1.5332770216642404,0.8934800479858109,0.001065507872649617,0.0010594483072911731,0.0011,0.001
61,305,858,19.58161445552635,9.530330077813224,0.013607693891418521,0.011300635186680431,0.0138,0.012
61,305,860,140.65745143244573,85.01931738242473,0.09774595179508352,0.10081206859729601,0.0984,0.1015
61,305,862,11.275394876393568,5.566871926876031,0.007835519503833896,0.006600945430321712,0.0079,0.0067
61,305,864,0.8524846714874104,0.39684300603052397,0.0005924103185196404,0.000470558522204467,0.0006,0.0005
61,305,890,359.3701092574116,172.39738090681047,0.2497341805808238,0.20442103189085709,0.2544,0.2155
62,310,802,21.71744841913752,11.560985622059471,0.015445855192213613,0.01416234907449081,0.0155,0.0139
62,310,806,21.696442002342025,11.73537261951933,0.015430915036000577,0.014375975283606266,0.0155,0.0139
62,310,808,6.32296916842738,3.138899586862001,0.0044970138423028995,0.0038451904631809056,0.0045,0.0038
62,310,810,6.391262299914524,3.2255593228367285,0.004545585193744153,0.003951349701821898,0.0045,0.0038
62,310,816,1.985356700692239,0.9006597171005282,0.001412022789784121,0.0011033191916242143,0.0014,0.001
62,310,818,12.886316123691032,7.1125667361418365,0.009164988859014579,0.008712981420948115,0.0096,0.0081
62,310,820,72.05905047128554,36.66398511265951,0.05124974340388421,0.044913831104213375,0.0478,0.0417
62,310,822,51.217406773365795,27.291098218952882,0.03642677689728001,0.03343192978854108,0.0382,0.0335
62,310,824,20.446038042609583,10.010946098507366,0.014541604371089381,0.012263531661387604,0.0138,0.0115
62,310,826,15.97172775816535,7.799639294929056,0.01135939127658708,0.009554653725987693,0.0113,0.0096
62,310,828,4.317734197900022,2.025483034267915,0.0030708532555078537,0.0024812415406024004,0.0031,0.0024
62,310,830,35.55561990943806,16.99431740385468,0.025287821377147666,0.020818247096237613,0.0274,0.0206
62,310,832,6.070206755708639,2.8012817219826767,0.0043172444905107315,0.0034316044409751713,0.0042,0.0034
62,310,834,74.71991273389676,35.19175534047276,0.053142198373801484,0.043110331590142305,0.0503,0.0431
62,310,836,47.54620731961548,24.43410286171988,0.03381575123487335,0.029932075461577085,0.0345,0.0302
62,310,838,11.216850589295149,5.3992790868013865,0.007977633770377772,0.006614183053041241,0.0079,0.0067
62,310,840,38.39325624770795,22.735030424237834,0.027306001373397004,0.02785069090241351,0.0266,0.0297
62,310,842,3.6546769705043296,2.1142506638497314,0.0025992745635340913,0.002589982974745697,0.0025,0.0024
62,310,844,365.47987868481687,256.2656230933566,0.25993612015944506,0.31392852899279733,0.2442,0.3151
62,310,846,27.742837073141025,13.44135094140621,0.019731224211187948,0.01646581963580191,0.0192,0.0163
62,310,848,58.30796112457236,43.45454134888864,0.04146971166694417,0.05323234571631836,0.0404,0.0512
62,310,854,1.5257302255159797,0.8308227792378948,0.001085127850697994,0.0010177680868449707,0.0011,0.001
62,310,856,1.6859058502096829,0.8109180495802913,0.0011990477484959852,0.0009933845490688782,0.0011,0.001
62,310,858,20.26954314051686,10.448975653842794,0.014416077898214884,0.012800123235013247,0.0138,0.012
62,310,860,132.04935749877873,81.99189770281083,0.09391597091828083,0.10044107955047285,0.0984,0.1015
62,310,862,10.688208865132728,5.4678943451911755,0.007601653896389463,0.006698237585493766,0.0079,0.0067
62,310,864,0.8128498294976517,0.4343902615586359,0.0005781139900566121,0.0005321333941471381,0.0006,0.0005
62,310,890,335.3065380044821,172.03673661662395,0.23847627635923643,0.21074711077850436,0.2544,0.2155
63,315,802,22.840840962245142,11.766279740415047,0.016224432077007817,0.013885303989663684,0.0155,0.0139
63,315,806,20.937909799902222,11.738665824865224,0.014872731522650492,0.013852717002084495,0.0155,0.0139
63,315,808,5.917618606767221,2.9138856057294524,0.004203435473406278,0.003438655914977553,0.0045,0.0038
63,315,810,6.240496455165317,3.3741688639128355,0.004432783846750514,0.003981832951579581,0.0045,0.0038
63,315,816,2.063337060257603,0.8469853603319656,0.0014656409561039163,0.0009995214683370538,0.0014,0.001
63,315,818,12.974701933392934,7.179772544520299,0.009216261808648565,0.008472799096801762,0.0096,0.0081
63,315,820,66.6457996321179,36.26315659282889,0.04734021182216944,0.04279389611881219,0.0478,0.0417
63,315,822,52.428414357736074,28.872007612531178,0.037241240331665024,0.03407165317639627,0.0382,0.0335
63,315,824,18.929506479696766,8.796226120605077,0.013446111403637702,0.010380364596202712,0.0138,0.0115
63,315,826,17.787858809363875,8.353239063561414,0.012635169936385809,0.009857598684951245,0.0113,0.0096
63,315,828,4.202169041641967,2.0726391341271393,0.0029849078807965036,0.002445906868878632,0.0031,0.0024
63,315,830,39.5764670410614,17.744104364343848,0.0281121742591269,0.02093969279660705,0.0274,0.0206
63,315,832,5.95782745204168,2.883930928196971,0.004231996842058539,0.0034033066106411783,0.0042,0.0034
63,315,834,71.89095564548883,32.484588076634694,0.05106597995885546,0.038334833981022304,0.0503,0.0431
63,315,836,49.57358501415674,25.240354210231914,0.03521338221326591,0.029785964531512592,0.0345,0.0302
63,315,838,10.876800254035203,6.331710819773007,0.007726068721745935,0.007472007418386401,0.0079,0.0067
63,315,840,37.460698685311726,24.044754676556366,0.026609290016148094,0.028375045928416425,0.0266,0.0297
63,315,842,3.346535486406874,1.9291085742953606,0.0023771295366161356,0.002276527464424616,0.0025,0.0024
63,315,844,357.3503815066562,280.25201139879573,0.25383509311373786,0.33072342812153005,0.2442,0.3151
63,315,846,26.903845158647368,13.698081192487887,0.019110487617698645,0.01616500930021913,0.0192,0.0163
63,315,848,55.40913244361282,41.59319225230956,0.039358520435534824,0.049083833723595496,0.0404,0.0512
63,315,854,1.5621088928133604,0.8328109261104831,0.0011096058008649183,0.0009827943181766894,0.0011,0.001
63,315,856,1.5661823971743116,0.7887203754564572,0.0011124993149403803,0.000930763369362853,0.0011,0.001
63,315,858,19.951512761377707,10.435714038530751,0.014172068540102866,0.01231511276044921,0.0138,0.012
63,315,860,140.3546390548225,84.4524982546951,0.09969748100790074,0.09966179938125616,0.0984,0.1015
63,315,862,10.883457808038548,5.737736194085961,0.007730797752209604,0.006771062139014655,0.0079,0.0067
63,315,864,0.8304401521482331,0.38825898027936445,0.0005898828272050047,0.000458181692670316,0.0006,0.0005
63,315,890,343.34204596621487,176.37626196492127,0.2438846149827661,0.2081403865940298,0.2544,0.2155
64,320,802,22.380259579369554,10.742342325144207,0.015821038625161057,0.012733709101554453,0.0155,0.0139
64,320,806,21.776858093838506,11.301438447270279,0.01539448243732013,0.013396447931082956,0.0155,0.0139
64,320,808,6.53386454113235,3.1336683709252395,0.004618915294982344,0.003714573623548007,0.0045,0.0038
64,320,810,6.813071661401182,3.2247354731785034,0.004816292211837461,0.0038225223328439573,0.0045,0.0038
64,320,816,1.8959797550221806,0.9112630110810306,0.0013403047820044235,0.0010801888216643353,0.0014,0.001
64,320,818,13.497655164818875,6.996810626544545,0.009541753658145892,0.008293847697307222,0.0096,0.0081
64,320,820,66.86094207446952,36.72677169273036,0.04726529392223594,0.04353501432176292,0.0478,0.0417
64,320,822,55.69545470714422,28.47598151768141,0.0393721948149298,0.033754730025560654,0.0382,0.0335
64,320,824,20.291833242996987,10.576874359869343,0.014344689630352628,0.012537567434154375,0.0138,0.0115
64,320,826,16.63851529869926,8.056904776090946,0.011762088472320997,0.00955045729994362,0.0113,0.0096
64,320,828,4.377859963183143,1.9609111564789259,0.003094793933351589,0.0023244159872051156,0.0031,0.0024
64,320,830,38.35407944827635,16.745282772285172,0.02711324103421188,0.019849447466075632,0.0274,0.0206
64,320,832,6.044643710358421,3.0280694514446855,0.004273075621744481,0.0035893992545506202,0.0042,0.0034
64,320,834,69.82626855328773,36.15345251180336,0.04936154059851856,0.04285541582719829,0.0503,0.0431
64,320,836,48.49376023587799,25.535380477627044,0.034281177617723486,0.030269013680426574,0.0345,0.0302
64,320,838,11.270424315351192,5.7488014343534415,0.00796728106672606,0.006814488212343673,0.0079,0.0067
64,320,840,37.59195094214995,24.793298211161563,0.026574477643644373,0.02938936756372485,0.0266,0.0297
64,320,842,3.392558263444296,1.9036834104420008,0.00239826509311531,0.002256579620748412,0.0025,0.0024
64,320,844,356.4588201582668,263.02815978674084,0.25198763857064,0.3117871289953124,0.2442,0.3151
64,320,846,25.687543959554294,14.252471087277144,0.018159021959881994,0.016894529638932013,0.0192,0.0163
64,320,848,62.86651425105054,39.54530359131656,0.04444155558910308,0.04687603290074093,0.0404,0.0512
64,320,854,1.5824774693701822,0.8594117268407785,0.0011186839490204899,0.0010187255811463021,0.0011,0.001
64,320,856,1.5871623128729626,0.8757075332409183,0.001121995755559081,0.0010380422303456977,0.0011,0.001
64,320,858,19.823615583595686,10.48152505915292,0.014013697505435588,0.012424542711834956,0.0138,0.012
64,320,860,132.63183871564638,84.0368749699868,0.0937600136318653,0.099615250313404,0.0984,0.1015
64,320,862,10.738482786218167,5.107574932590731,0.0075912413050381,0.006054394045306956,0.0079,0.0067
64,320,864,0.8356852421251698,0.4288345770114795,0.0005907620707995303,0.0005083299890351452,0.0006,0.0005
64,320,890,350.6403978050155,188.98302076239375,0.2478744832043302,0.2240158373922461,0.2544,0.2155
65,325,802,23.568432682864078,11.595518742940296,0.016774982517981766,0.013573478996390661,0.0155,0.0139
65,325,806,20.974359457657442,10.621609796141358,0.014928634328912546,0.012433440941446317,0.0155,0.0139
65,325,808,6.632491514749142,3.296453118477322,0.004720718204205115,0.0038587611436944236,0.0045,0.0038
65,325,810,6.5324929619793695,3.175604667571944,0.004649543595477058,0.003717298398777627,0.0045,0.0038
65,325,816,1.8316527588483913,0.8314011682035076,0.0013036905517707495,0.0009732213404471986,0.0014,0.001
65,325,818,12.44307693151621,6.577161065228718,0.008856439492807252,0.007699091308796662,0.0096,0.0081
65,325,820,65.81832517650385,36.83420483877926,0.0468466133940867,0.04311737291031653,0.0478,0.0417
65,325,822,55.377230113837435,29.372645486834926,0.039415097285161876,0.03438302290932148,0.0382,0.0335
65,325,824,18.586471781747523,8.627045744214275,0.0132290400216756,0.010098644726980183,0.0138,0.0115
65,325,826,16.099597964997642,8.447379783030112,0.011458991696368959,0.009888331397791324,0.0113,0.0096
65,325,828,4.270617905816738,2.1664995383638512,0.0030396395753181627,0.0025360604067477042,0.0031,0.0024
65,325,830,39.09271668702222,17.388247982519033,0.02782449082759797,0.02035433032424271,0.0274,0.0206
65,325,832,5.920328117733372,2.734875512914824,0.004213831357055028,0.0032013897916290603,0.0042,0.0034
65,325,834,70.00850853697793,35.17527426797369,0.049829003167938604,0.04117546243968674,0.0503,0.0431
65,325,836,51.087060542650235,25.272772335781532,0.03636154168711958,0.029583794574878024,0.0345,0.0302
65,325,838,10.421272679475448,6.227019213147074,0.007417407401062598,0.007289222360252977,0.0079,0.0067
65,325,840,37.60228349299419,25.50670584917928,0.026763665480810352,0.029857632399735098,0.0266,0.0297
65,325,842,3.6566987035939826,1.9341351029402627,0.0026026786613992767,0.0022640593127345107,0.0025,0.0024
65,325,844,353.9183568893473,268.3820913537518,0.25190365135854936,0.31416263133682093,0.2442,0.3151
65,325,846,26.795445751445335,13.571300090082008,0.01907182968381422,0.015886288557689178,0.0192,0.0163
65,325,848,60.17279398594936,43.548865025388494,0.04282837050536341,0.050977417901087695,0.0404,0.0512
65,325,854,1.5073931418242126,0.8524038552389909,0.0010728966979722775,0.0009978066597989062,0.0011,0.001
65,325,856,1.5186403423453185,0.9245256315276743,0.001080901964790676,0.001082230947951848,0.0011,0.001
65,325,858,20.0805782474986,10.097126032172017,0.014292479843077082,0.011819490887808565,0.0138,0.012
65,325,860,140.41912732478818,85.12703639321671,0.09994421087560114,0.0996479817870844,0.0984,0.1015
65,325,862,12.116993185831172,5.692356730794081,0.008624347303781818,0.0066633573053760786,0.0079,0.0067
65,325,864,0.8430857035261027,0.41044274378651807,0.000600071635144984,0.00048045594901902365,0.0006,0.0005
65,325,890,337.6790639687492,189.88687452042086,0.24034523088515558,0.2222777229834945,0.2544,0.2155
66,330,802,21.550404285239985,11.59257874807545,0.015272818518255822,0.014008224075951673,0.0155,0.0139
66,330,806,21.732624277029863,11.795738433715112,0.01540195822385805,0.01425371789242566,0.0155,0.0139
66,330,808,6.398786223389203,3.100684514596863,0.004534833752231418,0.003746800812245266,0.0045,0.0038
66,330,810,6.775526153340615,3.0031569594326846,0.004801830162255576,0.0036289506016916944,0.0045,0.0038
66,330,816,2.070594394146705,0.7776035040251539,0.001467434763086085,0.0009396394334123395,0.0014,0.001
66,330,818,14.019306874192718,6.655959765496843,0.00993551335776703,0.008042919341917563,0.0096,0.0081
66,330,820,67.20248185403366,35.9351276578193,0.04762654545817522,0.043423239243661066,0.0478,0.0417
66,330,822,60.78196097003028,29.624344658844496,0.04307630830456337,0.03579742411956526,0.0382,0.0335
66,330,824,19.243214336800474,9.48163785318056,0.0136377079698289,0.011457408273066854,0.0138,0.0115
66,330,826,15.655913986900806,7.842138793249368,0.011095380387973834,0.009476272694614039,0.0113,0.0096
66,330,828,4.186167007548471,2.0694537015209584,0.0029667456882554667,0.0025006835662449898,0.0031,0.0024
66,330,830,39.10026943716201,17.617466595479016,0.027710446227576655,0.02128856961709528,0.0274,0.0206
66,330,832,5.93598222662844,2.848408064420953,0.004206843550354243,0.0034419553486130694,0.0042,0.0034
66,330,834,72.02880430851971,36.143312721745716,0.05104697070785065,0.04367480561971279,0.0503,0.0431
66,330,836,49.069354128714984,24.587450576843764,0.034775558290995906,0.02971094910129421,0.0345,0.0302
66,330,838,10.607199470666728,5.883663014570513,0.007517345399101784,0.007109692475384393,0.0079,0.0067
66,330,840,36.31051338670942,23.510788719061054,0.025733340030179203,0.028409933953102574,0.0266,0.0297
66,330,842,3.8826533250066095,1.9428097323331184,0.002751644879476475,0.002347649704081603,0.0025,0.0024
66,330,844,324.70063957622654,262.91232685605786,0.23011605143787575,0.31769762940285656,0.2442,0.3151
66,330,846,26.501062934313374,13.274945825134667,0.018781361100211818,0.01604116044891889,0.0192,0.0163
66,330,848,54.27374073867917,40.09306477718345,0.03846391843221441,0.04844760147811556,0.0404,0.0512
66,330,854,1.4938354951440207,0.8600368765348181,0.001058684473455083,0.0010392501566643577,0.0011,0.001
66,330,856,1.5418194933739071,0.8187415614136275,0.0010926908376534242,0.0009893497815989126,0.0011,0.001
66,330,858,18.794493321823538,10.32258062160791,0.013319698407856824,0.012473585518111417,0.0138,0.012
66,330,860,143.36221564315068,82.92157165535566,0.10160111489845831,0.1002006526521242,0.0984,0.1015
66,330,862,11.010035768542474,5.515730870797365,0.007802836361989945,0.006665091146661466,0.0079,0.0067
66,330,864,0.875836751532747,0.43352899686634716,0.0006207074160061123,0.0005238671622165646,0.0006,0.0005
66,330,890,371.9245093795734,175.9903530313958,0.2635837109624927,0.21266297637865206,0.2544,0.2155
67,335,802,22.148026226916397,11.743373170169939,0.015955395466004187,0.013408651426168362,0.0155,0.0139
67,335,806,22.4424571681442,12.09948471111006,0.01616750294937931,0.013815261643872333,0.0155,0.0139
67,335,808,6.198723133881152,2.925377782689157,0.004465548215088626,0.0033402132768440822,0.0045,0.0038
67,335,810,6.353244262645473,2.982800162409992,0.004576864938846694,0.003405778482222513,0.0045,0.0038
67,335,816,2.0094364759363508,0.8688502487995874,0.0014475941697420544,0.0009920582407520254,0.0014,0.001
67,335,818,13.539534725185764,6.876597410719666,0.009753854756750132,0.007851738707635534,0.0096,0.0081
67,335,820,65.48588865305919,36.909056916612414,0.047175908146274016,0.04214297472216857,0.0478,0.0417
67,335,822,54.81369352255743,29.181716502353478,0.03948767931482264,0.03331985273117745,0.0382,0.0335
67,335,824,21.023975995747396,9.70455109513849,0.015145631842907206,0.011080712585434208,0.0138,0.0115
67,335,826,16.550463953124172,7.5709299131228756,0.011922922377481252,0.008644531575891897,0.0113,0.0096
67,335,828,4.347824385224802,2.059667138847704,0.003132164318944669,0.0023517398551972206,0.0031,0.0024
67,335,830,38.54171961743249,17.27757769311771,0.027765380631915772,0.019727638168225304,0.0274,0.0206
67,335,832,5.830439093581191,2.790696523413919,0.0042002371012855155,0.0031864334358145613,0.0042,0.0034
67,335,834,66.68329088720537,39.128085964177856,0.048038514411136615,0.04467667492671694,0.0503,0.0431
67,335,836,48.04491379171722,25.36356860628745,0.03461146342446132,0.028960269373820288,0.0345,0.0302
67,335,838,10.850881920789202,5.5784678295217365,0.007816954451259525,0.006369526841585375,0.0079,0.0067
67,335,840,35.73848657368232,23.808567146248286,0.02574593694252514,0.027184759710394826,0.0266,0.0297
67,335,842,3.456079496129516,1.99921218388907,0.002489753017164109,0.002282712037867517,0.0025,0.0024
67,335,844,331.89470822287615,288.08540645641756,0.239096309012604,0.32893758379001053,0.2442,0.3151
67,335,846,29.13178480341716,13.5916413227371,0.02098648170301385,0.015519014695796335,0.0192,0.0163
67,335,848,56.12214451234502,40.12955904800072,0.04043028488951598,0.04582016268777873,0.0404,0.0512
67,335,854,1.5872470427661027,0.8869546489480382,0.0011434497146658282,0.0010127299495832737,0.0011,0.001
67,335,856,1.5247657414961868,0.8783140226082488,0.001098438305487501,0.0010028640324387598,0.0011,0.001
67,335,858,19.929121822972633,9.962206877945814,0.014356901004084356,0.011374905448893214,0.0138,0.012
67,335,860,140.40383959777705,89.78285602210413,0.10114665581375588,0.10251458443850457,0.0984,0.1015
67,335,862,12.724162072967198,5.5752666497542,0.009166461867423434,0.006365871716006599,0.0079,0.0067
67,335,864,0.8388258216247578,0.4280784489651038,0.0006042885074270695,0.0004887824496464346,0.0006,0.0005
67,335,890,349.9057414806604,187.6168222153465,0.25207142270603367,0.21422197304955246,0.2544,0.2155
68,340,802,22.30393446914142,11.971471320378566,0.01564402466317465,0.014534350094765133,0.0155,0.0139
68,340,806,22.640952087796823,12.15083334354148,0.015880409501260684,0.014752110332298972,0.0155,0.0139
68,340,808,6.378093182560674,3.235930735535247,0.004473607434152681,0.003928685867761229,0.0045,0.0038
68,340,810,6.549318108968993,3.46512297236029,0.00459370494319926,0.004206944080128742,0.0045,0.0038
68,340,816,2.007005445704354,0.8125849532383074,0.0014077176712998737,0.0009865449180001412,0.0014,0.001
68,340,818,14.535096096913833,6.898682220539938,0.010194945745394614,0.008375567204941396,0.0096,0.0081
68,340,820,70.19146455877491,34.43139789917424,0.04923243494196359,0.04180254689888312,0.0478,0.0417
68,340,822,54.46789957448477,28.71712270662165,0.03820389471971762,0.03486494717001667,0.0382,0.0335
68,340,824,18.89347279397811,9.469719303149242,0.013251919959276614,0.011497017531740955,0.0138,0.0115
68,340,826,15.810295771872342,8.249305248472524,0.01108937337174565,0.010015334565917975,0.0113,0.0096
68,340,828,4.456155607377186,1.9811814018839926,0.0031255565389686265,0.0024053170513137026,0.0031,0.0024
68,340,830,38.39233074197631,17.202543770597792,0.026928458287716443,0.020885301980950066,0.0274,0.0206
68,340,832,5.900055690925125,2.9071387436401004,0.004138310972471651,0.0035295053668294414,0.0042,0.0034
68,340,834,67.91443778455294,35.00842913136836,0.04763532376573044,0.042503110239835745,0.0503,0.0431
68,340,836,50.02090445956086,25.06689588086371,0.03508476336864865,0.030433271798539316,0.0345,0.0302
68,340,838,10.430832961980494,5.9252869799910926,0.007316207296988148,0.007193785381463105,0.0079,0.0067
68,340,840,37.960680501763335,24.78512111252194,0.02662569793782841,0.030091174071255018,0.0266,0.0297
68,340,842,3.6920757303980345,1.851130106377701,0.002589629370753743,0.002247424089907316,0.0025,0.0024
68,340,844,339.02907534592316,266.66517832282585,0.237795677869434,0.32375344317363014,0.2442,0.3151
68,340,846,27.59561316775293,13.838256199011795,0.01935561878506417,0.01680078036482579,0.0192,0.0163
68,340,848,60.54572684027338,43.177875430245194,0.04246689503367849,0.0524214894774936,0.0404,0.0512
68,340,854,1.599589948821022,0.8114321523936818,0.0011219556193076295,0.0009851453230283178,0.0011,0.001
68,340,856,1.660167079869501,0.8634403682203247,0.0011644445413163413,0.0010482875714954536,0.0011,0.001
68,340,858,19.425127193717934,9.819857676214443,0.0136248234285422,0.011922114293830529,0.0138,0.012
68,340,860,137.63227711810487,83.75851809083319,0.09653555701858212,0.10168972491113919,0.0984,0.1015
68,340,862,11.784394976928557,5.6958723323587055,0.008265598426803416,0.006915257144095967,0.0079,0.0067
68,340,864,0.8627762489063373,0.4258256204519586,0.0006051530027299092,0.0005169873010040033,0.0006,0.0005
68,340,890,373.03613160823227,164.48131251842406,0.2616482957842503,0.19969383179490865,0.2544,0.2155
69,345,802,23.07773882571805,12.093052555550578,0.016574217003966614,0.014339638991807895,0.0155,0.0139
69,345,806,21.713065704029987,11.888371732424488,0.015594121482947355,0.014096933595573834,0.0155,0.0139
69,345,808,6.18401994167768,3.1440684081677905,0.0044413055041597534,0.0037281576121143043,0.0045,0.0038
69,345,810,6.549415891514282,3.157957917703115,0.004703729470853289,0.003744627444821548,0.0045,0.0038
69,345,816,2.0024157475708164,0.8282989562936329,0.0014381163329317687,0.0009821761673474508,0.0014,0.001
69,345,818,12.99039637531732,6.416693226656769,0.009329581642206295,0.007608754197401055,0.0096,0.0081
69,345,820,70.84373300753714,33.798260857729595,0.05087930897846354,0.04007713164434588,0.0478,0.0417
69,345,822,54.29960157602373,29.290280624771757,0.03899746792987387,0.03473168153355882,0.0382,0.0335
69,345,824,20.506098750260293,9.694622481563663,0.014727289062341997,0.011495640650604818,0.0138,0.0115
69,345,826,16.21233840381593,8.076473448079852,0.011643550387490197,0.009576880034249896,0.0113,0.0096
69,345,828,4.239107142664496,1.8640047355624916,0.0030444872531137208,0.0022102901533093957,0.0031,0.0024
69,345,830,39.737454283814486,17.922373836026484,0.028539069423524924,0.021251902239264035,0.0274,0.0206
69,345,832,5.709495321166489,2.8242912898164922,0.004100506342964954,0.0033489739102380103,0.0042,0.0034
69,345,834,72.01796425261583,35.97974068610193,0.05172263091809323,0.042663875815271715,0.0503,0.0431
69,345,836,50.300674563004954,25.080314527720095,0.03612547580805754,0.029739609124863103,0.0345,0.0302
69,345,838,11.86105988695048,5.620740198379393,0.00851850269855215,0.006664933021771162,0.0079,0.0067
69,345,840,37.833762834965206,24.87254370880705,0.027171855962097695,0.02949323968897755,0.0266,0.0297
69,345,842,3.4172327099289723,1.866995749267692,0.002454224693118453,0.00221383682248619,0.0025,0.0024
69,345,844,332.1565358086749,271.20778561388363,0.23855172923803522,0.32159140296514327,0.2442,0.3151
69,345,846,26.906136492472502,12.93482182409181,0.019323736538157523,0.015337787918212678,0.0192,0.0163
69,345,848,51.02154789178325,40.86250451951197,0.03664320031624152,0.048453734937418586,0.0404,0.0512
69,345,854,1.4774255186254155,0.8787305373722085,0.0010610732419593387,0.0010419766737233976,0.0011,0.001
69,345,856,1.6617445201074166,0.7836401422947462,0.001193449431480674,0.0009292208636634029,0.0011,0.001
69,345,858,19.488840969998762,10.19929275465483,0.013996704002585675,0.012094066026892697,0.0138,0.012
69,345,860,141.95344075558958,86.46476743409983,0.10194963853741659,0.10252775672810013,0.0984,0.1015
69,345,862,11.03960244855617,5.591430036179595,0.007928539620007509,0.006630177765163637,0.0079,0.0067
69,345,864,0.7397280218907571,0.4577740661024104,0.0005312657731037867,0.0005428170280056891,0.0006,0.0005
69,345,890,346.4472992709257,179.53050318768416,0.24881522240625434,0.2128827764456696,0.2544,0.2155
70,350,802,21.65295919494291,10.769826349180263,0.015070164932099193,0.013002071545019896,0.0155,0.0139
70,350,806,22.313958431417916,12.22493290779054,0.015530211405377381,0.014758775782142396,0.0155,0.0139
70,350,808,6.5696124953276,3.144220572303756,0.004572360893179419,0.0037959182914335935,0.0045,0.0038
70,350,810,6.629715569483446,3.1792962428016076,0.004614191814870083,0.0038382640417285664,0.0045,0.0038
70,350,816,2.061983851539671,0.7925783067310388,0.0014351126998514584,0.0009568547825222882,0.0014,0.001
70,350,818,13.810733125049277,6.689816535451399,0.009612082309576766,0.008076404428156518,0.0096,0.0081
70,350,820,66.95471900676341,35.01666862292404,0.04659957326525326,0.04227451919298268,0.0478,0.0417
70,350,822,54.482965472210324,27.25482050127351,0.03791940252895489,0.03290388485522849,0.0382,0.0335
70,350,824,18.884962085850276,9.230066577138901,0.013143676612879428,0.011143168154274963,0.0138,0.0115
70,350,826,16.00308626305894,8.267574855142612,0.011137930258661121,0.009981182266560286,0.0113,0.0096
70,350,828,4.302878616021777,1.9594813855061939,0.002994744960374543,0.002365620051749992,0.0031,0.0024
70,350,830,41.14329495589939,16.086484960701643,0.02863517338453302,0.019420705737084536,0.0274,0.0206
70,350,832,6.103624802229369,2.778070609592409,0.004248039800247286,0.0033538769941064864,0.0042,0.0034
70,350,834,76.93195664279548,35.91803829946785,0.053543594883179155,0.043362714363727115,0.0503,0.0431
70,350,836,48.58959177195545,25.537997663338224,0.03381769463444782,0.03083121881167081,0.0345,0.0302
70,350,838,11.208520623732682,5.925567231081172,0.00780097782126413,0.007153750356356213,0.0079,0.0067
70,350,840,38.55349810229848,24.41660054905603,0.02683271001807027,0.029477391457584858,0.0266,0.0297
70,350,842,3.2890013675050462,2.1217721682826,0.002289100192909292,0.002561548593245624,0.0025,0.0024
70,350,844,348.1863591858282,252.39473472863565,0.2423329676464297,0.30470819975456886,0.2442,0.3151
70,350,846,26.36805476497068,13.752648714569432,0.018351807282744936,0.016603138873633544,0.0192,0.0163
70,350,848,57.73987372070039,43.58836622500639,0.04018616634777384,0.052622859256333206,0.0404,0.0512
70,350,854,1.5244944017656443,0.9197811697630283,0.001061027357315478,0.0011104227855940536,0.0011,0.001
70,350,856,1.5220075091946341,0.8521408558539383,0.0010592965139293099,0.0010287627687785984,0.0011,0.001
70,350,858,18.70410488269986,10.17483607780336,0.013017802460709433,0.012283758563341957,0.0138,0.012
70,350,860,137.97212939549541,83.43124359599486,0.09602672444460447,0.1007239079957566,0.0984,0.1015
70,350,862,10.824516558138393,5.86162261121401,0.007533716217388105,0.007076552034352142,0.0079,0.0067
70,350,864,0.7695044145780914,0.42890042701544484,0.0005355646006287524,0.0005177979529975296,0.0006,0.0005
70,350,890,373.71159543635764,185.5981000951784,0.26009818471274715,0.22406673030906848,0.2544,0.2155
71,355,802,20.572090922103534,11.532141748717201,0.014293698886550367,0.01355066577572548,0.0155,0.0139
71,355,806,23.41738652391424,12.163747518423792,0.01627063933122879,0.014292824420130443,0.0155,0.0139
71,355,808,5.816849623846158,3.364062432156926,0.004041606529274424,0.0039528898152768055,0.0045,0.0038
71,355,810,6.427139670154079,3.230069926988367,0.004465642286670947,0.0037954439831361033,0.0045,0.0038
71,355,816,1.9703899681613484,0.8780882049558361,0.0013690470745351946,0.0010317840385795501,0.0014,0.001
71,355,818,14.410200040287489,6.845499828649613,0.010012354167145786,0.008043699276947874,0.0096,0.0081
71,355,820,74.68615793490488,36.62726721659116,0.05189270534323094,0.04303830694635913,0.0478,0.0417
71,355,822,54.033938032096465,28.63381619185219,0.037543332022486275,0.03364572527410238,0.0382,0.0335
71,355,824,19.65338167915577,9.293594170363397,0.013655370321276691,0.0109202948768674,0.0138,0.0115
71,355,826,15.618735925765685,7.734712508295202,0.010852057243805606,0.009088554958396203,0.0113,0.0096
71,355,828,4.2530039756356395,1.8996542860703685,0.0029550306004977257,0.0022321595485788556,0.0031,0.0024
71,355,830,39.12032987640743,16.923347103970848,0.027181204755180585,0.01988551870150311,0.0274,0.0206
71,355,832,5.703407049982033,2.892940424885315,0.003962785470303368,0.0033993051473779185,0.0042,0.0034
71,355,834,71.22511705606895,37.6443088020158,0.049487938791136395,0.044233366017293316,0.0503,0.0431
71,355,836,48.76626095894194,25.88717530247424,0.033883296190428194,0.030418327145559428,0.0345,0.0302
71,355,838,11.960237543747112,5.624187550788032,0.008310095201759658,0.006608615070934436,0.0079,0.0067
71,355,840,39.83736901414919,24.691440025835224,0.02767941087159145,0.029013296801410012,0.0266,0.0297
71,355,842,3.1001612586963634,2.003609927031496,0.002154023706163152,0.0023543110254562755,0.0025,0.0024
71,355,844,362.9060565868327,271.0324500669192,0.25215083467204447,0.31847251146053274,0.2442,0.3151
71,355,846,25.813658612291757,13.898317636491747,0.017935593652654236,0.01633100435640413,0.0192,0.0163
71,355,848,55.73643508881217,44.568837628222205,0.03872624436601408,0.052369927102205165,0.0404,0.0512
71,355,854,1.4984710907907286,0.8774191689044457,0.001041153018575773,0.001030997898058401,0.0011,0.001
71,355,856,1.4829056621167909,0.8877874711961671,0.001030337999754993,0.001043181012182231,0.0011,0.001
71,355,858,19.09226450481192,9.803169512078702,0.013265500377549895,0.011519063543919494,0.0138,0.012
71,355,860,137.22102155132742,88.35855994034229,0.09534256728625018,0.10382436673648851,0.0984,0.1015
71,355,862,10.920465106732552,6.076327573943558,0.0075876506927646,0.007139895250376458,0.0079,0.0067
71,355,864,0.8707001095212283,0.45041635896034343,0.0006049713290257171,0.0005292548143426814,0.0006,0.0005
71,355,890,363.1278051119033,177.21580776599976,0.2523049078121009,0.20823470900185578,0.2544,0.2155
72,360,802,22.863888049168697,11.593481258665598,0.016057807735282956,0.013551518443828332,0.0155,0.0139
72,360,806,21.58876340423725,11.245000972767484,0.01516225985896388,0.013144182897559255,0.0155,0.0139
72,360,808,6.269657329502502,3.1634864354731795,0.004403317220008836,0.0036977715166505434,0.0045,0.0038
72,360,810,6.332889611193226,3.3266536226095598,0.004447726631910668,0.003888496208964468,0.0045,0.0038
72,360,816,1.9575207622321176,0.768573243051101,0.0013748095673907382,0.0008983785151552269,0.0014,0.001
72,360,818,12.934130592146005,7.013141353803006,0.00908392228937954,0.008197599347840367,0.0096,0.0081
72,360,820,66.53513793348246,33.001591272555714,0.04672907994820413,0.03857527025986652,0.0478,0.0417
72,360,822,54.52908041991077,30.287441122831435,0.038296963643353124,0.03540272398211962,0.0382,0.0335
72,360,824,21.117377777391557,9.58019108342328,0.014831195442063922,0.011198201236179272,0.0138,0.0115
72,360,826,14.70393073727432,8.244769533231448,0.010326891569111455,0.009637238712158823,0.0113,0.0096
72,360,828,4.7824084913135465,1.90515075452279,0.003358789891725775,0.0022269139883149,0.0031,0.0024
72,360,830,37.471291903186476,16.37943871849515,0.02631690636693398,0.019145782094341448,0.0274,0.0206
72,360,832,5.8233186025723045,2.9199786475227976,0.004089843787736819,0.003413137401495623,0.0042,0.0034
72,360,834,72.03461867646114,36.56009006567481,0.05059148533720592,0.04273476825286579,0.0503,0.0431
72,360,836,47.60660170971737,24.466473844881232,0.03343515571546149,0.028598646443364642,0.0345,0.0302
72,360,838,10.263479390399993,5.514953485134779,0.007208265645443207,0.006446380703362724,0.0079,0.0067
72,360,840,36.517728020634614,23.629709620904844,0.025647197634263534,0.027620560089373598,0.0266,0.0297
72,360,842,3.6759691712188025,1.8516592134226408,0.002581713401732876,0.002164388195618625,0.0025,0.0024
72,360,844,358.68205852115597,281.2512207667685,0.2519102403511657,0.3287520823584602,0.2442,0.3151
72,360,846,25.6282710496024,13.92295769803616,0.017999294267765475,0.016274422999265306,0.0192,0.0163
72,360,848,59.34020279350846,41.14552466862443,0.04167591992148093,0.048094642496712435,0.0404,0.0512
72,360,854,1.6089405563935935,0.8013033874312931,0.0011299940787195587,0.0009366364935261162,0.0011,0.001
72,360,856,1.3997087266133632,0.7521515906573978,0.0009830459967709792,0.0008791833898666024,0.0011,0.001
72,360,858,19.62938860434005,9.537300408228992,0.013786148160444095,0.011148066702556836,0.0138,0.012
72,360,860,143.25232372330916,86.57943877257625,0.10060923439769243,0.10120194574911635,0.0984,0.1015
72,360,862,9.691825378853219,6.234382096446908,0.006806780552934845,0.007287314490004845,0.0079,0.0067
72,360,864,0.8963189981330937,0.3989229672128286,0.0006295044005879819,0.00046629755353342424,0.0006,0.0005
72,360,890,356.7118304827057,183.43661578271332,0.2505265061862651,0.21441744947789823,0.2544,0.2155
73,365,802,22.355170289406004,11.999362705638934,0.01622464458375306,0.014205792056839008,0.0155,0.0139
73,365,806,22.602349059840606,12.166157670541718,0.01640403877521001,0.014403257092746558,0.0155,0.0139
73,365,808,6.625437547046058,3.4181682750659435,0.004808523845761822,0.0040466972223493014,0.0045,0.0038
73,365,810,6.03909763951076,3.5253741901982876,0.004382977697739899,0.004173616040872683,0.0045,0.0038
73,365,816,1.9556678229296,0.8995089724323349,0.0014193591433276425,0.00106490967304703,0.0014,0.001
73,365,818,14.846821337275623,7.121298150553773,0.010775332787777156,0.008430754464483239,0.0096,0.0081
73,365,820,61.26172198087635,33.616762461015725,0.044461735377584605,0.03979817502482208,0.0478,0.0417
73,365,822,53.16505331788302,26.164753437592587,0.03858544055769091,0.030975898943219116,0.0382,0.0335
73,365,824,20.839536677684745,9.616721351524092,0.015124647744050129,0.011385033283818947,0.0138,0.0115
73,365,826,14.496452731521568,7.756460288226792,0.010521046820456275,0.009182709503388765,0.0113,0.0096
73,365,828,4.2253775270877165,1.7346862291066445,0.0030666395165714114,0.002053658386621711,0.0031,0.0024
73,365,830,37.38320722588048,17.063723435410036,0.027131497670949568,0.020201381755460334,0.0274,0.0206
73,365,832,5.652493077766943,2.9021965728826045,0.004102392869820983,0.003435849222481338,0.0042,0.0034
73,365,834,73.51195784410284,35.318696169388986,0.05335255214949639,0.041813058393945814,0.0503,0.0431
73,365,836,47.94984985606651,24.70891314397643,0.034800418054863905,0.029252360369844743,0.0345,0.0302
73,365,838,10.807973604484218,5.588362846444135,0.007844070437989056,0.00661594473658534,0.0079,0.0067
73,365,840,38.991914601289295,24.667491937269347,0.028299044375688344,0.02920332267812236,0.0266,0.0297
73,365,842,3.319418700985878,2.0333802037355,0.002409124509048423,0.0024072758741749663,0.0025,0.0024
73,365,844,322.91960585713315,270.147186260468,0.23436438937083218,0.3198215477687754,0.2442,0.3151
73,365,846,27.06032517242909,13.42657462734642,0.019639490666349735,0.015895438105398767,0.0192,0.0163
73,365,848,59.6055464145163,44.21118877984024,0.04325973782692306,0.05234069256835771,0.0404,0.0512
73,365,854,1.629148531860586,0.8150103752110129,0.001182382221266606,0.0009648735685748651,0.0011,0.001
73,365,856,1.5163269281070295,0.8216806842803069,0.0011005000258472342,0.0009727704065918298,0.0011,0.001
73,365,858,19.588078291846337,9.83522960366634,0.014216380562063704,0.011643720588201987,0.0138,0.012
73,365,860,135.8685755290855,86.67603917260348,0.0986089266832775,0.10261393200638931,0.0984,0.1015
73,365,862,10.566623794231315,5.678879462904124,0.00766890671340024,0.0067231054469216464,0.0079,0.0067
73,365,864,0.9036515115522483,0.42887726000287185,0.0006558404347943805,0.0005077387293780668,0.0006,0.0005
73,365,890,352.16531362314623,182.3383203277076,0.25558995857746586,0.21586648608858688,0.2544,0.2155
74,370,802,21.20328010945466,11.368070911716444,0.015036011221948708,0.013460328025265778,0.0155,0.0139
74,370,806,21.07811993790815,11.572883258188774,0.014947255626861548,0.013702835429428838,0.0155,0.0139
74,370,808,6.219023599718008,3.291418717667572,0.004410134099639965,0.003897193811717335,0.0045,0.0038
74,370,810,6.1983285707201805,2.97410433720452,0.004395458507625731,0.0035214787338174757,0.0045,0.0038
74,370,816,1.7294566514577765,0.9002952454909544,0.0012264201333451977,0.001065991707652509,0.0014,0.001
74,370,818,14.192766417959673,6.251804375434059,0.010064602930740938,0.007402428986997621,0.0096,0.0081
74,370,820,63.757094514297236,34.02969049146536,0.04521245692398079,0.040292746251371796,0.0478,0.0417
74,370,822,52.97735572689503,27.022905847368612,0.037568155073495826,0.03199638529053952,0.0382,0.0335
74,370,824,19.465662389346157,9.70927622285408,0.013803803780263387,0.011496237476213698,0.0138,0.0115
74,370,826,17.304974737796076,7.066190521082663,0.012271582180203196,0.008366700299588066,0.0113,0.0096
74,370,828,4.377243380079929,1.991128599199636,0.0031040612699699544,0.0023575894532899583,0.0031,0.0024
74,370,830,37.69901499923885,18.13784698563879,0.02673373221779066,0.02147605974617498,0.0274,0.0206
74,370,832,6.244896279459958,2.8733855458406525,0.004428481350675355,0.003402222970848166,0.0042,0.0034
74,370,834,75.41375095206176,35.98029537426955,0.05347861273118887,0.04260235372779677,0.0503,0.0431
74,370,836,49.61984522699079,25.62101739463337,0.03518722319438247,0.03033648374917945,0.0345,0.0302
74,370,838,10.603927089927966,4.976106510975639,0.0075196274301817705,0.005891943008321692,0.0079,0.0067
74,370,840,39.64484159201385,25.10771907777227,0.028113588086028946,0.029728714517845194,0.0266,0.0297
74,370,842,3.814586221083303,2.008728501184633,0.002705060770372223,0.002378428560977651,0.0025,0.0024
74,370,844,337.76596715954315,269.5154083183264,0.23952203840096656,0.31911885772010623,0.2442,0.3151
74,370,846,27.462532947022225,14.129738124427917,0.019474673326153713,0.016730271260877172,0.0192,0.0163
74,370,848,57.08645970949414,41.07741729380058,0.04048206901867662,0.048637584643795764,0.0404,0.0512
74,370,854,1.6420601764937246,0.8727224559047311,0.0011644441385210628,0.001033344234278668,0.0011,0.001
74,370,856,1.6075629310933384,0.8696563377122386,0.0011399808966882467,0.0010297138068336169,0.0011,0.001
74,370,858,20.106245537680582,10.019871380583162,0.014258064411506604,0.011863996679913228,0.0138,0.012
74,370,860,138.57237873526958,86.24694284413293,0.09826667529551533,0.1021204169884171,0.0984,0.1015
74,370,862,12.23184033206689,5.882553167099017,0.00867403946694231,0.006965218274070693,0.0079,0.0067
74,370,864,0.859585933181785,0.4516060174008272,0.0006095634105115347,0.0005347226613561999,0.0006,0.0005
74,370,890,361.28775072474207,184.61242522890737,0.2562021841058226,0.21858975198332464,0.2544,0.2155
75,375,802,23.28316749668585,12.427965390842084,0.016402691598132305,0.014592820373086977,0.0155,0.0139
75,375,806,22.365804327306545,11.457248664284451,0.01575642106157598,0.0134530123370713,0.0155,0.0139
75,375,808,6.316071805940658,3.21413709005674,0.004449591231916782,0.003774014791209235,0.0045,0.0038
75,375,810,6.397316573491595,2.9635652842603393,0.004506827124167682,0.00347979532426082,0.0045,0.0038
75,375,816,1.9829946030686945,0.8165941453905906,0.0013969941555214266,0.0009588384990338259,0.0014,0.001
75,375,818,13.750777108164863,6.561206111009803,0.009687245353193066,0.0077041172225439485,0.0096,0.0081
75,375,820,66.5164758755912,34.9498404062783,0.046860000476190836,0.041037830978568494,0.0478,0.0417
75,375,822,51.97601894506029,30.302648031381615,0.03661643585976256,0.035581133809455136,0.0382,0.0335
75,375,824,19.083857753871285,9.50424951465704,0.013444331974330087,0.011159815914082761,0.0138,0.0115
75,375,826,16.568363265080368,7.223469341789032,0.011672198508283767,0.008481741561084749,0.0113,0.0096
75,375,828,4.454533178538408,1.8595670084630125,0.0031381612468154886,0.0021834891289780754,0.0031,0.0024
75,375,830,37.36268976750309,17.704817091762422,0.02632153368394916,0.020788858629171257,0.0274,0.0206
75,375,832,6.368702974872638,2.7162745299303754,0.004486669212503545,0.003189428442444308,0.0042,0.0034
75,375,834,68.24998410203872,35.92507572026183,0.04808123469293954,0.04218294470482167,0.0503,0.0431
75,375,836,46.69292582742614,25.129815004774915,0.03289456480827856,0.029507233472327737,0.0345,0.0302
75,375,838,11.086439445463693,5.375006676485731,0.0078102537883298845,0.006311291065543019,0.0079,0.0067
75,375,840,38.36253298995455,25.79386615588054,0.027025910355494752,0.03028695717302026,0.0266,0.0297
75,375,842,3.3578112925058172,1.9360355967355076,0.0023655348046411075,0.0022732779510218144,0.0025,0.0024
75,375,844,345.12010047960433,275.91011549528184,0.24313266540255576,0.32397151327016355,0.2442,0.3151
75,375,846,28.94133745243875,13.586694828269586,0.020388799450822163,0.01595339147299104,0.0192,0.0163
75,375,848,59.09448149492171,43.0390759080481,0.041631301035424395,0.05053614843605913,0.0404,0.0512
75,375,854,1.5093405036516827,0.8517630984564256,0.0010633109434741734,0.0010001336103943254,0.0011,0.001
75,375,856,1.5055506088885748,0.8445375449844029,0.0010606410114300266,0.0009916494216637179,0.0011,0.001
75,375,858,19.66669222633744,10.059238872823801,0.013854931352871826,0.011811480105123257,0.0138,0.012
75,375,860,143.20233629661902,85.07691077657613,0.10088420137594316,0.09989664742505384,0.0984,0.1015
75,375,862,11.544580282848298,5.505554251080372,0.008133008107096839,0.006464579013030027,0.0079,0.0067
75,375,864,0.8232199015470518,0.43440467038051944,0.0005799478169988324,0.0005100745878134001,0.0006,0.0005
75,375,890,363.8882621711436,180.47963204624307,0.25635459356735635,0.21191778127998187,0.2544,0.2155
76,380,802,20.67088661888807,11.743469145330462,0.014553053537070948,0.014053052871673681,0.0155,0.0139
76,380,806,22.15758581901904,11.084013242388387,0.015599743669523061,0.013263902020601088,0.0155,0.0139
76,380,808,6.477964171941015,3.1536308635689365,0.004560721615072952,0.0037738542772174227,0.0045,0.0038
76,380,810,6.279307390641133,2.9255985618643074,0.004420860039366874,0.003500974947213067,0.0045,0.0038
76,380,816,2.054827944543888,0.8149018914462415,0.0014466733642228868,0.000975168344549575,0.0014,0.001
76,380,818,13.898022663975976,6.5855055376571405,0.009784711784130897,0.007880674472091129,0.0096,0.0081
76,380,820,72.92254395602113,33.32999493114576,0.05134011452037424,0.039884992686871554,0.0478,0.0417
76,380,822,54.99670837841075,25.097778697153526,0.038719676429474006,0.03003374953583521,0.0382,0.0335
76,380,824,19.10608808348286,9.96956079042226,0.0134513786413423,0.011930270617765257,0.0138,0.0115
76,380,826,16.205524384743114,8.030017662803118,0.011409276646700587,0.009609278261757654,0.0113,0.0096
76,380,828,4.066524977371682,2.0088862050100973,0.00286298100302336,0.002403973110740299,0.0031,0.0024
76,380,830,40.07279975422931,17.14790814219553,0.028212703739119695,0.020520380883931398,0.0274,0.0206
76,380,832,5.862843104302473,2.817359160079253,0.00412765408419384,0.0033714481423771617,0.0042,0.0034
76,380,834,74.22867896242285,36.77078059232875,0.05225968091465933,0.04400247638937082,0.0503,0.0431
76,380,836,49.81730199651164,24.650657649645495,0.03507318657368091,0.029498693357553608,0.0345,0.0302
76,380,838,11.19179790786066,5.179904833394294,0.00787943145023821,0.006198634798037752,0.0079,0.0067
76,380,840,36.02653297381481,24.841488392544694,0.02536398524115081,0.029727054711963904,0.0266,0.0297
76,380,842,3.4434442531001888,1.9891529759824953,0.002424309585322567,0.0023803589548701824,0.0025,0.0024
76,380,844,339.0842506486953,270.54212382066487,0.23872760487975117,0.32374954308782355,0.2442,0.3151
76,380,846,26.44311583739458,13.9375128856563,0.01861691216074566,0.01667859838160707,0.0192,0.0163
76,380,848,59.708964387951525,42.06871012169072,0.04203727548807308,0.05034234775660895,0.0404,0.0512
76,380,854,1.5035047558679446,0.8170133951082108,0.0010585218529230165,0.0009776951168545191,0.0011,0.001
76,380,856,1.4899550006553157,0.832533897851708,0.0010489823340499647,0.0009962680311228764,0.0011,0.001
76,380,858,18.63754874303781,10.101972706855534,0.013121509960262597,0.012088723936750331,0.0138,0.012
76,380,860,136.20386528276796,84.03097489250135,0.09589245879781944,0.10055731559461382,0.0984,0.1015
76,380,862,11.398404006524826,5.494425031057086,0.00802488963354601,0.00657501156645818,0.0079,0.0067
76,380,864,0.8900379973909541,0.42113394691906114,0.0006266190156653631,0.0005039582042469482,0.0006,0.0005
76,380,890,365.5423742331657,179.26551710157534,0.25735508303849647,0.21452159993949296,0.2544,0.2155
77,385,802,22.691108341778992,10.837813448150147,0.01568857233397635,0.012977234450862317,0.0155,0.0139
77,385,806,23.208491720125394,11.980852048265293,0.016046289834299576,0.014345912733713878,0.0155,0.0139
77,385,808,6.130695042450613,3.2179973287789307,0.004238746348672009,0.0038532408771938015,0.0045,0.0038
77,385,810,6.715419743144119,3.2411072823666935,0.004643023461280143,0.0038809128137234097,0.0045,0.0038
77,385,816,2.0526066012481783,0.7997648754974449,0.0014191667789795902,0.0009576411648482978,0.0014,0.001
77,385,818,14.427479445571679,6.127077614768706,0.009975121156248584,0.007336583443319498,0.0096,0.0081
77,385,820,70.29867233735789,34.95701599722061,0.048604316251776136,0.04185764909765142,0.0478,0.0417
77,385,822,57.42450392590145,29.292020498717797,0.039703150239050085,0.035074364342025856,0.0382,0.0335
77,385,824,19.458850941688315,9.69842037209333,0.013453798110542484,0.011612921330838806,0.0138,0.0115
77,385,826,16.137697852739176,7.735429057445114,0.011157561642786825,0.0092624288964498,0.0113,0.0096
77,385,828,4.306456802086784,2.0990875537960774,0.0029774728508209177,0.0025134545311027,0.0031,0.0024
77,385,830,38.50989873761874,16.09760176618151,0.026625642203948398,0.01927532275913176,0.0274,0.0206
77,385,832,6.010552431932615,2.795892200238011,0.00415568006530171,0.003347810769710095,0.0042,0.0034
77,385,834,74.26462315481004,38.09273066624654,0.05134636416479194,0.04561236443997015,0.0503,0.0431
77,385,836,48.36241819234639,24.80078360829426,0.03343764811433424,0.02969654211061106,0.0345,0.0302
77,385,838,10.711472753341683,5.7207864049254775,0.007405883950798801,0.006850088975529962,0.0079,0.0067
77,385,840,37.54465655905362,22.890026719279334,0.025958276312863123,0.027408595354009583,0.0266,0.0297
77,385,842,3.5345304515033513,1.9144315925800077,0.0024437650122605243,0.002292346859069529,0.0025,0.0024
77,385,844,352.11971230664284,266.86277148602096,0.24345463842197695,0.3195423844808932,0.2442,0.3151
77,385,846,27.315193595071243,13.853674485503138,0.018885652656455712,0.016588436649552202,0.0192,0.0163
77,385,848,50.82615885066781,44.302265777867696,0.0351410718937301,0.05304768276869849,0.0404,0.0512
77,385,854,1.6034267681721246,0.7894718933074596,0.001108605029591521,0.0009453163131873026,0.0011,0.001
77,385,856,1.5405939856703494,0.8460991090866874,0.001065162609839414,0.0010131219327416824,0.0011,0.001
77,385,858,19.682646800380468,10.329595398853687,0.013608529975740608,0.012368692441034147,0.0138,0.012
77,385,860,135.11960994766568,84.26452995227741,0.0934213411911473,0.10089863294971751,0.0984,0.1015
77,385,862,10.87710053092181,5.4503463398504595,0.007520398558456694,0.0065262631276155935,0.0079,0.0067
77,385,864,0.9097175409094392,0.4226820096161979,0.0006289763033640288,0.0005061208668329025,0.0006,0.0005
77,385,890,384.5619915245531,175.72017675527394,0.26588514452696604,0.2104079335199648,0.2544,0.2155
78,390,802,21.9306676086881,11.76343032456217,0.015614918044796885,0.01404336302775212,0.0155,0.0139
78,390,806,21.35944032912913,11.967742709899321,0.01520819685808153,0.01428727427805847,0.0155,0.0139
78,390,808,6.924249811551875,3.365840965450837,0.0049301551260687165,0.004018192420692989,0.0045,0.0038
78,390,810,6.122050711730124,3.0796243809384274,0.004358979025877219,0.0036765026847935534,0.0045,0.0038
78,390,816,2.050353891978371,0.9107182793875894,0.001459878402123473,0.0010872294101785076,0.0014,0.001
78,390,818,13.374874529891036,6.871686084216503,0.009523083080286725,0.008203523940793734,0.0096,0.0081
78,390,820,68.35107644308513,36.80078519030415,0.048666847538631194,0.043933340180089035,0.0478,0.0417
78,390,822,53.00366076645496,27.53296860002009,0.0377392897339125,0.03286927899546796,0.0382,0.0335
78,390,824,18.390536508803144,9.856293648581266,0.013094299065981993,0.011766594096803643,0.0138,0.0115
78,390,826,14.839847580495489,8.248702707723615,0.010566162777229568,0.009847427445605761,0.0113,0.0096
78,390,828,4.3082924241041045,2.014538684752354,0.003067559743997653,0.0024049870915931627,0.0031,0.0024
78,390,830,37.91829151324292,17.336685850108264,0.026998312360698103,0.020696800709807017,0.0274,0.0206
78,390,832,5.663425322958324,2.8706462331473457,0.004032431836949067,0.0034270213759129632,0.0042,0.0034
78,390,834,68.05525507508362,34.80816508820024,0.04845621891119199,0.04155451982767766,0.0503,0.0431
78,390,836,49.35030510730025,25.68330742959985,0.03513805340932401,0.030661125202070528,0.0345,0.0302
78,390,838,10.515885519553734,5.225574196013753,0.00748744604980681,0.006238370393527739,0.0079,0.0067
78,390,840,40.594477171154324,25.72311654116648,0.02890379104773964,0.030708649928287094,0.0266,0.0297
78,390,842,3.520278835957599,2.0414155450892246,0.002506483910983827,0.0024370730985097647,0.0025,0.0024
78,390,844,347.1027005194476,273.1509437408401,0.2471415972576986,0.3260917741244398,0.2442,0.3151
78,390,846,25.89565570203837,13.987061132968968,0.018438040679774597,0.016697967494354666,0.0192,0.0163
78,390,848,53.50583441047459,39.5656462164242,0.038096843841956024,0.04723407355800636,0.0404,0.0512
78,390,854,1.4997524316387127,0.818265263607684,0.0010678430645789285,0.0009768575859924336,0.0011,0.001
78,390,856,1.5267436130124743,0.7829072123296176,0.0010870611336593501,0.0009346466036215032,0.0011,0.001
78,390,858,18.8243731317452,9.748621360115415,0.013403196334088319,0.011638053272126206,0.0138,0.012
78,390,860,145.8813767220605,83.99607547049364,0.10386942077744532,0.10027579950685098,0.0984,0.1015
78,390,862,11.451058933346973,5.466636841561314,0.008153301575712885,0.0065261546665204674,0.0079,0.0067
78,390,864,0.7766239771994603,0.42949203511647455,0.0005529662831964837,0.0005127341600412976,0.0006,0.0005
78,390,890,351.7318651207446,173.6036269725939,0.2504376221282088,0.20725066492042457,0.2544,0.2155
79,395,802,22.223478232477454,11.556054287407076,0.015180291588251524,0.013871505388296491,0.0155,0.0139
79,395,806,22.234890374570483,11.237988679593979,0.01518808693166296,0.013489709951646537,0.0155,0.0139
79,395,808,6.2904830975966295,3.362107416578925,0.004296868683360877,0.004035762552269092,0.0045,0.0038
79,395,810,6.594810947090249,3.2518702546202927,0.004504747281184835,0.003903437508783787,0.0045,0.0038
79,395,816,1.8916291039759683,0.7627163228477525,0.0012921236304591275,0.0009155394496245665,0.0014,0.001
79,395,818,13.124982903658578,7.035159847814582,0.008965341315347384,0.008444773216653326,0.0096,0.0081
79,395,820,71.48235976578411,33.53991108646527,0.04882777814118673,0.04026020004647104,0.0478,0.0417
79,395,822,53.2615622283583,28.982095315102992,0.03638161572254249,0.034789148729222466,0.0382,0.0335
79,395,824,18.52306537004579,10.479505727347224,0.012652633871443842,0.012579252100086665,0.0138,0.0115
79,395,826,16.056293050898713,8.153039028053248,0.010967644568925216,0.009786638414452122,0.0113,0.0096
79,395,828,4.401715807664301,1.8569657833027335,0.0030066998851381505,0.002229040313269921,0.0031,0.0024
79,395,830,41.111642362302135,17.1854942699449,0.028082315117514682,0.020628898968210744,0.0274,0.0206
79,395,832,6.104993843543484,2.859478808314039,0.004170165701336262,0.0034324237936881343,0.0042,0.0034
79,395,834,71.62874060043514,36.80594538851399,0.04892776715864336,0.044180639609358856,0.0503,0.0431
79,395,836,49.71505687701199,25.098301719897915,0.03395908830403723,0.030127171341176914,0.0345,0.0302
79,395,838,10.563165571873357,5.754248384487688,0.007215429187033309,0.006907209457989422,0.0079,0.0067
79,395,840,39.410147414889984,25.004564955161918,0.026920067283604226,0.03001465282882155,0.0266,0.0297
79,395,842,3.502306506421322,2.1009257436429163,0.0023923363139982824,0.002521881781492788,0.0025,0.0024
79,395,844,354.22748561320816,248.89398434178403,0.24196376750437312,0.29876410745785037,0.2442,0.3151
79,395,846,27.054434375697262,13.764176972453225,0.01848019460689598,0.01652206283306513,0.0192,0.0163
79,395,848,58.57356296374952,41.31635159946259,0.04001010804209313,0.0495947820582014,0.0404,0.0512
79,395,854,1.4640915679373072,0.7807264050131119,0.0010000836359048656,0.0009371581566319131,0.0011,0.001
79,395,856,1.721800458809307,0.7933888293836531,0.001176118011235218,0.0009523577120784695,0.0011,0.001
79,395,858,18.968353696696024,10.058240826880345,0.012956798978664398,0.012073579645510679,0.0138,0.012
79,395,860,136.73681515332464,84.21950945338426,0.09340143352730793,0.10109431386588243,0.0984,0.1015
79,395,862,10.701579176400994,5.456532266665346,0.007309975992647193,0.006549840876132234,0.0079,0.0067
79,395,864,0.8099913984414578,0.4302247727074868,0.0005532844806600832,0.0005164275888954477,0.0006,0.0005
79,395,890,395.58968909176605,192.3390914145906,0.27021723453454755,0.23087748435423738,0.2544,0.2155
80,400,802,23.051338534213784,11.264894488668372,0.01673386032387043,0.013630599643515817,0.0155,0.0139
80,400,806,22.57959477645375,11.701303678435583,0.016391403240985748,0.014158657758259079,0.0155,0.0139
80,400,808,6.614517507771355,2.951485613213247,0.004801734698423516,0.0035713178483629295,0.0045,0.0038
80,400,810,5.823890301397665,3.595603522839975,0.004227787757334941,0.004350704939664313,0.0045,0.0038
80,400,816,1.9308460983763494,0.8513094197431319,0.0014016760401641482,0.0010300902405206717,0.0014,0.001
80,400,818,13.56542210576606,6.818501792324593,0.009847665827097531,0.008250433964850928,0.0096,0.0081
80,400,820,64.2404405617784,33.60751549021277,0.046634626354090165,0.040665324395284023,0.0478,0.0417
80,400,822,54.25431869054654,27.293553570202693,0.039385313333836915,0.03302538713864707,0.0382,0.0335
80,400,824,19.438489769166758,8.72160214016969,0.014111153338077309,0.010553198446933408,0.0138,0.0115
80,400,826,16.524400146169143,8.699048127686478,0.011995702703828682,0.01052590793703802,0.0113,0.0096
80,400,828,4.268853534725257,1.9628797903959168,0.0030989262808806973,0.0023750980178419527,0.0031,0.0024
80,400,830,37.718087458235935,17.369706705874158,0.027381021985896432,0.021017464324341848,0.0274,0.0206
80,400,832,5.9965549233118605,3.0030552044417025,0.004353131700451197,0.003633717407677216,0.0042,0.0034
80,400,834,72.0594863844411,34.44904286088944,0.05231077485488884,0.041683578289298986,0.0503,0.0431
80,400,836,50.253041603307445,25.1309818732447,0.036480631169910425,0.030408660543357183,0.0345,0.0302
80,400,838,10.659891648622251,5.109981987501431,0.00773842862317417,0.0061831132752529555,0.0079,0.0067
80,400,840,38.04879109092053,25.792431453406877,0.027621092573976463,0.031209019074955647,0.0266,0.0297
80,400,842,3.4798979153114633,2.0106419187555695,0.002526192809572395,0.002432890520953946,0.0025,0.0024
80,400,844,327.2828607901225,271.6645848664088,0.23758731714125322,0.32871601215269547,0.2442,0.3151
80,400,846,28.006866192077467,13.914808906510288,0.020331269972541664,0.016837014275762695,0.0192,0.0163
80,400,848,57.42809365285941,42.76244567371319,0.041689279623686556,0.0517428527486263,0.0404,0.0512
80,400,854,1.3619714303418438,0.8427377596201145,0.0009887078638238297,0.0010197184729435615,0.0011,0.001
80,400,856,1.4906399636750032,0.8410178202373202,0.0010821133405460861,0.0010176373344862443,0.0011,0.001
80,400,858,19.981928092334286,9.984499406906853,0.014505656285532022,0.01208131280709015,0.0138,0.012
80,400,860,134.72028975960995,82.79234505844319,0.09779868133395386,0.10017930573381303,0.0984,0.1015
80,400,862,11.173066415651736,5.3001803732632675,0.008110962081934509,0.006413254627377509,0.0079,0.0067
80,400,864,0.8726808144741588,0.41256484492794665,0.0006335128363612025,0.0004992062938413537,0.0006,0.0005
80,400,890,344.700388685265,167.59286907277527,0.25023137590390726,0.20278852178660775,0.2544,0.2155
81,405,802,22.938021695845677,12.21004205190851,0.01638399819361858,0.014851863996609349,0.0155,0.0139
81,405,806,22.496225072323654,12.14474027325672,0.016068435013074436,0.014772433218963377,0.0155,0.0139
81,405,808,6.454987600017846,3.3685120322207585,0.004610620156387624,0.004097339088661456,0.0045,0.0038
81,405,810,6.028691369806246,3.3467313393789384,0.004306128480586384,0.004070845822998373,0.0045,0.0038
81,405,816,2.097329931067166,0.9109744894093285,0.0014980651015885154,0.001108077201009575,0.0014,0.001
81,405,818,14.126605509188654,7.15896462268026,0.010090245890142624,0.00870791177299556,0.0096,0.0081
81,405,820,67.65895402048092,35.76052554177195,0.04832693050658539,0.04349784050994777,0.0478,0.0417
81,405,822,53.101569275000394,28.746391414240904,0.037928990852663096,0.03496609543706456,0.0382,0.0335
81,405,824,19.49963658283388,9.387993837505347,0.01392805424921325,0.011419224199464766,0.0138,0.0115
81,405,826,17.2370849776136,8.01382814527088,0.012311975848711448,0.009747737575331249,0.0113,0.0096
81,405,828,4.564731769795734,1.97914434226275,0.0032604623913243427,0.0024073612913029035,0.0031,0.0024
81,405,830,39.99542383204137,17.52566796081728,0.028567631529263678,0.021317603649293512,0.0274,0.0206
81,405,832,5.58532264120702,2.800690213723095,0.003989442388612188,0.0034066606793011437,0.0042,0.0034
81,405,834,66.66112899382212,34.04598970192255,0.0476142115262347,0.041412339657247964,0.0503,0.0431
81,405,836,49.69265112251365,23.412059493896574,0.03549409434793742,0.028477602452608164,0.0345,0.0302
81,405,838,10.710540498031367,5.4520681465810785,0.007650244580778566,0.006631703172603857,0.0079,0.0067
81,405,840,36.933646924699666,24.17919897150786,0.026380688470951253,0.029410723824301706,0.0266,0.0297
81,405,842,3.624131850868289,2.071193663873767,0.002588617731964896,0.002519326835707666,0.0025,0.0024
81,405,844,343.7367759018899,245.9001080131463,0.24552172764213645,0.29910420827682194,0.2442,0.3151
81,405,846,27.722305471284407,13.713439340249462,0.01980128054577292,0.01668054337088071,0.0192,0.0163
81,405,848,59.12012616666342,45.87146983577007,0.04222788055416934,0.05579643611619971,0.0404,0.0512
81,405,854,1.576217988080994,0.9100914055862541,0.0011258491692047383,0.0011070030490302328,0.0011,0.001
81,405,856,1.5641324359037263,0.7855125125339799,0.0011172167915887952,0.0009554696825934388,0.0011,0.001
81,405,858,19.939316357144474,10.063748401588192,0.014242105422570542,0.012241188189283927,0.0138,0.012
81,405,860,139.20032839221344,86.95320492915009,0.09942696711906022,0.10576680802464408,0.0984,0.1015
81,405,862,11.288579165304682,5.646887357649759,0.008063121707063739,0.006868674381582332,0.0079,0.0067
81,405,864,0.8685574236193184,0.4269529504429634,0.0006203866858409244,0.0005193304925545965,0.0006,0.0005
81,405,890,345.602869659305,179.33572891395633,0.2468546271029539,0.21813764803099625,0.2544,0.2155
82,410,802,22.24577732284717,10.875521045196795,0.016084032915096535,0.012906820675957607,0.0155,0.0139
82,410,806,21.564419856450712,11.184612260997177,0.01559140117841129,0.013273643091018921,0.0155,0.0139
82,410,808,6.127099792635953,3.0480069311690188,0.004429985669128549,0.003617305204613534,0.0045,0.0038
82,410,810,6.73944845538944,3.324440570774919,0.0048727229987487256,0.003945370352055036,0.0045,0.0038
82,410,816,2.012574233779142,0.8639727237486012,0.0014551215608426277,0.0010253431507326988,0.0014,0.001
82,410,818,13.968705237755207,5.988534433808828,0.010099584813994752,0.0071070562713962575,0.0096,0.0081
82,410,820,69.7467457000911,36.8502563126022,0.0504279503152716,0.04373304489166431,0.0478,0.0417
82,410,822,55.52885803302182,28.24332537063847,0.040148202842234366,0.0335185352808959,0.0382,0.0335
82,410,824,19.398718092801275,10.22390911205264,0.01402556610125059,0.012133502474792423,0.0138,0.0115
82,410,826,16.101025055462824,8.862348668629732,0.011641284240172972,0.010517633551390527,0.0113,0.0096
82,410,828,4.349604618116456,2.031994694472205,0.003144829817818526,0.0024115250227604557,0.0031,0.0024
82,410,830,38.285033856125814,17.97787292384897,0.027680657581027213,0.021335730122627294,0.0274,0.0206
82,410,832,5.818094077743544,2.9248683574985224,0.004206569871282814,0.003471167149981179,0.0042,0.0034
82,410,834,71.01665258539576,35.70444014019192,0.0513461121689089,0.04237321635531633,0.0503,0.0431
82,410,836,47.74637120376509,24.603488481361605,0.034521347349326374,0.02919885976149813,0.0345,0.0302
82,410,838,10.820865474036351,5.4432176390761,0.007823649132524764,0.006459886719523449,0.0079,0.0067
82,410,840,38.435093006693265,24.445413202367654,0.02778915261277688,0.02901125962070506,0.0266,0.0297
82,410,842,3.229278471808734,2.117240625751989,0.0023348170971414133,0.0025126929524449935,0.0025,0.0024
82,410,844,326.7069910006311,256.91303963571494,0.23621408776080277,0.3048985439973795,0.2442,0.3151
82,410,846,27.793355985494266,13.361938905024818,0.02009501605648865,0.015857644761436435,0.0192,0.0163
82,410,848,57.42596803026774,45.35770830929139,0.0415198420165564,0.053829495155909825,0.0404,0.0512
82,410,854,1.5754672455765701,0.8432299714902463,0.0011390866080676408,0.0010007261247886735,0.0011,0.001
82,410,856,1.4639312007349035,0.8152145654498804,0.0010584443634556442,0.0009674780789778626,0.0011,0.001
82,410,858,19.390932965063588,9.851847063677022,0.014019937336341009,0.01169194770985227,0.0138,0.012
82,410,860,139.93066007609332,86.48229622490464,0.10117198018446295,0.10263521944200253,0.0984,0.1015
82,410,862,10.616186648934614,5.801470402512285,0.007675663251331097,0.0068850529396172686,0.0079,0.0067
82,410,864,0.8426661031944376,0.4336036904584227,0.0006092603168465411,0.000514590984093767,0.0006,0.0005
82,410,890,344.21645391409686,188.0443133191647,0.2488736938396881,0.2231667081565679,0.2544,0.2155
83,415,802,22.076412273566415,11.443589056137814,0.01585312872085776,0.013709658763455758,0.0155,0.0139
83,415,806,21.748994346802135,12.25812291175863,0.015618009061277674,0.014685487339356417,0.0155,0.0139
83,415,808,6.272846543674505,2.91306966749912,0.004504547318231185,0.0034899183201764833,0.0045,0.0038
83,415,810,6.343601848742105,3.26300489139499,0.0045553568857016795,0.0039091480290895896,0.0045,0.0038
83,415,816,2.0660263204632465,0.8164061819305728,0.0014836188413731217,0.0009780716619355282,0.0014,0.001
83,415,818,13.319407600411493,6.984115564777681,0.00956470102833348,0.00836711635553588,0.0096,0.0081
83,415,820,64.20064086400667,33.98014482225718,0.04610264616218083,0.04070892339463118,0.0478,0.0417
83,415,822,57.2974070927956,26.905412924505686,0.041145416146313674,0.03223324677907789,0.0382,0.0335
83,415,824,19.113179506147283,9.448340126004522,0.013725223610659794,0.01131930886133252,0.0138,0.0115
83,415,826,16.142485041197517,9.025106763928989,0.011591960236176698,0.010812266451569163,0.0113,0.0096
83,415,828,4.414929266315325,1.9715814013083204,0.0031703721186699912,0.002361995708139791,0.0031,0.0024
83,415,830,37.52204854565464,17.303327144079358,0.02694468005459298,0.020729747411764508,0.0274,0.0206
83,415,832,5.968404981424964,2.6922178718713052,0.0042859270454027095,0.0032253332550801583,0.0042,0.0034
83,415,834,69.90646131607683,35.708376458773465,0.0502000105782766,0.04277938100059868,0.0503,0.0431
83,415,836,47.97800609270254,25.631680181248246,0.03445313019762867,0.030707288342416462,0.0345,0.0302
83,415,838,10.885288221666139,5.4499491051459446,0.00781675361029269,0.006529152885796545,0.0079,0.0067
83,415,840,36.488261246821864,25.3417540383292,0.026202314722975795,0.03035995076619573,0.0266,0.0297
83,415,842,3.5861510502402756,2.1009445093147456,0.002575224339326673,0.002516975414126081,0.0025,0.0024
83,415,844,316.6387256317408,282.3991811249087,0.2273790873827263,0.3383201187415314,0.2442,0.3151
83,415,846,25.951292612364277,13.281590856277527,0.018635690308658713,0.015911623318711928,0.0192,0.0163
83,415,848,55.37309792787088,39.72315179984015,0.039763564760669584,0.04758916573403765,0.0404,0.0512
83,415,854,1.6212587508668888,0.9059674706716306,0.0011642300999281764,0.001085367956920594,0.0011,0.001
83,415,856,1.580555887028639,0.9199841359092833,0.0011350012681896088,0.0011021602147050296,0.0011,0.001
83,415,858,20.53465974235838,9.504321817654802,0.014745992242789044,0.011386376097473325,0.0138,0.012
83,415,860,136.38902582664332,83.75466305010936,0.097941312009792,0.10033983609795467,0.0984,0.1015
83,415,862,12.201995306139926,5.47762976299659,0.008762284371322282,0.006562314892193199,0.0079,0.0067
83,415,864,0.7757569991349537,0.42786265606158863,0.0005570731063995485,0.0005125884006717319,0.0006,0.0005
83,415,890,376.1617760735921,165.07848836529166,0.27012274377125306,0.19776747780552206,0.2544,0.2155
84,420,802,22.250835138229895,11.905242597010725,0.015527886090199635,0.014337689708168046,0.0155,0.0139
84,420,806,21.846044946244398,11.786527052329529,0.015245400693470348,0.014194718523053134,0.0155,0.0139
84,420,808,6.243577203426237,3.427111906780633,0.0043571198567552896,0.004127330183672744,0.0045,0.0038
84,420,810,6.6308234869883975,3.1622063290810205,0.004627362125984773,0.0038082998116269265,0.0045,0.0038
84,420,816,1.836012198102791,0.8443614243392458,0.0012812727295513626,0.001016879077017939,0.0014,0.001
84,420,818,13.71675230023976,6.25115728862941,0.0095723223835162,0.007528376913867001,0.0096,0.0081
84,420,820,63.6215663317765,33.53347671405498,0.04439871262101743,0.04038494638344628,0.0478,0.0417
84,420,822,54.82775477194273,29.42137383527343,0.03826189558239897,0.035432669716792035,0.0382,0.0335
84,420,824,19.262814780238884,9.987200571845932,0.013442677177102947,0.012027758500975,0.0138,0.0115
84,420,826,14.960470230112502,8.306743976648615,0.010440258810325715,0.010003955539073713,0.0113,0.0096
84,420,828,4.337090879580591,2.0488176002794134,0.0030266663126392963,0.00246742649568649,0.0031,0.0024
84,420,830,39.28423749620729,17.417960230135165,0.02741475370213826,0.0209767509644528,0.0274,0.0206
84,420,832,6.050530241591502,2.763398919605513,0.0042224008129618015,0.0033280091460831714,0.0042,0.0034
84,420,834,73.58648361294905,36.08632531062119,0.05135279319727659,0.04345938613141823,0.0503,0.0431
84,420,836,50.18246011386836,25.67040296196478,0.03502014731282234,0.030915310574578574,0.0345,0.0302
84,420,838,12.328041433570244,5.598510712089856,0.00860320171834093,0.006742383346136443,0.0079,0.0067
84,420,840,38.01145326427233,26.151762053571606,0.026526533172521752,0.03149501965966662,0.0266,0.0297
84,420,842,3.242908649613304,2.0879735546338396,0.002263084320174618,0.0025145826892026065,0.0025,0.0024
84,420,844,366.9927889852402,256.95960477994413,0.25610823988788134,0.3094608993346677,0.2442,0.3151
84,420,846,26.765385483275704,13.790344185575659,0.018678393613663292,0.016607950177451144,0.0192,0.0163
84,420,848,53.81676091701205,42.78965053814044,0.037556367123816166,0.05153231671993377,0.0404,0.0512
84,420,854,1.5189466024288216,0.747421305314874,0.0010600064974229466,0.0009001324138971633,0.0011,0.001
84,420,856,1.5904759422273107,0.8015731388951064,0.001109923699793018,0.0009653484043043369,0.0011,0.001
84,420,858,19.99796018527648,9.881330897759156,0.013955703049536137,0.011900257820145347,0.0138,0.012
84,420,860,132.893251854796,84.54352792581768,0.09274039666996715,0.10181723390824256,0.0984,0.1015
84,420,862,10.740188823020935,5.677243039287326,0.007495108727158162,0.006837202050430862,0.0079,0.0067
84,420,864,0.8129520149679517,0.4110910957940972,0.0005673237074833159,0.0004950841215756909,0.0006,0.0005
84,420,890,365.61114143688013,178.2936111340186,0.25514404840408045,0.2147220816844335,0.2544,0.2155
85,425,802,22.67703136045605,11.008810287954354,0.016259976403159637,0.01288493650596336,0.0155,0.0139
85,425,806,21.895326749422615,11.595454105531736,0.015699475413078142,0.013571556417051418,0.0155,0.0139
85,425,808,6.364341310459386,3.204059046753,0.004563385651535412,0.0037500961774173023,0.0045,0.0038
85,425,810,6.0993331389936705,3.1879151493657503,0.004373368424580784,0.003731201030044193,0.0045,0.0038
85,425,816,2.0293521205858593,0.790918081916963,0.0014550942347757308,0.0009257066840427917,0.0014,0.001
85,425,818,14.109200576969762,6.6300024924251755,0.010116635850714853,0.0077598903891322474,0.0096,0.0081
85,425,820,65.67429909457947,35.40668283985245,0.04709005057134759,0.04144070506669202,0.0478,0.0417
85,425,822,56.57467283303449,27.291914257006464,0.04056539988235557,0.03194301410684665,0.0382,0.0335
85,425,824,19.006365623245443,8.915762465465741,0.013628020865319312,0.010435190566911307,0.0138,0.0115
85,425,826,16.54263385742223,8.523340099238986,0.011861465986982954,0.009975891411044827,0.0113,0.0096
85,425,828,4.487179909570989,1.986609667588962,0.003217415819849577,0.00232516854768811,0.0031,0.0024
85,425,830,38.67984539806244,17.14223480919314,0.027734378607734568,0.020063621890954723,0.0274,0.0206
85,425,832,5.932033865771741,2.7863214719283445,0.0042534108255628655,0.003261167584137766,0.0042,0.0034
85,425,834,69.25775527906049,35.892895754975186,0.0496594747642789,0.04200977859742501,0.0503,0.0431
85,425,836,49.47209019812028,24.693576981454964,0.035472677461616545,0.028901867067262228,0.0345,0.0302
85,425,838,11.586824837914147,5.401854996548105,0.008308031834385537,0.006322441465005637,0.0079,0.0067
85,425,840,36.53591258578216,23.88210587903868,0.02619712726369727,0.02795210470806358,0.0266,0.0297
85,425,842,3.6259784480358226,1.7999673420895619,0.0025999136776888154,0.0021067185562284076,0.0025,0.0024
85,425,844,346.1328714344993,277.2344708217754,0.2481855862181805,0.32448088943012393,0.2442,0.3151
85,425,846,26.661990030625127,13.858060167318285,0.019117287526233047,0.016219756783990867,0.0192,0.0163
85,425,848,56.64779231202358,44.468618909242124,0.040617828305815236,0.05204698020642665,0.0404,0.0512
85,425,854,1.523461742726669,0.8913603545807949,0.0010923586775581338,0.0010432663723230243,0.0011,0.001
85,425,856,1.7044404474569723,0.8052822729969864,0.0012221247576774475,0.0009425188267888738,0.0011,0.001
85,425,858,19.009143275271136,9.82388083801947,0.013630012508567322,0.011498070865889358,0.0138,0.012
85,425,860,135.88926368283325,83.47681015897372,0.09743586741157864,0.09770296430629101,0.0984,0.1015
85,425,862,10.466054288858453,5.937333008144733,0.007504412419157311,0.006949175871293979,0.0079,0.0067
85,425,864,0.8405675291686722,0.3997940165155335,0.0006027071168309196,0.00046792708599068146,0.0006,0.0005
85,425,890,345.2276372000259,187.3577966203169,0.24753651151973752,0.21928739347897003,0.2544,0.2155
86,430,802,21.69050537104368,11.242647419372027,0.015546788248244518,0.013196411825717118,0.0155,0.0139
86,430,806,22.092315739235502,11.90355930756089,0.015834788025260633,0.013972177989301006,0.0155,0.0139
86,430,808,6.599146835924356,3.546341968167267,0.004729974554403486,0.004162630681286051,0.0045,0.0038
86,430,810,6.16852478676203,3.1627656093946626,0.004421323847615935,0.0037123958381786925,0.0045,0.0038
86,430,816,1.862853758909952,0.8196843576698635,0.0013352106109008487,0.0009621303548371989,0.0014,0.001
86,430,818,14.312764224955137,7.029825279369715,0.010258751967553636,0.008251479032380911,0.0096,0.0081
86,430,820,66.41460572479622,35.54330530884662,0.047603031562946596,0.04172007508609895,0.0478,0.0417
86,430,822,52.57075404503229,29.783465141841674,0.03768037522444018,0.034959281114820065,0.0382,0.0335
86,430,824,19.36380488858283,10.28761630697595,0.013879112963638337,0.012075413950800631,0.0138,0.0115
86,430,826,16.032794583273382,7.9803503894284455,0.011491593125649678,0.009367187845005112,0.0113,0.0096
86,430,828,4.347134934433113,1.9842177219466075,0.003115832718328498,0.002329038102322368,0.0031,0.0024
86,430,830,36.74493379321426,18.37557314621218,0.026337132081832113,0.021568908258491754,0.0274,0.0206
86,430,832,5.8804348250301075,2.827510768503962,0.004214833793333002,0.0033188798999899925,0.0042,0.0034
86,430,834,72.1903676065636,36.3615430598997,0.05174284045223109,0.042680507440816355,0.0503,0.0431
86,430,836,47.239331626479405,25.3801101796693,0.03385904907342127,0.02979070441503707,0.0345,0.0302
86,430,838,10.725854449766997,5.6825346319351295,0.007687814786216532,0.006670054162483415,0.0079,0.0067
86,430,840,38.48088594503772,24.80564332729534,0.027581385272424562,0.029116405837365078,0.0266,0.0297
86,430,842,3.5335757134676054,1.9939844254111279,0.0025327097011653013,0.002340502078402894,0.0025,0.0024
86,430,844,333.1253449863343,257.1769124386273,0.23876941131762777,0.3018695083116004,0.2442,0.3151
86,430,846,27.80177784697686,13.48165486807763,0.019927076189229755,0.015824517401905124,0.0192,0.0163
86,430,848,57.59091983546592,43.60392417237433,0.04127860648645329,0.05118148058299009,0.0404,0.0512
86,430,854,1.6390534520075857,0.9038610175641193,0.0011748005180153174,0.0010609353630031467,0.0011,0.001
86,430,856,1.4838589830091147,0.8702622757434767,0.0010635640343306645,0.0010214977806124405,0.0011,0.001
86,430,858,19.247510452644395,9.982751244470194,0.01379575829121113,0.011717568973009478,0.0138,0.012
86,430,860,136.94477451291485,85.17235906341232,0.09815591544022363,0.09997374145452119,0.0984,0.1015
86,430,862,11.691338103166233,5.432183533866756,0.008379830470488124,0.0063761966689683085,0.0079,0.0067
86,430,864,0.8726258548210725,0.3947801895778315,0.0006254593497373084,0.0004633856927085538,0.0006,0.0005
86,430,890,358.52817688952695,196.2179324500306,0.2569770298930765,0.23031698385734656,0.2544,0.2155
87,435,802,21.604898156422223,11.253750857059948,0.015269956509049382,0.01340099208111717,0.0155,0.0139
87,435,806,22.722027403998986,10.94918653247209,0.016059523527693877,0.013038316191644087,0.0155,0.0139
87,435,808,6.120204435888007,3.182884387663069,0.004325651289160124,0.0037901859580822105,0.0045,0.0038
87,435,810,6.313333822689214,3.1431037365680163,0.004462151693638872,0.0037428150684048326,0.0045,0.0038
87,435,816,1.8067128819220657,0.8644338907047742,0.0012769524267851429,0.0010293698404311737,0.0014,0.001
87,435,818,14.017618219406925,6.612107485906351,0.009907402433515958,0.007873712612229954,0.0096,0.0081
87,435,820,70.70761642383084,31.4741581645913,0.04997488161403311,0.037479499029331544,0.0478,0.0417
87,435,822,50.24679764746029,29.32980125126558,0.035513539996375666,0.03492599394648716,0.0382,0.0335
87,435,824,19.680375327214193,9.267047638136152,0.013909738113669273,0.011035221375643842,0.0138,0.0115
87,435,826,15.275876764841966,8.158786291509523,0.010796717121640115,0.009715501246898095,0.0113,0.0096
87,435,828,4.468872108527864,2.0301872583487954,0.0031585190657998814,0.002417551598385475,0.0031,0.0024
87,435,830,38.59466776560822,17.45826676932903,0.027278022511152734,0.020789343721701256,0.0274,0.0206
87,435,832,5.694568434441797,2.8954892966173538,0.004024819358191854,0.0034479552309074177,0.0042,0.0034
87,435,834,70.63545337085186,38.42059165999217,0.04992387805583204,0.04575132781301884,0.0503,0.0431
87,435,836,50.87725174843734,24.76027721713786,0.03595913370541195,0.02948459434793428,0.0345,0.0302
87,435,838,10.902169635408036,5.334313311555041,0.007705458964983517,0.006352112407171466,0.0079,0.0067
87,435,840,39.11108667447673,24.42468417125815,0.027643018181198454,0.02908496938667164,0.0266,0.0297
87,435,842,3.5666108396266627,1.8649663135156855,0.00252081690047745,0.0022208061220135513,0.0025,0.0024
87,435,844,326.8117488117141,267.8114849975656,0.23098471258092046,0.3189105246126108,0.2442,0.3151
87,435,846,26.64223929777766,13.434535712787799,0.018830259343750672,0.01599787564051242,0.0192,0.0163
87,435,848,57.9022647870102,42.93823991466706,0.04092428756995933,0.05113095361557436,0.0404,0.0512
87,435,854,1.563462440016789,0.7665055282280915,0.0011050273548959943,0.0009127565239702435,0.0011,0.001
87,435,856,1.535004925238339,0.7897560202377186,0.0010849140912334492,0.0009404432626639142,0.0011,0.001
87,435,858,19.575496092467013,10.081431086500354,0.013835611341967008,0.0120049910356568,0.0138,0.012
87,435,860,140.67864751622957,86.66472792770425,0.09942915785910138,0.10320055485702778,0.0984,0.1015
87,435,862,11.78485542014872,5.963948273814454,0.00832932552739727,0.0071018831503134785,0.0079,0.0067
87,435,864,0.8576310991513584,0.44327273115993915,0.0006061583577035551,0.000527850175066114,0.0006,0.0005
87,435,890,375.16561797957104,179.45204195576667,0.2651603645044615,0.21369189914852982,0.2544,0.2155
88,440,802,22.89709770186112,11.587609519747236,0.016205272851315806,0.013778470135780777,0.0155,0.0139
88,440,806,20.970234278383394,11.59416625199238,0.01484154772198909,0.013786266544459726,0.0155,0.0139
88,440,808,6.877202532734421,3.3916836859755626,0.0048672956261903355,0.0040329467693564925,0.0045,0.0038
88,440,810,6.216437647378395,3.2778510089163064,0.004399643550927869,0.0038975918336672938,0.0045,0.0038
88,440,816,1.8456784079806126,0.8027916537263644,0.0013062669595315952,0.000954574867859722,0.0014,0.001
88,440,818,14.731296669233526,6.790645748204964,0.01042597996859685,0.008074548032090553,0.0096,0.0081
88,440,820,68.10052684709004,34.534479803081375,0.048197707554252595,0.041063887923612104,0.0478,0.0417
88,440,822,54.37810209284996,28.386348581931664,0.03848575016036701,0.033753334156926273,0.0382,0.0335
88,440,824,19.92687811942682,9.73000363467746,0.014103119146579824,0.011569648103258333,0.0138,0.0115
88,440,826,16.612888186914834,8.396459043241308,0.011757664199313506,0.009983971238973056,0.0113,0.0096
88,440,828,4.442410351505904,1.8789559703422065,0.0031440872027117834,0.002234208762358417,0.0031,0.0024
88,440,830,38.94145582557556,16.548177635493563,0.027560563574379117,0.019676929133975257,0.0274,0.0206
88,440,832,5.8203818593369325,2.8957267160481437,0.004119337627743852,0.0034432195881693994,0.0042,0.0034
88,440,834,71.16436098018703,35.13734071921044,0.05036611635193072,0.04178073129969913,0.0503,0.0431
88,440,836,47.58641781486604,24.93638586054081,0.033678979526035685,0.029651089578764327,0.0345,0.0302
88,440,838,11.485836235614451,5.579008084739505,0.008129026331076586,0.006633826946952522,0.0079,0.0067
88,440,840,37.46168705776412,25.39222718598371,0.02651326679679273,0.030193116480738042,0.0266,0.0297
88,440,842,3.3243631780071135,2.018625104587597,0.0023527965446945606,0.0024002850347604964,0.0025,0.0024
88,440,844,364.95068921274367,255.52546727496645,0.2582914906061459,0.303837475173771,0.2442,0.3151
88,440,846,27.76763510184805,13.941265448604316,0.01965236420442258,0.016577130020754883,0.0192,0.0163
88,440,848,55.8784868750058,43.1666956798291,0.039547637788807405,0.05132819036327315,0.0404,0.0512
88,440,854,1.5776500131866389,0.7981223726426654,0.0011165715961238786,0.0009490227693136264,0.0011,0.001
88,440,856,1.6742381287082024,0.7957620858911437,0.0011849312103685312,0.000946216224921334,0.0011,0.001
88,440,858,19.327436006453905,10.352284784741343,0.013678867866973072,0.012309583482302893,0.0138,0.012
88,440,860,139.70680022090875,82.18764330573045,0.09887658454547593,0.09772679920637434,0.0984,0.1015
88,440,862,11.553357426364066,5.475967043248233,0.008176814017253698,0.00651130401325099,0.0079,0.0067
88,440,864,0.7699748546625771,0.43237177901068696,0.000544944724913546,0.0005141199860506783,0.0006,0.0005
88,440,890,336.9516784095072,195.43984738727866,0.23847537174508587,0.23239151232858526,0.2544,0.2155
89,445,802,21.967098642337117,11.65537892383093,0.015408772532934491,0.013840281154859196,0.0155,0.0139
89,445,806,20.925876788370083,12.310141853731697,0.014678409777009276,0.014617785095213921,0.0155,0.0139
89,445,808,6.008481807464897,2.9368426902157005,0.0042146362133170445,0.0034873794156164966,0.0045,0.0038
89,445,810,6.7879354449772915,3.2931208463310484,0.004761382235445302,0.003910445013242773,0.0045,0.0038
89,445,816,1.974203541183756,0.8371135963786583,0.0013848006873873548,0.0009940378264963231,0.0014,0.001
89,445,818,12.159532950596912,6.762354016805892,0.008529277370356254,0.008030016138722201,0.0096,0.0081
89,445,820,67.45542177000114,34.918462818286,0.047316455718183124,0.04146423261387444,0.0478,0.0417
89,445,822,53.41943396351093,29.826374719013774,0.037470943258544095,0.035417588277400484,0.0382,0.0335
89,445,824,20.44494714755567,10.150251085408549,0.014341062749060267,0.012053004002060776,0.0138,0.0115
89,445,826,15.996028795461388,7.871652070683702,0.011220378856245319,0.00934726176844736,0.0113,0.0096
89,445,828,4.021058638672521,2.0517209866083057,0.0028205626475169376,0.002436333944315096,0.0031,0.0024
89,445,830,38.58547220390998,17.077963374011674,0.027065693742551505,0.020279376259954355,0.0274,0.0206
89,445,832,6.132406171921207,2.7756803204063845,0.004301562683411531,0.003296005756783002,0.0042,0.0034
89,445,834,71.83380446524797,35.12490699280072,0.05038766253122893,0.04170937654585116,0.0503,0.0431
89,445,836,47.64089132218474,25.21363562888265,0.033417597362402365,0.02994015109422219,0.0345,0.0302
89,445,838,11.839388610889083,5.562305073915405,0.008304712834612012,0.006605007575917208,0.0079,0.0067
89,445,840,38.22035789944141,24.94722970574979,0.026809585124946727,0.029623805061924628,0.0266,0.0297
89,445,842,3.829065585304614,1.9540915270595454,0.0026858895468304424,0.002320402992779144,0.0025,0.0024
89,445,844,358.67769572497457,267.7927144661236,0.2515936727033889,0.3179927897372788,0.2442,0.3151
89,445,846,27.74117406138103,13.552582023483456,0.01945898490593225,0.01609313148934071,0.0192,0.0163
89,445,848,56.806236461254535,42.36332068768764,0.03984660834529009,0.050304693893070455,0.0404,0.0512
89,445,854,1.478685341533414,0.7638299521263,0.0010372205472578887,0.0009070165252470328,0.0011,0.001
89,445,856,1.5831874504756902,0.8280783303159879,0.001110523319377282,0.0009833088211646617,0.0011,0.001
89,445,858,19.84462214558844,9.955104526198216,0.013919966110320797,0.011821275521714927,0.0138,0.012
89,445,860,137.0147511510193,84.38744788061192,0.09610869275534256,0.10020660951834684,0.0984,0.1015
89,445,862,10.967856876683745,5.932049800247408,0.007693378836151156,0.007044064169564136,0.0079,0.0067
89,445,864,0.8503301437589096,0.3916409895006824,0.0005964621899510222,0.00046505750193792065,0.0006,0.0005
89,445,890,361.41693273125634,180.8985537848616,0.2535151044150053,0.2148095622846539,0.2544,0.2155
90,450,802,22.20940865712808,11.091560695748086,0.015542784181360457,0.012985850494947354,0.0155,0.0139
90,450,806,23.247783123956125,11.625861257685349,0.01626946855583,0.013611402426457177,0.0155,0.0139
90,450,808,5.8043398614812025,3.1649404911207117,0.004062044297307997,0.0037054698766472204,0.0045,0.0038
90,450,810,6.495578427405627,3.3042872821920026,0.004545792964994754,0.0038686152306185626,0.0045,0.0038
90,450,816,2.029419288224886,0.8591269235788142,0.0014202460991794993,0.0010058542789253588,0.0014,0.001
90,450,818,13.211636562660361,6.779208102152057,0.009245883983052178,0.007937005918601686,0.0096,0.0081
90,450,820,65.48008426724498,31.732084565950267,0.04582484989380578,0.03715149899728913,0.0478,0.0417
90,450,822,55.621159266164824,29.2721239864345,0.03892529007581724,0.03427141014547393,0.0382,0.0335
90,450,824,19.43577798065842,9.17469767044573,0.013601717506929543,0.010741612975207575,0.0138,0.0115
90,450,826,15.873883507679567,7.360027502859309,0.011109001112496292,0.00861702148260078,0.0113,0.0096
90,450,828,4.547928781034829,1.9906330923007278,0.0031827716175205334,0.0023306065247266352,0.0031,0.0024
90,450,830,39.0406946903224,16.80750945089991,0.0273218031704466,0.019678006631246234,0.0274,0.0206
90,450,832,6.086641025167396,2.9144008782129083,0.004259606786659246,0.0034121414582642304,0.0042,0.0034
90,450,834,72.72137932747148,36.0790804943399,0.05089251684758257,0.04224090352535093,0.0503,0.0431
90,450,836,49.675901340865686,25.303368097048594,0.03476462725664804,0.029624843981862343,0.0345,0.0302
90,450,838,10.3003085429562,5.228121263560873,0.007208452739835069,0.006121014252221762,0.0079,0.0067
90,450,840,36.069904010477934,25.015270418790188,0.02524275824414236,0.02928754308432145,0.0266,0.0297
90,450,842,3.601899452952653,2.0188533063860494,0.0025207130322326497,0.002363646372868825,0.0025,0.0024
90,450,844,347.12912265690494,286.7700140438644,0.2429309631704059,0.3357464860860511,0.2442,0.3151
90,450,846,26.743224905035145,13.57089432875387,0.018715679441520763,0.015888621057943968,0.0192,0.0163
90,450,848,56.012292071715855,44.07188919401505,0.03919901608432033,0.05159877674588743,0.0404,0.0512
90,450,854,1.5762525122440536,0.8486305415166716,0.001103106930551864,0.000993565255591692,0.0011,0.001
90,450,856,1.5591703950266538,0.8592511612455571,0.00109115237267193,0.0010059997347192204,0.0011,0.001
90,450,858,19.64534897325612,10.534988572677616,0.013748381326705496,0.012334223318384255,0.0138,0.012
90,450,860,134.82867195146412,85.04412926348961,0.09435698995652775,0.09956852587138708,0.0984,0.1015
90,450,862,11.141848935057517,5.725864695584648,0.007797386956691413,0.006703765586358223,0.0079,0.0067
90,450,864,0.8212831904134862,0.38796948764007605,0.0005747576433683686,0.00045422947241560854,0.0006,0.0005
90,450,890,378.00992388080675,176.59184129207793,0.2645422377513953,0.20675135921363022,0.2544,0.2155
91,455,802,23.33953790697045,10.937760014048898,0.016537618141253797,0.013181125159622668,0.0155,0.0139
91,455,806,23.11606142742248,12.185432627178807,0.016379270161227498,0.014684698912454624,0.0155,0.0139
91,455,808,6.197557356540772,2.9658248993599163,0.004391382442082527,0.003574123874520547,0.0045,0.0038
91,455,810,6.0219501364086065,3.3976721238605254,0.004266953022744044,0.004094544171607598,0.0045,0.0038
91,455,816,2.1202546208723603,0.8520814768637116,0.0015023417096764347,0.0010268457689975514,0.0014,0.001
91,455,818,14.377356986787182,7.077719424728937,0.010187315647623152,0.008529379458153798,0.0096,0.0081
91,455,820,67.21865728520575,33.7596853318559,0.04762889867749034,0.04068389113832323,0.0478,0.0417
91,455,822,54.784277039814945,28.786586954720146,0.03881831154671389,0.034690796386203385,0.0382,0.0335
91,455,824,19.68118416033418,9.757242567328626,0.013945430689700737,0.011758480285502968,0.0138,0.0115
91,455,826,14.664815871967859,9.118521932842695,0.010390999426341358,0.01098875626391364,0.0113,0.0096
91,455,828,4.795277143008613,1.954283800833108,0.0033977734515847,0.002355112869830528,0.0031,0.0024
91,455,830,38.22105448823929,17.231226298776434,0.027082164462809744,0.02076539896708493,0.0274,0.0206
91,455,832,6.063029117212617,2.7324925775947673,0.004296060218476729,0.003292934441490258,0.0042,0.0034
91,455,834,69.91057565075808,38.019062187852064,0.04953630225053353,0.04581687809074975,0.0503,0.0431
91,455,836,49.653939559556115,24.70425372966865,0.03518312551507683,0.02977116520819487,0.0345,0.0302
91,455,838,10.99758316109492,5.184193472441085,0.0077925206368611635,0.006247486041399198,0.0079,0.0067
91,455,840,39.388072847747864,23.28494273426293,0.027909074749993334,0.028060749561221267,0.0266,0.0297
91,455,842,3.384214501250852,2.1664773006802482,0.002397941525357515,0.0026108278494928186,0.0025,0.0024
91,455,844,340.20931861319565,251.06082023486428,0.241060976517486,0.3025540960802506,0.2442,0.3151
91,455,846,26.683048367356548,13.019623307226663,0.0189067181408146,0.01568998443221172,0.0192,0.0163
91,455,848,57.75274844631135,44.60968036617697,0.04092167138098065,0.05375925047560765,0.0404,0.0512
91,455,854,1.6080963587801467,0.8934100554117306,0.0011394434466461436,0.0010766509545027212,0.0011,0.001
91,455,856,1.65274814551088,0.8031785186828355,0.00117108221349838,0.0009679126774294446,0.0011,0.001
91,455,858,19.895776998607182,9.929349728095561,0.014097484017806555,0.011965887105914315,0.0138,0.012
91,455,860,136.7544480014499,82.79178019485373,0.09689964082324411,0.09977260568294066,0.0984,0.1015
91,455,862,11.182722086239387,6.081558679534868,0.0079237039044702,0.007328903360247037,0.0079,0.0067
91,455,864,0.8438838449842565,0.4441340103158184,0.0005979479473650882,0.0005352271370096433,0.0006,0.0005
91,455,890,360.78165412352865,186.05573619889026,0.2556378473321406,0.22421628764512283,0.2544,0.2155
92,460,802,20.187447509100835,12.1203944219557,0.014072984483761397,0.014314512174747107,0.0155,0.0139
92,460,806,22.232288209385416,11.753337291955319,0.015498474825415316,0.013881007820573592,0.0155,0.0139
92,460,808,6.791626050706966,3.3490247494099563,0.004734548436003139,0.003955288407291192,0.0045,0.0038
92,460,810,6.351600468867631,3.227687324250286,0.004427799740662069,0.0038119856409592435,0.0045,0.0038
92,460,816,1.9918663094308033,0.8771753061129014,0.001388561067649078,0.0010359676559696155,0.0014,0.001
92,460,818,13.601547624375234,6.6185443294212,0.009481850966383026,0.007816679068709392,0.0096,0.0081
92,460,820,65.17190306174416,33.09933462371666,0.04543234998637917,0.03909120544698989,0.0478,0.0417
92,460,822,57.45219543583216,25.930543899599574,0.040050821410780015,0.030624670569816305,0.0382,0.0335
92,460,824,18.52543384547879,8.807272045473647,0.012914368839589043,0.010401625436616766,0.0138,0.0115
92,460,826,16.540183341231103,7.951180390857638,0.011530419752907226,0.009390558140778476,0.0113,0.0096
92,460,828,4.268953334939825,2.052765249568073,0.0029759539445205225,0.0024243710339666175,0.0031,0.0024
92,460,830,38.066083004632524,17.102380804571446,0.026536460106720425,0.02019837224114834,0.0274,0.0206
92,460,832,6.16560548794302,2.890456177384933,0.004298139738850074,0.0034137065759839704,0.0042,0.0034
92,460,834,69.36793823661971,35.60939128905968,0.04835747154435323,0.04205564995634277,0.0503,0.0431
92,460,836,49.946764382281415,23.54253450067052,0.03481866837543745,0.027804367168430398,0.0345,0.0302
92,460,838,11.609728539098462,5.376896483797951,0.008093322819428189,0.006350259529529526,0.0079,0.0067
92,460,840,38.257501565808575,26.25071325653378,0.02666990097090695,0.031002799201464922,0.0266,0.0297
92,460,842,3.853403857070401,2.0080920081645823,0.0026862679229640494,0.0023716107329654146,0.0025,0.0024
92,460,844,368.73831645618844,289.70407407330276,0.2570532309107846,0.3421483122598737,0.2442,0.3151
92,460,846,26.27132605302466,13.502127831803831,0.018314151095396212,0.015946376537320752,0.0192,0.0163
92,460,848,59.678492694597026,43.84671649344993,0.041602807949182856,0.05178415282684337,0.0404,0.0512
92,460,854,1.651385648298171,0.8021044596573925,0.0011512066889451712,0.0009473069648943031,0.0011,0.001
92,460,856,1.4496516423497265,0.8657771486646473,0.0010105747673374683,0.0010225061251082797,0.0011,0.001
92,460,858,19.109972620919795,10.057952524712585,0.01332185993588686,0.011878712759315922,0.0138,0.012
92,460,860,139.618061592782,85.27050325160924,0.09732992809330059,0.10070676039476784,0.0984,0.1015
92,460,862,11.454189033713286,5.97541504072773,0.007984893804570778,0.00705712606140275,0.0079,0.0067
92,460,864,0.8095570912221594,0.40594208960594697,0.0005643548734109331,0.0004794285385119497,0.0006,0.0005
92,460,890,355.3193024101293,167.7224085656469,0.24769862694847425,0.1980846807296777,0.2544,0.2155
93,465,802,22.82321775177927,11.748984241494988,0.016601949743089015,0.013852100087018359,0.0155,0.0139
93,465,806,21.39118297086978,11.578075570770302,0.015560266238090628,0.013650598070847779,0.0155,0.0139
93,465,808,6.894814958655725,3.0561542448963186,0.0050153914612928304,0.003603218253723954,0.0045,0.0038
93,465,810,6.5170267917382425,3.198887659322716,0.00474058270168185,0.003771501528410238,0.0045,0.0038
93,465,816,1.9928369885663137,0.832358525723714,0.0014496194134487252,0.0009813540787540302,0.0014,0.001
93,465,818,14.532759521293837,7.295297670494387,0.010571346504465146,0.008601185550949506,0.0096,0.0081
93,465,820,61.87309062240227,32.51053564276792,0.04500741096783491,0.0383300534199113,0.0478,0.0417
93,465,822,51.890959540724914,30.882141702524812,0.03774625961094463,0.03641017035787806,0.0382,0.0335
93,465,824,17.59574349442184,9.289403779528362,0.01279940683052473,0.010952244743702202,0.0138,0.0115
93,465,826,18.138277379374966,8.079551066900427,0.013194054087974326,0.009525823487072758,0.0113,0.0096
93,465,828,4.497377015141421,1.9372267866257198,0.0032714592654351175,0.0022839982408707255,0.0031,0.0024
93,465,830,37.940226008775056,16.708471916186152,0.027598287510971906,0.019699356176402165,0.0274,0.0206
93,465,832,5.93831596609772,2.8593117253759575,0.004319619796820791,0.003371140124608176,0.0042,0.0034
93,465,834,73.02700284464223,34.92405021920467,0.05312093344158942,0.04117559689729583,0.0503,0.0431
93,465,836,49.66167663659323,26.87029287737268,0.03612464590423421,0.031680184316725354,0.0345,0.0302
93,465,838,10.728341202521499,5.840815941309543,0.007803955752781079,0.0068863456913256646,0.0079,0.0067
93,465,840,37.39951837188053,25.323287782053058,0.027204968693658012,0.029856259033056064,0.0266,0.0297
93,465,842,3.6450262222175493,2.0756221846143377,0.002651446558133974,0.002447166976577289,0.0025,0.0024
93,465,844,327.75739834717643,270.9631213131276,0.23841563071715527,0.3194666193409365,0.2442,0.3151
93,465,846,27.107063751937606,13.261911303459222,0.01971808335646687,0.015635847231105133,0.0192,0.0163
93,465,848,56.618342838027594,43.22617451676719,0.04118502888404676,0.05096383512631141,0.0404,0.0512
93,465,854,1.5810287319923073,0.8379239077248924,0.0011500639321057069,0.00098791568671249,0.0011,0.001
93,465,856,1.6339932609399455,0.820234555250173,0.0011885911221504375,0.0009670598683780891,0.0011,0.001
93,465,858,19.69080410071102,9.788551753056069,0.014323385231494373,0.011540742229563023,0.0138,0.012
93,465,860,139.15409165317845,88.13137221736153,0.10122276627673013,0.10390724539824737,0.0984,0.1015
93,465,862,10.761574687372791,5.9054170186886354,0.007828130286420003,0.006962510623645851,0.0079,0.0067
93,465,864,0.8491194326174158,0.39681106589435855,0.0006176621675134133,0.00046784185657446027,0.0006,0.0005
93,465,890,343.09035632921393,179.8315148572825,0.24956905354294578,0.21202208560339647,0.2544,0.2155
94,470,802,21.719663950302333,10.731243050814484,0.015528700577531022,0.012987632980746908,0.0155,0.0139
94,470,806,21.806857137984622,12.090450200662218,0.015591040257694437,0.014632631935988129,0.0155,0.0139
94,470,808,7.111361432082159,3.222973107995349,0.005084342125646419,0.003900647076508415,0.0045,0.0038
94,470,810,6.545429458847741,3.0262133675416267,0.004679723150890769,0.0036625159222423665,0.0045,0.0038
94,470,816,1.912511828991006,0.7867895469642916,0.0013673703060665514,0.0009522227593461116,0.0014,0.001
94,470,818,13.579598196249975,6.975929752325369,0.009708875553289162,0.008442713942239721,0.0096,0.0081
94,470,820,66.76397334458701,33.87208514131233,0.04773360001363754,0.04099415212430458,0.0478,0.0417
94,470,822,55.140936838696184,26.75540795858751,0.0394235886748489,0.0323810966885067,0.0382,0.0335
94,470,824,20.688494821543436,10.041108794271633,0.014791455439580001,0.012152388602348557,0.0138,0.0115
94,470,826,16.32465174929489,7.694118099876879,0.011671480259884025,0.009311911166166186,0.0113,0.0096
94,470,828,4.480750370546993,1.9851425999082153,0.0032035592735732395,0.002402545854191306,0.0031,0.0024
94,470,830,38.26890262272092,16.903223653354658,0.027360751603647752,0.020457356520742303,0.0274,0.0206
94,470,832,5.864532306548167,2.8308407989783033,0.004192908620686841,0.00342606361163948,0.0042,0.0034
94,470,834,70.75889026078445,35.295772727619365,0.05058980758506638,0.04271718940550732,0.0503,0.0431
94,470,836,48.77535089333217,25.11387229177925,0.034872446522176616,0.030394405802431468,0.0345,0.0302
94,470,838,10.87907107338998,5.26478840493544,0.007778105482981031,0.006371781833736746,0.0079,0.0067
94,470,840,37.46382756056295,25.259049125349314,0.02678515477989881,0.03057010804147188,0.0266,0.0297
94,470,842,3.1170232777580034,1.9632007427954137,0.0022285483460633645,0.002375990422938127,0.0025,0.0024
94,470,844,349.6610963334246,245.4703876263767,0.24999385262115897,0.29708387807795367,0.2442,0.3151
94,470,846,27.68444926945523,13.175149088787055,0.019793286136604037,0.015945403530749504,0.0192,0.0163
94,470,848,53.86342564255394,41.9123849779049,0.03851021870306993,0.050725034449712166,0.0404,0.0512
94,470,854,1.6720438228681245,0.7936568048967843,0.0011954451936844078,0.0009605339517391091,0.0011,0.001
94,470,856,1.4923289493176355,0.8074256327943836,0.0010669561679296816,0.0009771978631296463,0.0011,0.001
94,470,858,19.600884013851623,9.981535909775403,0.014013856733809152,0.01208028970795414,0.0138,0.012
94,470,860,141.541889810454,87.8920715163463,0.10119685235801422,0.10637257597899867,0.0984,0.1015
94,470,862,11.053522792105188,5.587499380891296,0.007902831561218831,0.006762347185274021,0.0079,0.0067
94,470,864,0.86035055329185,0.38183140315862235,0.0006151166134223874,0.00046211665333322275,0.0006,0.0005
94,470,890,340.04695985545857,190.452117653677,0.2431201253379256,0.23049726791010008,0.2544,0.2155
95,475,802,21.6953034368864,11.901583927676276,0.015592852764858358,0.014254122009828377,0.0155,0.0139
95,475,806,21.38724812852707,11.682584089441498,0.015371447192880357,0.013991833357048974,0.0155,0.0139
95,475,808,6.186929194495793,2.9339739384374353,0.004446670970840395,0.0035139207307433805,0.0045,0.0038
95,475,810,6.615090260398348,3.174803937558815,0.00475439897656685,0.003802354624245592,0.0045,0.0038
95,475,816,2.210423780232558,0.8017198463131732,0.0015886762152635928,0.0009601925740719495,0.0014,0.001
95,475,818,13.948677228548195,6.725949372337401,0.010025196048629177,0.008055440651246538,0.0096,0.0081
95,475,820,67.62755674575051,37.44924964130852,0.048605290921661735,0.0448516917418366,0.0478,0.0417
95,475,822,54.792080588800275,26.431204724177046,0.03938017496675448,0.031655754334434294,0.0382,0.0335
95,475,824,18.52141211960143,10.297036067701958,0.013311712971351534,0.012332409647367351,0.0138,0.0115
95,475,826,16.426111526517897,8.349393965080292,0.011805778115860028,0.009999784987410157,0.0113,0.0096
95,475,828,4.2542095894846135,1.9434319853885902,0.00305758635516011,0.002327582345834923,0.0031,0.0024
95,475,830,38.07351694999154,16.33137785514775,0.02736420561107203,0.0195595354324688,0.0274,0.0206
95,475,832,5.8993984516695415,2.7205820568894694,0.00424001681865014,0.003258348536825707,0.0042,0.0034
95,475,834,67.88653351937464,34.71655860238551,0.04879142275947569,0.04157884068934829,0.0503,0.0431
95,475,836,50.87159833068629,24.79462822971277,0.03656244518501403,0.02969568236651215,0.0345,0.0302
95,475,838,10.959617758665367,5.5499658860774765,0.007876898636939347,0.006647005253357014,0.0079,0.0067
95,475,840,37.53238506537105,25.063949174011544,0.02697528319623677,0.03001823889538809,0.0266,0.0297
95,475,842,3.4896233190202683,2.0155451347316906,0.002508062760061976,0.0024139498104930684,0.0025,0.0024
95,475,844,341.14559923255143,259.04113789101837,0.2451882323603937,0.31024475460589185,0.2442,0.3151
95,475,846,28.066491619407593,13.3739524639671,0.020171954391911513,0.016017527694925243,0.0192,0.0163
95,475,848,60.20877850486673,43.56470250826233,0.043273265161258845,0.052175961506317765,0.0404,0.0512
95,475,854,1.5351059159266371,0.7687316758413474,0.001103311626644958,0.0009206837650223434,0.0011,0.001
95,475,856,1.6066177465169493,0.8599292240489774,0.001154708623630231,0.0010299079646791508,0.0011,0.001
95,475,858,19.284642323866777,9.750420498456233,0.013860261934283684,0.011677746783680635,0.0138,0.012
95,475,860,142.88146900277277,84.25027688018568,0.10269179758043753,0.10090368923243495,0.0984,0.1015
95,475,862,12.278300167707119,5.29597706707246,0.008824662318033439,0.006342811489129484,0.0079,0.0067
95,475,864,0.8250925777803751,0.4050156570708491,0.0005930107002252294,0.0004850734681081957,0.0006,0.0005
95,475,890,335.1522272066027,184.76366684193337,0.24088067483590433,0.22128515550134895,0.2544,0.2155
96,480,802,22.18093560695396,12.055225425771592,0.015799933516135154,0.013922428331413782,0.0155,0.0139
96,480,806,22.476638382355393,12.03580929631525,0.01601056864328527,0.013900004887530975,0.0155,0.0139
96,480,808,6.246342717488545,3.5272308103236196,0.00444939750983151,0.004073554531805201,0.0045,0.0038
96,480,810,6.310747218646173,3.259462830220877,0.004495274151577467,0.003764312656953304,0.0045,0.0038
96,480,816,2.01563214866833,0.8455551131814076,0.0014357759522082532,0.0009765209730845942,0.0014,0.001
96,480,818,13.120728931780189,6.529710641064163,0.009346163231291523,0.007541080752479344,0.0096,0.0081
96,480,820,60.67504412747157,34.81903022806243,0.04322007332287945,0.040212060396913066,0.0478,0.0417
96,480,822,46.00623158735256,27.72741805300307,0.03277117851512982,0.032022046624928704,0.0382,0.0335
96,480,824,18.300429680567582,9.594098084332003,0.013035769878842446,0.011080103296792333,0.0138,0.0115
96,480,826,17.392181466953275,8.435795606813874,0.012388806123771827,0.009742394323315131,0.0113,0.0096
96,480,828,4.640226527554157,2.0988816143491276,0.0033053281400887914,0.0024239719971912072,0.0031,0.0024
96,480,830,39.22758518550088,17.86800421056585,0.02794261021771915,0.020635533493649334,0.0274,0.0206
96,480,832,5.535574419419408,2.8890394524014065,0.003943102732466566,0.0033365153534747004,0.0042,0.0034
96,480,834,75.40533019699129,36.63731177174005,0.053712756981322496,0.042311970899131135,0.0503,0.0431
96,480,836,48.54416954820366,26.606143365842275,0.03457900356633963,0.03072710058116151,0.0345,0.0302
96,480,838,11.237427936374532,5.18174912365929,0.008004649462640949,0.0059843369375148095,0.0079,0.0067
96,480,840,36.176313869730706,23.892872040054844,0.025769127332094407,0.027593577628019575,0.0266,0.0297
96,480,842,3.6609078016936425,1.951931160453726,0.0026077394074092144,0.0022542607648940722,0.0025,0.0024
96,480,844,345.72629486205346,283.1761433864352,0.24626790187730616,0.32703656897493955,0.2442,0.3151
96,480,846,28.41294233967011,13.975502114781579,0.020239119211176437,0.016140131745078064,0.0192,0.0163
96,480,848,58.6206943002042,42.14559885613582,0.041756717977330715,0.04867342242349729,0.0404,0.0512
96,480,854,1.527458515936594,0.865452759622069,0.0010880399018374353,0.0009995005148807766,0.0011,0.001
96,480,856,1.5842402636872306,0.879063044524945,0.0011284867006239006,0.0010152188618579576,0.0011,0.001
96,480,858,20.099173321733268,10.167257245327555,0.014317051716840242,0.011742037608231646,0.0138,0.012
96,480,860,138.41770302886746,80.51557565242513,0.09859775728425996,0.09298642638295299,0.0984,0.1015
96,480,862,11.473267750489924,5.743874014083203,0.008172642979664309,0.006633527908552155,0.0079,0.0067
96,480,864,0.8028605412037367,0.436179000646534,0.0005718939632902773,0.0005037376458499841,0.0006,0.0005
96,480,890,358.04550893540596,192.02534152047036,0.25504312970263665,0.22176765350390698,0.2544,0.2155
97,485,802,20.943692982494845,11.31649795061649,0.01418919919112678,0.013326042661850189,0.0155,0.0139
97,485,806,21.56487170968854,11.90539720917451,0.014610043246700403,0.014019516621490554,0.0155,0.0139
97,485,808,6.517629051594567,3.3561563349065624,0.004415646130042424,0.003952131012082865,0.0045,0.0038
97,485,810,6.33655959641102,3.1582522274504283,0.004292972895232519,0.0037190837751704814,0.0045,0.0038
97,485,816,2.0343531104848953,0.7701428289046538,0.0013782593897783534,0.0009069021386728843,0.0014,0.001
97,485,818,12.630074316470177,6.929680403830173,0.00855678320079069,0.00816022917137518,0.0096,0.0081
97,485,820,69.26611304279895,34.7522242150498,0.04692728622315312,0.04092340444056793,0.0478,0.0417
97,485,822,54.45011952919403,31.196319572252147,0.03688955871470012,0.036736054504379306,0.0382,0.0335
97,485,824,19.104969639204285,9.38299588757674,0.012943477541314072,0.011049195964993815,0.0138,0.0115
97,485,826,15.109332887857942,8.3132050291765,0.010236462794314739,0.009789435332286564,0.0113,0.0096
97,485,828,4.175680171703261,1.9606854885792262,0.0028289928507001134,0.002308857261433424,0.0031,0.0024
97,485,830,40.74842456179699,16.950281808020172,0.027606760341416438,0.019960254443536097,0.0274,0.0206
97,485,832,5.940138524926295,2.9540161022520177,0.004024400511577064,0.0034785801026242648,0.0042,0.0034
97,485,834,69.69496200132778,34.764889648554025,0.04721782826368813,0.040938318958110786,0.0503,0.0431
97,485,836,51.11803172668533,25.74873601913584,0.03463209353930641,0.030321107835399742,0.0345,0.0302
97,485,838,11.678186485360406,5.547929017308765,0.00791188614015696,0.006533111134928946,0.0079,0.0067
97,485,840,36.516927568186425,23.99280332732298,0.024739952001111874,0.028253362666837162,0.0266,0.0297
97,485,842,3.394906843051108,2.070427440213003,0.0023000246170354886,0.0024380868106851643,0.0025,0.0024
97,485,844,368.50207647121107,265.52526760993385,0.24965746822989335,0.3126763296746238,0.2442,0.3151
97,485,846,26.117639350588338,14.084347585520488,0.017694510106563067,0.01658539749735456,0.0192,0.0163
97,485,848,58.18464153814587,42.336215216793896,0.03941967012881198,0.04985413443118522,0.0404,0.0512
97,485,854,1.65299824425653,0.8102909701497923,0.0011198942502615307,0.0009541796484962794,0.0011,0.001
97,485,856,1.5683734242096237,0.8490049519242687,0.0010625615520997293,0.000999768325752096,0.0011,0.001
97,485,858,19.052332449970244,9.916970229511236,0.012907816229647255,0.011677991630579107,0.0138,0.012
97,485,860,147.00011793595547,89.43102501772593,0.09959150739345565,0.10531187827540617,0.0984,0.1015
97,485,862,11.672638747177437,5.162374837131315,0.007908127588014121,0.006079091571993447,0.0079,0.0067
97,485,864,0.8681852096673093,0.4320672179597341,0.0005881891452981077,0.0005087922256906939,0.0006,0.0005
97,485,890,390.1866783370075,185.58348594016394,0.26434862778380946,0.2185387618824932,0.2544,0.2155
98,490,802,20.99430908916532,11.843750953512835,0.015008429366013983,0.014078562449775232,0.0155,0.0139
98,490,806,22.578543388712152,10.806570523339637,0.016140968116538333,0.012845675206942152,0.0155,0.0139
98,490,808,6.475246749479517,3.0748677623512255,0.004629029850628856,0.003655068228551589,0.0045,0.0038
98,490,810,6.4038998683339265,3.089796612837418,0.004578025332137147,0.0036728140216451934,0.0045,0.0038
98,490,816,1.8037219998742016,0.8060849070941181,0.001289446302617702,0.0009581860298219,0.0014,0.001
98,490,818,13.440490598098943,7.070940625818842,0.009608349240235127,0.008405164847688508,0.0096,0.0081
98,490,820,68.8927862865435,34.800977392454975,0.049250133091690754,0.04136761533199715,0.0478,0.0417
98,490,822,52.40762252266064,29.24916126218567,0.037465205334049276,0.03476822039314264,0.0382,0.0335
98,490,824,18.928364345176217,9.2328093242689,0.013531525047202649,0.010974959129821413,0.0138,0.0115
98,490,826,16.289857593668675,8.441465337783415,0.011645307118164512,0.010034295502502772,0.0113,0.0096
98,490,828,4.366820194724256,2.027312058500013,0.0031217560991528724,0.002409847989273146,0.0031,0.0024
98,490,830,38.34986793039074,17.079699158926182,0.02741558588971491,0.020302487968222302,0.0274,0.0206
98,490,832,6.143960472212274,2.85599662923987,0.004392199637680285,0.0033948980402340656,0.0042,0.0034
98,490,834,71.04829010961126,36.51566000695044,0.05079106148039305,0.04340584345452942,0.0503,0.0431
98,490,836,48.203275069283876,25.432919063325087,0.034459597885088226,0.030231886901244034,0.0345,0.0302
98,490,838,10.851276437133622,5.507503584819858,0.007757369639844945,0.006546721006342149,0.0079,0.0067
98,490,840,35.54989186502353,25.89431469463468,0.025413936641572675,0.030780343824641173,0.0266,0.0297
98,490,842,3.564789629259978,2.226964692630765,0.002548399812931146,0.002647173317110965,0.0025,0.0024
98,490,844,340.96948781195715,263.67040262062375,0.24375255465933413,0.31342268543318436,0.2442,0.3151
98,490,846,26.965086915227243,12.862899830743828,0.01927682404773559,0.015290015744430943,0.0192,0.0163
98,490,848,53.31756958817475,41.3445795279717,0.03811570905872904,0.049145937560567045,0.0404,0.0512
98,490,854,1.5214847890866094,0.7526248643494705,0.0010876803276301066,0.000894638547837323,0.0011,0.001
98,490,856,1.4513554743649428,0.8526459835841749,0.0010375462240491374,0.0010135327713792783,0.0011,0.001
98,490,858,19.486763837447615,9.906702708236867,0.013930714146599993,0.011776010260322383,0.0138,0.012
98,490,860,138.13376905982818,84.14975457864621,0.09874918518112295,0.10002807215541355,0.0984,0.1015
98,490,862,12.175098020730646,5.879279277247581,0.008703744328634983,0.006988647497678891,0.0079,0.0067
98,490,864,0.7348911335833666,0.4335455420538342,0.0005253595926044552,0.0005153517675763195,0.0006,0.0005
98,490,890,357.78599928709207,185.45215605873577,0.255774356547903,0.22044534461812415,0.2544,0.2155
99,495,802,21.32164690347031,11.120215692117483,0.015018610326702325,0.01326424423662044,0.0155,0.0139
99,495,806,21.830596916596477,11.954656002468305,0.015377106176367103,0.01425956846268022,0.0155,0.0139
99,495,808,6.009709521791703,3.325694759317832,0.004233138551308242,0.003966903949112205,0.0045,0.0038
99,495,810,5.896464880012895,3.218532826034599,0.004153370925750852,0.0038390807040159076,0.0045,0.0038
99,495,816,1.8409423832594674,0.8723682359204138,0.0012967289259247876,0.0010405648294862086,0.0014,0.001
99,495,818,14.109360155005264,7.039776899344075,0.009938396554753709,0.008397078145742125,0.0096,0.0081
99,495,820,70.5388238362342,34.99884240168439,0.049686363951927,0.041746779601046675,0.0478,0.0417
99,495,822,59.027314336864485,28.690985955774355,0.041577849810131184,0.03422273952623053,0.0382,0.0335
99,495,824,18.612518559575154,9.796980975832353,0.013110345777242806,0.011685883803232213,0.0138,0.0115
99,495,826,13.320332286871947,7.691357244216978,0.00938261856339816,0.009174286167012964,0.0113,0.0096
99,495,828,4.326125875842806,1.9644203410331333,0.003047250479650894,0.002343169584859651,0.0031,0.0024
99,495,830,40.0649873343685,17.61628613183219,0.028221104835068286,0.021012786825748836,0.0274,0.0206
99,495,832,5.858405391676875,2.816976833384135,0.00412656246076031,0.0033601028758277482,0.0042,0.0034
99,495,834,70.27583460920408,35.96172428284416,0.04950111875305622,0.04289530952135865,0.0503,0.0431
99,495,836,47.586305798317895,25.4086185135191,0.03351899536221616,0.030307516599460627,0.0345,0.0302
99,495,838,10.471937622621056,5.883519885846812,0.007376257154604755,0.007017889481424714,0.0079,0.0067
99,495,840,38.205449088690735,24.533260687309635,0.0269112772956727,0.029263385772977657,0.0266,0.0297
99,495,842,3.3689745170218837,1.8726138329723125,0.002373049122368996,0.0022336623613358137,0.0025,0.0024
99,495,844,344.0378397414687,254.8129031125755,0.2423344817644741,0.3039419985282597,0.2442,0.3151
99,495,846,27.55942818624314,13.18548324366008,0.019412398799670362,0.01572770483631424,0.0192,0.0163
99,495,848,61.997387888549014,41.796427899619204,0.04366991978560454,0.04985497073333105,0.0404,0.0512
99,495,854,1.6225901579880933,0.78526518595359,0.0011429252821365892,0.000936667912330773,0.0011,0.001
99,495,856,1.5324502203879582,0.8186906701987692,0.0010794322225329545,0.0009765379831127311,0.0011,0.001
99,495,858,20.402838628614624,10.193112186173984,0.014371417194413788,0.012158390926223003,0.0138,0.012
99,495,860,137.484299570305,87.83415241672469,0.0968416337928356,0.10476897950799867,0.0984,0.1015
99,495,862,10.667460134818954,5.7324737283417635,0.007513979931559672,0.006837720932574516,0.0079,0.0067
99,495,864,0.9118776559910456,0.37933477010283695,0.0006423113206479003,0.00045247225210324967,0.0006,0.0005
99,495,890,360.7998419580858,188.0556188491808,0.2541413548792202,0.2243136039395794,0.2544,0.2155
100,500,802,21.690959233162175,12.18496834860851,0.015309168127767258,0.014530858296770113,0.0155,0.0139
100,500,806,20.773620793609822,11.571278962435555,0.01466172380544794,0.013799019423365947,0.0155,0.0139
100,500,808,6.513738102707136,3.4282276250346966,0.0045973029907377585,0.004088241216821926,0.0045,0.0038
100,500,810,5.9776526197163475,3.303108321005006,0.004218941540617378,0.003939033535272754,0.0045,0.0038
100,500,816,1.9446346799165108,0.8218369146773011,0.001372495284413877,0.0009800596446846211,0.0014,0.001
100,500,818,14.672758098558644,6.90005370319248,0.010355822359643337,0.008228474603517836,0.0096,0.0081
100,500,820,65.78959098478808,36.01526662795357,0.04643335034733415,0.04294904351975194,0.0478,0.0417
100,500,822,50.00472044741107,26.88779870232197,0.03529261496840755,0.03206432562462397,0.0382,0.0335
100,500,824,19.678254720461947,9.775894444522953,0.01388863013102733,0.0116579816076229,0.0138,0.0115
100,500,826,16.389042367855254,7.659794519048259,0.011567151197214229,0.00913448320539767,0.0113,0.0096
100,500,828,4.396619879105063,1.9514003524327705,0.003103071293416963,0.0023270903288563705,0.0031,0.0024
100,500,830,38.32316962686489,17.357599618707578,0.027047943832269508,0.020699341452151878,0.0274,0.0206
100,500,832,5.958601329541133,2.903617836773889,0.004205495413076032,0.003462631836787148,0.0042,0.0034
100,500,834,71.6370331189089,36.41411285879815,0.050560391193539986,0.04342467693108249,0.0503,0.0431
100,500,836,49.135738726944695,25.708771467994154,0.03467930012531673,0.030658308212029972,0.0345,0.0302
100,500,838,10.42201367761373,5.393339250316283,0.007355707873746186,0.006431682557608275,0.0079,0.0067
100,500,840,37.51225688571966,25.788870206070683,0.026475613242474237,0.030753827821063104,0.0266,0.0297
100,500,842,3.819660902857828,1.9026942981481825,0.0026958619176006347,0.002269007225744743,0.0025,0.0024
100,500,844,346.1005851653622,256.1802621645952,0.24427283231045596,0.30550092387956446,0.2442,0.3151
100,500,846,26.23526683406076,13.609064292134175,0.018516475298401086,0.01622912584776787,0.0192,0.0163
100,500,848,57.28046163936598,44.60360557686485,0.040427728817658985,0.05319083756474942,0.0404,0.0512
100,500,854,1.4632201740986754,0.798303740553772,0.0010327198263768006,0.0009519957869314518,0.0011,0.001
100,500,856,1.577683483616165,0.8110554699833495,0.001113506389618543,0.000967202521005661,0.0011,0.001
100,500,858,19.750536548843524,10.121666271527205,0.013939645609475337,0.012070322557346243,0.0138,0.012
100,500,860,139.50058330141115,85.81802387113727,0.09845751221632651,0.10233999042949796,0.0984,0.1015
100,500,862,12.020431532064594,5.52642183859339,0.008483848285111752,0.006590386640926052,0.0079,0.0067
100,500,864,0.891770623306622,0.4274623575417565,0.0006293989240795144,0.0005097588083067831,0.0006,0.0005
100,500,890,367.40013129290344,184.69356071234824,0.25930574667844475,0.2202513689207504,0.2544,0.2155
101,505,802,21.62267066442647,11.034714474836207,0.015448614773427462,0.013326576137928975,0.0155,0.0139
101,505,806,22.570161026091235,11.317980368329351,0.01612556230808033,0.013668675111629053,0.0155,0.0139
101,505,808,6.493076927080741,3.1483234570771863,0.004639068212130177,0.0038022163920276393,0.0045,0.0038
101,505,810,6.3858102397516205,3.2176134165401145,0.004562430050439282,0.0038858975713170953,0.0045,0.0038
101,505,816,2.1301454572026106,0.8511322745241334,0.0015219117513466743,0.0010279087044581545,0.0014,0.001
101,505,818,14.232309189270728,6.72355840399368,0.010168469261435107,0.008120011912674705,0.0096,0.0081
101,505,820,67.36986088064714,33.272180007403854,0.04813332470520353,0.040182665455884156,0.0478,0.0417
101,505,822,55.89398254586695,26.550805447454458,0.039934225420376876,0.03206529096205666,0.0382,0.0335
101,505,824,18.814008516412283,10.374960451179112,0.013441927430001221,0.012529794105315323,0.0138,0.0115
101,505,826,15.140314590983103,7.536516601504954,0.0108172062227913,0.00910181795222321,0.0113,0.0096
101,505,828,4.176103737643379,2.0019497729714995,0.0029836748151033437,0.002417745935760637,0.0031,0.0024
101,505,830,37.312789793967625,17.328762225461197,0.02665863641891487,0.020927869923621566,0.0274,0.0206
101,505,832,6.175600341644202,2.828745666597423,0.004412242694408113,0.0034162637000452853,0.0042,0.0034
101,505,834,72.88497847329435,36.04375588318089,0.05207367640556641,0.043529885451002163,0.0503,0.0431
101,505,836,50.62320532388645,25.71819055460082,0.03616844606209923,0.03105974561799806,0.0345,0.0302
101,505,838,11.085322101522895,5.532437451149634,0.007920061006503377,0.006681500376761646,0.0079,0.0067
101,505,840,37.24012320996043,25.71865617728179,0.02660671877744263,0.031060307948461947,0.0266,0.0297
101,505,842,3.7988329314408578,1.9098846416146265,0.002714128493063122,0.0023065592815455526,0.0025,0.0024
101,505,844,346.70969319967014,257.75142852819937,0.24771151406689554,0.3112852665806737,0.2442,0.3151
101,505,846,27.730480141461157,13.382841621358608,0.019812423351219584,0.01616239896515561,0.0192,0.0163
101,505,848,55.00647231950763,47.027969228883585,0.0393001315192447,0.05679547159739272,0.0404,0.0512
101,505,854,1.513704174268333,0.8436535121035504,0.0010814867891260486,0.001018876635976214,0.0011,0.001
101,505,856,1.5499810460289314,0.8534545587899075,0.0011074052996427224,0.0010307133169519646,0.0011,0.001
101,505,858,19.699801463323727,9.994079301301547,0.014074794397187068,0.012069805615815176,0.0138,0.012
101,505,860,133.54466948410396,85.09371246007846,0.0954128278565879,0.10276730227540425,0.0984,0.1015
101,505,862,11.442300952267738,5.890796991616939,0.008175109461571923,0.007114289617632481,0.0079,0.0067
101,505,864,0.8455255553750172,0.4530049843869819,0.0006040973748708492,0.0005470921272191821,0.0006,0.0005
101,505,890,347.6591759279665,175.62211075216396,0.24838988507532075,0.21209805072706678,0.2544,0.2155
102,510,802,21.403175418192557,11.007046230302791,0.015020444041776226,0.012586349685076421,0.0155,0.0139
102,510,806,22.937141113441946,12.469248525253038,0.01609695934557144,0.014258350420741433,0.0155,0.0139
102,510,808,5.864345490893844,3.0369156236618164,0.004115514243402499,0.0034726557155950162,0.0045,0.0038
102,510,810,6.072555959530492,3.2955378809445266,0.004261633388434152,0.003768385387152365,0.0045,0.0038
102,510,816,1.9411772535456195,0.8576283189849345,0.0013622905826986443,0.0009806818011585392,0.0014,0.001
102,510,818,13.015553626525506,6.706083108292118,0.009134130384867602,0.007668279504975507,0.0096,0.0081
102,510,820,69.27848894904227,34.96186916791669,0.048618658036760486,0.03997823773828069,0.0478,0.0417
102,510,822,55.79032050450711,26.88809461067578,0.03915285329570393,0.030746028866826564,0.0382,0.0335
102,510,824,19.699766241999853,9.213237412521577,0.013825015713440292,0.010535163147255656,0.0138,0.0115
102,510,826,16.778303776407217,7.259106951537894,0.011774774913783778,0.008300651835357256,0.0113,0.0096
102,510,828,4.396951855255775,2.0865410908965094,0.003085718264034617,0.002385920368900082,0.0031,0.0024
102,510,830,38.68300102523148,17.491834616015627,0.027147179841996025,0.0200015828501377,0.0274,0.0206
102,510,832,6.124476047197438,2.806712382423891,0.004298070167379701,0.0032094226526792054,0.0042,0.0034
102,510,834,71.44773017296615,36.61512513350304,0.050141000669590916,0.04186870474154648,0.0503,0.0431
102,510,836,47.47840748137368,25.152004568925808,0.033319670975571834,0.028760842660368432,0.0345,0.0302
102,510,838,11.058313033983616,5.621246229848602,0.007760566779367282,0.006427789003012636,0.0079,0.0067
102,510,840,38.49223219429945,25.462679419277336,0.027013300990192845,0.029116093489979563,0.0266,0.0297
102,510,842,3.8217306236730706,2.0415275974760716,0.0026820361864076867,0.002334448288481562,0.0025,0.0024
102,510,844,346.2757262189115,279.1649211665919,0.2430113787824019,0.31921982011270805,0.2442,0.3151
102,510,846,27.133057835806724,14.26289662134921,0.019041594013129357,0.016309353176347824,0.0192,0.0163
102,510,848,54.354501458596026,42.50720547792931,0.03814521591424826,0.04860618744452178,0.0404,0.0512
102,510,854,1.4288151608715007,0.8691519680897972,0.0010027221545672981,0.0009938588764834904,0.0011,0.001
102,510,856,1.5845563885743803,0.8391350139495024,0.0011120191327026192,0.0009595350557793904,0.0011,0.001
102,510,858,19.5118255699993,9.995478783338784,0.0136931216233438,0.011429641395573875,0.0138,0.012
102,510,860,137.2767047993251,89.24579605274373,0.09633883862508769,0.10205088391020099,0.0984,0.1015
102,510,862,11.067876409421052,5.475041231383081,0.007767278220207336,0.006260606345840996,0.0079,0.0067
102,510,864,0.8684461109128608,0.38892196407058605,0.0006094631267273137,0.0004447249277942267,0.0006,0.0005
102,510,890,371.15108339155347,198.8015317484046,0.2604685505866041,0.22732580059722438,0.2544,0.2155
103,515,802,22.371859326160937,12.042896985660104,0.015861928979354758,0.014695499468441812,0.0155,0.0139
103,515,806,21.00014875372706,12.08700976068656,0.014889368971580478,0.014749328647809923,0.0155,0.0139
103,515,808,6.652468629095426,3.4194436192820334,0.004716683731722929,0.004172619922711355,0.0045,0.0038
103,515,810,6.378226660385269,3.0649233915483536,0.004522242734780301,0.0037400120689353314,0.0045,0.0038
103,515,816,1.922103032912242,0.8455675377064362,0.001362795168455416,0.0010318146302914241,0.0014,0.001
103,515,818,12.65285719753629,6.720004315760091,0.008971034518286446,0.008200171434478657,0.0096,0.0081
103,515,820,61.737959960789276,36.65635592429394,0.04377298828636674,0.044730388347745946,0.0478,0.0417
103,515,822,53.727620008596126,29.7942017321389,0.03809355674830068,0.03635675670386017,0.0382,0.0335
103,515,824,19.234967072072813,9.849552057017595,0.013637833010181136,0.012019042194801122,0.0138,0.0115
103,515,826,15.316633404100115,8.23085441199153,0.010859685273210582,0.010043805637486612,0.0113,0.0096
103,515,828,4.501850798414493,1.9017689744741846,0.003191868704296738,0.00232065797679433,0.0031,0.0024
103,515,830,35.5072413065459,17.07239672762939,0.02517507962329439,0.020832811020026643,0.0274,0.0206
103,515,832,6.102604190461333,2.9223187814251617,0.004326822945154883,0.003565996964865432,0.0042,0.0034
103,515,834,66.62780563943363,35.52580735888938,0.04723995022921977,0.04335082196419777,0.0503,0.0431
103,515,836,48.51246558310862,25.9999522628545,0.03439594682203418,0.03172677513668426,0.0345,0.0302
103,515,838,11.795982645851542,5.944216755493145,0.008363499709270986,0.007253506716421054,0.0079,0.0067
103,515,840,39.57321054998847,25.006865725056453,0.02805790283577139,0.03051494855494854,0.0266,0.0297
103,515,842,3.5141032663940597,1.9366961125069178,0.002491543310058277,0.0023632782648367666,0.0025,0.0024
103,515,844,366.83103345532595,247.8235486400863,0.26008780563390854,0.3024098629793378,0.2442,0.3151
103,515,846,26.94896811107953,13.566927923549864,0.019107156540403354,0.016555217762496476,0.0192,0.0163
103,515,848,56.68698220430154,42.40533050229379,0.04019178167847334,0.05174564829356135,0.0404,0.0512
103,515,854,1.6595235090104172,0.8157534610796243,0.0011766229912196558,0.0009954336209924907,0.0011,0.001
103,515,856,1.6561822047019765,0.8496471493693677,0.0011742539645390293,0.0010367928287344935,0.0011,0.001
103,515,858,19.55475777476545,10.272848441059029,0.013864568631052706,0.012535575035203333,0.0138,0.012
103,515,860,140.0303225419368,83.80925511850579,0.09928325575152346,0.10226931821396774,0.0984,0.1015
103,515,862,10.684635683951896,5.560196301855851,0.007575540768350054,0.0067849008337154725,0.0079,0.0067
103,515,864,0.8776187701691273,0.38926685978601344,0.0006222427202147168,0.0004750078770813151,0.0006,0.0005
103,515,890,348.35214199422495,174.98198169984187,0.24698603971897476,0.21352400689957188,0.2544,0.2155
104,520,802,23.98000016089893,11.749037268973435,0.017134828886058568,0.014255879223436223,0.0155,0.0139
104,520,806,21.657906094449718,11.399573081542249,0.015475584339813012,0.013831851353332227,0.0155,0.0139
104,520,808,6.2834679507901665,3.061353795446505,0.004489831001893811,0.0037145417934236133,0.0045,0.0038
104,520,810,6.526722936702542,3.3457355360408565,0.0046636480382291805,0.0040596008526854,0.0045,0.0038
104,520,816,1.880425916812979,0.7881314876441361,0.001343652047594163,0.0009562917405762573,0.0014,0.001
104,520,818,12.833641073187486,7.39139566061329,0.009170235291854862,0.008968466217108218,0.0096,0.0081
104,520,820,67.2899937351672,36.302878885750324,0.048081839894066995,0.04404866926628691,0.0478,0.0417
104,520,822,54.81825631770709,26.387422331729777,0.03917020164860578,0.03201759405192624,0.0382,0.0335
104,520,824,20.204871842430933,9.71515712120724,0.014437323576390621,0.011788038746151492,0.0138,0.0115
104,520,826,16.910092819700296,7.101360929181371,0.012083050248906688,0.008616548012472506,0.0113,0.0096
104,520,828,4.666829238966329,2.0227193285043565,0.0033346672190825107,0.0024542983216349623,0.0031,0.0024
104,520,830,40.914926956930316,17.62995938906432,0.029235624169666616,0.021391588605161202,0.0274,0.0206
104,520,832,6.03191404256702,2.880734214432483,0.004310083998386647,0.003495384183027461,0.0042,0.0034
104,520,834,68.1173448143611,35.590999141428384,0.04867302083967013,0.04318489877817516,0.0503,0.0431
104,520,836,50.66291818614411,25.102532207532278,0.03620101868904333,0.030458552403950772,0.0345,0.0302
104,520,838,11.254646697581565,6.20472919075333,0.008041970143542949,0.00752860578552214,0.0079,0.0067
104,520,840,37.848686749843864,23.902612645376102,0.02704465248828821,0.02900261112430995,0.0266,0.0297
104,520,842,3.587297563107074,2.118947749697857,0.002563291471842525,0.00257105859049709,0.0025,0.0024
104,520,844,340.39941672869156,259.6191223703198,0.2432312643629951,0.3150129468377429,0.2442,0.3151
104,520,846,27.205040526222344,14.246531839192087,0.019439270689213962,0.017286253554467324,0.0192,0.0163
104,520,848,53.418146357425016,43.78710935069941,0.038169757760777204,0.05312977805384959,0.0404,0.0512
104,520,854,1.5995506374153594,0.8963256441664482,0.0011429535564135985,0.001087570822662138,0.0011,0.001
104,520,856,1.6416679534551408,0.8145463741664987,0.0011730483436796322,0.000988342658735995,0.0011,0.001
104,520,858,18.909986336129457,10.317317733791077,0.013512067470108703,0.01251867979950612,0.0138,0.012
104,520,860,139.96648313413212,86.41318649961491,0.10001258224332107,0.10485079941859916,0.0984,0.1015
104,520,862,10.857014560773443,5.565457661766377,0.0077578434305283816,0.0067529356178662936,0.0079,0.0067
104,520,864,0.8214273773857441,0.428470863804495,0.0005869481842947976,0.0005198918639307351,0.0006,0.0005
104,520,890,349.200067553288,169.37046815655387,0.2495197399657308,0.20550832232296173,0.2544,0.2155
105,525,802,22.32479311468794,11.876455861705733,0.015329159928172657,0.014420347172733222,0.0155,0.0139
105,525,806,20.742909792820257,11.501616883806143,0.014242971030293695,0.013965219122907066,0.0155,0.0139
105,525,808,5.785378143050574,3.3340206498657916,0.003972488629309139,0.004048155090370645,0.0045,0.0038
105,525,810,6.094371555688999,3.2646674054028555,0.004184656751752789,0.003963946646845361,0.0045,0.0038
105,525,816,2.1130752767810357,0.8365543348856924,0.0014509280642217041,0.001015741066053525,0.0014,0.001
105,525,818,12.900732577857987,7.341439533416129,0.008858195991364576,0.008913947734259872,0.0096,0.0081
105,525,820,69.1783033404669,33.5681516222373,0.047500788473957646,0.04075832099881075,0.0478,0.0417
105,525,822,55.413416197600384,26.858225032294694,0.038049226915368134,0.03261115385928421,0.0382,0.0335
105,525,824,19.3985939291234,9.77794492691503,0.013319906132772619,0.011872343241439813,0.0138,0.0115
105,525,826,15.31394597026345,7.8934081824206,0.010515211751508543,0.009584145951623163,0.0113,0.0096
105,525,828,4.241680419387993,1.970595976093052,0.0029125196000234425,0.0023926900788710224,0.0031,0.0024
105,525,830,38.618778037045374,16.358472676145993,0.02651730843458458,0.01986239480469181,0.0274,0.0206
105,525,832,6.191904456197987,2.914272500825559,0.004251627022092144,0.0035384984971281066,0.0042,0.0034
105,525,834,70.12749756789293,34.666181111783416,0.0481525459187126,0.04209154419515242,0.0503,0.0431
105,525,836,48.8850927197257,25.64474590145325,0.03356660017203922,0.031137752151117797,0.0345,0.0302
105,525,838,11.719609260785143,5.949041552569463,0.008047186091774898,0.007223303444395279,0.0079,0.0067
105,525,840,36.0090890793165,24.894028137747238,0.02472538412915877,0.03022623352069165,0.0266,0.0297
105,525,842,3.4635961208642656,1.9980565602902243,0.002378253567259045,0.002426032614918845,0.0025,0.0024
105,525,844,366.04582418548904,260.26951703780486,0.25134275382321125,0.3160182497091946,0.2442,0.3151
105,525,846,27.599142739786924,13.986952052762863,0.018950754471283835,0.016982903556233636,0.0192,0.0163
105,525,848,60.62889426727794,42.55797168557638,0.041630397724936104,0.051673726052581845,0.0404,0.0512
105,525,854,1.5619239657537944,0.8140623635286692,0.0010724839483924717,0.0009884314006664587,0.0011,0.001
105,525,856,1.6698161210394353,0.8305760492371388,0.0011465673271217776,0.001008482254539908,0.0011,0.001
105,525,858,19.69191478431465,10.12224656196283,0.013521312805452457,0.012290392966656061,0.0138,0.012
105,525,860,144.33283217598495,86.86626332421137,0.09910510954997956,0.10547268388140861,0.0984,0.1015
105,525,862,11.408179776697606,6.215628937870984,0.007833345258249535,0.007546992825527454,0.0079,0.0067
105,525,864,0.8085538172159559,0.414565447669695,0.0005551877104062974,0.000503363777109004,0.0006,0.0005
105,525,890,374.09130929362755,170.86448565505154,0.25686712877660084,0.20746300338478774,0.2544,0.2155
106,530,802,22.41570404638192,11.914140237956971,0.016031241110622874,0.013907984817245346,0.0155,0.0139
106,530,806,20.973855674125943,10.63012492391928,0.015000061413890325,0.012409088116679982,0.0155,0.0139
106,530,808,6.487432892682745,2.8326183385055903,0.004639675857442872,0.003306660158277782,0.0045,0.0038
106,530,810,6.90699085863245,3.4219869047635845,0.004939734909708414,0.00399466020759426,0.0045,0.0038
106,530,816,1.7731409052459512,0.7944332990665689,0.001268113163712745,0.0009273825925375074,0.0014,0.001
106,530,818,13.477507556937821,7.189171479139154,0.009638830561308473,0.008392287297567205,0.0096,0.0081
106,530,820,69.24099082269925,35.426821702543954,0.04951970352215118,0.041355539595925535,0.0478,0.0417
106,530,822,50.59691007287902,28.948028769020354,0.03618584824070025,0.03379251348125441,0.0382,0.0335
106,530,824,20.769215984365342,9.769364749973086,0.014853707402409487,0.01140427877320813,0.0138,0.0115
106,530,826,14.171060813504242,8.070889625995969,0.01013484529526766,0.00942156195395459,0.0113,0.0096
106,530,828,4.221301844783714,1.9483472818167615,0.0030189864897581828,0.002274405359767314,0.0031,0.0024
106,530,830,37.05359935301095,17.382758439148628,0.026499956638230925,0.020291782338041305,0.0274,0.0206
106,530,832,6.166362638171689,2.8222331770705353,0.0044100531495026955,0.003294537028561444,0.0042,0.0034
106,530,834,69.14914416732705,37.42295791974007,0.04945401672175316,0.04368573142239658,0.0503,0.0431
106,530,836,48.553356748041566,24.75432376943621,0.03472434178945979,0.028896987299985966,0.0345,0.0302
106,530,838,11.655042137345285,5.433903323516842,0.008335441540075558,0.006343273069850212,0.0079,0.0067
106,530,840,36.403331010920894,25.902898275478496,0.026034898366713757,0.030237777023160356,0.0266,0.0297
106,530,842,3.2790341377952044,1.9546980100564233,0.002345096400460509,0.0022818188894196067,0.0025,0.0024
106,530,844,343.6077617214197,277.4633169797551,0.24574106011747793,0.32389711072921684,0.2442,0.3151
106,530,846,28.686904560322674,14.282438588479424,0.02051627210871341,0.016672620522710374,0.0192,0.0163
106,530,848,57.98294265853104,43.93222871139557,0.04146818374024557,0.051284335898552004,0.0404,0.0512
106,530,854,1.424686211739686,0.8132352318974471,0.0010189056797020525,0.0009493310496753228,0.0011,0.001
106,530,856,1.4473959963386938,0.8517203898206211,0.0010351472410522421,0.0009942567414495014,0.0011,0.001
106,530,858,19.541795143131516,9.75345708584132,0.013975881775817175,0.011385708943845406,0.0138,0.012
106,530,860,140.95793096918507,82.87984510455249,0.10081015403958637,0.0967498790804417,0.0984,0.1015
106,530,862,10.022039943596436,5.484233631575944,0.007167552641828376,0.006402026210769536,0.0079,0.0067
106,530,864,0.91355507124036,0.3874507991470005,0.0006533554147834299,0.0004522911199918948,0.0006,0.0005
106,530,890,350.37232619782503,184.172669778746,0.2505789346676245,0.21499417027792006,0.2544,0.2155
107,535,802,21.573199818720877,12.167229822794607,0.014770525249745549,0.01483588803583099,0.0155,0.0139
107,535,806,22.664960733049213,11.044327170377787,0.015518021322988155,0.013466697326933274,0.0155,0.0139
107,535,808,6.6001775226142625,3.393800902566119,0.0045189443184027985,0.004138168748324715,0.0045,0.0038
107,535,810,6.051928567056788,3.0849950438305527,0.0041435746417087995,0.0037616320007055897,0.0045,0.0038
107,535,816,2.066103802573597,0.8409008198699438,0.001414599532797451,0.0010253369579209244,0.0014,0.001
107,535,818,14.326823899453554,6.8112419981649825,0.00980914819932743,0.00830516273148819,0.0096,0.0081
107,535,820,65.18680711362029,35.196329833079375,0.04463145887085704,0.04291599783029415,0.0478,0.0417
107,535,822,47.16126728411305,26.28534783254161,0.032289910401956,0.03205055572270693,0.0382,0.0335
107,535,824,18.542991630510826,9.47181371925273,0.012695832254175083,0.011549281955028091,0.0138,0.0115
107,535,826,15.682621630210651,8.328239266465985,0.01073742239063758,0.01015488546632233,0.0113,0.0096
107,535,828,4.25679955331919,1.998522057858259,0.002914503449360563,0.002436861135965097,0.0031,0.0024
107,535,830,37.111781135081756,16.682395962088368,0.02540932754180818,0.020341372873492407,0.0274,0.0206
107,535,832,6.161966054730322,2.839214716890196,0.004218914021298195,0.0034619442767944496,0.0042,0.0034
107,535,834,70.91898896160842,34.571241884920184,0.0485561124889248,0.042153808330588696,0.0503,0.0431
107,535,836,51.13134648199377,24.580826643403206,0.03500810499193517,0.02997217914191916,0.0345,0.0302
107,535,838,11.469251567695887,6.025720063368261,0.007852653815839005,0.007347350999149531,0.0079,0.0067
107,535,840,36.25718934128032,24.447452182775336,0.02482421407812925,0.029809551444938586,0.0266,0.0297
107,535,842,3.8217530671440656,2.030074485715509,0.002616640120653688,0.0024753340089005474,0.0025,0.0024
107,535,844,377.2483336783842,251.9154573942109,0.2582906608590155,0.30716848245883216,0.2442,0.3151
107,535,846,27.931402104934453,13.41110577458703,0.019123796354665757,0.01635258531368487,0.0192,0.0163
107,535,848,56.42901388952541,41.00786965912531,0.03863525955710063,0.050002192093959924,0.0404,0.0512
107,535,854,1.5441459650717722,0.8441750879957174,0.0010572305989857394,0.001029329376575026,0.0011,0.001
107,535,856,1.4970047639798842,0.8372299526181857,0.0010249544273059673,0.0010208609534125314,0.0011,0.001
107,535,858,20.130849985176805,9.85649890328057,0.013782991420070384,0.012018340763187372,0.0138,0.012
107,535,860,144.18265505971883,84.792383415013,0.09871755534785574,0.10339003412918611,0.0984,0.1015
107,535,862,12.148822164334016,5.432456126581269,0.008317935495931619,0.006623965522746445,0.0079,0.0067
107,535,864,0.8576294472988478,0.4390623559306082,0.0005871932542552254,0.0005353626131998672,0.0006,0.0005
107,535,890,377.60157552311057,181.78552444220915,0.2585325149942685,0.22165683778791226,0.2544,0.2155
108,540,802,21.99328098908623,12.172697505905223,0.015518740439006059,0.014738887510994059,0.0155,0.0139
108,540,806,22.56891130266625,11.446326884877951,0.015924912552648624,0.01385938690158368,0.0155,0.0139
108,540,808,6.462163381786382,2.875021723349571,0.004559785156482879,0.003481120084644905,0.0045,0.0038
108,540,810,6.322581039432292,3.417184368646926,0.0044612940699580205,0.004137578871846686,0.0045,0.0038
108,540,816,1.7180111498256874,0.7988935663037022,0.001212250646854074,0.0009673124959603198,0.0014,0.001
108,540,818,13.381606545571078,7.351254853825974,0.009442232777395624,0.008901011324944834,0.0096,0.0081
108,540,820,67.09124446722885,34.49219465195794,0.04734044043421663,0.041763674545916805,0.0478,0.0417
108,540,822,54.40364038049244,28.348459580216723,0.03838790467056042,0.03432474656172807,0.0382,0.0335
108,540,824,17.72441562536839,10.094890479384187,0.01250657442423662,0.012223047121582427,0.0138,0.0115
108,540,826,15.881203240637305,8.135277531427045,0.011205980184259534,0.009850317922403998,0.0113,0.0096
108,540,828,4.287209232929172,2.0294415517141458,0.0030251096835689694,0.0024572787359861074,0.0031,0.0024
108,540,830,38.92725540700962,17.24831316044249,0.027467569434685625,0.020884520239070472,0.0274,0.0206
108,540,832,6.156798796060644,2.842202004784196,0.004344315998084278,0.003441381469613776,0.0042,0.0034
108,540,834,68.43586603649842,35.647402993846484,0.04828922261603563,0.0431624183982632,0.0503,0.0431
108,540,836,48.681920575206064,24.618322318529657,0.03435058597459041,0.029808239561213017,0.0345,0.0302
108,540,838,11.200606207706803,5.531251244692833,0.007903291036165843,0.0066973232392429334,0.0079,0.0067
108,540,840,38.553700288652145,25.927660636690575,0.02720398416406009,0.03139360633598467,0.0266,0.0297
108,540,842,3.814657281947218,1.9458526764876571,0.002691670981318317,0.0023560680529361045,0.0025,0.0024
108,540,844,357.8494043258945,262.389028894571,0.2525031178723288,0.31770463195359416,0.2442,0.3151
108,540,846,26.227064225822154,13.645367000204967,0.01850615205615057,0.016522018161108928,0.0192,0.0163
108,540,848,54.14030048180788,43.18303214968314,0.038202088668984856,0.052286672935810276,0.0404,0.0512
108,540,854,1.6386491411757054,0.8194617153256849,0.0011562517982253323,0.000992216724016369,0.0011,0.001
108,540,856,1.687847995686544,0.7753925437505159,0.0011909671393983477,0.0009388570999696848,0.0011,0.001
108,540,858,19.334990473411928,9.972559443420876,0.013643016642056785,0.012074926840330721,0.0138,0.012
108,540,860,141.9316864484665,80.18194473011476,0.10014881377440439,0.09708551972285459,0.0984,0.1015
108,540,862,10.237630986635489,5.627780589698719,0.007223803400263952,0.006814202440164626,0.0079,0.0067
108,540,864,0.8942643253764149,0.4180925394270902,0.0006310043488402698,0.0005062328136234646,0.0006,0.0005
108,540,890,355.66095361875193,173.95453657365698,0.2509589190552193,0.21062680193461095,0.2544,0.2155
109,545,802,23.333469802672433,11.401540919267074,0.016111962452659504,0.01391823355834684,0.0155,0.0139
109,545,806,23.151192641897904,11.580142874219975,0.01598609849863925,0.014136258800777984,0.0155,0.0139
109,545,808,6.061707174572252,2.9765118286324044,0.0041856611649133705,0.0036335252500897005,0.0045,0.0038
109,545,810,6.2143283290003755,3.18186241332439,0.00429104739038361,0.003884203418884964,0.0045,0.0038
109,545,816,1.818201894424764,0.856975803103313,0.0012554841136816685,0.0010461383654982758,0.0014,0.001
109,545,818,12.804673137300878,6.7220944465181915,0.00884173740774467,0.008205880342875681,0.0096,0.0081
109,545,820,64.0406641310103,35.441320389613274,0.04422063176407821,0.0432643778846822,0.0478,0.0417
109,545,822,56.82656048349826,27.30844989075216,0.03923923088022871,0.03333631711601425,0.0382,0.0335
109,545,824,19.626391140069785,9.38871992054169,0.013552192614481888,0.011461117194008453,0.0138,0.0115
109,545,826,14.808559819732464,8.195976052135487,0.01022543847148549,0.010005095779595042,0.0113,0.0096
109,545,828,3.9741031556748467,1.957780788505582,0.002744152557194696,0.002389926981222181,0.0031,0.0024
109,545,830,37.41527778452172,16.484299495514566,0.02583557250242291,0.020122923037236208,0.0274,0.0206
109,545,832,5.843799003020198,2.823036235060803,0.004035193690171476,0.0034461725780288804,0.0042,0.0034
109,545,834,73.02219028909627,35.67052926977816,0.05042245315842935,0.04354418065435792,0.0503,0.0431
109,545,836,48.110688531011135,24.556255444806908,0.03322084600955778,0.02997662342479401,0.0345,0.0302
109,545,838,11.09004407195897,5.5372899235567745,0.007657771227204157,0.006759550746873779,0.0079,0.0067
109,545,840,38.44295511388045,23.48847375043604,0.026545192575395546,0.02867314741950538,0.0266,0.0297
109,545,842,3.8024597864627463,2.1554438748984457,0.0026256313281027162,0.002631220769646037,0.0025,0.0024
109,545,844,357.88861278955335,253.83999226965136,0.24712517856385224,0.30987077307135397,0.2442,0.3151
109,545,846,26.91288147978902,13.249910701147146,0.018583577134574845,0.016174598948653328,0.0192,0.0163
109,545,848,58.974071892772145,44.633984693263784,0.040722106058480846,0.05448616358081338,0.0404,0.0512
109,545,854,1.566124738598226,0.7870088209667085,0.001081422660147432,0.0009607273841541381,0.0011,0.001
109,545,856,1.5330654675757223,0.7922456067688651,0.0010585949479412573,0.0009671200997007079,0.0011,0.001
109,545,858,19.203259124703052,9.510266475673482,0.013260016302867654,0.01160949304552849,0.0138,0.012
109,545,860,143.7136772775212,82.45099244154682,0.09923553555518977,0.10065062065248527,0.0984,0.1015
109,545,862,10.88095944470198,5.69122920856875,0.0075133964860155545,0.006947469462227504,0.0079,0.0067
109,545,864,0.8173921664803775,0.447507582568011,0.0005644163515672874,0.0005462871288553116,0.0006,0.0005
109,545,890,376.3304958716998,178.0503279337153,0.2598594581325878,0.21735185330378998,0.2544,0.2155
110,550,802,21.896588263528706,10.804806310738668,0.015441123229224899,0.012880373040545847,0.0155,0.0139
110,550,806,21.36665112861703,11.87658774519916,0.015067420052025233,0.01415804006175492,0.0155,0.0139
110,550,808,6.406183709206133,3.070703212575402,0.004517538115637193,0.0036605749087296486,0.0045,0.0038
110,550,810,6.069465953776278,3.062671651638203,0.004280090149201232,0.003651000512114488,0.0045,0.0038
110,550,816,2.036637933378732,0.8258657079698254,0.0014362044408075738,0.0009845117158160904,0.0014,0.001
110,550,818,14.144513016716079,6.405519460381476,0.009974483964347584,0.007635998073023197,0.0096,0.0081
110,550,820,71.22706569200278,34.51000285838238,0.050228185567986354,0.04113925762875431,0.0478,0.0417
110,550,822,53.58051878131942,30.093714024252623,0.03778412340913347,0.035874614653909564,0.0382,0.0335
110,550,824,19.237501433721643,9.701729608235855,0.013565977799164965,0.011565399036203874,0.0138,0.0115
110,550,826,15.83749363600589,7.631712068108704,0.011168346773134339,0.009097738131370124,0.0113,0.0096
110,550,828,4.436228579028185,2.0314035986146792,0.00312835731929429,0.0024216293558228115,0.0031,0.0024
110,550,830,37.93339703017747,18.270922385440848,0.026750023839179186,0.021780704748537893,0.0274,0.0206
110,550,832,5.690023688974758,2.962842944579925,0.004012513543263251,0.003531995048241616,0.0042,0.0034
110,550,834,68.62566382868086,36.626381534876934,0.048393718652097246,0.04366218548736976,0.0503,0.0431
110,550,836,47.885411065290626,25.1128473288135,0.033768024691445,0.029936940321078253,0.0345,0.0302
110,550,838,11.652264912988832,6.359703277555616,0.008216990530927523,0.007581380756514301,0.0079,0.0067
110,550,840,38.06986945553446,24.556919059692703,0.02684626200706027,0.029274220112670248,0.0266,0.0297
110,550,842,3.6966776880167838,1.9261715744526022,0.0026068378796010017,0.002296182615914836,0.0025,0.0024
110,550,844,347.31818685588024,267.389506037077,0.24492322084373633,0.3187541253249346,0.2442,0.3151
110,550,846,27.609098835696685,14.025733849808315,0.019469494162244437,0.016720029860543772,0.0192,0.0163
110,550,848,60.703888064276875,41.97612874596743,0.04280740930105606,0.05003960103465083,0.0404,0.0512
110,550,854,1.6230313787469866,0.8694691980327127,0.0011445357250414077,0.0010364912887697983,0.0011,0.001
110,550,856,1.5049343733310965,0.8177897874144481,0.0010612556089026515,0.0009748844382502087,0.0011,0.001
110,550,858,19.25968641299407,10.002941933519825,0.013581622291113234,0.011924473229899674,0.0138,0.012
110,550,860,145.0007734424635,82.96108717143241,0.10225222231480101,0.09889763128426125,0.0984,0.1015
110,550,862,11.416012357418433,5.09211622298223,0.008050389013838305,0.006070294518157126,0.0079,0.0067
110,550,864,0.8743683914032867,0.45115358580625015,0.000616590581003213,0.0005378186629767676,0.0006,0.0005
110,550,890,352.967517345438,179.44175099724325,0.24890703819473314,0.2139119041491844,0.2544,0.2155
111,555,802,21.9706655156603,11.132350239467497,0.015596762810586732,0.013066340530850602,0.0155,0.0139
111,555,806,22.300976731651396,12.101948020653435,0.01583124754596343,0.014204383667691278,0.0155,0.0139
111,555,808,6.94659657180813,3.32637726325333,0.004931321674989788,0.0039042589498896256,0.0045,0.0038
111,555,810,5.7173442741015625,3.1669511116838054,0.004058687365936548,0.0037171361643932492,0.0045,0.0038
111,555,816,1.8981254879113738,0.8448735476197038,0.001347460913215454,0.0009916509309569593,0.0014,0.001
111,555,818,13.210145910318127,6.706424479243831,0.009377754729806237,0.007871511774716127,0.0096,0.0081
111,555,820,67.65041977096153,37.23049877397862,0.04802437825345973,0.04369844324422639,0.0478,0.0417
111,555,822,51.67599714384486,29.154504631564652,0.03668429023593385,0.03421943051825028,0.0382,0.0335
111,555,824,20.053772055326718,9.432757418382893,0.014235978695391066,0.011071482474251878,0.0138,0.0115
111,555,826,16.706773590600694,7.548479085061613,0.011859976878581245,0.00885985403744686,0.0113,0.0096
111,555,828,4.296386075719328,2.1202196754652656,0.003049962893383386,0.002488559170697083,0.0031,0.0024
111,555,830,37.84081025346306,16.656817329492036,0.026862824963722734,0.019550556953886064,0.0274,0.0206
111,555,832,5.836288683490306,2.647444079733966,0.004143124850980377,0.0031073767118418544,0.0042,0.0034
111,555,834,72.63713491508241,37.658451850695045,0.05156439907128049,0.044200743343605006,0.0503,0.0431
111,555,836,50.09263432604533,25.09332287583302,0.03556027629585911,0.029452711664046716,0.0345,0.0302
111,555,838,11.85193540239137,5.23118564436705,0.008413574235415623,0.0061399840589875816,0.0079,0.0067
111,555,840,35.78748232488061,23.834403173995028,0.0254051873399727,0.02797508356473541,0.0266,0.0297
111,555,842,3.6265713607390873,2.050906604323421,0.0025744679098954636,0.0024072045446480797,0.0025,0.0024
111,555,844,354.83013687022645,263.862254935449,0.2518904800070015,0.3097022643072726,0.2442,0.3151
111,555,846,27.42024336110528,13.698790461222558,0.01946536538034731,0.016078640823976073,0.0192,0.0163
111,555,848,58.2129796029822,45.168412346886456,0.04132483081671229,0.053015387071627576,0.0404,0.0512
111,555,854,1.3391892447419766,0.8191091703904481,0.0009506774837494794,0.0009614105846508183,0.0011,0.001
111,555,856,1.4926145755266083,0.8119116292132659,0.0010595926411750961,0.0009529626359263466,0.0011,0.001
111,555,858,19.265620084808237,10.024871987312558,0.01367647723950156,0.011766463356499335,0.0138,0.012
111,555,860,141.40814544333045,87.22393936502156,0.10038427385790968,0.10237709645040352,0.0984,0.1015
111,555,862,11.5283689116521,5.330425296178681,0.00818387751521763,0.006256464322080331,0.0079,0.0067
111,555,864,0.846815723799266,0.42273090989510015,0.0006011462865773613,0.0004961707009561274,0.0006,0.0005
111,555,890,342.224136159719,188.68648270272365,0.24294160210743443,0.22146642744148615,0.2544,0.2155
112,560,802,22.783063973548117,11.303148344749903,0.01658316192970546,0.01352293301535791,0.0155,0.0139
112,560,806,22.524775089544327,10.943145961597855,0.016395160597090553,0.01309223105832347,0.0155,0.0139
112,560,808,6.297075798778092,2.8620462665453625,0.004583467253395233,0.0034241132442825147,0.0045,0.0038
112,560,810,6.2133192296087,3.169534673952653,0.004522503163981043,0.0037919881946541292,0.0045,0.0038
112,560,816,2.1163120466845573,0.8598793771986667,0.001540404986998369,0.0010287479969725668,0.0014,0.001
112,560,818,13.853044981316422,6.492941220460243,0.010083248171158396,0.007768066605772117,0.0096,0.0081
112,560,820,67.41610223695288,36.82644214130694,0.04907031562405173,0.044058654728897695,0.0478,0.0417
112,560,822,56.85529083879403,27.14545066327058,0.041383393192192655,0.03247644813594042,0.0382,0.0335
112,560,824,19.231688732422192,9.344633713160144,0.013998214147216033,0.011179792735783643,0.0138,0.0115
112,560,826,15.98748872450652,8.604367256391406,0.011636850718395405,0.010294148010696964,0.0113,0.0096
112,560,828,4.185189054358934,1.943002751409915,0.003046283321481474,0.0023245820770083653,0.0031,0.0024
112,560,830,37.83087703236666,17.273430161713794,0.027536048728954623,0.02066569701624906,0.0274,0.0206
112,560,832,5.7831811348659565,2.920161333923803,0.00420941754540333,0.0034936413208300275,0.0042,0.0034
112,560,834,72.40648798182548,36.36374708722305,0.05270267933926576,0.04350509265644908,0.0503,0.0431
112,560,836,47.42160315554586,26.102784877723824,0.03451687292840352,0.03122901696496906,0.0345,0.0302
112,560,838,10.969889787767832,5.832464319245333,0.007984679273726572,0.006977881020225153,0.0079,0.0067
112,560,840,37.89404119606651,23.909823952383555,0.02758202417615546,0.028605388326807545,0.0266,0.0297
112,560,842,3.7982540105961684,1.975031569716351,0.00276464400841781,0.00236290091980407,0.0025,0.0024
112,560,844,325.2074728830947,264.4373280701907,0.23670952203057805,0.3163692243245115,0.2442,0.3151
112,560,846,26.432440836134184,13.885006167684088,0.01923944238105515,0.016611832614816302,0.0192,0.0163
112,560,848,58.08495873158559,43.339615191437034,0.04227843443026307,0.051850926420638675,0.0404,0.0512
112,560,854,1.68698555913588,0.7581265021554365,0.0012279101148425665,0.0009070122405831703,0.0011,0.001
112,560,856,1.50491128719019,0.8159780040107394,0.0010953832897230746,0.0009762249909219277,0.0011,0.001
112,560,858,18.811877977412564,10.15151140570699,0.013692645513504631,0.012145130237787294,0.0138,0.012
112,560,860,134.57503455766349,85.97976477532913,0.0979534443811638,0.10286502169752171,0.0984,0.1015
112,560,862,10.592559391414417,5.820358790519162,0.0077100309177814035,0.006963398130229682,0.0079,0.0067
112,560,864,0.8610134080448147,0.41577352365558107,0.0006267078381482108,0.0004974257913340829,0.0006,0.0005
112,560,890,342.54236444648865,176.3748556566137,0.24932710999694668,0.2110124795226317,0.2544,0.2155
113,565,802,22.531617875317725,11.128550767529273,0.015753149323414397,0.01352552381958377,0.0155,0.0139
113,565,806,21.693636246585648,11.93188618137833,0.015167268194027977,0.014501889251355345,0.0155,0.0139
113,565,808,6.238670512185419,3.4335162346195394,0.004361813195212163,0.004173059600157142,0.0045,0.0038
113,565,810,6.64975858675623,3.2887517816070444,0.004649228500212651,0.003997114403127301,0.0045,0.0038
113,565,816,2.042501542165024,0.8649563803653829,0.0014280302446579678,0.0010512589078236574,0.0014,0.001
113,565,818,13.933781579826828,6.513056549306212,0.009741907708602915,0.007915900581859436,0.0096,0.0081
113,565,820,70.03430896027571,33.11026860936212,0.04896501143053424,0.0402418730078877,0.0478,0.0417
113,565,822,54.293821035322495,25.534861779338897,0.037959931454594316,0.03103480304317343,0.0382,0.0335
113,565,824,19.462470416520972,10.458605743179637,0.013607331900025253,0.012711279667407935,0.0138,0.0115
113,565,826,15.30741946448066,7.3597240607810885,0.010702296919577218,0.008944931390357388,0.0113,0.0096
113,565,828,4.082672050228897,1.8972361847653305,0.002854430729372526,0.00230588094932301,0.0031,0.0024
113,565,830,39.33917025521489,16.428999321514073,0.027504275401745132,0.019967633369066148,0.0274,0.0206
113,565,832,5.670407281240771,2.6789373652010733,0.003964507702920668,0.0032559523608341927,0.0042,0.0034
113,565,834,69.38303578483341,36.131847350021076,0.04850966891408248,0.04391426810076682,0.0503,0.0431
113,565,836,49.02999256615784,25.3787612122903,0.03427968637204179,0.030845080052105556,0.0345,0.0302
113,565,838,10.453836595630309,5.577064701850426,0.007308878119841451,0.006778305912781952,0.0079,0.0067
113,565,840,35.27861996521017,24.70438694128506,0.024665311266650773,0.030025452640025114,0.0266,0.0297
113,565,842,3.625459382988283,1.8871519073658105,0.0025347670700891865,0.0022936246243962758,0.0025,0.0024
113,565,844,363.59184313232805,270.95336114248653,0.2542079592035625,0.3293138717416868,0.2442,0.3151
113,565,846,26.59496793965399,13.66951216481548,0.01859407094169353,0.01661378163693726,0.0192,0.0163
113,565,848,57.730552292993295,42.54947044163872,0.04036274784293015,0.051714179859632496,0.0404,0.0512
113,565,854,1.6221687922178234,0.8614489343647708,0.0011341514556566128,0.0010469959947617335,0.0011,0.001
113,565,856,1.4981965179760945,0.8618980559404409,0.0010474753119859624,0.0010475418524117106,0.0011,0.001
113,565,858,19.321117000302458,9.808334644981167,0.013508503600815354,0.011920946998617584,0.0138,0.012
113,565,860,144.96855349415134,80.07821201860317,0.10135584950135547,0.0973262185447857,0.0984,0.1015
113,565,862,10.797790207828976,5.948944390734147,0.007549355862863577,0.007230284584137098,0.0079,0.0067
113,565,864,0.7985662611829458,0.42208156095766064,0.0005583235800761731,0.0005129934998541958,0.0006,0.0005
113,565,890,354.317979838154,169.31967290582512,0.24772406825145765,0.2057893536051433,0.2544,0.2155
114,570,802,21.050632591747995,12.153296416157659,0.0148288054196821,0.014780853563824766,0.0155,0.0139
114,570,806,21.897118726602578,11.65681638804855,0.015425100002731259,0.014177033962824333,0.0155,0.0139
114,570,808,6.0240817659422605,3.038629888995495,0.004243574911588676,0.0036955852869836625,0.0045,0.0038
114,570,810,6.494054217255045,3.155955895586517,0.004574640023421004,0.0038382773158182975,0.0045,0.0038
114,570,816,1.8186976979752498,0.7909911678099804,0.0012811545763746234,0.0009620043995746145,0.0014,0.001
114,570,818,13.56830932716614,6.2533972238735664,0.009557993946722392,0.007605389145254306,0.0096,0.0081
114,570,820,67.60648499831782,34.57782244666193,0.04762438405493375,0.04205358880744121,0.0478,0.0417
114,570,822,48.92061882387916,28.771137459293726,0.034461403209047364,0.0349914916158149,0.0382,0.0335
114,570,824,18.16132721350669,9.62009447070066,0.01279347716694461,0.011699970343234833,0.0138,0.0115
114,570,826,15.57088467095723,7.468915940241212,0.01096867839916835,0.009083704454575018,0.0113,0.0096
114,570,828,4.311665846827149,1.9627157276751068,0.0030372889555039958,0.0023870572036416614,0.0031,0.0024
114,570,830,39.76782272322191,17.078358065703366,0.028013851961780974,0.020770719402854427,0.0274,0.0206
114,570,832,5.948423141792145,2.8692115206148934,0.004190278317723715,0.0034895384657503254,0.0042,0.0034
114,570,834,72.23674703888074,36.0224473287072,0.0508861033663317,0.04381054330809672,0.0503,0.0431
114,570,836,49.20439243112705,24.67724887343705,0.03466130331118348,0.030012499445944644,0.0345,0.0302
114,570,838,11.877619993239035,5.431603119402975,0.008367012960822474,0.006605922177457381,0.0079,0.0067
114,570,840,37.441699092923464,25.115668308652275,0.026375248725252015,0.03054570568477509,0.0266,0.0297
114,570,842,3.803551200056612,2.0054224413103596,0.002679355140688166,0.002438997159586095,0.0025,0.0024
114,570,844,372.1587299480865,251.2786244932963,0.26216168885107766,0.3056053621317799,0.2442,0.3151
114,570,846,27.693476301807202,13.672188371249394,0.01950825799102392,0.016628131767097647,0.0192,0.0163
114,570,848,54.8291870377236,43.00608520445381,0.03862360631482787,0.05230405200314967,0.0404,0.0512
114,570,854,1.5418977164224574,0.8172888092962055,0.0010861669412654063,0.0009939876224445087,0.0011,0.001
114,570,856,1.5236835750607114,0.8347368763133078,0.0010733362599562946,0.0010152079823140105,0.0011,0.001
114,570,858,19.454933850092058,10.130047293002406,0.013704739145411402,0.012320175572565057,0.0138,0.012
114,570,860,138.91830945663577,86.86298849261195,0.0978589394492196,0.10564286997217905,0.0984,0.1015
114,570,862,10.991975859966304,5.64774286273965,0.007743134107484235,0.006868791590511005,0.0079,0.0067
114,570,864,0.8560736018114764,0.41976162795619354,0.0006030483317240146,0.0005105145914391151,0.0006,0.0005
114,570,890,345.9047009898976,176.91318409418164,0.24366742815810935,0.2151620250230676,0.2544,0.2155
115,575,802,21.370939162434283,11.449213520169486,0.015426223616331938,0.013854992119630863,0.0155,0.0139
115,575,806,21.80826997192268,11.672892731898838,0.01574190290446253,0.014125672172053322,0.0155,0.0139
115,575,808,6.872659719421192,3.5100081535798244,0.004960904378835552,0.004247552482274664,0.0045,0.0038
115,575,810,5.5011497604729795,3.387372501184854,0.003970904867913196,0.004099147878366731,0.0045,0.0038
115,575,816,2.0464175412527097,0.8813738032328848,0.0014771692700917614,0.0010665734442569757,0.0014,0.001
115,575,818,12.581618341612808,6.6146387132455775,0.00908181229275255,0.008004546957288822,0.0096,0.0081
115,575,820,64.59790264704401,34.04118742170739,0.04662882074602443,0.041194129416817035,0.0478,0.0417
115,575,822,53.37537459336026,27.071164005661746,0.03852804305062977,0.0327595221546821,0.0382,0.0335
115,575,824,19.772541726739448,9.644311451631218,0.014272449508259868,0.011670833016278498,0.0138,0.0115
115,575,826,15.988170595387684,7.55765491008161,0.011540770059092707,0.009145715470988974,0.0113,0.0096
115,575,828,4.364261431803365,2.018661871613003,0.0031502627121541564,0.002442835420452829,0.0031,0.0024
115,575,830,38.84574668940158,18.20007332548827,0.028040095496946672,0.022024383775979314,0.0274,0.0206
115,575,832,5.658853780839912,2.775139004721389,0.004084740645783511,0.0033582681442319625,0.0042,0.0034
115,575,834,69.63493503439868,36.36851651095238,0.05026471093219951,0.044010491093928954,0.0503,0.0431
115,575,836,49.141784035824685,25.221186075623603,0.03547210273166925,0.030520815574792057,0.0345,0.0302
115,575,838,11.02712459960008,5.844725691316733,0.007959729267190959,0.007072855113754454,0.0079,0.0067
115,575,840,35.64796616830181,26.185396349930258,0.025731835807491985,0.03168763159483149,0.0266,0.0297
115,575,842,3.499973074489598,2.1413211745564262,0.002526391886095631,0.0025912686445067543,0.0025,0.0024
115,575,844,333.7830366197701,247.50073186282282,0.24093521221031733,0.2995070957076114,0.2442,0.3151
115,575,846,28.870296483870305,13.857405744262234,0.02083949825718636,0.016769208386851583,0.0192,0.0163
115,575,848,53.95421995242344,45.7234225458444,0.038945872041686966,0.05533110706156595,0.0404,0.0512
115,575,854,1.6437648670026226,0.858800580334289,0.0011865217629567317,0.0010392569980378745,0.0011,0.001
115,575,856,1.6332880191369523,0.7969412103692353,0.0011789592409383164,0.0009643993598357997,0.0011,0.001
115,575,858,19.99081313919108,9.446593290543248,0.014430004756156982,0.01143156910885325,0.0138,0.012
115,575,860,136.5139588820783,82.19257041207072,0.09854011751469553,0.09946337478511685,0.0984,0.1015
115,575,862,10.615894750631588,5.644739718006522,0.007662890482536641,0.006830846867566321,0.0079,0.0067
115,575,864,0.8652218023115887,0.425315157365833,0.0006245446163473143,0.0005146849731889657,0.0006,0.0005
115,575,890,355.7580959011047,185.3288033727629,0.2567975089432516,0.22427122227625612,0.2544,0.2155
116,580,802,22.181454571608153,11.18236724374261,0.015589023985408882,0.013360563351920955,0.0155,0.0139
116,580,806,22.395935100729925,11.74044442948389,0.01573975991222056,0.014027347533913409,0.0155,0.0139
116,580,808,6.399301962058383,2.963857835943934,0.004497399909205762,0.00354118314307508,0.0045,0.0038
116,580,810,5.87324457746378,3.0332256734875913,0.004127689205172695,0.0036240630349518564,0.0045,0.0038
116,580,816,2.032271551001721,0.8056849339360798,0.001428271074430853,0.0009626230624436656,0.0014,0.001
116,580,818,12.343432029114721,6.671683684922837,0.008674907109582896,0.007971250683639302,0.0096,0.0081
116,580,820,67.17387126517936,38.26478503251642,0.04720948695970615,0.04571832362782127,0.0478,0.0417
116,580,822,51.88574196472017,26.73964794539077,0.03646506018699374,0.031948222822172904,0.0382,0.0335
116,580,824,18.474027959596704,9.533058403390683,0.012983461658907246,0.011389988180484346,0.0138,0.0115
116,580,826,17.143570682410097,8.5855108924879,0.01204842241976865,0.010257869348002276,0.0113,0.0096
116,580,828,4.1926474942311796,2.0527385057739,0.00294657332497901,0.0024525882805956447,0.0031,0.0024
116,580,830,38.61986051782998,16.148070660676055,0.027141859880379732,0.019293528496301678,0.0274,0.0206
116,580,832,5.728474198481466,2.7153429165162386,0.0040259452504177754,0.0032442603849024564,0.0042,0.0034
116,580,834,72.46283864073831,34.36034818239718,0.05092654884171491,0.041053347531746144,0.0503,0.0431
116,580,836,49.37908089541563,25.572193478358535,0.034703390346698594,0.030553361695965887,0.0345,0.0302
116,580,838,11.097348063108145,5.41498992726466,0.007799165044462699,0.006469767482705166,0.0079,0.0067
116,580,840,36.14716055045618,24.367584443398947,0.025404057745913342,0.029114108720717742,0.0266,0.0297
116,580,842,3.5589223393999205,2.0518831027995077,0.0025011942085225725,0.00245156625499215,0.0025,0.0024
116,580,844,351.36016585255646,268.2922634835073,0.24693430429957763,0.3205525006440377,0.2442,0.3151
116,580,846,26.901712593945504,13.26001223402697,0.018906399556518724,0.01584290961281919,0.0192,0.0163
116,580,848,58.43403174630241,41.797369654516444,0.041067168048718725,0.04993901497246152,0.0404,0.0512
116,580,854,1.5744735804671728,0.8384332972292652,0.0011065327718278613,0.0010017504290301244,0.0011,0.001
116,580,856,1.4800456460224538,0.7631350506323217,0.0010401692549449097,0.0009117849528461814,0.0011,0.001
116,580,858,19.196923788472546,9.964546298016394,0.01349150951388074,0.011905524938138208,0.0138,0.012
116,580,860,137.35791339493085,83.32494033905255,0.0965345081219374,0.09955567724874213,0.0984,0.1015
116,580,862,10.521898231710205,5.592239361601732,0.007394741556584483,0.00668154306160844,0.0079,0.0067
116,580,864,0.800735575578354,0.4291898115570319,0.0005627532700059603,0.0005127910345204835,0.0006,0.0005
116,580,890,368.17216040113266,180.50269689554096,0.25874969654151736,0.21566253946944422,0.2544,0.2155
117,585,802,22.181684601362477,11.31135055436512,0.015570575711379004,0.013604197539987947,0.0155,0.0139
117,585,806,22.182672964760847,11.969341200559013,0.015571269499402829,0.014395564997592878,0.0155,0.0139
117,585,808,6.452736013346705,3.3297891356264966,0.0045295394126731656,0.00400474805814301,0.0045,0.0038
117,585,810,5.759045580993237,3.3321826550748703,0.0040425989664747974,0.004007626751649588,0.0045,0.0038
117,585,816,1.9372321578539222,0.9042642286557444,0.0013598525326849996,0.0010875614840024775,0.0014,0.001
117,585,818,13.36173808117648,6.671283140862079,0.009379357707385093,0.008023573600453493,0.0096,0.0081
117,585,820,65.0462866387651,33.181934344261485,0.04565965791393239,0.03990801871170374,0.0478,0.0417
117,585,822,56.02006895625693,27.81928395568809,0.039323646545154356,0.033458341913746845,0.0382,0.0335
117,585,824,20.219519684137794,8.943762097269946,0.01419322146841127,0.010756691319672964,0.0138,0.0115
117,585,826,16.858559961160978,8.33500631959231,0.011833974243956033,0.010024538796123101,0.0113,0.0096
117,585,828,4.125851205907134,1.8330217554931427,0.0028961677045717003,0.0022045811361757275,0.0031,0.0024
117,585,830,39.78879881800849,16.385426769537617,0.027930002413909295,0.0197068052553436,0.0274,0.0206
117,585,832,5.357848062743457,2.8423384446559727,0.003760975796486083,0.003418489550894507,0.0042,0.0034
117,585,834,71.59274627554089,36.242048618094,0.050254987224928147,0.0435884279498463,0.0503,0.0431
117,585,836,50.69103466917,24.19641996157783,0.035582896763213766,0.029101111784638534,0.0345,0.0302
117,585,838,12.289926164285488,6.134620695042992,0.0086269924610014,0.007378127958032086,0.0079,0.0067
117,585,840,37.533876464040915,24.708995294807927,0.02634714521136948,0.029717587779602404,0.0266,0.0297
117,585,842,3.673415962189609,2.0913987887214205,0.00257857788470891,0.0025153320215752658,0.0025,0.0024
117,585,844,342.89887704756603,262.5381395962248,0.24070006504772046,0.31575546135555527,0.2442,0.3151
117,585,846,27.11243607770561,13.856234859661075,0.019031748320950722,0.01666493804478122,0.0192,0.0163
117,585,848,51.8963881739641,43.736826226596335,0.03642900238335317,0.052602420984037696,0.0404,0.0512
117,585,854,1.6360641582388176,0.8888066371712572,0.0011484457245851533,0.0010689705892161562,0.0011,0.001
117,585,856,1.6197008390378314,0.7492822052206746,0.001136959387767761,0.0009011641080371393,0.0011,0.001
117,585,858,19.335383964222874,9.721941056689156,0.013572596731675799,0.011692609646535868,0.0138,0.012
117,585,860,147.13536916933265,84.42270232674554,0.10328261566446012,0.10153545447934437,0.0984,0.1015
117,585,862,10.700017000536706,6.106181978055023,0.007510945530695435,0.007343924622026481,0.0079,0.0067
117,585,864,0.8842357690233709,0.42432891927553557,0.0006206949668485571,0.0005103417502630827,0.0006,0.0005
117,585,890,366.2983666406305,178.78341664537328,0.25712548678029956,0.21502338781101824,0.2544,0.2155
118,590,802,23.43521271698308,12.147282073738403,0.016812763243848623,0.014837268597071313,0.0155,0.0139
118,590,806,23.41234869429818,12.298048221749422,0.016796360260660653,0.015021421547484926,0.0155,0.0139
118,590,808,6.567609663539786,3.1448405546916325,0.0047116989158407585,0.0038412579638534994,0.0045,0.0038
118,590,810,6.051925660758169,3.241104911661024,0.0043417396945564365,0.003958839832127317,0.0045,0.0038
118,590,816,2.23769187468127,0.8422202760949858,0.0016053527721741625,0.0010287279391771847,0.0014,0.001
118,590,818,14.256411583183374,6.654822806159078,0.010227757501054145,0.008128517378744825,0.0096,0.0081
118,590,820,63.730712834881764,36.12227405323425,0.04572134245993349,0.04412146513198673,0.0478,0.0417
118,590,822,55.78019237598986,29.007320866018595,0.040017523179306444,0.03543092260128065,0.0382,0.0335
118,590,824,18.883149794983982,9.332525993908286,0.013547046943214805,0.011399191524508034,0.0138,0.0115
118,590,826,15.404701517739474,8.250140474274028,0.011051557439980899,0.010077114323788874,0.0113,0.0096
118,590,828,4.470397479525692,2.0784538615567745,0.0032071283216770705,0.0025387224914459544,0.0031,0.0024
118,590,830,42.57425094206995,17.997616385168573,0.030543388277184294,0.021983145430623557,0.0274,0.0206
118,590,832,5.677813291312606,2.6539462415765542,0.004073346026871682,0.003241656280756855,0.0042,0.0034
118,590,834,71.1501129619262,38.0037018587668,0.05104412827177215,0.046419530619165615,0.0503,0.0431
118,590,836,47.25343169341414,25.37666074381308,0.033900300761725684,0.030996261490191416,0.0345,0.0302
118,590,838,11.325255983667475,5.50415104666696,0.008124903743305701,0.006723032113892083,0.0079,0.0067
118,590,840,36.70425015928145,24.91747587844011,0.026332164142200888,0.03043539123609745,0.0266,0.0297
118,590,842,3.062851156683009,1.9703910523993389,0.002197334070330065,0.0024067294320035235,0.0025,0.0024
118,590,844,335.7501210470057,240.07302942377137,0.2408720314352459,0.29323662683144264,0.2442,0.3151
118,590,846,27.2565485384914,13.723752280389963,0.019554245269983523,0.016762844355449266,0.0192,0.0163
118,590,848,58.87448127391393,40.89532650489435,0.04223741114350513,0.04995149861793802,0.0404,0.0512
118,590,854,1.6213185296428922,0.8436150275297609,0.0011631575488963543,0.001030431554976858,0.0011,0.001
118,590,856,1.6162120521177463,0.7850439142584635,0.001159494087477116,0.000958890008945378,0.0011,0.001
118,590,858,19.38405703568725,10.213581436577465,0.013906405099967123,0.012475354584889742,0.0138,0.012
118,590,860,143.99348124516155,86.27012680199942,0.10330302259548318,0.10537443977134338,0.0984,0.1015
118,590,862,10.213111378895995,6.041765765271822,0.007327034990896374,0.007379700324382098,0.0079,0.0067
118,590,864,0.9056699622050735,0.435075466244148,0.0006497408338258705,0.0005314218862684061,0.0006,0.0005
118,590,890,342.30085151353023,179.87639847856153,0.24557162096908144,0.21970959613016414,0.2544,0.2155
119,595,802,21.545999315158117,11.991309505367964,0.015693749145729876,0.014130088533126297,0.0155,0.0139
119,595,806,22.210925953626678,10.50274905652434,0.01617807069943463,0.012376027317405456,0.0155,0.0139
119,595,808,5.714388017975294,3.131139506636182,0.004162265614311827,0.0036896119159073445,0.0045,0.0038
119,595,810,6.303219602942551,3.023122155722994,0.0045911607910167395,0.003562328508633613,0.0045,0.0038
119,595,816,2.033112790649351,0.7844011796191241,0.0014808856927317497,0.000924307566954658,0.0014,0.001
119,595,818,12.477945557787498,6.736924553327764,0.009088728936337774,0.007938527509184874,0.0096,0.0081
119,595,820,67.50809794693286,31.371190937077966,0.04917178075556582,0.03696658026649097,0.0478,0.0417
119,595,822,58.00754429884908,29.278258008678357,0.042251734787046705,0.034500350238907816,0.0382,0.0335
119,595,824,19.433369318676846,9.605520086727271,0.014154944436904146,0.011318767910328775,0.0138,0.0115
119,595,826,16.205025386599463,8.063315636087571,0.011803472171214534,0.009501494708101337,0.0113,0.0096
119,595,828,4.560363748754192,1.9682731653905807,0.0033216934447722725,0.0023193358550119593,0.0031,0.0024
119,595,830,37.74353139979136,16.910744887511992,0.027491763319865185,0.019926958128692298,0.0274,0.0206
119,595,832,6.146780682160591,2.854585235064593,0.0044772132714113915,0.0033637312154074124,0.0042,0.0034
119,595,834,72.88544740290506,36.65367621253548,0.05308855306194865,0.043191253608775806,0.0503,0.0431
119,595,836,48.79924675870272,25.526880501991545,0.035544563328416316,0.030079874204415148,0.0345,0.0302
119,595,838,11.888575383527176,5.87814469227086,0.008659441460109675,0.006926575022947417,0.0079,0.0067
119,595,840,39.31489083048713,24.93554455528154,0.02863631551084976,0.029383067131251703,0.0266,0.0297
119,595,842,3.309634355281373,2.11435546565577,0.0024106828639567385,0.0024914735047778867,0.0025,0.0024
119,595,844,337.98111907868935,269.60801123551914,0.24617985089614225,0.31769549991955565,0.2442,0.3151
119,595,846,26.74210306745276,12.773859853779452,0.019478505082593203,0.015052215153220059,0.0192,0.0163
119,595,848,55.16920040270375,43.52925431998338,0.040184332089967786,0.05129316502480364,0.0404,0.0512
119,595,854,1.5456850077034197,0.8365048702750556,0.0011258513663901972,0.0009857045112618133,0.0011,0.001
119,595,856,1.4996974969530514,0.7937876439339838,0.0010923548250139478,0.0009353682081400619,0.0011,0.001
119,595,858,19.256646122040152,9.810495783348905,0.014026222186630213,0.011560303227143538,0.0138,0.012
119,595,860,137.59384254977675,89.07811840239681,0.10022107665500977,0.10496615893591264,0.0984,0.1015
119,595,862,11.465035125729598,5.368606936544059,0.008350941749246103,0.006326155727943218,0.0079,0.0067
119,595,864,0.9162971418328167,0.41420732125093473,0.0006674156662001158,0.00048808565217374857,0.0006,0.0005
119,595,890,324.64553215720144,185.09356273039205,0.2364664301911824,0.21810699049352492,0.2544,0.2155
120,600,802,22.69679903052905,11.2766851789879,0.015905810930890742,0.014003030628083385,0.0155,0.0139
120,600,806,23.854316254898322,11.70295942456054,0.01671699360450487,0.01453236449011575,0.0155,0.0139
120,600,808,6.429845428783004,3.056921350315732,0.00450600569567147,0.003795988148704807,0.0045,0.0038
120,600,810,5.974621813667194,3.118270184748442,0.00418698710879632,0.0038721691889593655,0.0045,0.0038
120,600,816,1.8827138340873089,0.818676172386508,0.0013193970762875064,0.001016606151049723,0.0014,0.001
120,600,818,12.203401926251676,6.110510626637002,0.008552087168394977,0.00758783863341892,0.0096,0.0081
120,600,820,66.75616309517945,36.9252414339694,0.04678240782920129,0.045852595735554134,0.0478,0.0417
120,600,822,51.386903994524346,29.095358766522416,0.03601170271461343,0.036129695338293966,0.0382,0.0335
120,600,824,19.783641791712306,9.806114814026818,0.013864283921278111,0.012176922908088493,0.0138,0.0115
120,600,826,17.11270201096975,8.516704805516307,0.011992501776882235,0.01057577438307926,0.0113,0.0096
120,600,828,4.207295256760419,1.9902434448766493,0.002948452898333866,0.0024714212974464925,0.0031,0.0024
120,600,830,36.93765009173833,17.870203190945276,0.02588573295292971,0.02219065254026532,0.0274,0.0206
120,600,832,5.67394460541742,2.7786495790242283,0.0039762739232402375,0.0034504390733802025,0.0042,0.0034
120,600,834,68.54543908993816,37.174455664198774,0.04803632410336544,0.046162062076368436,0.0503,0.0431
120,600,836,49.12830215064009,24.515588869140192,0.03442888507373543,0.030442682078217,0.0345,0.0302
120,600,838,11.781960378351517,5.418312159732108,0.008256742896706918,0.006728288492669886,0.0079,0.0067
120,600,840,36.75005796414333,23.422193654935455,0.02575426926460802,0.029084938518820862,0.0266,0.0297
120,600,842,3.6062655909473857,2.095943709161275,0.002527254110988577,0.0026026765390960572,0.0025,0.0024
120,600,844,345.1570753590237,258.9118593546784,0.24188446902734326,0.3215085496288528,0.2442,0.3151
120,600,846,26.5442256574428,13.686195137618093,0.018602069571408756,0.016995083808058635,0.0192,0.0163
120,600,848,60.4794962375489,40.72914453851054,0.0423837489619587,0.050576162176728105,0.0404,0.0512
120,600,854,1.692628839321747,0.8801997397257302,0.0011861863982763213,0.0010930041690954302,0.0011,0.001
120,600,856,1.5866119218030106,0.8505637318188082,0.0011118902368105275,0.0010562031127718914,0.0011,0.001
120,600,858,19.573458523887425,9.590823705155104,0.013716988467220357,0.011909581225348067,0.0138,0.012
120,600,860,143.86303465088906,77.23155105486767,0.10081854388468306,0.0959036948988197,0.0984,0.1015
120,600,862,11.82401590435485,5.424841596691112,0.008286215213235271,0.006736396540759359,0.0079,0.0067
120,600,864,0.8088627125304818,0.429016589902071,0.0005668472174094667,0.0005327392183962498,0.0006,0.0005
120,600,890,370.7086993386844,161.87595755967965,0.25979092797122477,0.2010124389995576,0.2544,0.2155
121,605,802,20.931340271654065,11.939837307066693,0.015089145047736882,0.014593439921026529,0.0155,0.0139
121,605,806,22.531452784665326,11.460468092226009,0.016242646423576763,0.014007531951189556,0.0155,0.0139
121,605,808,5.969562581314006,3.2290645118927674,0.004303384040006892,0.003946717006565552,0.0045,0.0038
121,605,810,6.112291188085193,3.392808011834656,0.004406275332302608,0.004146852139683846,0.0045,0.0038
121,605,816,2.024058781419676,0.7823072546082268,0.0014591190120465984,0.000956173323496743,0.0014,0.001
121,605,818,14.03332117662717,6.889540179214846,0.010116448157998042,0.008420725350199162,0.0096,0.0081
121,605,820,70.81329901218346,33.2529726374402,0.05104843389081084,0.040643372761269406,0.0478,0.0417
121,605,822,56.000655399601875,26.401272987319363,0.040370181800410215,0.03226889791463333,0.0382,0.0335
121,605,824,18.60544442698512,9.964562569438247,0.013412435419464004,0.012179164711929565,0.0138,0.0115
121,605,826,15.588301085349128,7.838568933438258,0.011237413996043161,0.009580673660373289,0.0113,0.0096
121,605,828,4.383099401560726,2.052898621237212,0.003159722300170324,0.002509150830325975,0.0031,0.0024
121,605,830,37.50137102303503,16.474868726878324,0.02703427585198088,0.020136372112055503,0.0274,0.0206
121,605,832,5.8452253099390274,2.79189839858054,0.004213750834571041,0.003412391684866674,0.0042,0.0034
121,605,834,73.09574785343565,34.64451801219063,0.052693823110168826,0.04234418603883254,0.0503,0.0431
121,605,836,49.755680633099416,25.497784402042633,0.035868256512863114,0.03116461097591889,0.0345,0.0302
121,605,838,11.406577438877076,5.2810774800521845,0.008222860994073274,0.006454785349362654,0.0079,0.0067
121,605,840,38.80355501895794,25.45587637828157,0.027973004234316316,0.031113388985933813,0.0266,0.0297
121,605,842,3.5045058051241904,2.2118325757531214,0.0025263550125247704,0.0027034075071122104,0.0025,0.0024
121,605,844,356.1276241860468,250.31811976884808,0.2567280120196787,0.30595077202843857,0.2442,0.3151
121,605,846,27.943271284394854,13.010440812550655,0.02014395963403711,0.015901982703872785,0.0192,0.0163
121,605,848,55.35035865123791,40.97381137308526,0.039901390894869215,0.050080150946000934,0.0404,0.0512
121,605,854,1.6832022648791523,0.7793408408070731,0.001213399753184258,0.000952547630744429,0.0011,0.001
121,605,856,1.5000406787922003,0.9097766703029138,0.0010813608247749612,0.001111972536825034,0.0011,0.001
121,605,858,20.116654476246964,10.432446529398307,0.014501848105654481,0.012751034854217675,0.0138,0.012
121,605,860,142.4316975561821,89.46552974527003,0.10267725410451164,0.10934904720750875,0.0984,0.1015
121,605,862,10.666514561888826,5.513410554376336,0.00768935879352648,0.0067387539391029995,0.0079,0.0067
121,605,864,0.8796412911379395,0.40979231005534444,0.0006341225578341829,0.0005008677507985696,0.0006,0.0005
121,605,890,313.57418333930275,176.78986829337865,0.22605176134086483,0.21608102817771527,0.2544,0.2155
122,610,802,22.626460648993614,12.328751507299984,0.016223492401039024,0.014559634596254511,0.0155,0.0139
122,610,806,22.467637217800302,11.300145834435702,0.016109613753863765,0.01334490310201757,0.0155,0.0139
122,610,808,5.8850426051746325,2.919615160950681,0.004219658808594448,0.003447918459542069,0.0045,0.0038
122,610,810,6.321903185811597,3.4567345771654376,0.004532894025547946,0.00408222943823362,0.0045,0.0038
122,610,816,1.9384011819313538,0.8481405421060824,0.0013898610716487432,0.001001611263883616,0.0014,0.001
122,610,818,12.63355914648295,6.433074868047986,0.009058440645694159,0.007597137419281093,0.0096,0.0081
122,610,820,64.95820048747832,36.418199543054335,0.04657594876822449,0.043008059468665254,0.0478,0.0417
122,610,822,52.69424321302204,26.978264826656225,0.037782517893844306,0.03185997200807583,0.0382,0.0335
122,610,824,18.593005768409782,9.647858942431013,0.013331448186956604,0.01139363549949309,0.0138,0.0115
122,610,826,15.80069632651609,8.371026861608296,0.011329322811951177,0.00988576111930572,0.0113,0.0096
122,610,828,4.2324604258707526,1.9491765736760303,0.003034734005553213,0.0023018793638186867,0.0031,0.0024
122,610,830,36.99857096526284,17.27013811650662,0.02652849883222645,0.0203951633102751,0.0274,0.0206
122,610,832,6.027324407889974,2.9037523815359156,0.004321676874122569,0.003429185315977352,0.0042,0.0034
122,610,834,73.90136994772169,35.42941605540343,0.052988327797815045,0.041840355969532915,0.0503,0.0431
122,610,836,49.41490086902499,25.901271797637786,0.03543118303756364,0.03058809748323549,0.0345,0.0302
122,610,838,10.968093528292469,5.588112355936253,0.007864278234698305,0.006599279248760277,0.0079,0.0067
122,610,840,37.15111897623293,23.769192071975226,0.02663787791431797,0.028070218708783026,0.0266,0.0297
122,610,842,3.4789191496997955,2.096501102307854,0.002494434249551714,0.0024758622121772342,0.0025,0.0024
122,610,844,334.7978156829949,272.94903899766877,0.24005477051308594,0.32233906805987694,0.2442,0.3151
122,610,846,27.693890713811154,13.599065586829532,0.01985691145074005,0.016059811545191826,0.0192,0.0163
122,610,848,59.56457076759459,44.17907554352977,0.04270863995081809,0.05217326315103793,0.0404,0.0512
122,610,854,1.6049363367953935,0.9008472373793718,0.0011507620598765447,0.0010638552164444937,0.0011,0.001
122,610,856,1.4941941773363394,0.9416425725334495,0.0010713583647812394,0.001112032452616657,0.0011,0.001
122,610,858,19.30162974742205,9.719991685528555,0.01383954160541226,0.011478820636147346,0.0138,0.012
122,610,860,140.66090351280704,82.0613744808699,0.10085585786766912,0.09691035026542846,0.0984,0.1015
122,610,862,10.78664234456506,5.350778018370514,0.00773417516882211,0.006318999349367769,0.0079,0.0067
122,610,864,0.8201404468814548,0.42041049610371356,0.0005880523036358247,0.0004964836220501182,0.0006,0.0005
122,610,890,351.85598800160307,183.04456452078028,0.2522857214019455,0.2161664117145262,0.2544,0.2155
123,615,802,22.882522184771737,11.161598103840454,0.016171101947299996,0.013543892983078195,0.0155,0.0139
123,615,806,22.707269169520654,11.305100740891525,0.016047250461291906,0.013718024352164175,0.0155,0.0139
123,615,808,5.907684798030018,3.250092192998491,0.004174966918858066,0.003943781207456625,0.0045,0.0038
123,615,810,6.035924716257595,3.3591091353992457,0.004265594200878213,0.004076066368370114,0.0045,0.0038
123,615,816,1.9375209003004799,0.8420819963247722,0.0013692480116826804,0.0010218132148366221,0.0014,0.001
123,615,818,11.977167837015381,6.359660081336604,0.008464276820900212,0.007717045063711833,0.0096,0.0081
123,615,820,68.78846762118914,35.95256296316703,0.048612880770682,0.043626160045394456,0.0478,0.0417
123,615,822,56.90427678699936,26.686176088182243,0.040214310893243115,0.032381985957867364,0.0382,0.0335
123,615,824,18.228140544423965,9.873511226378913,0.012881845658157408,0.011980881068570736,0.0138,0.0115
123,615,826,16.20901068845581,7.770159435124659,0.011454924513624322,0.009428596771870293,0.0113,0.0096
123,615,828,4.144067934314023,2.0701838529759895,0.0029286170685732674,0.0025120371024966327,0.0031,0.0024
123,615,830,37.87603051344796,16.837798282333083,0.026767029693939404,0.020431602704644104,0.0274,0.0206
123,615,832,5.811194597778497,2.7886609156323576,0.004106777195164882,0.003383863552157637,0.0042,0.0034
123,615,834,71.52596764098287,37.52842162976228,0.05054747484835237,0.04553836481555892,0.0503,0.0431
123,615,836,48.3053774781317,27.01111227180592,0.03413745991346754,0.032776275454441756,0.0345,0.0302
123,615,838,12.449448417528771,5.359423930683074,0.008798037992572741,0.006503321790733904,0.0079,0.0067
123,615,840,38.972486742563675,25.821465743081433,0.02754189643802508,0.03133271467373321,0.0266,0.0297
123,615,842,3.599024373843585,1.860999167011555,0.0025434342241771857,0.0022582047234732125,0.0025,0.0024
123,615,844,340.08969593660845,251.99478202593508,0.2403417376724817,0.3057797215328017,0.2442,0.3151
123,615,846,26.078074318879036,13.253229716629251,0.018429401924955045,0.016081955584874203,0.0192,0.0163
123,615,848,56.172505630518316,40.98247462176137,0.039697167464822276,0.0497296395457806,0.0404,0.0512
123,615,854,1.6480652407414236,0.7932889558298638,0.0011646893995613502,0.0009626059478633867,0.0011,0.001
123,615,856,1.5838764499211742,0.8985485316283294,0.0011193271151135739,0.0010903317821745237,0.0011,0.001
123,615,858,19.379363337368865,9.957405455000902,0.013695415989191837,0.01208268140610154,0.0138,0.012
123,615,860,144.04593954200692,85.74935589105031,0.10179741352894232,0.10405141707769128,0.0984,0.1015
123,615,862,11.814551787941785,5.835937039108608,0.008349355891878397,0.007081540293631687,0.0079,0.0067
123,615,864,0.878733866053103,0.39446190963684674,0.0006210021263279522,0.00047865456544111387,0.0006,0.0005
123,615,890,359.07314596011355,178.40800183876752,0.2537573613158348,0.2164868204130802,0.2544,0.2155
124,620,802,19.37328406634802,10.993841291214705,0.013752545723204727,0.013146312804565448,0.0155,0.0139
124,620,806,21.85159883366947,10.721151030953752,0.015511831192687165,0.01282023283258936,0.0155,0.0139
124,620,808,6.523159488089872,2.878333784664047,0.00463060619007501,0.003441879438388856,0.0045,0.0038
124,620,810,6.090930509493344,3.412668064098302,0.004323779078539069,0.004080830410444289,0.0045,0.0038
124,620,816,1.9182288007349255,0.8521923619894859,0.0013616963029773053,0.0010190421221859768,0.0014,0.001
124,620,818,12.674171617893592,6.316702593447732,0.008997035509410266,0.007553442512694167,0.0096,0.0081
124,620,820,64.18352633442893,33.39168205541759,0.04556206772005178,0.03992940099307292,0.0478,0.0417
124,620,822,55.25963416791025,26.316465839616143,0.039227249388338166,0.03146893635027447,0.0382,0.0335
124,620,824,19.8408369255047,10.01409031304977,0.01408444825720703,0.01197473751178513,0.0138,0.0115
124,620,826,17.459353438636978,7.668112520208192,0.012393900571536345,0.009169443431188863,0.0113,0.0096
124,620,828,4.455258105316518,2.0952518456770886,0.003162661559713239,0.002505478789258625,0.0031,0.0024
124,620,830,40.12978298522791,17.143272307377014,0.02848699649871308,0.020499733830678355,0.0274,0.0206
124,620,832,5.82386540634558,2.928848198011104,0.004134197124878883,0.003502284010495077,0.0042,0.0034
124,620,834,71.44891383266629,35.72018703737303,0.05071956055524275,0.042713801281281286,0.0503,0.0431
124,620,836,47.75531153591684,26.111949186272298,0.03390014326814055,0.031224377617127253,0.0345,0.0302
124,620,838,10.976348436484397,6.115367696414132,0.007791798913886152,0.007312688488257433,0.0079,0.0067
124,620,840,37.351102540713185,25.57857329708851,0.026514489941100457,0.030586572677444652,0.0266,0.0297
124,620,842,3.5056432444740535,2.106266214908211,0.002488556862314224,0.002518649649144789,0.0025,0.0024
124,620,844,342.08376681251565,263.6432183264313,0.24283557852884236,0.3152616201301063,0.2442,0.3151
124,620,846,25.893550341039898,13.125739096952195,0.01838109810302193,0.015695612424161384,0.0192,0.0163
124,620,848,55.47508887551564,44.83983907129919,0.03938019458376684,0.05361897947432924,0.0404,0.0512
124,620,854,1.5320838088719257,0.8017340359403758,0.0010875829085628351,0.0009587046186451137,0.0011,0.001
124,620,856,1.6441090106921872,0.8737145738323348,0.0011671064268733164,0.001044778143075992,0.0011,0.001
124,620,858,19.45216340578375,9.862100078179223,0.013808539932472033,0.011792989284034718,0.0138,0.012
124,620,860,135.27424435576117,87.091876290831,0.0960273552126397,0.10414349435539993,0.0984,0.1015
124,620,862,11.462038116580592,5.686615205634053,0.00813657626345354,0.006799991041548275,0.0079,0.0067
124,620,864,0.8695109505483656,0.40892776587961194,0.0006172411999581935,0.000488991261773209,0.0006,0.0005
124,620,890,368.39779533094094,179.56932363796736,0.2615151621823935,0.21472699451604846,0.2544,0.2155
125,625,802,21.277587089470117,12.002404169109516,0.015151379930065158,0.014198390241345909,0.0155,0.0139
125,625,806,22.852967089753335,12.276017416885926,0.016273179165013637,0.014522064366329133,0.0155,0.0139
125,625,808,6.654781560356328,3.2810013190482388,0.004738748023851306,0.0038813004839574404,0.0045,0.0038
125,625,810,6.029466511309699,3.0904994537417374,0.004293472634106501,0.0036559439814421034,0.0045,0.0038
125,625,816,2.058375936339008,0.8035597991935018,0.0014657317918256767,0.0009505808545066993,0.0014,0.001
125,625,818,13.818508117197982,6.807226159228889,0.00983990645508715,0.008052691119882596,0.0096,0.0081
125,625,820,67.63327063481835,35.991189647587554,0.04816041287915467,0.042576216286894994,0.0478,0.0417
125,625,822,56.27929529601016,25.833933700561907,0.04007545506173342,0.030560566614950865,0.0382,0.0335
125,625,824,18.72046736855309,9.838676015230039,0.013330501826953096,0.01163878166025552,0.0138,0.0115
125,625,826,15.885617881349742,7.561100944530285,0.011311857445681856,0.008944496481875685,0.0113,0.0096
125,625,828,4.236364245337048,1.829085534110876,0.003016637362749191,0.0021637390169667653,0.0031,0.0024
125,625,830,38.34709989583065,16.566077961399884,0.027306267261170043,0.019597043754773547,0.0274,0.0206
125,625,832,5.728809476209376,2.7640154440723737,0.00407938026788579,0.0032697257445345805,0.0042,0.0034
125,625,834,70.73110252837333,35.38214817936403,0.05036632221376869,0.04185574326189426,0.0503,0.0431
125,625,836,48.2443961294317,25.089776828850965,0.034353950576253435,0.029680257177236352,0.0345,0.0302
125,625,838,11.092043764288437,5.450577326366903,0.007898441142173206,0.006447826854520163,0.0079,0.0067
125,625,840,36.700237016523424,25.353311829162894,0.026133566377738893,0.029992009116594647,0.0266,0.0297
125,625,842,3.549037835250409,2.077710465981065,0.0025272048189461348,0.0024578529092073136,0.0025,0.0024
125,625,844,326.84590719909386,267.5065826908967,0.23274098222401474,0.3164501711206759,0.2442,0.3151
125,625,846,27.692693596728,13.983029419093706,0.01971945973980067,0.016541395011466495,0.0192,0.0163
125,625,848,56.24127680151591,43.51212492284668,0.040048382788358185,0.05147319830095393,0.0404,0.0512
125,625,854,1.4899678366388696,0.8235012465160921,0.0010609787980924187,0.0009741708325706013,0.0011,0.001
125,625,856,1.6913026122211081,0.8645213690897794,0.0012043456030385743,0.0010226960863316788,0.0011,0.001
125,625,858,18.745304913668146,10.033826565728802,0.013348188187769571,0.011869637381555604,0.0138,0.012
125,625,860,139.9746663147969,88.33189787889448,0.09967339534326852,0.10449329477431755,0.0984,0.1015
125,625,862,10.87631022146179,5.147300962303734,0.0077448212388786675,0.006089062384729371,0.0079,0.0067
125,625,864,0.8588221838906255,0.41848862182661656,0.0006115515422768363,0.0004950562137833899,0.0006,0.0005
125,625,890,370.0776009834576,182.71597436381495,0.26352547930034387,0.2161460879664473,0.2544,0.2155
126,630,802,22.565326475049037,12.055243145824694,0.015737660307032313,0.014379463867311966,0.0155,0.0139
126,630,806,22.149438472370285,11.094803481991342,0.015447608925805215,0.013233853838898045,0.0155,0.0139
126,630,808,6.22864852790188,3.2012862765025982,0.004344025547886678,0.003818486262372412,0.0045,0.0038
126,630,810,6.103048627991555,3.054610459698451,0.004256428829019279,0.003643531715008165,0.0045,0.0038
126,630,816,2.0634832845721225,0.8815570229713424,0.0014391282580264455,0.0010515190117241174,0.0014,0.001
126,630,818,12.96403802850592,6.870505846769245,0.009041465760562707,0.008195122186978957,0.0096,0.0081
126,630,820,66.90012411374242,34.75727710839604,0.04665793020830165,0.0414583931871529,0.0478,0.0417
126,630,822,55.666195881973835,30.147968581863378,0.038823089147143455,0.035960421507210044,0.0382,0.0335
126,630,824,20.98847115525128,9.359805938118466,0.0146379193658253,0.011164353108783297,0.0138,0.0115
126,630,826,15.485720617326486,7.578507604523536,0.010800154429609746,0.009039624912512723,0.0113,0.0096
126,630,828,4.216896821802363,1.871655597604199,0.0029409762719236504,0.0022325061147458617,0.0031,0.0024
126,630,830,38.85467294344419,17.29892831247769,0.027098284830972524,0.020634118416653142,0.0274,0.0206
126,630,832,5.974187685625894,2.893071295477712,0.004166557772199551,0.0034508482040271024,0.0042,0.0034
126,630,834,69.21396900148918,34.71615612127701,0.048271667323374456,0.041409344176584324,0.0503,0.0431
126,630,836,49.82873912148733,24.150571787372158,0.034751891167574836,0.0288067416136454,0.0345,0.0302
126,630,838,10.139754768025787,5.548380169647934,0.0070717353153408906,0.006618093986697835,0.0079,0.0067
126,630,840,37.76343370677537,25.308527923932736,0.02633722549334724,0.030187948796627184,0.0266,0.0297
126,630,842,3.5527580756565285,2.1379813156394882,0.002477788203488722,0.0025501787649860794,0.0025,0.0024
126,630,844,354.33759659549884,275.7778631875474,0.2471244870042631,0.3289471453326344,0.2442,0.3151
126,630,846,28.342705901028378,14.214351464467534,0.019766958751769422,0.016954842868629777,0.0192,0.0163
126,630,848,59.9687072913787,43.391374625245845,0.041823775315066376,0.051757123106456936,0.0404,0.0512
126,630,854,1.5396792486894018,0.7986600038837516,0.0010738133580497143,0.0009526396547290879,0.0011,0.001
126,630,856,1.4950831421851285,0.757024718178003,0.0010427108443787278,0.000902977190092829,0.0011,0.001
126,630,858,19.875389161437475,9.991220805196548,0.013861626307008485,0.011917503182705904,0.0138,0.012
126,630,860,143.98287019988868,84.14317131279485,0.10041749246317738,0.10036576425191657,0.0984,0.1015
126,630,862,11.311227314680009,5.829780332361227,0.007888751502482857,0.006953747396840206,0.0079,0.0067
126,630,864,0.8389362939971317,0.40571676087924186,0.0005850965386548327,0.00048393793744811326,0.0006,0.0005
126,630,890,361.4914150964896,170.12927145943266,0.25211375075771436,0.20292976940662658,0.2544,0.2155
127,635,802,22.804258484042524,11.743727263402805,0.016397871742397145,0.014280185266255248,0.0155,0.0139
127,635,806,22.076142267833156,11.381347766775274,0.015874304780756382,0.013839537571322827,0.0155,0.0139
127,635,808,6.503374959453544,3.2803747676130284,0.004676385708943782,0.003988883458682236,0.0045,0.0038
127,635,810,6.264584966869021,3.0713659036153715,0.004504678846626422,0.0037347320097229843,0.0045,0.0038
127,635,816,1.9173355523522486,0.7914324333681932,0.0013786996186089947,0.0009623692308864346,0.0014,0.001
127,635,818,14.425429164090604,6.518906713084139,0.01037290194843732,0.007926886712226225,0.0096,0.0081
127,635,820,68.64332067587533,36.41575793792356,0.049359393518666396,0.04428098152323524,0.0478,0.0417
127,635,822,60.08896043181275,28.187513874181125,0.04320820459846727,0.034275567823584964,0.0382,0.0335
127,635,824,20.074918268559525,9.97302437150273,0.014435283446611305,0.012127038758278504,0.0138,0.0115
127,635,826,16.46160276960606,8.457191005904292,0.011837054516777176,0.010283809534029239,0.0113,0.0096
127,635,828,4.49942695025716,2.014397498455798,0.003235405619359689,0.0024494752673177144,0.0031,0.0024
127,635,830,37.60935268110344,17.931727230335067,0.02704377965242171,0.02180469464674384,0.0274,0.0206
127,635,832,5.9141873968003935,2.6422710889083465,0.0042527182570350685,0.0032129595508290187,0.0042,0.0034
127,635,834,68.42943941776608,36.952559067030016,0.049205597794896985,0.04493372314459967,0.0503,0.0431
127,635,836,48.56840893531901,26.13866042811837,0.034924114766150254,0.03178419467288528,0.0345,0.0302
127,635,838,10.969071948325912,5.882104833818746,0.007887537104863104,0.007152545771752579,0.0079,0.0067
127,635,840,35.2840396448157,25.803914498880324,0.02537171542123207,0.03137714895567582,0.0266,0.0297
127,635,842,3.7401952454297267,2.071206447534313,0.002689464424769494,0.00251855404438967,0.0025,0.0024
127,635,844,322.28032264719525,254.7769074021167,0.23174230372652108,0.3098046606211442,0.2442,0.3151
127,635,846,27.420805614243793,13.76031849669364,0.019717495039367965,0.01673232808018459,0.0192,0.0163
127,635,848,60.91276011289388,41.222387446467465,0.04380057472623305,0.05012576643255097,0.0404,0.0512
127,635,854,1.5745492134129255,0.7824413439877929,0.001132212041523065,0.0009514362094344041,0.0011,0.001
127,635,856,1.637985897053669,0.8400401982976369,0.0011778274954450526,0.0010214754986838965,0.0011,0.001
127,635,858,19.56779339615351,10.032256944166312,0.01407062486229854,0.012199064623019831,0.0138,0.012
127,635,860,138.72217238872446,83.9328659521698,0.09975103519585103,0.10206102788676805,0.0984,0.1015
127,635,862,11.547612169900619,5.75206180317028,0.008303548366875354,0.006994415518163284,0.0079,0.0067
127,635,864,0.8410623952257739,0.40267355139014915,0.0006047832379165668,0.0004896446236104191,0.0006,0.0005
127,635,890,351.9049240828646,171.6197587093071,0.25304448354094783,0.2086868925640229,0.2544,0.2155
128,640,802,22.780911163420704,11.538358566131084,0.01659918222816138,0.013458276103890533,0.0155,0.0139
128,640,806,23.160813434579005,12.296823270908412,0.016875995871944632,0.01434294504128271,0.0155,0.0139
128,640,808,6.567205799388442,3.200875425525839,0.004785157407089347,0.0037334829736817036,0.0045,0.0038
128,640,810,5.6903936525454295,3.0839785107370274,0.004146273189469356,0.003597135074116618,0.0045,0.0038
128,640,816,1.9339613305979808,0.8378576096730931,0.0014091699984485162,0.0009772723721574563,0.0014,0.001
128,640,818,13.844523767404912,7.133511685543293,0.010087734034372938,0.00832048764164576,0.0096,0.0081
128,640,820,66.28980766917144,35.03725074288408,0.0483016938820774,0.04086725089330359,0.0478,0.0417
128,640,822,54.26249164547252,28.419650871931516,0.039538058004613845,0.03314851987121739,0.0382,0.0335
128,640,824,19.08760489397768,8.590394323992387,0.013908075478694115,0.010019787302584177,0.0138,0.0115
128,640,826,16.07324331341766,8.177065835829808,0.011711677941372296,0.009537683294166205,0.0113,0.0096
128,640,828,4.67157467612844,1.9737948528732834,0.003403916497687451,0.0023022231411996886,0.0031,0.0024
128,640,830,39.28569679125505,17.58338275932809,0.028625301039118697,0.020509158097240014,0.0274,0.0206
128,640,832,5.918128757365119,2.8424583921018005,0.004312211087103642,0.003315427375174204,0.0042,0.0034
128,640,834,70.13654445351338,35.33428513480724,0.05110459690948535,0.04121371012629946,0.0503,0.0431
128,640,836,49.25103275779844,25.401858481804773,0.03588648679621491,0.029628583913449375,0.0345,0.0302
128,640,838,11.109905930201757,5.950875757664711,0.008095170195354844,0.006941067791192319,0.0079,0.0067
128,640,840,37.768865959427785,24.56546816334534,0.027520070822198185,0.028653022981456052,0.0266,0.0297
128,640,842,3.661821879879487,2.0044072855718897,0.0026681658268694584,0.002337929309378492,0.0025,0.0024
128,640,844,325.62614848245613,272.84085183804274,0.23726565360535865,0.31824002481908586,0.2442,0.3151
128,640,846,27.092566691420693,13.47966690748539,0.01974084567177513,0.01572260716198596,0.0192,0.0163
128,640,848,58.21664277042123,45.72959306970033,0.0424192278845133,0.0533387384456149,0.0404,0.0512
128,640,854,1.4325263853267196,0.8203919893406106,0.0010438022582199915,0.0009569005714881441,0.0011,0.001
128,640,856,1.5759920373844647,0.8054322832605503,0.001148337695143706,0.0009394516550149225,0.0011,0.001
128,640,858,19.471626396224256,10.192169716492213,0.014187890576939992,0.01188808905149651,0.0138,0.012
128,640,860,138.54927073302886,84.76034684344343,0.10095314344446447,0.0988639886637779,0.0984,0.1015
128,640,862,10.905850623576207,5.078997267824634,0.007946486448905773,0.005924113657026822,0.0079,0.0067
128,640,864,0.8311379472795869,0.3869565516712307,0.0006056039701250588,0.00045134393100655895,0.0006,0.0005
128,640,890,337.2153656611713,189.27627776119797,0.24571007123427782,0.22077077874006662,0.2544,0.2155
129,645,802,20.917440666683127,11.49603722001033,0.014892526258926897,0.013766953556901924,0.0155,0.0139
129,645,806,22.71067679261971,11.646497207747906,0.016169251099193968,0.013947135268539893,0.0155,0.0139
129,645,808,6.629903235193971,3.301199770625509,0.004720271929898923,0.003953315656037502,0.0045,0.0038
129,645,810,5.938793633736392,3.2307471999410415,0.004228224740593543,0.003868945951067414,0.0045,0.0038
129,645,816,2.0399578166396632,0.8674364103276246,0.0014523825278394697,0.0010387889797155163,0.0014,0.001
129,645,818,12.210625449818913,6.572899029948387,0.00869356165732988,0.007871303297626576,0.0096,0.0081
129,645,820,66.20974894671873,35.5762684245456,0.047139152466032584,0.042603970894951194,0.0478,0.0417
129,645,822,55.325229264562225,29.994514716530055,0.03938973427643022,0.03591960283022723,0.0382,0.0335
129,645,824,20.44196962398857,9.366568326550835,0.01455400659480917,0.011216831389056521,0.0138,0.0115
129,645,826,17.315709523707003,8.074848570355087,0.01232821275236098,0.009669946531975,0.0113,0.0096
129,645,828,4.472116964178642,2.044618281844568,0.0031839994377564442,0.002448510246535326,0.0031,0.0024
129,645,830,39.01324366270233,16.583219699479766,0.027776139774983177,0.019859053259609568,0.0274,0.0206
129,645,832,6.118785695566407,2.832324357598513,0.0043563731383787175,0.003391819036673732,0.0042,0.0034
129,645,834,70.49299162951701,36.2728401100382,0.05018867965931539,0.04343814269343298,0.0503,0.0431
129,645,836,48.67088961727883,24.95899678483844,0.03465206442895071,0.02988937344127932,0.0345,0.0302
129,645,838,11.761316064716116,5.375475581895607,0.008373668228556659,0.006437341952355881,0.0079,0.0067
129,645,840,37.87468444123867,25.53712345083669,0.0269655232481727,0.030581702702961833,0.0266,0.0297
129,645,842,3.4337371542089308,2.050713179592601,0.002444707340165158,0.0024558091246291774,0.0025,0.0024
129,645,844,342.8818130330304,260.78919967916437,0.2441205157778313,0.31230525192414543,0.2442,0.3151
129,645,846,26.623213806306232,14.039529637608133,0.01895484811098123,0.01681288506488722,0.0192,0.0163
129,645,848,54.17503907362445,44.14893820290953,0.038570836883854646,0.0528700777662794,0.0404,0.0512
129,645,854,1.6102470488838996,0.872052310879918,0.0011464426667196863,0.0010443167009041784,0.0011,0.001
129,645,856,1.4684076476668524,0.783345544935676,0.0010454577020275265,0.0009380868841798853,0.0011,0.001
129,645,858,20.087712413357423,9.91220189800259,0.01430178717199318,0.011870248900978606,0.0138,0.012
129,645,860,138.58709933359103,89.57905045740767,0.09866943326682272,0.10727441149650327,0.0984,0.1015
129,645,862,12.003962516996566,5.8172454901932795,0.008546424481092742,0.00696637867118145,0.0079,0.0067
129,645,864,0.9199832566953552,0.41662038151618813,0.0006549976656528126,0.0004989191782720211,0.0006,0.0005
129,645,890,354.624297755624,172.90532247039906,0.2524807767133295,0.2070608765990926,0.2544,0.2155
130,650,802,22.76805799737628,11.39809360590925,0.01614536366070851,0.013802008741561619,0.0155,0.0139
130,650,806,21.75206417819072,12.55492089451338,0.01542489862633126,0.015202816710142742,0.0155,0.0139
130,650,808,6.799078525847657,3.028162223657218,0.004821385968455207,0.003666816831554661,0.0045,0.0038
130,650,810,6.208360586655661,3.141311477192194,0.0044024940300097706,0.0038038298304285487,0.0045,0.0038
130,650,816,1.874959151428624,0.8148470029205024,0.0013295774875607313,0.000986702324633778,0.0014,0.001
130,650,818,12.009963311908672,7.042058985109688,0.008516546525174775,0.008527264561214581,0.0096,0.0081
130,650,820,68.04506191294331,38.01860847537389,0.04825234853260196,0.046036923775312336,0.0478,0.0417
130,650,822,52.651397966338706,27.19007734446852,0.03733634056576925,0.03292460109272408,0.0382,0.0335
130,650,824,19.70376567043455,8.836349808667952,0.013972402137732149,0.010699980322981605,0.0138,0.0115
130,650,826,16.215725929881973,8.272794148971522,0.011498951390166661,0.01001756794680546,0.0113,0.0096
130,650,828,4.306061599888213,1.9707713548388346,0.00305352922430271,0.002386416922651249,0.0031,0.0024
130,650,830,38.78015796288299,17.329615246597044,0.02749991910608357,0.020984518059882325,0.0274,0.0206
130,650,832,5.780635317974655,2.8657762831204274,0.004099184015140479,0.00347018288132692,0.0042,0.0034
130,650,834,73.68571698295729,34.68709928943807,0.05225226927245995,0.042002782584978526,0.0503,0.0431
130,650,836,48.097835256479314,25.99209271433501,0.03410730250240024,0.03147395549276279,0.0345,0.0302
130,650,838,11.05963222813659,5.725874673509355,0.007842644475762233,0.0069334903738543325,0.0079,0.0067
130,650,840,35.64925267459007,23.985281171587467,0.025279720770654626,0.029043897325727864,0.0266,0.0297
130,650,842,3.3731816379278747,1.8856167703933886,0.0023920021744606355,0.002283302809051518,0.0025,0.0024
130,650,844,363.79939291926223,250.62943333427728,0.2579786777995443,0.30348843845070206,0.2442,0.3151
130,650,846,26.57663237461609,13.95367882573121,0.018846113033205682,0.01689657970784161,0.0192,0.0163
130,650,848,58.70994388251694,43.26663214296344,0.0416325975009488,0.052391781968303554,0.0404,0.0512
130,650,854,1.560341118623044,0.8952864034978398,0.001106474465140103,0.001084106798427431,0.0011,0.001
130,650,856,1.5304082045602232,0.805407453285505,0.0010852483340829584,0.0009752719266143152,0.0011,0.001
130,650,858,19.369693766404634,9.743247148896847,0.013735503919183607,0.011798146862958856,0.0138,0.012
130,650,860,141.4052559941741,83.0663188001281,0.10027378188445467,0.10058542225116733,0.0984,0.1015
130,650,862,11.886464063103775,5.2887458528633635,0.00842897031274554,0.0064041688914779635,0.0079,0.0067
130,650,864,0.8865240842824614,0.4184167761104474,0.0006286550102940864,0.0005066629737536484,0.0006,0.0005
130,650,890,335.70614520291764,183.02208539094843,0.23805709727462557,0.22162236158115822,0.2544,0.2155
131,655,802,21.83078409323366,12.11201730364236,0.01604546548335183,0.014425705617450473,0.0155,0.0139
131,655,806,21.363436519710103,11.458696786673398,0.015701968459714246,0.013647585076886135,0.0155,0.0139
131,655,808,6.163572651598457,3.291007804307113,0.0045301804925095245,0.003919669909602062,0.0045,0.0038
131,655,810,6.038607394839808,3.3267033868837395,0.004438331949398304,0.003962184211983298,0.0045,0.0038
131,655,816,1.7503006173456244,0.8269207273291147,0.001286458059461695,0.0009848825907663246,0.0014,0.001
131,655,818,13.532246484656884,6.462636305806708,0.009946101475533802,0.007697156181586644,0.0096,0.0081
131,655,820,68.60893997257028,37.187827908706524,0.05042706544472861,0.044291602671512297,0.0478,0.0417
131,655,822,52.868945259611216,28.046830066116684,0.03885828528565025,0.033404453105824676,0.0382,0.0335
131,655,824,20.20499955994491,9.706019128064215,0.014850525828374558,0.011560103585444154,0.0138,0.0115
131,655,826,14.49547809331747,8.183789913813824,0.010654069611869649,0.00974709176614503,0.0113,0.0096
131,655,828,4.317840783911603,1.9775367320132549,0.003173581167079379,0.0023552940875620635,0.0031,0.0024
131,655,830,39.70512046786441,17.265112333097942,0.029182971040280066,0.02056316645903288,0.0274,0.0206
131,655,832,5.500445562035053,2.8484609839338093,0.0040427869668705155,0.003392585940631494,0.0042,0.0034
131,655,834,72.24895831489602,33.07317156646025,0.05310245211069164,0.03939094742786677,0.0503,0.0431
131,655,836,46.77848782576297,24.262858840798284,0.03438184393955473,0.028897651836235074,0.0345,0.0302
131,655,838,10.974620995894604,5.334944601961925,0.00806626558306141,0.006354048081665594,0.0079,0.0067
131,655,840,38.72397152415429,24.896013939608917,0.028461833794678003,0.029651754875939552,0.0266,0.0297
131,655,842,3.71371133801826,2.0580214928601825,0.0027295504749082007,0.0024511533847841314,0.0025,0.0024
131,655,844,321.9188350012163,254.5501006264022,0.23660797218244756,0.303175327814682,0.2442,0.3151
131,655,846,29.06994951668448,13.898067070096175,0.02136619873938985,0.016552934096659363,0.0192,0.0163
131,655,848,56.487028207532475,43.491591411483036,0.041517549598321817,0.051799537501306156,0.0404,0.0512
131,655,854,1.3818814408965694,0.9230146996371935,0.0010156726788783908,0.0010993328364500815,0.0011,0.001
131,655,856,1.4222042045951322,0.8621096221009198,0.001045309613143119,0.00102679341571444,0.0011,0.001
131,655,858,18.984244768324213,10.19772652233947,0.013953280049710233,0.012145738987203808,0.0138,0.012
131,655,860,141.840208113011,83.6914785702551,0.10425150804061861,0.09967857560611307,0.0984,0.1015
131,655,862,11.675190982527047,5.629594451468578,0.008581179362208133,0.006704983180472861,0.0079,0.0067
131,655,864,0.8380611203484786,0.427895215465037,0.0006159687495447555,0.0005096335530793781,0.0006,0.0005
131,655,890,328.11978373228334,193.62336032137614,0.24116562381802073,0.23061010619740013,0.2544,0.2155
132,660,802,21.46863606152654,11.24905864593489,0.015145849821944451,0.01379929665121058,0.0155,0.0139
132,660,806,21.939151351423575,11.378358490887308,0.015477792377553755,0.013957909649294534,0.0155,0.0139
132,660,808,6.437141878065718,3.1515506669911013,0.0045413217629811705,0.0038660286103892444,0.0045,0.0038
132,660,810,6.458258803465354,2.992338494139384,0.004556219485402263,0.0036707219564890434,0.0045,0.0038
132,660,816,2.010122674221648,0.7981185015231521,0.0014181159930325652,0.0009790573871101308,0.0014,0.001
132,660,818,14.275934102905351,7.209467166724696,0.01007149002716874,0.008843902344375116,0.0096,0.0081
132,660,820,66.49632157914009,36.25732752689668,0.04691230954137132,0.04447710995840127,0.0478,0.0417
132,660,822,51.31149528500151,28.53900013801562,0.036199607627555246,0.03500898532302813,0.0382,0.0335
132,660,824,20.795214248797297,9.979227908555833,0.014670759293920779,0.012241586660228237,0.0138,0.0115
132,660,826,16.92778367122425,7.43084273683677,0.011942336186050916,0.00911546525994506,0.0113,0.0096
132,660,828,4.401198678307743,2.0118404199738276,0.0031049897174254674,0.0024679383087888307,0.0031,0.0024
132,660,830,39.132107678158626,17.94084469426096,0.02760720450106724,0.02200815605125056,0.0274,0.0206
132,660,832,5.910873483812663,2.809324403249744,0.0041700461010085454,0.0034462173280550555,0.0042,0.0034
132,660,834,74.33379930634904,36.47770517481173,0.05244155044419096,0.04474744871603365,0.0503,0.0431
132,660,836,48.755720300506475,24.479194117792638,0.03439654086621522,0.03002879370142319,0.0345,0.0302
132,660,838,10.42548028062112,5.596152116207348,0.007355043804338588,0.006864837813317951,0.0079,0.0067
132,660,840,38.091743552456045,25.36823208276828,0.02687324083598523,0.03111938261192912,0.0266,0.0297
132,660,842,3.43717940232422,2.076662296200811,0.0024248863732883896,0.002547455744664894,0.0025,0.0024
132,660,844,364.2108055694719,236.23428934111243,0.2569460933091244,0.2897902073773927,0.2442,0.3151
132,660,846,25.856627089829672,13.345795996833345,0.018241521710193564,0.01637137860183469,0.0192,0.0163
132,660,848,60.52131234951631,41.64038067098277,0.04269701648701699,0.051080537815124144,0.0404,0.0512
132,660,854,1.5026172778638316,0.7688414520455059,0.001060077387550922,0.0009431430316489114,0.0011,0.001
132,660,856,1.5950118575612096,0.8279395191667048,0.0011252605889637956,0.0010156390320154205,0.0011,0.001
132,660,858,19.963570923615457,10.176185169641155,0.014084045500248549,0.012483195470251507,0.0138,0.012
132,660,860,140.58869582993114,84.78104111343568,0.09918353767797569,0.10400147901669594,0.0984,0.1015
132,660,862,10.892031033335861,6.250054757714117,0.007684189429364856,0.007666984625346789,0.0079,0.0067
132,660,864,0.8402783683079982,0.43006591341307326,0.0005928057068249787,0.0005275647772452009,0.0006,0.0005
132,660,890,338.8808723689218,184.99088579871693,0.23907614744223557,0.2269295761765103,0.2544,0.2155
133,665,802,22.702778273336072,12.08549582483734,0.01607813475959517,0.01420645937548538,0.0155,0.0139
133,665,806,22.02844151541153,12.074845857359062,0.015600568660119446,0.014193940374815216,0.0155,0.0139
133,665,808,5.824215297252081,3.274765186891809,0.004124716247971101,0.003849475376609832,0.0045,0.0038
133,665,810,6.4458916294518795,3.1304196653038288,0.004564988170888068,0.0036797977052760215,0.0045,0.0038
133,665,816,1.950028406439472,0.8514416800139281,0.0013810124525858434,0.0010008668086959264,0.0014,0.001
133,665,818,13.849519393396465,6.947968677454889,0.009808246219106209,0.008167313628585549,0.0096,0.0081
133,665,820,63.48517960177487,36.39322031810264,0.04496028021703653,0.04278010712060901,0.0478,0.0417
133,665,822,48.38130950620257,28.33668149116342,0.03426370132857319,0.03330967303906208,0.0382,0.0335
133,665,824,21.45472950063885,10.499087169170508,0.0151942651242413,0.012341641378251696,0.0138,0.0115
133,665,826,16.18801420345927,8.20894251726046,0.011464371043923905,0.009649584102911642,0.0113,0.0096
133,665,828,4.49490821603661,2.053959134906502,0.00318329938121835,0.0024144220007083607,0.0031,0.0024
133,665,830,38.646056944985766,17.86378017586675,0.027369183806822437,0.020998813043276006,0.0274,0.0206
133,665,832,6.053294392086853,2.878178572664683,0.004286950337253704,0.0033832891559088052,0.0042,0.0034
133,665,834,70.6327175258929,36.402331861199954,0.05002217513402371,0.042790817708634195,0.0503,0.0431
133,665,836,50.03926759093393,25.608210801754996,0.03543786922957318,0.030102364992451162,0.0345,0.0302
133,665,838,10.99045138579934,5.8790451959466585,0.007783450832411935,0.006910797699438434,0.0079,0.0067
133,665,840,39.13036232475007,25.91013935778995,0.02771216945672383,0.030457280986612892,0.0266,0.0297
133,665,842,3.4660607513921255,1.856165161326781,0.002454668374719467,0.0021819158552342714,0.0025,0.0024
133,665,844,349.23069827256376,286.3812087566305,0.2473255987179539,0.3366401401374219,0.2442,0.3151
133,665,846,26.483459721111085,13.701537666159492,0.018755617888249084,0.01610611108200829,0.0192,0.0163
133,665,848,56.01052985069889,43.42717313888198,0.03966672431248361,0.05104849481820911,0.0404,0.0512
133,665,854,1.6366610577012768,0.9056261808390423,0.0011590853209542402,0.0010645605057448269,0.0011,0.001
133,665,856,1.4935263882450667,0.8015233625653722,0.0010577171766425844,0.0009421879957449453,0.0011,0.001
133,665,858,20.503324791847295,10.415158885916743,0.01452047917017462,0.012242983965781414,0.0138,0.012
133,665,860,135.94522221177164,83.10145636165369,0.09627656916383165,0.09768548026132752,0.0984,0.1015
133,665,862,11.806936881954515,5.815735825580392,0.008361686838524715,0.006836377749174786,0.0079,0.0067
133,665,864,0.8870888843248196,0.4222627883593205,0.0006282374101615861,0.000496368476358032,0.0006,0.0005
133,665,890,362.26743774570394,165.47792052890256,0.2565582332242363,0.19451873465566258,0.2544,0.2155
134,670,802,21.322798164592143,11.457700047405368,0.015620689340742561,0.013846492367738886,0.0155,0.0139
134,670,806,21.639027475426047,12.363707223160686,0.015852353111456118,0.01494139111638029,0.0155,0.0139
134,670,808,6.618560251111808,2.966842866145049,0.004848635379257326,0.003585393834049685,0.0045,0.0038
134,670,810,6.17670148178674,3.129888182406824,0.004524937780338476,0.0037824321329991742,0.0045,0.0038
134,670,816,2.052717188240117,0.8971891793313513,0.0015037828175453617,0.0010842423062770508,0.0014,0.001
134,670,818,13.788939168222656,7.106786108869607,0.010101522953158958,0.00858846532973253,0.0096,0.0081
134,670,820,64.66155913572577,36.579520390311274,0.04736986767639585,0.04420590937137441,0.0478,0.0417
134,670,822,55.96361060945133,26.068900823340176,0.040997910732380884,0.0315039523457819,0.0382,0.0335
134,670,824,20.597656144298785,9.296107431970928,0.015089463647965965,0.011234233753188093,0.0138,0.0115
134,670,826,17.024495242841088,7.685118185244416,0.012471831760475557,0.009287372671381413,0.0113,0.0096
134,670,828,4.243517945644001,2.1126797541156956,0.0031087231154701,0.002553148011364107,0.0031,0.0024
134,670,830,37.88868289349528,17.00592264542717,0.027756551482628424,0.02055145248540423,0.0274,0.0206
134,670,832,6.01162123923209,2.8007840065614107,0.004404003034094775,0.003384713704328453,0.0042,0.0034
134,670,834,70.93644005559882,35.109051151192766,0.051966729905399876,0.042428865024585115,0.0503,0.0431
134,670,836,49.500086537436054,25.648622428673253,0.0362628520034088,0.03099605097290568,0.0345,0.0302
134,670,838,10.386006381549983,5.485389780450451,0.007608597048325775,0.006629027415173077,0.0079,0.0067
134,670,840,38.42869976552846,23.603496771908112,0.028152157900307572,0.028524541273724984,0.0266,0.0297
134,670,842,3.5114535504867925,2.1682389184784494,0.0025724262183227787,0.0026202905916484485,0.0025,0.0024
134,670,844,318.26537300745235,257.6460382568647,0.23315535237399082,0.3113621309286857,0.2442,0.3151
134,670,846,26.12193337312901,14.13832563599218,0.019136447433001746,0.017085996072632798,0.0192,0.0163
134,670,848,60.828365297722726,44.078377072747166,0.04456174044730995,0.05326818726227012,0.0404,0.0512
134,670,854,1.6489927749180069,0.8292455152237292,0.0012080217457058084,0.00100213320736453,0.0011,0.001
134,670,856,1.6300744987313975,0.8493705119283982,0.0011941625648941587,0.0010264540232454687,0.0011,0.001
134,670,858,19.54202149024332,9.744678375678205,0.01431612513671443,0.01177632633047098,0.0138,0.012
134,670,860,139.05997724060018,84.16196420580452,0.10187277895887244,0.10170871904553676,0.0984,0.1015
134,670,862,11.478070921421137,5.817836407594253,0.008408623423180061,0.007030785155939699,0.0079,0.0067
134,670,864,0.8355013405987403,0.4248571697324842,0.0006120728989002509,0.0005134347673390317,0.0006,0.0005
134,670,890,334.87278839229253,178.30368904727746,0.24532163910975513,0.2154778584984777,0.2544,0.2155
135,675,802,22.508828892803514,11.481619294476452,0.015806641628059594,0.013321662418639862,0.0155,0.0139
135,675,806,21.895124802273635,11.356603521797922,0.015375672932581106,0.013176611631123332,0.0155,0.0139
135,675,808,6.627429645765497,3.0296046605272653,0.004654058450783551,0.003515128791014542,0.0045,0.0038
135,675,810,6.647813872750481,3.2996781275594538,0.004668373108038762,0.0038284842040236904,0.0045,0.0038
135,675,816,2.0979030483885928,0.8415235036214279,0.001473235316427074,0.000976385973535008,0.0014,0.001
135,675,818,13.676325926734176,6.6748353237884475,0.009604088410905412,0.0077445437444786,0.0096,0.0081
135,675,820,65.99876141468395,34.64957803539107,0.0463470922697028,0.04020251583832422,0.0478,0.0417
135,675,822,51.90085225634589,28.030405964272152,0.03644695047058702,0.03252255593364804,0.0382,0.0335
135,675,824,19.780646867409747,9.983158691045023,0.013890798037223094,0.011583058673421787,0.0138,0.0115
135,675,826,17.73731893744263,7.639123962252545,0.012455887652884023,0.008863369180706786,0.0113,0.0096
135,675,828,4.128506828526817,2.0387556245763876,0.0028992102702590805,0.0023654863907372177,0.0031,0.0024
135,675,830,41.619073401165586,16.804935214352923,0.02922665507286614,0.019498092398902444,0.0274,0.0206
135,675,832,5.80471144073292,2.9015357532879404,0.004076311296999457,0.003366535573907339,0.0042,0.0034
135,675,834,73.67345352533901,37.20284395155328,0.051736582250570096,0.043164967886921174,0.0503,0.0431
135,675,836,48.39055614722533,24.952113998213377,0.033981873639202846,0.02895093721453808,0.0345,0.0302
135,675,838,10.465379504853454,5.520322874363424,0.007349227457486556,0.006405009248960517,0.0079,0.0067
135,675,840,36.953054252298706,24.40687353886882,0.025949981156730816,0.02831831657540344,0.0266,0.0297
135,675,842,3.416602302621228,2.0080547210585538,0.0023992811194367986,0.0023298653635874522,0.0025,0.0024
135,675,844,352.88585362027453,262.57963663640436,0.24781121445065257,0.30466062212688994,0.2442,0.3151
135,675,846,26.839376134794495,14.1349938207841,0.01884773313191027,0.016400266472921105,0.0192,0.0163
135,675,848,55.3433288163958,46.31855907308166,0.03886440157641072,0.053741566573825214,0.0404,0.0512
135,675,854,1.6949188508699646,0.8606237954091717,0.0011902429483085938,0.0009985472761150588,0.0011,0.001
135,675,856,1.5605386203909488,0.8556093868207771,0.0010958755267428736,0.0009927292589233673,0.0011,0.001
135,675,858,19.617316219012945,9.969138641332552,0.013776100420639752,0.011566791771988124,0.0138,0.012
135,675,860,138.46614315651425,83.33177276359663,0.09723672044059031,0.09668651407362851,0.0984,0.1015
135,675,862,11.58007150213755,5.992252972993737,0.008132010827098867,0.006952570816532517,0.0079,0.0067
135,675,864,0.8108456954173406,0.43172407706867166,0.000569409780675636,0.0005009121331408815,0.0006,0.0005
135,675,890,361.890096120998,204.57998513279708,0.25413437035622627,0.23736595245416184,0.2544,0.2155
136,680,802,21.18028111056899,11.390068784497737,0.01529331587405551,0.013313780901999826,0.0155,0.0139
136,680,806,23.9835777350891,11.591639981591534,0.017317448629596065,0.013549396226633616,0.0155,0.0139
136,680,808,6.148670442692587,3.2792038912458192,0.004439674751939132,0.0038330411314506647,0.0045,0.0038
136,680,810,6.612579037429234,2.9813273970565755,0.0047746420094065736,0.0034848551411352166,0.0045,0.0038
136,680,816,2.003694758274559,0.7909879390368066,0.0014467766831570126,0.0009245809060252152,0.0014,0.001
136,680,818,13.71756921067681,6.275646093872924,0.009904831662428441,0.007335563875262368,0.0096,0.0081
136,680,820,62.689606651691975,35.26853797565935,0.04526530840358904,0.041225175740893905,0.0478,0.0417
136,680,822,55.19423638835515,28.61056857896496,0.03985324307585302,0.03344271652339956,0.0382,0.0335
136,680,824,18.991886229247765,9.62858089529609,0.013713175648224833,0.011254788611253003,0.0138,0.0115
136,680,826,15.982712348702714,7.852468115820055,0.011540388307259434,0.009178701376786965,0.0113,0.0096
136,680,828,4.312038470316066,2.0019769724420216,0.0031135264939763196,0.0023400984916104144,0.0031,0.0024
136,680,830,40.1823286910071,17.547680088266066,0.029013828570955472,0.020511374641699453,0.0274,0.0206
136,680,832,6.018818677452087,2.937851440480771,0.0043459147091776725,0.003434036364593417,0.0042,0.0034
136,680,834,69.44803998356971,36.23379101115936,0.050145265152915446,0.0423534540395402,0.0503,0.0431
136,680,836,47.636651431349144,25.34964678136715,0.034396255352737846,0.029631045218054836,0.0345,0.0302
136,680,838,11.793998260902397,5.808353852872678,0.008515908730410436,0.006789348867118664,0.0079,0.0067
136,680,840,37.62475661310791,24.91997538874614,0.027167122313668877,0.029128804986722857,0.0266,0.0297
136,680,842,3.6537222194107364,1.935766847977658,0.002638186326508225,0.002262705886939542,0.0025,0.0024
136,680,844,341.43146699497447,270.9487100808049,0.2465321044058621,0.3167102701438497,0.2442,0.3151
136,680,846,26.57770188360593,14.020412540910755,0.019190547471517782,0.01638837343804221,0.0192,0.0163
136,680,848,57.182266421974504,42.25666410023598,0.04128870897512659,0.04939355311406506,0.0404,0.0512
136,680,854,1.6388273303708414,0.8736419980791993,0.0011833225392787576,0.0010211947240426364,0.0011,0.001
136,680,856,1.507642687712809,0.8688384162736813,0.0010886000864689474,0.0010155798470025132,0.0011,0.001
136,680,858,20.255937611914693,10.298296276263585,0.014625889552976336,0.012037614774782074,0.0138,0.012
136,680,860,143.66743690590826,84.99461025311938,0.10373570973624205,0.09934967384051659,0.0984,0.1015
136,680,862,10.668647332716615,6.034315144952316,0.007703344103715338,0.00705347362281598,0.0079,0.0067
136,680,864,0.8532867203253245,0.44457565105523994,0.0006161194592719683,0.0005196617267640495,0.0006,0.0005
136,680,890,333.9787554206991,190.3655694478304,0.2411508409736809,0.22251713583699909,0.2544,0.2155
137,685,802,21.676456326092577,11.364925215463485,0.015232824994245792,0.0134955639455842,0.0155,0.0139
137,685,806,21.20910693135594,10.906842136256014,0.014904401776257875,0.012951601766279843,0.0155,0.0139
137,685,808,6.458170033864634,3.147363037420002,0.004538388213876276,0.003737414749872379,0.0045,0.0038
137,685,810,6.532411653594369,3.2861391551593515,0.004590560468585228,0.0039022079126573867,0.0045,0.0038
137,685,816,2.0464056800734105,0.8089758606126655,0.0014380828269547692,0.000960638565617433,0.0014,0.001
137,685,818,13.43281263170312,6.935867874388223,0.009439720262436129,0.00823616932292432,0.0096,0.0081
137,685,820,70.20049859940256,34.80573194729646,0.04933241363747663,0.041330934631094794,0.0478,0.0417
137,685,822,56.845000223617035,27.06394855579546,0.03994702488164084,0.03213776082378237,0.0382,0.0335
137,685,824,19.68377195339812,9.197556529646768,0.013832494060933374,0.010921867934518681,0.0138,0.0115
137,685,826,16.504356218049733,7.973770492118584,0.011598204343466274,0.009468652676867629,0.0113,0.0096
137,685,828,4.285659075455838,2.124435566992029,0.003011686675134133,0.0025227140081488966,0.0031,0.0024
137,685,830,38.85300712958254,17.24454758527273,0.02730340463411903,0.020477468196012826,0.0274,0.0206
137,685,832,5.7460705475964495,2.828447657733056,0.004037970309324303,0.0033587107269071105,0.0042,0.0034
137,685,834,71.94123468279285,36.078839415873446,0.0505556914519197,0.04284271785236968,0.0503,0.0431
137,685,836,48.98450342559945,24.697403642776266,0.03442317124566162,0.029327548033266874,0.0345,0.0302
137,685,838,10.96784499082406,5.5837898505317725,0.007707498900921815,0.006630610545859398,0.0079,0.0067
137,685,840,36.81300945847046,24.328917455508318,0.025869824945389492,0.028889979918293906,0.0266,0.0297
137,685,842,3.5957920061078257,2.0106060410266733,0.002526892289069195,0.0023875442980595776,0.0025,0.0024
137,685,844,346.62423657472306,289.5652817993642,0.24358531002832964,0.34385151708937645,0.2442,0.3151
137,685,846,26.97522152141405,13.318002769813045,0.018956457754678753,0.0158147946070888,0.0192,0.0163
137,685,848,60.38415486712371,41.08030902180957,0.04243411606024899,0.04878183769778382,0.0404,0.0512
137,685,854,1.667507112135035,0.8264221338648062,0.0011718171842155516,0.0009813555779886224,0.0011,0.001
137,685,856,1.4876011486949845,0.7908816231668678,0.0010453907972048351,0.0009391521120009946,0.0011,0.001
137,685,858,19.111477196509192,10.414287277166279,0.013430321964827433,0.012366705212054465,0.0138,0.012
137,685,860,142.47349733606734,88.85929263943142,0.10012124761490819,0.10551818364305181,0.0984,0.1015
137,685,862,11.30150523816858,5.547949043802331,0.00794197394974323,0.006588050485858266,0.0079,0.0067
137,685,864,0.8455041958699266,0.4074463528710846,0.0005941661890594074,0.00048383233548119194,0.0006,0.0005
137,685,890,356.36279139258886,160.92505035987497,0.2504289425393712,0.19109446533119848,0.2544,0.2155
138,690,802,23.060290003116485,11.001195704228575,0.016197862042386747,0.01321607187087965,0.0155,0.0139
138,690,806,21.219125956560426,11.434009464508932,0.014904603318429365,0.013736024239363761,0.0155,0.0139
138,690,808,6.493171832503894,3.3609643055044263,0.004560892406218467,0.004037628909731529,0.0045,0.0038
138,690,810,6.775813061602827,3.1374543244928295,0.004759423458335177,0.003769119553810082,0.0045,0.0038
138,690,816,2.0411532055926442,0.8648937046831078,0.0014337338353982935,0.0010390231815774103,0.0014,0.001
138,690,818,13.527574606415103,6.844250581466351,0.009501952803420657,0.008222206932670138,0.0096,0.0081
138,690,820,65.39160651499148,35.339951841944576,0.045931955795730416,0.04245496180720076,0.0478,0.0417
138,690,822,55.45961355365223,27.538246369741326,0.03895558855264771,0.03308253511757817,0.0382,0.0335
138,690,824,20.609802701062534,10.182653370159617,0.01447660635783438,0.012232732004263624,0.0138,0.0115
138,690,826,16.249737282984277,7.760550461422969,0.01141403697435011,0.00932298592018786,0.0113,0.0096
138,690,828,4.4472519716970895,1.9882572412877488,0.003123810407221531,0.0023885540540430172,0.0031,0.0024
138,690,830,39.0544076019442,16.371360199990654,0.027432348266129343,0.019667414237887794,0.0274,0.0206
138,690,832,5.767867798871794,2.9645078322784535,0.004051428966080827,0.003561353658868029,0.0042,0.0034
138,690,834,71.6671026732014,35.555069836735655,0.050339949841099095,0.04271338961416956,0.0503,0.0431
138,690,836,48.409561637015656,25.32112413400021,0.03400353598427539,0.03041903856666988,0.0345,0.0302
138,690,838,11.368069220226717,6.104690357278504,0.007985086783065176,0.007333750683141412,0.0079,0.0067
138,690,840,37.632644160101954,23.950984549760015,0.02643368224394327,0.028773048102970065,0.0266,0.0297
138,690,842,3.9218806910749984,1.928843737214417,0.002754782458162841,0.0023171787998393185,0.0025,0.0024
138,690,844,370.91659559472413,255.56096926387477,0.2605368728607983,0.30701318547444856,0.2442,0.3151
138,690,846,27.764262595368642,13.363480056925491,0.019501996512949413,0.01605395609947279,0.0192,0.0163
138,690,848,60.86874783203391,42.573720229995686,0.042755038203893675,0.05114510835891002,0.0404,0.0512
138,690,854,1.6666132244598433,0.8313567656921019,0.0011706518471437072,0.0009987342340892682,0.0011,0.001
138,690,856,1.5094891360011533,0.8421910546029708,0.00106028574558793,0.001011749795739615,0.0011,0.001
138,690,858,19.043448468745424,10.490955510884893,0.013376377793442851,0.012603104767308386,0.0138,0.012
138,690,860,136.48290816382723,85.36340700813166,0.09586745514833699,0.10254966391780311,0.0984,0.1015
138,690,862,12.201599770901836,5.201107586123157,0.008570570004053533,0.006248249146223244,0.0079,0.0067
138,690,864,0.826773697126982,0.40397009338719014,0.0005807371149507244,0.0004853015918841381,0.0006,0.0005
138,690,890,339.285463177518,186.13023681688614,0.238318734274114,0.2236039293592687,0.2544,0.2155
139,695,802,21.74162871080947,11.807513002608573,0.015738857642871144,0.014089904302013477,0.0155,0.0139
139,695,806,22.525901421854794,11.867239579720735,0.01630659599939059,0.01416117602160517,0.0155,0.0139
139,695,808,6.629652222223408,3.0928345461838744,0.004799233485918255,0.0036906792114533063,0.0045,0.0038
139,695,810,6.594561751537701,3.012909673079157,0.0047738313447038255,0.0035953048669027437,0.0045,0.0038
139,695,816,1.9776388988938043,0.8774645420231751,0.0014316212236307284,0.0010470783663575252,0.0014,0.001
139,695,818,14.57243723831653,7.020708296422418,0.010549049395251083,0.008377810636930046,0.0096,0.0081
139,695,820,71.20560546452745,33.790450280308015,0.05154604113092318,0.04032214156074197,0.0478,0.0417
139,695,822,52.513812040580035,28.202166725155426,0.03801497224447864,0.03365364325062194,0.0382,0.0335
139,695,824,19.883981690416807,9.647587151537458,0.01439409905125157,0.011512464960272875,0.0138,0.0115
139,695,826,16.53487427492258,7.9410459253467405,0.011969665926011928,0.009476049454386428,0.0113,0.0096
139,695,828,4.356691001929401,2.087691783401188,0.0031538271757558488,0.002491242434687474,0.0031,0.0024
139,695,830,37.23654054145305,16.882275476675392,0.02695569032524012,0.0201456179479992,0.0274,0.0206
139,695,832,6.197358544766353,2.806638304663146,0.004486294251240444,0.0033491612598125055,0.0042,0.0034
139,695,834,71.89211969142374,35.680736842040616,0.052043011704317,0.04257782036052905,0.0503,0.0431
139,695,836,49.92665255067379,24.896124873543393,0.03614211646846252,0.029708543779008063,0.0345,0.0302
139,695,838,11.65970746005798,5.332459193487602,0.008440511900570623,0.006363223120231444,0.0079,0.0067
139,695,840,36.73054893371631,24.94053783452256,0.02658940084488041,0.029761541761718503,0.0266,0.0297
139,695,842,3.4294306585276617,2.0128795666332384,0.0024825794630477407,0.002401969022526164,0.0025,0.0024
139,695,844,331.5954384653282,268.9464682202355,0.24004335049823097,0.32093379856964355,0.2442,0.3151
139,695,846,27.88425475715192,14.18471100786895,0.020185530805342643,0.0169266144876094,0.0192,0.0163
139,695,848,57.200798848938504,44.48574565348939,0.04140790196156525,0.05308483665636462,0.0404,0.0512
139,695,854,1.5429958030855873,0.7590252249890038,0.0011169812350000127,0.000905744739010375,0.0011,0.001
139,695,856,1.603457495328707,0.7549752259620541,0.0011607497115809983,0.0009009118755021696,0.0011,0.001
139,695,858,19.32827611110635,10.267878652984102,0.013991821415088642,0.012252658758306773,0.0138,0.012
139,695,860,139.05761050740944,87.55039268862993,0.10066439663031368,0.10447387644747613,0.0984,0.1015
139,695,862,10.255188274422306,5.725698194369266,0.0074237744788515775,0.00683247518787837,0.0079,0.0067
139,695,864,0.7860225607621129,0.39251142805853795,0.0005690050801837714,0.000468383855056491,0.0006,0.0005
139,695,890,336.5349564448419,173.04562241959002,0.24361908860589707,0.20649532710535426,0.2544,0.2155
140,700,802,21.89227110722095,11.684558839431187,0.015955335904867227,0.013383750406616763,0.0155,0.0139
140,700,806,22.400632185445502,11.79757970908517,0.016325835234256486,0.013513206993807975,0.0155,0.0139
140,700,808,6.7056608861988565,3.2916567518082056,0.004887161838048975,0.0037703359618325564,0.0045,0.0038
140,700,810,6.3023499663287765,3.2252935591538274,0.004593224257561695,0.0036943221029545384,0.0045,0.0038
140,700,816,2.0859674163978497,0.8382064114951536,0.0015202767521117484,0.0009601000392774056,0.0014,0.001
140,700,818,13.766666905303591,6.227387566584065,0.010033303246098017,0.007132986535629187,0.0096,0.0081
140,700,820,64.93034436578422,35.59469482364666,0.04732197265879285,0.04077094547307458,0.0478,0.0417
140,700,822,55.02512397287517,27.29897976061462,0.0401029355014978,0.03126885118147386,0.0382,0.0335
140,700,824,20.157080616183666,10.145804857951962,0.014690709361196317,0.011621227789519111,0.0138,0.0115
140,700,826,15.194384560100222,7.947539470165306,0.01107384009346402,0.009103286318048593,0.0113,0.0096
140,700,828,3.9722559498859877,1.9534322590691735,0.0028950252657721537,0.0022375042268081105,0.0031,0.0024
140,700,830,37.83730624782549,16.49368409263199,0.02757625866967545,0.01889222812900979,0.0274,0.0206
140,700,832,5.898608685135927,2.822745301393552,0.00429897302485297,0.003233234484455779,0.0042,0.0034
140,700,834,71.16819195723903,35.27563379049295,0.051868186852723625,0.04040548595587004,0.0503,0.0431
140,700,836,49.18384676704491,24.56385258079522,0.03584574631011578,0.02813597641845555,0.0345,0.0302
140,700,838,11.058580505087615,5.434774964516968,0.008059619110576932,0.006225110647375155,0.0079,0.0067
140,700,840,38.05305555219278,23.706669182143937,0.02773349921386395,0.027154139721161576,0.0266,0.0297
140,700,842,3.3736446864660254,2.075515399529957,0.002458750576064326,0.002377340938081208,0.0025,0.0024
140,700,844,320.257684267418,284.0921931452463,0.23340743879771084,0.3254054395869201,0.2442,0.3151
140,700,846,26.29926399881227,14.032087634410722,0.01916720239287673,0.01607266146403084,0.0192,0.0163
140,700,848,54.08277119004118,46.561964890211684,0.03941613808713345,0.05333309756028261,0.0404,0.0512
140,700,854,1.4708627312792564,0.8458919275567282,0.0010719814692853073,0.0009689031982265513,0.0011,0.001
140,700,856,1.5959826124177192,0.871758498314068,0.0011631702601678927,0.000998531336665382,0.0011,0.001
140,700,858,19.358283218600157,9.965754545225193,0.014108536742560381,0.011414994205582993,0.0138,0.012
140,700,860,135.8045933875518,86.7619001848057,0.09897593056060773,0.0993789866467705,0.0984,0.1015
140,700,862,11.208288662826712,6.280635033767872,0.008168728116797775,0.007193977354398283,0.0079,0.0067
140,700,864,0.8643677104061774,0.39359960317905185,0.0006299610075768998,0.0004508376329378195,0.0006,0.0005
140,700,890,352.1490914740197,192.85690639829537,0.2566502586937425,0.2209025376907331,0.2544,0.2155
141,705,802,22.01117862985211,11.307764450080702,0.015074995062197886,0.013701784818643,0.0155,0.0139
141,705,806,21.563874564226865,11.511234622268324,0.014768645879630421,0.01394833262467792,0.0155,0.0139
141,705,808,6.422643404118899,3.2776099823844493,0.00439873389933053,0.003971528315461815,0.0045,0.0038
141,705,810,5.820684073688206,3.0872705358158203,0.003986464566257219,0.0037408912031575924,0.0045,0.0038
141,705,816,1.9067166239736473,0.8512451155728886,0.0013058702659579696,0.0010314662507333507,0.0014,0.001
141,705,818,12.16529549766282,6.999165671263505,0.008331755997324226,0.008480992185595192,0.0096,0.0081
141,705,820,66.86581829616655,35.72123881547424,0.04579499796878003,0.043283951471194015,0.0478,0.0417
141,705,822,56.745921047537315,29.24152684169068,0.03886409237673992,0.03543238898565487,0.0382,0.0335
141,705,824,18.46370069541343,9.72128266326537,0.012645401752169926,0.011779421458705414,0.0138,0.0115
141,705,826,15.561114426810576,8.04223135354217,0.010657481232209774,0.009744890243729161,0.0113,0.0096
141,705,828,4.60059750456882,2.0831637572177155,0.0031508528384970383,0.002524200222723007,0.0031,0.0024
141,705,830,39.596295628741316,17.411085716095858,0.02711867324883064,0.021097269136977084,0.0274,0.0206
141,705,832,5.97073653901928,2.742494901477059,0.004089232355841587,0.00332312148631607,0.0042,0.0034
141,705,834,74.06033944916719,36.1206526082379,0.05072237476582579,0.04376792704976266,0.0503,0.0431
141,705,836,49.6230831253987,25.172791146821336,0.03398580992259417,0.0305022419861183,0.0345,0.0302
141,705,838,11.423575397751463,6.582663647779596,0.0078237674415214,0.007976310546045725,0.0079,0.0067
141,705,840,38.75687327545474,25.27394372734807,0.02654377046676282,0.030624810058556162,0.0266,0.0297
141,705,842,3.5333549154584514,2.0336420877051156,0.0024199207502359297,0.0024641940860089763,0.0025,0.0024
141,705,844,365.35263701584006,248.74771312485169,0.25022236617102817,0.30141126961146886,0.2442,0.3151
141,705,846,27.31891024619542,14.02753682651336,0.018710149237873418,0.016997373086517085,0.0192,0.0163
141,705,848,52.8967194489848,42.32460551608989,0.036227854850918104,0.05128534821144735,0.0404,0.0512
141,705,854,1.6492317489376942,0.7476401696064817,0.0011295242699060667,0.0009059266109534727,0.0011,0.001
141,705,856,1.5308208116416568,0.8444769369427276,0.0010484270999150393,0.0010232651489493513,0.0011,0.001
141,705,858,19.288722408554943,9.877175865127633,0.013210441837526678,0.011968319548689129,0.0138,0.012
141,705,860,142.58325426382999,84.3182073994797,0.09765228342039875,0.10216961444338697,0.0984,0.1015
141,705,862,11.560114424295062,5.343654634309762,0.007917280160015742,0.006474985066029941,0.0079,0.0067
141,705,864,0.8993369045075159,0.4339523928048195,0.0006159370028607243,0.0005258265092092934,0.0006,0.0005
141,705,890,381.94027978778416,181.43077991000814,0.26158289515885,0.21984234963328825,0.2544,0.2155
142,710,802,21.098474124105707,11.627777525071139,0.015310969158234844,0.014072834001757472,0.0155,0.0139
142,710,806,22.188817695205607,11.485816574104799,0.016102221487232254,0.013901021899799602,0.0155,0.0139
142,710,808,6.472394777438399,3.1515030608796275,0.0046969575256656185,0.0038141922939412473,0.0045,0.0038
142,710,810,6.20691260553084,3.19617838614413,0.004504299548494952,0.0038682618214211364,0.0045,0.0038
142,710,816,2.063566332255226,0.8232126520079817,0.001497511160441361,0.0009963155018124575,0.0014,0.001
142,710,818,13.538986571862711,6.71924063003424,0.00982511837662726,0.008132143722259394,0.0096,0.0081
142,710,820,67.02302032755453,33.314407658947445,0.04863799112157032,0.040319667953775784,0.0478,0.0417
142,710,822,53.751167615149484,27.839185794354922,0.03900672933661969,0.033693131777187545,0.0382,0.0335
142,710,824,19.113590991242102,9.784061756817632,0.013870557673915556,0.011841426847887316,0.0138,0.0115
142,710,826,16.770229232074378,7.584202274993436,0.012170001538426551,0.009178987078279261,0.0113,0.0096
142,710,828,4.610504046146212,2.226941382354033,0.0033458004990895873,0.002695216376297231,0.0031,0.0024
142,710,830,38.21242275222032,17.52861975713922,0.02773040470979917,0.021214488804096505,0.0274,0.0206
142,710,832,5.958207518174382,2.8179643073277894,0.004323816547704855,0.0034105179458753733,0.0042,0.0034
142,710,834,76.97497086607761,36.51229723717296,0.05586003034882957,0.044190000791954384,0.0503,0.0431
142,710,836,48.52053153207227,24.193712510373544,0.035210904706133986,0.029281098585746023,0.0345,0.0302
142,710,838,10.325331496231136,5.618037548883526,0.007492998363645727,0.0067993827427993035,0.0079,0.0067
142,710,840,38.62827443518389,24.230142182623435,0.02803218446196526,0.029325188587399888,0.0266,0.0297
142,710,842,3.3547084381881485,2.0347259010866394,0.0024344811444579322,0.002462582362220891,0.0025,0.0024
142,710,844,340.19680752864184,257.91619686988366,0.24687770296382852,0.31215009206088734,0.2442,0.3151
142,710,846,26.278944972932575,13.345399948859846,0.019070389338336845,0.016151633256005063,0.0192,0.0163
142,710,848,50.05904785464587,44.295331263879184,0.03632739189026886,0.053609629405565705,0.0404,0.0512
142,710,854,1.6478058831811997,0.8027746876283774,0.0011957976158721228,0.0009715798995507309,0.0011,0.001
142,710,856,1.5581573398758093,0.8916081965314722,0.0011307404902451436,0.0010790930697925434,0.0011,0.001
142,710,858,19.19219199648073,10.301092559304749,0.01392759770249468,0.012467177438789865,0.0138,0.012
142,710,860,138.47343004538604,82.53436439463809,0.10048889811597987,0.09988945927645775,0.0984,0.1015
142,710,862,9.80193145173221,5.5369401759973425,0.007113171751938968,0.006701232441579216,0.0079,0.0067
142,710,864,0.8558424661181125,0.4193281117782963,0.0006210770279387442,0.0005075032521565433,0.0006,0.0005
142,710,890,335.12102673179896,179.5259310574989,0.24319425539424197,0.21727614080470475,0.2544,0.2155
143,715,802,21.911597007845003,11.638586627687468,0.015407631796242454,0.013574934578194931,0.0155,0.0139
143,715,806,22.809125598413743,11.586975195871062,0.01603874919243829,0.0135147363915244,0.0155,0.0139
143,715,808,6.624586229778459,2.988481254702745,0.004658226663914123,0.0034856842001967743,0.0045,0.0038
143,715,810,6.437729034296163,3.286326909529459,0.004526833828173354,0.003833083365405862,0.0045,0.0038
143,715,816,1.9210271686777018,0.8912755404355025,0.001350813419714092,0.0010395598314123897,0.0014,0.001
143,715,818,12.109365350769487,6.521311986956477,0.00851497234747575,0.007606282998000278,0.0096,0.0081
143,715,820,61.98702734549309,36.30827793271695,0.04358757114513494,0.0423489993545277,0.0478,0.0417
143,715,822,52.342608813568916,27.770124097507527,0.03680588154142679,0.03239032624074929,0.0382,0.0335
143,715,824,18.723760228021714,10.025853434000853,0.013166032732858296,0.011693885933998074,0.0138,0.0115
143,715,826,16.41002294061442,8.117271189573403,0.01153907636884499,0.009467766909925901,0.0113,0.0096
143,715,828,4.387308659878655,2.0322962544356997,0.0030850346683390594,0.00237041571970985,0.0031,0.0024
143,715,830,40.1436168223192,16.886303741584456,0.0282278862077598,0.019695730752582307,0.0274,0.0206
143,715,832,6.112072064210752,2.8743870213419367,0.0042978408120477145,0.0033526077534452654,0.0042,0.0034
143,715,834,71.76499724688944,36.052551123149456,0.05046317039522688,0.04205072647820517,0.0503,0.0431
143,715,836,49.61947547336467,24.915219469905285,0.03489104914363685,0.029060442227643243,0.0345,0.0302
143,715,838,11.607874295367541,5.639803366209711,0.008162337643214999,0.006578115039161975,0.0079,0.0067
143,715,840,39.50279855641552,26.257849590256104,0.027777280444710416,0.030626449907915826,0.0266,0.0297
143,715,842,3.4361109580185776,2.034862356182947,0.0024161786305776445,0.002373408751806806,0.0025,0.0024
143,715,844,356.3668154769359,273.7493881330637,0.250587333972154,0.319293927484871,0.2442,0.3151
143,715,846,26.531821119710198,12.984674991806255,0.018656446198326123,0.015144975861035196,0.0192,0.0163
143,715,848,57.81381003400343,41.933528783749765,0.0406530796191126,0.04891014073118287,0.0404,0.0512
143,715,854,1.414913188136795,0.8437101328359505,0.0009949280017633607,0.0009840808186246152,0.0011,0.001
143,715,856,1.4304457367543988,0.7833846607555682,0.0010058500623448688,0.0009137188096379081,0.0011,0.001
143,715,858,19.28517759909346,9.904477880111228,0.013560805972544608,0.01155231675071562,0.0138,0.012
143,715,860,138.82769425395927,88.96483121517292,0.09761981271472367,0.10376618760847676,0.0984,0.1015
143,715,862,11.54769442562167,5.615950404646071,0.008120020815543413,0.00655029358600096,0.0079,0.0067
143,715,864,0.8217105231759235,0.4255257518517828,0.0005778042184537943,0.0004963217981282425,0.0006,0.0005
143,715,890,360.23502361366775,186.32535052179298,0.2533073514432974,0.21732488011692097,0.2544,0.2155
144,720,802,21.59439576778859,11.608679322258794,0.015122729335638638,0.013880147668681226,0.0155,0.0139
144,720,806,20.999818036843052,12.08048664588992,0.01470634176032616,0.01444427345262019,0.0155,0.0139
144,720,808,6.140616996059626,3.1913629686142544,0.004300323555417633,0.003815816428298718,0.0045,0.0038
144,720,810,6.824843365670409,3.3141438053724963,0.004779492794659105,0.003962621770903103,0.0045,0.0038
144,720,816,2.0107478682133073,0.8572782300722921,0.0014081429320916914,0.0010250217183390832,0.0014,0.001
144,720,818,13.164160218919955,6.495906210166188,0.009218967460930946,0.007766959094660059,0.0096,0.0081
144,720,820,68.03833395774483,34.92379037243186,0.04764779343470072,0.04175732260860667,0.0478,0.0417
144,720,822,53.25310650452563,28.1963876078843,0.03729357952914605,0.033713570067387774,0.0382,0.0335
144,720,824,19.46070277031256,9.528803764917471,0.013628486938992879,0.011393303208000494,0.0138,0.0115
144,720,826,14.570033251322558,8.279296968080091,0.010203511672212453,0.009899305624669105,0.0113,0.0096
144,720,828,4.3277260615848325,2.0108520979485727,0.003030741428095954,0.002404315192503119,0.0031,0.0024
144,720,830,40.31585587975308,16.749353291410667,0.028233518685137873,0.020026696455808016,0.0274,0.0206
144,720,832,6.129688762834969,2.697521660826628,0.004292670425644966,0.0032253452741990672,0.0042,0.0034
144,720,834,71.87761719446868,34.295357662939324,0.05033647441731176,0.0410059245756831,0.0503,0.0431
144,720,836,49.33097825586979,25.425895086900965,0.03454688151722206,0.03040097573699816,0.0345,0.0302
144,720,838,11.545282685668804,5.449376715385843,0.008085254481592946,0.0065156553482184605,0.0079,0.0067
144,720,840,37.9272668800933,25.386336475161627,0.026560770564543534,0.030353676698298967,0.0266,0.0297
144,720,842,3.557188384693182,2.0064959856365516,0.0024911276849818296,0.002399106720421693,0.0025,0.0024
144,720,844,363.3700554830803,263.265770291906,0.2544709774164409,0.3147789396468353,0.2442,0.3151
144,720,846,28.61063810856109,13.816516397225136,0.020036260374604868,0.01651999185579408,0.0192,0.0163
144,720,848,57.6900627472641,46.12028711556286,0.040400815733138126,0.05514463600166261,0.0404,0.0512
144,720,854,1.4598414818750114,0.8673177510716867,0.0010223387512543595,0.001037025670737633,0.0011,0.001
144,720,856,1.4683835301167945,0.8428529674380761,0.001028320816458756,0.0010077738669716574,0.0011,0.001
144,720,858,18.945366924463933,9.975366568222444,0.013267593094241449,0.011927244880532388,0.0138,0.012
144,720,860,133.9409900086672,84.294566405981,0.09379995442474857,0.10078847015259024,0.0984,0.1015
144,720,862,11.311458350099702,5.425918757618111,0.007921505415542594,0.0064876073757675805,0.0079,0.0067
144,720,864,0.8116799023821948,0.4074562454816296,0.0005684259750955072,0.00048718314106302663,0.0006,0.0005
144,720,890,359.26617861184013,178.83790644371012,0.25159699937982793,0.21383108976374876,0.2544,0.2155
145,725,802,22.188641091429183,11.628190333822483,0.01582026790733126,0.014259287386958202,0.0155,0.0139
145,725,806,22.292168613714395,11.078038952630477,0.015894081942701227,0.013584653894940873,0.0155,0.0139
145,725,808,6.731527446738693,3.071801802106952,0.004799508324738976,0.0037668548101259364,0.0045,0.0038
145,725,810,6.15708338336385,3.1074462683993294,0.00438993574465536,0.0038105645081981617,0.0045,0.0038
145,725,816,2.062590802163981,0.790932418941997,0.0014706055652067744,0.0009698957741129911,0.0014,0.001
145,725,818,14.764553957181954,7.088700540771196,0.010526971803833954,0.008692652537423249,0.0096,0.0081
145,725,820,66.90613591057416,33.58855910063421,0.04770337175621164,0.04118860316008697,0.0478,0.0417
145,725,822,60.20679768305462,29.153137349484982,0.042926814006484286,0.035749583706815635,0.0382,0.0335
145,725,824,19.111224306120867,9.27242240219127,0.013626102081425794,0.011370482595347333,0.0138,0.0115
145,725,826,16.4084270350061,7.996265243685744,0.011699036032087783,0.009805570846257274,0.0113,0.0096
145,725,828,4.443060578473082,2.1481670896914156,0.0031678554982394786,0.0026342303494998097,0.0031,0.0024
145,725,830,39.89280678121509,17.15227332260201,0.028443151982750537,0.021033298185293727,0.0274,0.0206
145,725,832,6.026139367044719,2.8349700157614133,0.00429657403717203,0.003476435371940012,0.0042,0.0034
145,725,834,75.19353823687057,36.515135087109755,0.05361220251865491,0.04477737207880207,0.0503,0.0431
145,725,836,48.807690760931415,24.126562820159002,0.03479937056958259,0.029585652026307804,0.0345,0.0302
145,725,838,10.359640750970643,5.067701981130734,0.007386314981108453,0.006214364992823974,0.0079,0.0067
145,725,840,38.41123532381187,24.98951727710944,0.027386807104152817,0.030643866180897386,0.0266,0.0297
145,725,842,3.034152297786713,2.070536057918429,0.0021633187009893967,0.0025390338347869986,0.0025,0.0024
145,725,844,357.5734794725902,257.61594838353585,0.25494613295620383,0.3159064083067069,0.2442,0.3151
145,725,846,27.310559631250612,13.174640271925522,0.019472141997574736,0.016155650747369944,0.0192,0.0163
145,725,848,58.9122249074546,43.93384638145869,0.04200379722275521,0.053874706517790374,0.0404,0.0512
145,725,854,1.6777592806618915,0.8270051628795312,0.0011962247347511122,0.0010141306557132107,0.0011,0.001
145,725,856,1.5744712164414072,0.7575787152844636,0.0011225814304647184,0.0009289951668629664,0.0011,0.001
145,725,858,18.89650826477748,10.286800699947339,0.013473011800499753,0.012614383086443135,0.0138,0.012
145,725,860,141.40025349144508,83.18749979352214,0.1008168946976792,0.10201023826623466,0.0984,0.1015
145,725,862,10.620819146318759,5.8572454761444295,0.00757253243214515,0.007182557572812712,0.0079,0.0067
145,725,864,0.8051355222266912,0.42742439018146444,0.0005740531658000193,0.0005241372080112273,0.0006,0.0005
145,725,890,320.77659214133064,167.7335220044425,0.228710339004799,0.20568639023143598,0.2544,0.2155
146,730,802,23.014917103118016,11.619134929486098,0.01622473636377488,0.013685242719088043,0.0155,0.0139
146,730,806,21.311362472710147,11.513193915559688,0.015023788098968352,0.013560463335916415,0.0155,0.0139
146,730,808,6.367769250466938,3.2096633150573814,0.004489061457457149,0.003780403771854277,0.0045,0.0038
146,730,810,5.769897543102923,3.1604039456488495,0.004067582171310734,0.0037223851301364467,0.0045,0.0038
146,730,816,2.0457117573922963,0.7781703873149771,0.001442157440378872,0.0009165441912708064,0.0014,0.001
146,730,818,11.931109518377106,7.127254532362896,0.008411027751943016,0.008394618772227356,0.0096,0.0081
146,730,820,69.66947528845253,33.553529652970965,0.04911461831876557,0.039519998706421346,0.0478,0.0417
146,730,822,55.46250156250912,30.690808370425728,0.03909918345112139,0.03614822999674656,0.0382,0.0335
146,730,824,19.599181228633107,9.178376165784812,0.013816758363962853,0.010810469657005124,0.0138,0.0115
146,730,826,16.73816695232153,8.255674175176665,0.011799840286084454,0.009723693337124941,0.0113,0.0096
146,730,828,4.425513674660569,1.929826182634157,0.003119837117984692,0.0022729867477464315,0.0031,0.0024
146,730,830,41.16870303357306,16.615859638080945,0.02902254004068384,0.01957048209814476,0.0274,0.0206
146,730,832,6.146201176184505,2.852903317820734,0.004332863476132474,0.0033602049201949618,0.0042,0.0034
146,730,834,74.49608606243011,34.38535228083745,0.05251721529478214,0.04049973554833493,0.0503,0.0431
146,730,836,48.71165883298656,25.848317308206514,0.03434006817692512,0.030444650001018297,0.0345,0.0302
146,730,838,11.651416694108192,5.4995661153937325,0.008213853792277181,0.006477495751240423,0.0079,0.0067
146,730,840,38.55358364757346,22.869002046623024,0.02717896952476432,0.02693555463902333,0.0266,0.0297
146,730,842,3.5511082710897277,2.0989265390664316,0.002503410950363387,0.0024721564308342182,0.0025,0.0024
146,730,844,345.7472277426501,258.460553782221,0.24374007490431257,0.30441985855964626,0.2442,0.3151
146,730,846,25.823277351415754,13.67212450946645,0.01820453513684815,0.01610329370759071,0.0192,0.0163
146,730,848,52.43906276092979,43.891063205235554,0.03696776158903759,0.05169574643962324,0.0404,0.0512
146,730,854,1.4574735549870101,0.8748194989182756,0.0010274694486574676,0.0010303793914730876,0.0011,0.001
146,730,856,1.4786974970968731,0.7766869339306817,0.0010424316083641342,0.0009147969510717949,0.0011,0.001
146,730,858,19.01728618869941,9.899516760950311,0.013406542086753953,0.011659843051781938,0.0138,0.012
146,730,860,141.65376918806854,84.93688834953902,0.09986110528723392,0.10004031624744493,0.0984,0.1015
146,730,862,11.391154819311987,5.7353378315327515,0.008030377993290351,0.006755192256293499,0.0079,0.0067
146,730,864,0.812033057079856,0.43020450713764424,0.0005724557777358187,0.0005067032214320538,0.0006,0.0005
146,730,890,358.0735781578987,199.1634296379825,0.2524297340900856,0.23457855441931375,0.2544,0.2155
147,735,802,21.95404018849615,11.577755945137252,0.015736777269799534,0.01391035331571567,0.0155,0.0139
147,735,806,22.511949247470966,11.833979470328801,0.016136689564871794,0.014218198789406934,0.0155,0.0139
147,735,808,6.537791289466074,3.3375750097303016,0.004686324907643828,0.0040100039958564935,0.0045,0.0038
147,735,810,6.572005227960657,2.9266514260781267,0.004710849647736724,0.003516290683756268,0.0045,0.0038
147,735,816,2.0396048317036515,0.7253963122242507,0.001462000009080149,0.0008715435914154523,0.0014,0.001
147,735,818,12.634703994140292,6.629555198229807,0.009056625610525136,0.007965227075990398,0.0096,0.0081
147,735,820,70.12314995423111,37.01151267786891,0.05026466121095676,0.04446830806746142,0.0478,0.0417
147,735,822,50.13316666925514,26.36984714981535,0.03593573077802805,0.03168264147849947,0.0382,0.0335
147,735,824,19.34256279713786,9.939962062294528,0.01386485585123272,0.011942589296797231,0.0138,0.0115
147,735,826,16.782768060127893,7.718486310816206,0.012029980844770857,0.009273547668023106,0.0113,0.0096
147,735,828,4.8106143073371745,2.076476983862758,0.003448274906827606,0.0024948296228004627,0.0031,0.0024
147,735,830,38.276743454655545,17.75118397226125,0.027436981129095428,0.021327556220437832,0.0274,0.0206
147,735,832,5.885610778162487,2.97024610836874,0.004218838314835893,0.003568668487902632,0.0042,0.0034
147,735,834,67.20049999370404,35.73282349250343,0.04816968957605454,0.04293199840316165,0.0503,0.0431
147,735,836,49.77117481994087,26.38694958670715,0.035676253020985114,0.031703189583058934,0.0345,0.0302
147,735,838,11.153403676929184,5.688430459309867,0.007994821361216644,0.006834491750891797,0.0079,0.0067
147,735,840,37.36501119213682,23.98091669652915,0.02678344640738777,0.028812407660361247,0.0266,0.0297
147,735,842,3.5344173908078895,2.098611523026534,0.0025334899080122235,0.0025214236589597753,0.0025,0.0024
147,735,844,337.18491707142715,266.79415252254154,0.24169601099069274,0.32054578985267185,0.2442,0.3151
147,735,846,25.653782916798974,13.325708551523075,0.0183887732928992,0.016010469991967185,0.0192,0.0163
147,735,848,54.415372104368956,41.00943194765437,0.03900523928659051,0.049271697414581095,0.0404,0.0512
147,735,854,1.6516465140733967,0.8541219824641154,0.001183909344123064,0.001026203921303551,0.0011,0.001
147,735,856,1.5662184539157404,0.7205708277999932,0.0011226740387419382,0.0008657459054408141,0.0011,0.001
147,735,858,18.871960150959755,9.691175011624114,0.013527525275088303,0.01164367854141429,0.0138,0.012
147,735,860,135.09723224001183,82.65757126733327,0.09683844227639986,0.09931078405832841,0.0984,0.1015
147,735,862,11.577586187358719,5.449878235895589,0.008298877727655831,0.006547877857174693,0.0079,0.0067
147,735,864,0.9060637645873869,0.39803852670274426,0.0006494715110806443,0.0004782322728116947,0.0006,0.0005
147,735,890,361.52453831526304,176.65513137239867,0.25914278593766726,0.2122462508338097,0.2544,0.2155
148,740,802,22.355549911946625,11.35737299509408,0.015655280026856993,0.013889061697642003,0.0155,0.0139
148,740,806,22.64249629162999,11.48009041075403,0.0158562245772854,0.014039134232744308,0.0155,0.0139
148,740,808,6.500733706677721,3.0912380817716545,0.0045523732119728474,0.003780310504759589,0.0045,0.0038
148,740,810,6.27562914934631,3.149215041965196,0.004394735627828174,0.0038512111943396236,0.0045,0.0038
148,740,816,1.9192203002418307,0.80938761397089,0.0013440032274696187,0.0009898093962930393,0.0014,0.001
148,740,818,14.33343753832897,6.3547934399186605,0.010037506538369226,0.007771349783169625,0.0096,0.0081
148,740,820,71.57589942130986,35.43511579066101,0.05012360478844447,0.04333400951894178,0.0478,0.0417
148,740,822,55.6518496294771,28.902745117853662,0.03897221465782039,0.03534549850097315,0.0382,0.0335
148,740,824,18.855926056578095,9.466777615105519,0.013204542216324087,0.01157703092351134,0.0138,0.0115
148,740,826,14.938090728138679,8.362782973356712,0.010460936739947257,0.010226943213990945,0.0113,0.0096
148,740,828,4.340690384534616,2.0300537778270025,0.0030397249786935695,0.0024825760483476052,0.0031,0.0024
148,740,830,39.065292979418246,17.084066389455767,0.02735688020795144,0.020892300731186617,0.0274,0.0206
148,740,832,5.79252909306759,2.752537717184671,0.004056427391536832,0.003366109944225521,0.0042,0.0034
148,740,834,73.9100870275599,35.974252836025926,0.05175820383677902,0.04399332639528213,0.0503,0.0431
148,740,836,50.67609810394342,24.427932824436784,0.03548776521313626,0.029873199224064603,0.0345,0.0302
148,740,838,11.541803421759711,5.433709757418509,0.008082564074437066,0.006644945983588335,0.0079,0.0067
148,740,840,35.71890332399906,25.06087388272307,0.025013450171968796,0.030647230103679667,0.0266,0.0297
148,740,842,3.7352386226227248,1.977884239781665,0.002615735548202335,0.0024187773219200973,0.0025,0.0024
148,740,844,332.07587091133774,237.43179292060665,0.23254810415114155,0.2903580627562852,0.2442,0.3151
148,740,846,27.062598834880795,13.443698299388803,0.018951560783935156,0.016440452841106082,0.0192,0.0163
148,740,848,59.853021612312645,41.829239770962765,0.041914236844316874,0.051153457071042505,0.0404,0.0512
148,740,854,1.4232294136929788,0.8588993489229617,0.0009966677224037448,0.0010503578648344588,0.0011,0.001
148,740,856,1.535542222687072,0.8009447470131063,0.001075318817202617,0.0009794845174559796,0.0011,0.001
148,740,858,19.593798160786545,10.124437443141723,0.013721263766940758,0.012381290670162358,0.0138,0.012
148,740,860,145.36483336144644,85.29690877578867,0.10179696680665044,0.10431056804393143,0.0984,0.1015
148,740,862,12.190996194460206,6.03942484617449,0.008537184725151043,0.007385681912800004,0.0079,0.0067
148,740,864,0.7571797000431274,0.3995178133967102,0.0005302423908835333,0.0004885749162214574,0.0006,0.0005
148,740,890,368.30131956323214,188.34498690709626,0.25791628095635055,0.23032924468750055,0.2544,0.2155
149,745,802,22.036998311941176,10.920324992285607,0.015398736872160944,0.012891648532807928,0.0155,0.0139
149,745,806,22.028777586575103,12.147498852153152,0.015392992496950739,0.014340350297749679,0.0155,0.0139
149,745,808,6.742872080950474,3.2500661892136598,0.004711699455044811,0.0038367641118101556,0.0045,0.0038
149,745,810,6.5647353708488465,3.5228173785541643,0.00458722332234751,0.004158752007991549,0.0045,0.0038
149,745,816,2.105768280492094,0.8132457166221359,0.0014714423083415041,0.000960051826013448,0.0014,0.001
149,745,818,14.297594017180282,6.591680837616774,0.00999069315425963,0.007781602897260912,0.0096,0.0081
149,745,820,62.979452597466945,38.545488904079505,0.04400799079680554,0.045503672814469716,0.0478,0.0417
149,745,822,48.296371206583345,29.233846601981767,0.033747931617683025,0.03451110437839556,0.0382,0.0335
149,745,824,19.712825765637106,9.545642776053485,0.013774680774346409,0.011268810385730329,0.0138,0.0115
149,745,826,15.301624536795135,9.132456765097253,0.010692276989059418,0.010781036547892758,0.0113,0.0096
149,745,828,4.344175807661784,1.9227510411948954,0.0030355686033856433,0.00226984367742586,0.0031,0.0024
149,745,830,38.16811560740436,16.768151188634928,0.02667063639180661,0.019795117070377878,0.0274,0.0206
149,745,832,5.749847560152478,2.7663051614399743,0.004017806253851155,0.003265675142541027,0.0042,0.0034
149,745,834,67.97770237245001,36.374405480527116,0.04750060499120769,0.042940668100634294,0.0503,0.0431
149,745,836,51.61000077377524,24.738352275820546,0.0360633880639156,0.029204088985076856,0.0345,0.0302
149,745,838,11.62381590009478,5.3245284551540655,0.008122344067114158,0.0062857057363468,0.0079,0.0067
149,745,840,39.93421489725895,24.620836413535113,0.027904729069476077,0.0290653593048994,0.0266,0.0297
149,745,842,3.42971146696092,2.0444949577500537,0.002396570698040415,0.002413564654992491,0.0025,0.0024
149,745,844,352.76883969629574,264.50822085342253,0.24650337864922567,0.31225691723364757,0.2442,0.3151
149,745,846,28.377240425235932,13.378530942011992,0.019829091615870115,0.015793606775581538,0.0192,0.0163
149,745,848,57.91294215849399,40.11496859260356,0.04046767827304745,0.04735647303224036,0.0404,0.0512
149,745,854,1.6714810782350658,0.7767387037318723,0.0011679765522598703,0.0009169546123777334,0.0011,0.001
149,745,856,1.564348877667963,0.7852157090329637,0.0010931160588425585,0.0009269618761752503,0.0011,0.001
149,745,858,19.073103233248723,10.065508958449247,0.013327663498762953,0.011882522167410195,0.0138,0.012
149,745,860,137.53753805614969,87.70099535443138,0.09610675322436465,0.10353267039995989,0.0984,0.1015
149,745,862,11.481839764644194,6.039648070180189,0.008023135766556038,0.007129917858453632,0.0079,0.0067
149,745,864,0.831439965173829,0.39197904850477966,0.00058098317508936,0.00046273862079359706,0.0006,0.0005
149,745,890,376.9679189161697,185.06052433397596,0.2634129072601843,0.21846742095094338,0.2544,0.2155
150,750,802,21.674834072836155,11.282384258148873,0.014414897387963884,0.01390719519791238,0.0155,0.0139
150,750,806,23.011572560470988,12.14613654082917,0.015303898340360878,0.014971896711619569,0.0155,0.0139
150,750,808,7.055108099149833,3.1620018124788696,0.004692015586762482,0.003897631512641937,0.0045,0.0038
150,750,810,6.310182168804713,3.2294371755379636,0.004196600913161091,0.003980755499190042,0.0045,0.0038
150,750,816,1.9059440009701942,0.8380659085749979,0.0012675523655160195,0.0010330392860755631,0.0014,0.001
150,750,818,13.489758158915018,7.3743471753514775,0.008971394152119769,0.009089965673763842,0.0096,0.0081
150,750,820,68.17750862415261,32.49304034101784,0.045341606200152415,0.040052443194335825,0.0478,0.0417
150,750,822,55.74704994312966,28.13819322940744,0.0370747015599535,0.03468445470427109,0.0382,0.0335
150,750,824,21.344781298677677,9.812745908598089,0.014195395044549418,0.012095650144146063,0.0138,0.0115
150,750,826,17.641769466663153,8.615919991204393,0.011732698656400278,0.0106203864702384,0.0113,0.0096
150,750,828,4.469181698657118,1.9137333111188903,0.002972239389599108,0.0023589573006481093,0.0031,0.0024
150,750,830,37.86507454725623,16.982671497283235,0.025182253407436617,0.020933636196990478,0.0274,0.0206
150,750,832,5.852690019775302,2.7132031526225333,0.0038923447254598526,0.0033444212669728524,0.0042,0.0034
150,750,834,68.06142132952267,34.89185568399658,0.04526440208248703,0.043009335324158224,0.0503,0.0431
150,750,836,48.692194187979894,25.087647312492585,0.0323828537951386,0.030924208948052697,0.0345,0.0302
150,750,838,11.368921572754068,5.43886455802516,0.007560926987138635,0.0067041991597504465,0.0079,0.0067
150,750,840,37.82916484252742,26.39275726413471,0.02515837157714632,0.032532948593586006,0.0266,0.0297
150,750,842,3.7565049967902415,1.9007727979299385,0.0024982721382844453,0.0023429815651422312,0.0025,0.0024
150,750,844,386.8675059682651,247.8474437865378,0.2572871092129353,0.30550836606663595,0.2442,0.3151
150,750,846,27.06080399022258,13.696107192200602,0.01799684885448446,0.016882463122623426,0.0192,0.0163
150,750,848,53.29675533478532,43.62388335200114,0.03544512759270314,0.05377284155421776,0.0404,0.0512
150,750,854,1.5245350763183778,0.7979387445799869,0.001013895498144662,0.0009835766645543901,0.0011,0.001
150,750,856,1.4738321678897408,0.8398334019199315,0.0009801754142993097,0.0010352179811453795,0.0011,0.001
150,750,858,20.618418897527803,9.59216615186157,0.013712326087995212,0.011823753206100617,0.0138,0.012
150,750,860,143.5309091998775,86.9964865757837,0.09545555556110741,0.10723594345478313,0.0984,0.1015
150,750,862,10.52873719452195,5.604534966078127,0.00700216046747404,0.006908412263168396,0.0079,0.0067
150,750,864,0.8934373829343286,0.4319728077123468,0.0005941825508002216,0.0005324699123509152,0.0006,0.0005
150,750,890,403.5926355624535,169.41823386335068,0.26841019445042597,0.20883284902492436,0.2544,0.2155
151,755,802,22.746266139938093,11.66295849223706,0.016308842971656964,0.013786618875648119,0.0155,0.0139
151,755,806,21.392644732364126,11.37957424717128,0.015338310100750478,0.01345163435309446,0.0155,0.0139
151,755,808,6.433844310521419,3.668359502896744,0.004613001356743466,0.004336316072715337,0.0045,0.0038
151,755,810,6.862729060123925,3.233160251541349,0.004920507388334492,0.003821873170650839,0.0045,0.0038
151,755,816,1.9143625003259628,0.8403404202548919,0.001372578568129323,0.000993354568445692,0.0014,0.001
151,755,818,12.917766296148889,7.079815668475206,0.009261907900503814,0.008368950330748175,0.0096,0.0081
151,755,820,65.24774793828165,33.588402906205445,0.046781975944232314,0.03970437773724298,0.0478,0.0417
151,755,822,61.81865381662538,30.313591088573585,0.044323350109949505,0.03583326883728333,0.0382,0.0335
151,755,824,21.44740304884408,9.2689292179662,0.015377571260334637,0.010956670607934954,0.0138,0.0115
151,755,826,16.004803893612227,8.454948940455216,0.011475282663416343,0.009994475992751535,0.0113,0.0096
151,755,828,4.35175858074022,2.0664978462440415,0.00312016692793546,0.0024427779823170447,0.0031,0.0024
151,755,830,39.04335685329725,17.924915154057008,0.02799369233127792,0.02118878960015168,0.0274,0.0206
151,755,832,6.208714316370067,2.7895321915773654,0.004451585425872166,0.003297466692711511,0.0042,0.0034
151,755,834,74.14789963042085,34.7093549076049,0.05316329477159658,0.0410294393012943,0.0503,0.0431
151,755,836,47.32134573221504,24.54602586351708,0.03392892670850835,0.029015511263060498,0.0345,0.0302
151,755,838,11.667467770770177,5.144964525600875,0.008365456492055149,0.0060817900612783245,0.0079,0.0067
151,755,840,37.45738273220548,23.714520964662924,0.02685656491269986,0.028032601039949707,0.0266,0.0297
151,755,842,3.3322779187517972,1.9968913621988271,0.0023892095951265806,0.00236049713844334,0.0025,0.0024
151,755,844,322.6550879363442,261.4127268082099,0.23134043762552797,0.3090123004508295,0.2442,0.3151
151,755,846,27.756055743623044,13.850923623657577,0.019900811493650167,0.016372981624017652,0.0192,0.0163
151,755,848,60.14635726486801,44.31166438596566,0.04312433038087108,0.05238019401694373,0.0404,0.0512
151,755,854,1.672370054253135,0.8707278400369168,0.0011990724296251484,0.0010292751091410875,0.0011,0.001
151,755,856,1.6245498016931048,0.8512561356398645,0.0011647857917625427,0.0010062578817746244,0.0011,0.001
151,755,858,19.86560586916773,10.098253160689962,0.014243438666543503,0.011937002753538714,0.0138,0.012
151,755,860,137.79383875778524,87.2192275542959,0.09879678998465526,0.10310061977155009,0.0984,0.1015
151,755,862,11.723916840696516,5.644483736307489,0.008405929904775329,0.0066722646808751,0.0079,0.0067
151,755,864,0.845243372440166,0.43138493436768505,0.0006060309568679806,0.0005099340517058634,0.0006,0.0005
151,755,890,350.3203449350574,188.88877244989249,0.2511761473365977,0.22328275603390174,0.2544,0.2155
152,760,802,21.210632174623882,12.096551126078268,0.014638809719597634,0.014651832289468758,0.0155,0.0139
152,760,806,22.408978399761438,11.182746374434968,0.015465864859848202,0.013544994991229851,0.0155,0.0139
152,760,808,6.520255898118162,3.118746287886089,0.0045000443470906825,0.0037775517242264385,0.0045,0.0038
152,760,810,6.530634189337546,3.392574348043,0.004507207067613312,0.004109223352920687,0.0045,0.0038
152,760,816,2.0154559607280906,0.8093677768570178,0.0013909946702402112,0.0009803390076567901,0.0014,0.001
152,760,818,14.098464223553622,7.266268160851401,0.009730249122610887,0.0088011980731914,0.0096,0.0081
152,760,820,64.20032232113262,33.00058563268715,0.044308736046079794,0.03997164490149536,0.0478,0.0417
152,760,822,51.352532842350854,27.27807194829467,0.0354416573117483,0.033040304728249516,0.0382,0.0335
152,760,824,19.602932133035313,9.251709806649812,0.013529233408941462,0.011206045348382997,0.0138,0.0115
152,760,826,16.262096758662395,7.403497041647597,0.011223509895030537,0.008967415247470334,0.0113,0.0096
152,760,828,4.229913683029761,2.069569107924038,0.0029193331451137236,0.002506745862082696,0.0031,0.0024
152,760,830,37.859475014185605,17.317472829483158,0.02612923774519001,0.02097562395516283,0.0274,0.0206
152,760,832,5.829736009976625,2.821537128913537,0.004023472542588064,0.0034175599623785568,0.0042,0.0034
152,760,834,73.140658163272,36.090961765248764,0.05047903187436516,0.043714833545410066,0.0503,0.0431
152,760,836,51.08763199076907,25.1710085263976,0.035258832343169365,0.030488144235631575,0.0345,0.0302
152,760,838,11.402620557304822,5.385081369182423,0.007869675513154173,0.006522628496671651,0.0079,0.0067
152,760,840,37.48626780137624,24.614110871371864,0.025871663650777404,0.02981360725738124,0.0266,0.0297
152,760,842,3.816782318034382,1.9634371818594918,0.0026342048475894077,0.0023781945779151256,0.0025,0.0024
152,760,844,347.73291314726606,257.46380826872786,0.23999265589520147,0.31185058452146885,0.2442,0.3151
152,760,846,26.497719809244433,13.415245557082855,0.01828776601740398,0.01624908835384251,0.0192,0.0163
152,760,848,60.09995041393081,43.52413214876797,0.04147880794045155,0.052718190345479934,0.0404,0.0512
152,760,854,1.4042985265558883,0.8308360207637105,0.0009691959556187771,0.0010063422135285988,0.0011,0.001
152,760,856,1.437959031815114,0.8346831685001223,0.0009924272165966956,0.0010110020345667785,0.0011,0.001
152,760,858,19.56686437405019,10.087811227240163,0.013504340748673316,0.01221876522728025,0.0138,0.012
152,760,860,144.4660117173169,82.48641040963754,0.09970520628843374,0.09991087863687002,0.0984,0.1015
152,760,862,11.223929138767406,6.149544840962513,0.007746349171300781,0.007448577592674705,0.0079,0.0067
152,760,864,0.8602512118693556,0.46263156555219914,0.0005937142136043888,0.0005603580755899941,0.0006,0.0005
152,760,890,386.58618823939764,180.11148948127246,0.26680777844196646,0.21815832544177233,0.2544,0.2155
153,765,802,22.569244848745697,11.592462209240608,0.01612849774654213,0.013895508340797202,0.0155,0.0139
153,765,806,22.323899146293137,11.345327890391752,0.01595316810500342,0.013599276450895146,0.0155,0.0139
153,765,808,6.047228275950388,3.206252825353578,0.004321487416842488,0.0038432312370957266,0.0045,0.0038
153,765,810,6.604145834969776,3.067951010972231,0.00471947342195037,0.0036774533393035295,0.0045,0.0038
153,765,816,1.9837996879712911,0.8390967111096089,0.0014176685578744179,0.0010057980036945807,0.0014,0.001
153,765,818,14.859016347228113,7.078049147202237,0.010618592393241734,0.008484227870341626,0.0096,0.0081
153,765,820,67.41933410585672,34.23467176873082,0.0481793956991925,0.04103599032892737,0.0478,0.0417
153,765,822,55.74252564742665,26.230684407612245,0.039834881730261014,0.03144187036298924,0.0382,0.0335
153,765,824,20.160808540550413,9.766751616187912,0.01440737416311055,0.011707088286822542,0.0138,0.0115
153,765,826,16.213541012329735,8.383989358958782,0.011586566650029566,0.01004961603184716,0.0113,0.0096
153,765,828,4.45148973569437,1.9416534554010332,0.003181136216655125,0.002327397001385625,0.0031,0.0024
153,765,830,37.59004316292723,16.52490937977435,0.02686270322772395,0.019807872734278625,0.0274,0.0206
153,765,832,6.3446150327509745,2.8567021382365163,0.004534006784196345,0.0034242361693788133,0.0042,0.0034
153,765,834,72.47613775837719,37.09391305572491,0.051793103063394144,0.044463270093540966,0.0503,0.0431
153,765,836,48.697039462271505,24.745937004657506,0.03480001641588681,0.029662151822670096,0.0345,0.0302
153,765,838,10.929180659026038,6.123679331600396,0.007810242071101004,0.007340255736248363,0.0079,0.0067
153,765,840,36.21938645668608,24.783641849317302,0.025883200645956273,0.029707347396656186,0.0266,0.0297
153,765,842,3.462851064044698,1.7993186588489682,0.0024746324459393623,0.002156784898712706,0.0025,0.0024
153,765,844,354.04749789045024,255.4459818929393,0.2530104268070962,0.30619481072683963,0.2442,0.3151
153,765,846,26.088948677307897,14.474309975034227,0.01864375847626105,0.01734988575809622,0.0192,0.0163
153,765,848,59.0882920187073,44.01740695119359,0.04222584278107594,0.052762237598067835,0.0404,0.0512
153,765,854,1.4989294657932846,0.8716091486189805,0.0010711692249028065,0.0010447696076935136,0.0011,0.001
153,765,856,1.576039329131166,0.8162288435314828,0.0011262736940782698,0.00097838703276083,0.0011,0.001
153,765,858,20.261977545108717,10.341047773331592,0.014479671844002128,0.012395478457749012,0.0138,0.012
153,765,860,141.2257294422191,83.72674718775328,0.10092313120477255,0.10036053539754929,0.0984,0.1015
153,765,862,11.393487017653154,5.194612544853116,0.008142045997595194,0.00622661352190379,0.0079,0.0067
153,765,864,0.9011898394044977,0.4190549436758636,0.0006440108382647055,0.0005023075650364111,0.0006,0.0005
153,765,890,329.16317633052086,187.33767937780138,0.23522752237705025,0.22455559822871804,0.2544,0.2155
154,770,802,22.86754139484973,12.215030866568812,0.016361654948168075,0.014853938031250747,0.0155,0.0139
154,770,806,21.590508507039154,11.597734564517259,0.01544794187744307,0.01410328245634841,0.0155,0.0139
154,770,808,7.182177668818941,3.4041216541370862,0.005138825847719686,0.0041395402642641545,0.0045,0.0038
154,770,810,6.223405681392282,3.1717545757947603,0.004452827464186534,0.0038569731369352957,0.0045,0.0038
154,770,816,2.0725103828344844,0.802672771498105,0.0014828747513744855,0.000976080350303221,0.0014,0.001
154,770,818,12.302750712953435,6.463444997913023,0.008802579980198856,0.007859792784491431,0.0096,0.0081
154,770,820,69.4700472294911,35.45037664700336,0.04970560334299297,0.04310899445536986,0.0478,0.0417
154,770,822,56.544424238725966,28.013758022984668,0.040457360179753814,0.03406578585361805,0.0382,0.0335
154,770,824,19.417083414554224,9.376697419021854,0.013892862964283749,0.011402417555991267,0.0138,0.0115
154,770,826,16.284178900448964,8.048023672017822,0.011651279500619694,0.009786700189630534,0.0113,0.0096
154,770,828,4.341149126963325,1.8719249810864693,0.003106078736995843,0.0022763313471690933,0.0031,0.0024
154,770,830,38.81923983952749,17.203654872865695,0.02777504571381588,0.0209202928902916,0.0274,0.0206
154,770,832,6.0224357025921815,2.838210129849209,0.004309034067629768,0.003451370516290033,0.0042,0.0034
154,770,834,76.14405473198731,36.15122205023546,0.05448083501271334,0.043961248887046195,0.0503,0.0431
154,770,836,49.69343645788361,25.151161476670033,0.035555499669751446,0.030584760535556452,0.0345,0.0302
154,770,838,11.590613301199875,6.113111857137435,0.00829304787066401,0.007433774478011639,0.0079,0.0067
154,770,840,37.07096795797681,23.47964468369736,0.02652416260453859,0.028552133100372128,0.0266,0.0297
154,770,842,3.334374692847488,2.070655494120892,0.0023857347517281277,0.0025179951430102563,0.0025,0.0024
154,770,844,344.8690093984971,259.98174324857297,0.246752706671194,0.31614760090701327,0.2442,0.3151
154,770,846,26.32478075985834,13.368086951093769,0.018835298991783295,0.016256097699382754,0.0192,0.0163
154,770,848,51.131580109315635,42.45827411534189,0.036584486992189566,0.051630861969348525,0.0404,0.0512
154,770,854,1.5295669616074496,0.7459987010324706,0.0010944004173345629,0.0009071625440470554,0.0011,0.001
154,770,856,1.518205726928528,0.8100112462838139,0.0010862714891567596,0.000985004212297639,0.0011,0.001
154,770,858,19.80337515127536,10.03779507609823,0.014169253503888646,0.012206337229882026,0.0138,0.012
154,770,860,136.60379703748285,80.88380339424471,0.09773959312653803,0.09835775418613116,0.0984,0.1015
154,770,862,12.308665494491542,5.641651652345875,0.008806811988045669,0.00686046109528895,0.0079,0.0067
154,770,864,0.9181177401800662,0.44652516123214975,0.0006569103957105479,0.0005429914297220034,0.0006,0.0005
154,770,890,341.65209883480446,174.54583594064212,0.24445101713958087,0.21225431675093606,0.2544,0.2155
155,775,802,20.505379615865486,11.684979373249602,0.014112816111732627,0.013920676982993579,0.0155,0.0139
155,775,806,21.731911882433913,11.130832503314853,0.014956976261774124,0.013260504694186765,0.0155,0.0139
155,775,808,6.2982406128581205,3.0122773405565955,0.004334760597552643,0.0035886190725399397,0.0045,0.0038
155,775,810,6.327848564819856,3.276216105789928,0.004355138254016885,0.003903057479039377,0.0045,0.0038
155,775,816,2.1102417017373254,0.8552713627365517,0.001452372677113766,0.0010189112015650235,0.0014,0.001
155,775,818,13.619997885725082,6.560526044979343,0.009373955966886997,0.007815757391899934,0.0096,0.0081
155,775,820,70.74597288963729,35.88206745344618,0.04869087647929075,0.04274741568178731,0.0478,0.0417
155,775,822,61.03868240416859,28.251372738834952,0.042009839203658285,0.03365673328647914,0.0382,0.0335
155,775,824,19.281814242138644,9.74425553911699,0.013270697924038618,0.01160863271272255,0.0138,0.0115
155,775,826,15.588365721566639,7.3543894147245945,0.010728684034734499,0.008761511353961155,0.0113,0.0096
155,775,828,4.49724887198629,2.060826480313928,0.003095229033942497,0.002455126263733539,0.0031,0.0024
155,775,830,39.002797489691616,17.702979413389908,0.026843653671706574,0.02109010638174979,0.0274,0.0206
155,775,832,6.043256985035976,2.795954843767263,0.004159268257573132,0.003330907397938883,0.0042,0.0034
155,775,834,71.39308506502013,34.36691884174093,0.049136251073954446,0.04094237232389611,0.0503,0.0431
155,775,836,48.56087431534455,25.45509715341033,0.03342199472899109,0.030325443779093204,0.0345,0.0302
155,775,838,11.184374809783316,5.4209462309771,0.007697639740014358,0.006458140747459645,0.0079,0.0067
155,775,840,36.84917321903318,26.847142926718234,0.02536142296567027,0.03198383092183163,0.0266,0.0297
155,775,842,3.4625134013727554,2.039741732375915,0.002383072922004085,0.0024300073520147165,0.0025,0.0024
155,775,844,334.31875630021807,269.2640357389928,0.23009469801366503,0.32078256579903075,0.2442,0.3151
155,775,846,27.780698789467433,13.332648031527743,0.019120050485085298,0.01588359556712059,0.0192,0.0163
155,775,848,59.20243895114696,43.82536781215427,0.040746045668774565,0.052210514840149026,0.0404,0.0512
155,775,854,1.5512498440368065,0.8657536400115935,0.0010676468420661002,0.0010313990623759793,0.0011,0.001
155,775,856,1.6691447337345307,0.7806724549544144,0.0011487879343056039,0.0009300392176831675,0.0011,0.001
155,775,858,20.274768766304504,9.699840376268256,0.013954098322830712,0.011555719556831172,0.0138,0.012
155,775,860,142.2967513330222,85.75921684973072,0.09793565993316652,0.10216760491786794,0.0984,0.1015
155,775,862,10.59956110755965,6.085042214292349,0.007295142034840525,0.007249298812368074,0.0079,0.0067
155,775,864,0.8610131671925814,0.43092803543330865,0.0005925918332654346,0.000513377883911046,0.0006,0.0005
155,775,890,396.1654187400852,174.91204959996625,0.27266062902734484,0.20837812931777008,0.2544,0.2155
156,780,802,22.44405573925316,11.381974743848914,0.01594228416696552,0.013187448013753355,0.0155,0.0139
156,780,806,22.920395233201948,11.528784922923332,0.01628063386902934,0.013357546054559499,0.0155,0.0139
156,780,808,6.475373109657184,2.9977378413360327,0.004599535814765229,0.0034732559886274947,0.0045,0.0038
156,780,810,6.857507394758969,3.330273763553686,0.004870970417931813,0.003858540641391353,0.0045,0.0038
156,780,816,1.9274496167313935,0.8718429392227341,0.0013690907679265612,0.0010101396019501086,0.0014,0.001
156,780,818,13.499215964430428,5.580857394012861,0.009588656321139068,0.0064661245883970465,0.0096,0.0081
156,780,820,69.45334358287832,35.496130131672274,0.04933354972058992,0.04112672724509657,0.0478,0.0417
156,780,822,53.26689690512814,26.18924789870781,0.03783612093195891,0.030343534663890746,0.0382,0.0335
156,780,824,19.491822728055435,9.370826059307472,0.013845277363097345,0.01085727953928439,0.0138,0.0115
156,780,826,16.778639998899045,8.086766315363874,0.011918070864965847,0.009369534969392345,0.0113,0.0096
156,780,828,4.350234650439459,2.021516537931148,0.0030900242717269923,0.002342180935458202,0.0031,0.0024
156,780,830,35.85516945287835,16.779278087287167,0.02546836039409645,0.01944090216893101,0.0274,0.0206
156,780,832,5.881615476841441,2.727028474977028,0.004177782588939016,0.0031596051700272534,0.0042,0.0034
156,780,834,71.69561647578422,35.78315880906085,0.05092626326817172,0.04145928603622935,0.0503,0.0431
156,780,836,50.46972124051315,24.983991808468613,0.03584925323619651,0.028947094029379707,0.0345,0.0302
156,780,838,10.827343924621184,5.750674134232097,0.0076907933051463,0.00666287862132235,0.0079,0.0067
156,780,840,36.612597748637846,25.315571703416076,0.02600637087078492,0.02933127100441548,0.0266,0.0297
156,780,842,3.7703113130845316,2.0416249426024735,0.002678097713239711,0.0023654790491168995,0.0025,0.0024
156,780,844,346.9834838539949,281.31929891462613,0.24646656402521258,0.3259437587231584,0.2442,0.3151
156,780,846,27.615821979936126,13.066204984275975,0.01961585226053818,0.01513884038974034,0.0192,0.0163
156,780,848,52.281492928749955,42.93623509644748,0.03713617657282939,0.049747023779567925,0.0404,0.0512
156,780,854,1.6048068624294973,0.8471171609035915,0.0011399137184106244,0.0009814916806955391,0.0011,0.001
156,780,856,1.5323185970182083,0.8310594410825982,0.0010884244270194937,0.0009628867944500125,0.0011,0.001
156,780,858,18.494332659137708,9.797369437117062,0.013136748106301728,0.011351483642444487,0.0138,0.012
156,780,860,133.94944932673917,87.57037992868106,0.09514591346521414,0.10146128934947855,0.0984,0.1015
156,780,862,11.047942506712246,5.473903046822672,0.007847487145305263,0.0063422045371618425,0.0079,0.0067
156,780,864,0.8877502497129455,0.41833444203391346,0.0006305797363293003,0.0004846930195189669,0.0006,0.0005
156,780,890,360.85716100684544,190.59434565531234,0.25632120465616837,0.2208274997625608,0.2544,0.2155
157,785,802,22.95689871942,11.886951993316202,0.0164008399891264,0.013925369669985083,0.0155,0.0139
157,785,806,19.60992385114762,11.73770687317954,0.014009698226771245,0.013750531454897403,0.0155,0.0139
157,785,808,6.570769614391185,3.024603551989636,0.004694281329902835,0.0035432735481970615,0.0045,0.0038
157,785,810,6.800380106898657,3.3486240323821845,0.004858319381970117,0.003922858236740386,0.0045,0.0038
157,785,816,2.108290754156217,0.8187679885680519,0.001506202546436304,0.0009591732953217244,0.0014,0.001
157,785,818,14.037299952555886,6.770361931712511,0.010028510959386991,0.007931368171731717,0.0096,0.0081
157,785,820,67.00916610142626,37.741730253422645,0.0478726079017197,0.044213819157281564,0.0478,0.0417
157,785,822,54.37984664582693,30.53524679170161,0.038849984676587554,0.03577154175248295,0.0382,0.0335
157,785,824,20.22822405889016,9.659537975499147,0.014451423517994954,0.011315990611026167,0.0138,0.0115
157,785,826,15.99255375116492,7.841342295226023,0.011425381027990428,0.009186004135568906,0.0113,0.0096
157,785,828,4.586244412164832,1.9495589420905364,0.0032764992203110975,0.002283876386251137,0.0031,0.0024
157,785,830,37.57387469136655,17.222338912583638,0.026843482393520704,0.020175688105272597,0.0274,0.0206
157,785,832,5.917860478392903,2.838977273053368,0.004227830769754302,0.0033258154011376008,0.0042,0.0034
157,785,834,72.21612777426544,36.3166554698306,0.05159255920130478,0.042544367376871284,0.0503,0.0431
157,785,836,49.02141435005757,24.93024435455288,0.03502181991663513,0.029205373151621233,0.0345,0.0302
157,785,838,11.464160363330942,5.316990649590312,0.008190211666945328,0.006228767506508905,0.0079,0.0067
157,785,840,35.880771903524675,26.50009307319214,0.025633897934926205,0.031044425226980497,0.0266,0.0297
157,785,842,3.4661523586476783,2.2676536865464363,0.0024762844017787206,0.0026565191721493655,0.0025,0.0024
157,785,844,318.5561573526352,261.6948776774417,0.22758250703401361,0.3065712652367876,0.2442,0.3151
157,785,846,27.27409077703318,13.787658130731074,0.0194851231496974,0.0161520157952823,0.0192,0.0163
157,785,848,55.34361429574855,43.767832056465856,0.03953851840260384,0.05127329877186438,0.0404,0.0512
157,785,854,1.5733000573380211,0.7843312319177843,0.001123995135869824,0.0009188311986379041,0.0011,0.001
157,785,856,1.6708180171106322,0.7913070550370402,0.001193663799474795,0.0009270032612274298,0.0011,0.001
157,785,858,19.29513427948263,9.872526193299061,0.013784806639356795,0.011565502821547653,0.0138,0.012
157,785,860,136.16101479807637,85.35888382094947,0.09727598852763254,0.09999653506570792,0.0984,0.1015
157,785,862,11.204794104393237,5.9251835711228,0.008004915535991142,0.006941255557926144,0.0079,0.0067
157,785,864,0.7785664632860306,0.43661924969785915,0.000556222516870382,0.0005114923035352479,0.0006,0.0005
157,785,890,378.0617544616841,190.49181049159756,0.27009442419542673,0.2231580376274576,0.2544,0.2155
158,790,802,22.43893251645076,12.028335273417326,0.015620209017434973,0.014113025599125289,0.0155,0.0139
158,790,806,21.81215456647257,12.025782740490826,0.015183895811403402,0.014110030674082426,0.0155,0.0139
158,790,808,6.278780495290233,3.3256984710178203,0.00437079008277798,0.0039020917350195885,0.0045,0.0038
158,790,810,6.244200609104608,3.1243954609312485,0.004346718302642157,0.003665899903818194,0.0045,0.0038
158,790,816,2.058198888442644,0.8298458313279935,0.0014327551817964832,0.000973670520037976,0.0014,0.001
158,790,818,13.646929474582445,6.854597599362491,0.009499912292302277,0.008042601839117293,0.0096,0.0081
158,790,820,73.52430173901904,36.824205794413764,0.05118180021186193,0.0432063911780511,0.0478,0.0417
158,790,822,53.47147489623387,27.11773054631147,0.037222609129795275,0.031817638658283284,0.0382,0.0335
158,790,824,19.82902968430552,9.662260856013084,0.013803401211474674,0.011336875112527279,0.0138,0.0115
158,790,826,16.198139870555288,8.498855418026446,0.01127586306907533,0.009971834119302437,0.0113,0.0096
158,790,828,4.485794407566309,2.0085979215289367,0.003122655064097037,0.002356717969737308,0.0031,0.0024
158,790,830,37.4486721754723,17.710158365398247,0.02606880190835402,0.020779593575829692,0.0274,0.0206
158,790,832,5.878917460123318,2.7753050828838486,0.004092437082559541,0.0032563069443768858,0.0042,0.0034
158,790,834,72.05906839761076,34.88727755228692,0.050161820717056084,0.04093376431461328,0.0503,0.0431
158,790,836,47.86669888223249,26.04425641195173,0.0333210076266746,0.030558115408070984,0.0345,0.0302
158,790,838,10.55597024400798,5.705362853979884,0.0073482310922030145,0.006694187531375686,0.0079,0.0067
158,790,840,39.371796613189765,25.5417583415538,0.02740752894724773,0.029968526909759843,0.0266,0.0297
158,790,842,3.8341396110897388,2.0644270353395684,0.002669024566268519,0.0024222231036129184,0.0025,0.0024
158,790,844,344.92928724423086,272.33325573418426,0.24011247233083483,0.3195326803172596,0.2442,0.3151
158,790,846,27.103461709603984,13.226041777047211,0.018867285094318925,0.015518312545468038,0.0192,0.0163
158,790,848,58.5298486599569,41.2203762689893,0.04074384862814199,0.04836448371833132,0.0404,0.0512
158,790,854,1.5978780654893154,0.7996624766275277,0.001112316254305739,0.0009382559387287431,0.0011,0.001
158,790,856,1.5786066077432284,0.8130772147739473,0.0010989009905518212,0.0009539956515453942,0.0011,0.001
158,790,858,19.204416847786746,10.13609250623876,0.013368595186088069,0.01189282887148921,0.0138,0.012
158,790,860,133.93189936770602,85.03660693516666,0.09323278906836967,0.09977472220873665,0.0984,0.1015
158,790,862,10.324927984589767,5.823002277051382,0.0071873977557095296,0.006832215625167146,0.0079,0.0067
158,790,864,0.7890401029089971,0.42917507705422475,0.000549267275595266,0.0005035575340470221,0.0006,0.0005
158,790,890,381.5395875635435,185.43993878593963,0.2655976661010589,0.21757945249248548,0.2544,0.2155
159,795,802,21.11806921735777,12.031157401577378,0.014714757727634892,0.014573060053757846,0.0155,0.0139
159,795,806,21.447137133110033,11.785706133163002,0.01494404737558492,0.01427575066319125,0.0155,0.0139
159,795,808,6.338404011250289,3.1666069477049983,0.004416505999930926,0.003835637060944903,0.0045,0.0038
159,795,810,6.449901637904564,3.0396479397500498,0.004494195894141303,0.0036818545788829186,0.0045,0.0038
159,795,816,1.9288986093785183,0.8502034466771152,0.0013440279708358668,0.0010298315841760222,0.0014,0.001
159,795,818,14.505202770444173,6.567655753783574,0.010107010369199343,0.007955248071124714,0.0096,0.0081
159,795,820,70.93749221497896,37.46695722776096,0.04942819350603503,0.045382850501162184,0.0478,0.0417
159,795,822,56.567897106201286,28.819616963722066,0.039415672546208085,0.034908529139811274,0.0382,0.0335
159,795,824,18.968207095789484,9.591140146135281,0.013216765655485858,0.011617524122434972,0.0138,0.0115
159,795,826,14.439496916558562,7.821069384531077,0.01006122750376487,0.009473478737002895,0.0113,0.0096
159,795,828,4.175526342769862,2.0170376487330604,0.0029094448875427686,0.002443190609560438,0.0031,0.0024
159,795,830,39.846176446222486,17.3510945334577,0.02776422535336851,0.02101697569024879,0.0274,0.0206
159,795,832,5.728613711135109,2.9676577122460817,0.003991613153975035,0.0035946544971549982,0.0042,0.0034
159,795,834,72.88290315423549,36.41052275065723,0.05078372702366937,0.044103216084969234,0.0503,0.0431
159,795,836,46.73154466379937,26.131650919597405,0.03256184790798752,0.031652658629933744,0.0345,0.0302
159,795,838,11.366656702050864,5.211377523654128,0.007920117972072952,0.006312419917726152,0.0079,0.0067
159,795,840,39.224153267184775,24.31232669103079,0.02733080881863199,0.029448953669953593,0.0266,0.0297
159,795,842,3.9326612210687864,2.1665442535676,0.0027402200692347328,0.002624284469275176,0.0025,0.0024
159,795,844,349.9696485321973,250.60798336154838,0.24385366565348982,0.30355559898170476,0.2442,0.3151
159,795,846,26.00656140939538,13.037210482079573,0.018120986655047615,0.015791668660566062,0.0192,0.0163
159,795,848,57.86344132170631,41.789495099349395,0.04031838855970264,0.05061863970121388,0.0404,0.0512
159,795,854,1.6216350117686873,0.8026953339822304,0.0011299312486964244,0.0009722861165011931,0.0011,0.001
159,795,856,1.6206333747180246,0.8151537495946184,0.001129233322840617,0.0009873767044499635,0.0011,0.001
159,795,858,19.09013983152243,9.980361325250843,0.013301726579086926,0.012088978649054486,0.0138,0.012
159,795,860,139.0458197866025,84.79477327602558,0.09688506700785547,0.10270992905755595,0.0984,0.1015
159,795,862,10.545684590650215,5.839274900537826,0.007348076769060128,0.007072977350024683,0.0079,0.0067
159,795,864,0.8322664706997277,0.42026457757362806,0.0005799109452257252,0.0005090566703619619,0.0006,0.0005
159,795,890,371.9777770641806,179.78004423444784,0.2591886035236907,0.21776337002725565,0.2544,0.2155
160,800,802,22.12714544874291,11.275899185951385,0.015543558288303005,0.013746426797274062,0.0155,0.0139
160,800,806,21.579185236433496,12.210583375265653,0.015158635094326977,0.014885898477101249,0.0155,0.0139
160,800,808,6.542620639869713,3.1305141653689237,0.004595965869598726,0.003816403738842274,0.0045,0.0038
160,800,810,6.729950968614557,2.9089539947225376,0.004727558979553082,0.0035463001651266915,0.0045,0.0038
160,800,816,1.9498284911321548,0.8530968241070379,0.0013696874219185995,0.0010400086813639718,0.0014,0.001
160,800,818,13.688376518239146,6.547930527295686,0.009615613490513573,0.007982569388279948,0.0096,0.0081
160,800,820,66.34510393206777,34.570507333804684,0.046605152594150066,0.042144838346980684,0.0478,0.0417
160,800,822,54.8630827108613,30.383420052780234,0.038539427779678156,0.03704036837494416,0.0382,0.0335
160,800,824,19.734695003489943,10.430315989477608,0.013862944174123237,0.012715577964764652,0.0138,0.0115
160,800,826,15.694768090358735,7.873968394400758,0.011025034530504636,0.009599139576605494,0.0113,0.0096
160,800,828,4.573165846969033,1.979215527619222,0.0032124916460237823,0.0024128578056411775,0.0031,0.0024
160,800,830,38.6774786965114,17.13954459891239,0.02716959790210885,0.020894785531703406,0.0274,0.0206
160,800,832,6.13077519100413,2.906114418426772,0.004306658613267648,0.0035428384431796162,0.0042,0.0034
160,800,834,70.5844220388309,35.427807495215106,0.0495831276902949,0.04318997130868739,0.0503,0.0431
160,800,836,49.557864129119004,23.970035156008993,0.0348126942772243,0.02922182330351885,0.0345,0.0302
160,800,838,12.116078849415715,6.2574234109624545,0.008511128480527416,0.0076284127269879275,0.0079,0.0067
160,800,840,38.293203068133536,24.90743525490502,0.026899657495999894,0.030364605943442254,0.0266,0.0297
160,800,842,3.5919209546904955,1.9769224636939138,0.0025232008735849203,0.0024100623358634774,0.0025,0.0024
160,800,844,340.32754355563367,249.74597285785896,0.2390683887637437,0.30446483044845435,0.2442,0.3151
160,800,846,26.18291774437578,13.71152846984356,0.01839259876789345,0.01671569772672996,0.0192,0.0163
160,800,848,63.48474158298926,43.544126542338184,0.04459584646826228,0.05308456009532747,0.0404,0.0512
160,800,854,1.5582099044591167,0.8659830230472425,0.0010945888402766086,0.0010557182214640936,0.0011,0.001
160,800,856,1.5773622617424532,0.8293342562676947,0.0011080427122404167,0.0010110397810632523,0.0011,0.001
160,800,858,19.637676687669185,9.799349109475967,0.01379479214563469,0.011946367466833517,0.0138,0.012
160,800,860,138.76155682494755,82.54878598313967,0.09747521891969925,0.10063506466383239,0.0984,0.1015
160,800,862,11.744697212433913,5.0194067186620535,0.008250245659695234,0.006119148981909938,0.0079,0.0067
160,800,864,0.8616041718201174,0.40054983297728536,0.0006052472831235393,0.0004883095234252075,0.0006,0.0005
160,800,890,366.6412971834556,179.06383558583204,0.2575528952377287,0.2182963741806525,0.2544,0.2155
161,805,802,22.36230075824584,12.279572102349896,0.015545716625997392,0.014426901094758368,0.0155,0.0139
161,805,806,22.820568123549343,12.065101484951272,0.015864292727668136,0.014174925996672534,0.0155,0.0139
161,805,808,7.0196421190370675,3.017313036777453,0.004879881027368232,0.00354495062129918,0.0045,0.0038
161,805,810,6.099741108557761,3.3375895121049077,0.00424038866978482,0.00392123384957574,0.0045,0.0038
161,805,816,1.996037201018915,0.8015966004997689,0.0013875955357834616,0.0009417718123167857,0.0014,0.001
161,805,818,13.894657066720805,6.776874073640884,0.00965922083375099,0.007961946163689167,0.0096,0.0081
161,805,820,66.12976752421099,35.95035115914149,0.04597177354818436,0.042236989707118026,0.0478,0.0417
161,805,822,53.46343396976559,25.72447060187978,0.03716645274257972,0.030222909234542315,0.0382,0.0335
161,805,824,20.463433955473626,10.312579940909588,0.014225671540049532,0.012115940978987414,0.0138,0.0115
161,805,826,15.373340718554678,8.524601054624679,0.010687165018896076,0.010015298192989006,0.0113,0.0096
161,805,828,4.241396987380991,1.8816187323530098,0.0029485139466193322,0.002210657433617469,0.0031,0.0024
161,805,830,38.20923342306488,17.81697425883364,0.026562111015009403,0.020932628865044833,0.0274,0.0206
161,805,832,5.729354153776703,2.714612714986435,0.003982904848990161,0.0031893170888412496,0.0042,0.0034
161,805,834,71.65787735768062,37.82191750042371,0.049814778339040675,0.04443583688785898,0.0503,0.0431
161,805,836,49.330777000882435,24.893097872552886,0.034293532158725167,0.029246154341219677,0.0345,0.0302
161,805,838,10.91598133936883,5.528088386024579,0.007588519376027513,0.006494785300621099,0.0079,0.0067
161,805,840,38.58167211969055,25.618899021891608,0.02682102115582591,0.03009887635047991,0.0266,0.0297
161,805,842,3.6412775609715204,2.2315871327097367,0.002531325811750085,0.0026218248143823984,0.0025,0.0024
161,805,844,342.7637214147609,279.37159758987127,0.23828083435562242,0.328225313839919,0.2442,0.3151
161,805,846,27.055404036973485,13.121252696714137,0.018808245578468302,0.015415766389661164,0.0192,0.0163
161,805,848,55.31810188376461,42.322951764040845,0.03845577185773056,0.049723967093381075,0.0404,0.0512
161,805,854,1.5617583113683529,0.8023943497559789,0.0010856956271762933,0.0009427090639996482,0.0011,0.001
161,805,856,1.5571542404995253,0.8076067224310288,0.001082494991346082,0.0009488329243772892,0.0011,0.001
161,805,858,19.483441532485305,10.176381405508897,0.013544405123498748,0.011955925403273606,0.0138,0.012
161,805,860,145.29713448040903,84.56497843692014,0.10100696272806305,0.09935285772346678,0.0984,0.1015
161,805,862,11.765869887345879,5.63587770311618,0.008179340806852772,0.00662142373751374,0.0079,0.0067
161,805,864,0.8678788086073431,0.42427103202362465,0.0006033278136348756,0.0004984633149557839,0.0006,0.0005
161,805,890,380.88536659221904,176.63383065966804,0.26478205619555584,0.20752179177543773,0.2544,0.2155
162,810,802,20.30937486606069,11.868456344682095,0.014555725771987264,0.014627079869897664,0.0155,0.0139
162,810,806,20.92032544919673,11.994454467036459,0.014993593958822738,0.014782364141551088,0.0155,0.0139
162,810,808,6.717181545938259,3.0816887452757276,0.0048142029574096586,0.0037979755835315567,0.0045,0.0038
162,810,810,6.242743072621975,3.1148253222528948,0.004474172978209634,0.0038388142017969566,0.0045,0.0038
162,810,816,2.0691186891869524,0.8467989041467672,0.0014829370390828172,0.0010436231001722872,0.0014,0.001
162,810,818,13.780390742492607,7.493344656782325,0.009876403877588211,0.009235046884301603,0.0096,0.0081
162,810,820,64.8808081852155,33.24832891674751,0.04650006502105998,0.04097634506814378,0.0478,0.0417
162,810,822,53.62732878998392,26.992838807513884,0.038434698108588794,0.03326687124983097,0.0382,0.0335
162,810,824,21.621183718731736,9.667435553647145,0.015495898970358515,0.011914468729005786,0.0138,0.0115
162,810,826,16.67907210526427,8.170192108654875,0.011953888354344955,0.010069216168895428,0.0113,0.0096
162,810,828,4.48774802826963,2.049235033787841,0.003216368305970392,0.0025255453313301184,0.0031,0.0024
162,810,830,40.4642940781076,17.901213862313604,0.029000753201037614,0.022062050643132224,0.0274,0.0206
162,810,832,5.904642947472708,2.9535006000946,0.00423185667169587,0.0036399922549937612,0.0042,0.0034
162,810,834,69.32425453480023,35.78777908838949,0.04968468232088524,0.04410604782033666,0.0503,0.0431
162,810,836,51.431439561799195,25.11699302359178,0.03686090464414636,0.030955016590034915,0.0345,0.0302
162,810,838,10.743452665448654,6.225114308904206,0.007699830835459302,0.0076720376729012265,0.0079,0.0067
162,810,840,38.51952477791231,24.6752394945312,0.02760693734948586,0.0304105848657464,0.0266,0.0297
162,810,842,3.7685190953751637,2.1012165290536853,0.002700897042894461,0.002589609052923609,0.0025,0.0024
162,810,844,328.8299530339517,245.0913618240487,0.23567237561684926,0.302058736259216,0.2442,0.3151
162,810,846,26.57463220952509,13.624891059560966,0.019046034724568332,0.016791768361363178,0.0192,0.0163
162,810,848,60.94184326061499,41.700615084176285,0.043677009479169616,0.051393223326250854,0.0404,0.0512
162,810,854,1.6695320576407258,0.8873380862233426,0.0011965533631057366,0.0010935849348771083,0.0011,0.001
162,810,856,1.5801636608083887,0.8496191868035751,0.001132503047153006,0.0010470989102084676,0.0011,0.001
162,810,858,19.292325522253044,9.863976888556035,0.013826806667254863,0.012156692799260446,0.0138,0.012
162,810,860,141.60755111977554,82.26502557155321,0.10149010961369495,0.10138615036263283,0.0984,0.1015
162,810,862,10.906319952803173,5.34692440584736,0.007816557794688435,0.006589727262861609,0.0079,0.0067
162,810,864,0.7948052555519549,0.4206892035032598,0.0005696368016369423,0.0005184713497137304,0.0006,0.0005
162,810,890,351.595717575451,178.06389314644807,0.25198859548285096,0.21945185720508997,0.2544,0.2155
163,815,802,22.462355640392207,11.228340626262655,0.015611098856967997,0.013340151816476168,0.0155,0.0139
163,815,806,23.57346115358677,11.842207181720852,0.016383305400426484,0.014069473567342517,0.0155,0.0139
163,815,808,6.392696689858512,3.4330887044795766,0.004442856376494037,0.004078779406644243,0.0045,0.0038
163,815,810,6.543107744856203,3.1327475749649247,0.004547390463939765,0.0037219505217878186,0.0045,0.0038
163,815,816,1.7180855812252998,0.8168510126548162,0.0011940512510187982,0.0009704832515296229,0.0014,0.001
163,815,818,13.011355104893129,7.171064227083841,0.009042753754657195,0.008519788333749646,0.0096,0.0081
163,815,820,62.32859267423606,33.52120792098625,0.04331771063687962,0.039825831582957855,0.0478,0.0417
163,815,822,60.33320453488004,29.475735282048557,0.041930937049985934,0.035019491895809246,0.0382,0.0335
163,815,824,17.990825558301548,9.055447990155326,0.012503432890363052,0.010758584458359505,0.0138,0.0115
163,815,826,16.693636395681494,7.506368836873378,0.01160190018479791,0.008918156583185767,0.0113,0.0096
163,815,828,4.456540880605427,1.8976330915902677,0.0030972486305998036,0.002254537369001174,0.0031,0.0024
163,815,830,38.99747207762805,17.96994408819003,0.027102829352454807,0.02134970698246751,0.0274,0.0206
163,815,832,6.016547771163692,2.863892565626536,0.004181436868732031,0.003402529624206089,0.0042,0.0034
163,815,834,72.35164757882958,37.34172533218508,0.05028362745653226,0.04436490676595281,0.0503,0.0431
163,815,836,48.352957118489265,24.525679434803447,0.03360479219935859,0.029138436208218755,0.0345,0.0302
163,815,838,10.76688380391163,5.210640060618487,0.0074828700130676615,0.00619065022903565,0.0079,0.0067
163,815,840,36.30411491409973,24.36246420664632,0.025230974698824658,0.02894452367965828,0.0266,0.0297
163,815,842,3.302156865644427,2.052611126810642,0.0022949639875744854,0.002438663464465658,0.0025,0.0024
163,815,844,362.15181827265747,262.19173002528373,0.25169167147005644,0.31150439766503746,0.2442,0.3151
163,815,846,26.360037263356972,13.45052004268877,0.018319946232693545,0.015980275746207702,0.0192,0.0163
163,815,848,55.56690876403771,41.62078364981926,0.038618412056998654,0.04944876461181113,0.0404,0.0512
163,815,854,1.6096562556132814,0.8871338028415707,0.001118694020093305,0.0010539847342851314,0.0011,0.001
163,815,856,1.587947595941043,0.845399985640844,0.0011036067319379088,0.0010044016769243157,0.0011,0.001
163,815,858,18.997616722528743,9.893487442697653,0.013203142068006463,0.01175424124302835,0.0138,0.012
163,815,860,137.68858029282092,86.64631918142032,0.09569210250422656,0.1029426422561007,0.0984,0.1015
163,815,862,11.159893678363442,5.255575211600633,0.007756007706195411,0.006244036722726093,0.0079,0.0067
163,815,864,0.8296644133196441,0.36211017756130365,0.0005766079649790093,0.0004302153723106988,0.0006,0.0005
163,815,890,371.3231204374026,187.13440688962214,0.2580656291721375,0.2223303942307198,0.2544,0.2155
164,820,802,22.40950600274279,10.802664575052432,0.016229995143284878,0.013151096614718773,0.0155,0.0139
164,820,806,22.13651325735392,11.400946071120051,0.016032281238691392,0.013879440784152134,0.0155,0.0139
164,820,808,6.393961622057601,3.0792930479941876,0.004630801145712156,0.0037487121902058003,0.0045,0.0038
164,820,810,6.0589253613893534,3.2048351974172786,0.004388152473188788,0.0039015464215023427,0.0045,0.0038
164,820,816,1.9454387505612432,0.7731471110544494,0.001408976238445535,0.0009412244807034952,0.0014,0.001
164,820,818,12.404274286775163,6.200193611197432,0.008983746067659582,0.007548077110449738,0.0096,0.0081
164,820,820,66.43673017234477,35.145961413026164,0.048116536254788914,0.04278647466545462,0.0478,0.0417
164,820,822,52.34970742209399,28.073335525574013,0.03791406633903395,0.034176303932166543,0.0382,0.0335
164,820,824,19.766270194740535,9.588251514285066,0.014315642175344279,0.011672677713403358,0.0138,0.0115
164,820,826,15.747943362933253,8.212147408985826,0.011405385030167527,0.009997417140887286,0.0113,0.0096
164,820,828,4.668200447523915,2.025680160419573,0.003380925513570904,0.00246605041886784,0.0031,0.0024
164,820,830,42.56051437971219,17.935742954474943,0.030824282409165574,0.02183486183545754,0.0274,0.0206
164,820,832,5.817472536564171,3.029420923953807,0.004213281229986663,0.003687998176817756,0.0042,0.0034
164,820,834,69.8580951024592,37.075419816543224,0.05059444612894527,0.045135385316381754,0.0503,0.0431
164,820,836,49.606136265014314,24.806102641229625,0.035927045895602056,0.030198794954980627,0.0345,0.0302
164,820,838,11.705876752058359,5.629589179157901,0.008477934444897861,0.006853426826494015,0.0079,0.0067
164,820,840,35.74558738792214,24.25355739937359,0.025888598777181186,0.0295261298167486,0.0266,0.0297
164,820,842,3.3268251769673567,1.7032035351945274,0.0024094398358504403,0.0020734693825078874,0.0025,0.0024
164,820,844,329.13400519890456,253.90226227867814,0.2383739875932254,0.30909903373597575,0.2442,0.3151
164,820,846,28.410015042889075,13.163925297697515,0.02057583982932532,0.016025680721288186,0.0192,0.0163
164,820,848,56.87931220592304,41.64797309158066,0.04119461449719271,0.05070198321250075,0.0404,0.0512
164,820,854,1.5605304348342985,0.9033210268233267,0.0011302079294032174,0.0010996973955199269,0.0011,0.001
164,820,856,1.6225380010314785,0.7737318803181006,0.0011751166613540231,0.0009419363751652889,0.0011,0.001
164,820,858,19.253436451735716,9.60196624296766,0.01394422438696188,0.011689373938737056,0.0138,0.012
164,820,860,131.53950430306764,85.60311362231498,0.09526696017875586,0.1042126977049409,0.0984,0.1015
164,820,862,11.030041689910973,5.476528146582195,0.007988463602703876,0.006667091278133073,0.0079,0.0067
164,820,864,0.8880941557001925,0.4462755310247151,0.0006431986422203884,0.0005432930537198011,0.0006,0.0005
164,820,890,351.49086003197306,176.96831469095682,0.25456585033734014,0.21544012480211927,0.2544,0.2155
165,825,802,22.38077482795294,11.285373055868273,0.01600581788661576,0.0134389988428493,0.0155,0.0139
165,825,806,22.035234584112594,11.482647607023065,0.01575870158890395,0.013673919961678799,0.0155,0.0139
165,825,808,6.247636260605261,3.0780183995378323,0.004468054791569129,0.003665407027740937,0.0045,0.0038
165,825,810,6.2356531585148485,3.277506304567844,0.004459484965401345,0.0039029638822276136,0.0045,0.0038
165,825,816,1.9921335919711554,0.7950088780126127,0.0014246927429463106,0.0009467231024419518,0.0014,0.001
165,825,818,13.98626136669294,7.222514491122418,0.010002404030726417,0.00860081128095137,0.0096,0.0081
165,825,820,65.55612213994677,35.93928407788814,0.04688306639921187,0.04279769882169933,0.0478,0.0417
165,825,822,53.86046320247738,27.725232005326838,0.03851880785784541,0.03301613149984156,0.0382,0.0335
165,825,824,19.771710681955835,9.739257940110848,0.014139921558345165,0.01159783336708584,0.0138,0.0115
165,825,826,15.87175371260065,7.86677522874682,0.011350831301328069,0.009368018467152928,0.0113,0.0096
165,825,828,4.367339325109569,1.9738947401236528,0.0031233430667222707,0.002350579728034267,0.0031,0.0024
165,825,830,38.15333795067251,16.072294980803637,0.027285712121202076,0.01913942521701906,0.0274,0.0206
165,825,832,5.749360514572006,2.7994613540092756,0.0041117082883924405,0.003333692002106122,0.0042,0.0034
165,825,834,71.85647743477965,35.60758529707579,0.0513888236951622,0.04240270084427813,0.0503,0.0431
165,825,836,49.27063417023185,25.062721134418272,0.03523634922155774,0.02984552470323169,0.0345,0.0302
165,825,838,11.082764262359426,5.3965518174169,0.00792594125213507,0.006426393994297793,0.0079,0.0067
165,825,840,36.9269002206482,26.50188976844509,0.02640861384793202,0.031559334739603886,0.0266,0.0297
165,825,842,3.6030131219426913,2.0250005850081445,0.002576728121176327,0.0024114382735927926,0.0025,0.0024
165,825,844,349.3799932523993,261.91202675342157,0.24986232997798444,0.31189358181095045,0.2442,0.3151
165,825,846,27.157599915466697,14.063318965827605,0.019422008479421778,0.01674706953618174,0.0192,0.0163
165,825,848,60.20356942952112,45.27585282558966,0.04305513887792772,0.053915996460189755,0.0404,0.0512
165,825,854,1.6028180752017178,0.8413914050994633,0.0011462701543743282,0.0010019569635436444,0.0011,0.001
165,825,856,1.5026865982575097,0.791582531678671,0.001074660203556846,0.0009426428948857559,0.0011,0.001
165,825,858,19.619280384655585,10.047483067494209,0.014030909622978954,0.011964878134656739,0.0138,0.012
165,825,860,136.09811135839115,84.20415511902281,0.09733182170235008,0.10027311792047676,0.0984,0.1015
165,825,862,10.82961584817659,5.921772925287513,0.0077448998249796805,0.007051844816877636,0.0079,0.0067
165,825,864,0.7792283315565076,0.43013872579565426,0.0005572723403395089,0.0005122235489793226,0.0006,0.0005
165,825,890,342.169509740053,182.40930879742731,0.2447056860789128,0.21721909215742455,0.2544,0.2155
166,830,802,23.257256802062983,11.296711396604962,0.016597079750344117,0.013686486129913132,0.0155,0.0139
166,830,806,22.39884789760469,11.930998782637829,0.015984493271768704,0.01445495451035938,0.0155,0.0139
166,830,808,5.936263508659142,3.2258297395593316,0.004236296641121233,0.003908241295887997,0.0045,0.0038
166,830,810,5.858509997286037,3.3778240051805155,0.0041808093908357975,0.004092389348822753,0.0045,0.0038
166,830,816,2.027002848543496,0.8384660312263614,0.001446530354709199,0.0010158402125977762,0.0014,0.001
166,830,818,14.40888645697391,6.773479046721314,0.010282615859443768,0.008206381819408918,0.0096,0.0081
166,830,820,63.723099559698774,36.51447234461671,0.045474725344118186,0.04423896492884524,0.0478,0.0417
166,830,822,53.144168177510295,26.945621518721605,0.03792528091402418,0.032645861457406625,0.0382,0.0335
166,830,824,21.06747787733641,9.406729468385127,0.015034387479341377,0.011396685980274785,0.0138,0.0115
166,830,826,16.4237855802711,7.820439199612884,0.011720508630842997,0.009474822262654075,0.0113,0.0096
166,830,828,4.55448751582532,2.044515522258897,0.0032502196267357873,0.002477024715900779,0.0031,0.0024
166,830,830,39.52716458625121,16.91173535090298,0.028207776545890694,0.020489346251906314,0.0274,0.0206
166,830,832,6.022668659159768,3.098281558460632,0.004297957961968504,0.0037537108002228927,0.0042,0.0034
166,830,834,75.2710641576814,35.34998817294263,0.053715701097108416,0.0428281387242464,0.0503,0.0431
166,830,836,48.45590406386408,24.821323108953674,0.034579594273200724,0.030072176098867406,0.0345,0.0302
166,830,838,10.849492429430017,5.622991872199244,0.007742524951869303,0.006812513621495011,0.0079,0.0067
166,830,840,38.60744848211577,25.59215986239816,0.027551439400976093,0.03100608032674879,0.0266,0.0297
166,830,842,3.439906804786885,2.004383526312209,0.002454821222412399,0.0024284029545220518,0.0025,0.0024
166,830,844,339.4897316327937,247.8612969887145,0.24227010942376484,0.3002953766171131,0.2442,0.3151
166,830,846,26.985469621177202,13.763399484975412,0.01925764483812374,0.016674992352923326,0.0192,0.0163
166,830,848,56.946096832477345,45.21237877832194,0.04063845184508641,0.05477687915757958,0.0404,0.0512
166,830,854,1.4642729951523588,0.8381830914565637,0.0010449493628441695,0.001015497418035803,0.0011,0.001
166,830,856,1.4732232360863249,0.8930278164486646,0.0010513365246590854,0.0010819443282515388,0.0011,0.001
166,830,858,20.022584597427958,9.80593792054257,0.014288720127218364,0.011880345405710669,0.0138,0.012
166,830,860,143.27770464445564,82.33219783947412,0.10224729041214119,0.09974924951290505,0.0984,0.1015
166,830,862,10.643828374814886,5.581164080615489,0.00759575688092795,0.0067618373256016755,0.0079,0.0067
166,830,864,0.7910503066354615,0.3694812017892557,0.0005645173520463656,0.00044764349251872097,0.0006,0.0005
166,830,890,345.2186811040528,185.15863427249494,0.24635846051647606,0.22432821294928035,0.2544,0.2155
167,835,802,21.19113795472568,12.248958402442637,0.015196231124646848,0.014378097271260533,0.0155,0.0139
167,835,806,22.395545333813185,11.283494086172528,0.016059915412859525,0.01324481398339383,0.0155,0.0139
167,835,808,6.545772177765316,3.2532675889397398,0.004693993645604216,0.0038187571797032934,0.0045,0.0038
167,835,810,6.229184004945934,3.0814623827354723,0.00446696727940475,0.003617088443035747,0.0045,0.0038
167,835,816,2.086423215211261,0.7511768881774552,0.0014961805953940593,0.0008817479830762145,0.0014,0.001
167,835,818,14.090136040663117,6.8562526254097795,0.010104080503325896,0.008048020405132474,0.0096,0.0081
167,835,820,68.84538130402521,34.11870485835671,0.04936923766885793,0.040049287547997234,0.0478,0.0417
167,835,822,51.447109621259585,28.924573149823672,0.03689288277816903,0.03395230129893512,0.0382,0.0335
167,835,824,18.513820858490455,9.467380237924901,0.013276318684112432,0.011113019531338178,0.0138,0.0115
167,835,826,16.535316589332314,7.273242072975584,0.011857527101543228,0.008537491806798327,0.0113,0.0096
167,835,828,4.4834365143056,1.9475848403855534,0.0032150863087027125,0.00228611799951184,0.0031,0.0024
167,835,830,38.751435282479264,17.346857205694572,0.027788775110731065,0.020362123215669176,0.0274,0.0206
167,835,832,6.27667749610438,2.781153237275298,0.0045010250100514975,0.003264578950962163,0.0042,0.0034
167,835,834,69.86346549746546,37.696380306399305,0.05009930901948201,0.04424884182084864,0.0503,0.0431
167,835,836,50.30894011776569,25.764325352890747,0.0360766978771472,0.030242732800724915,0.0345,0.0302
167,835,838,11.418859621655166,5.527221758694509,0.008188499851272646,0.006487974689381718,0.0079,0.0067
167,835,840,36.47257915791326,24.95561900063352,0.026154600275820918,0.029293455465084526,0.0266,0.0297
167,835,842,3.1129548460382135,1.9714510500998423,0.002232309629716556,0.002314132682352131,0.0025,0.0024
167,835,844,348.29302400505725,283.0162024267003,0.24976201387536753,0.332210654501234,0.2442,0.3151
167,835,846,28.69840381080392,13.555020471538889,0.02057971488596577,0.015911181706262364,0.0192,0.0163
167,835,848,58.620234814260655,44.82909391561508,0.04203675322777663,0.05262137822042504,0.0404,0.0512
167,835,854,1.5345078165517527,0.7933521070398148,0.0011004003415351028,0.0009312541842825786,0.0011,0.001
167,835,856,1.6325996172188104,0.8248261628874223,0.0011707422777517459,0.0009681991245484989,0.0011,0.001
167,835,858,20.141464596867436,9.970988109632508,0.014443507085688813,0.011704165547846855,0.0138,0.012
167,835,860,130.3998151694372,83.59821292408388,0.09351011418828024,0.09812942436691864,0.0984,0.1015
167,835,862,11.710298044720957,5.6778504465172475,0.008397491253479187,0.006664785962161107,0.0079,0.0067
167,835,864,0.8456186334689844,0.4136014846728112,0.0006063957596310717,0.0004854945361703216,0.0006,0.0005
167,835,890,344.05544008338455,173.98964475819605,0.24672322922768108,0.20423287877494475,0.2544,0.2155
168,840,802,22.38503512247881,12.31565946837947,0.01555905837647577,0.014303429632206356,0.0155,0.0139
168,840,806,20.64481841419523,12.027243285430098,0.014349494343908618,0.01396846254512525,0.0155,0.0139
168,840,808,6.060572940533605,3.121460393929572,0.004212493197384351,0.0036252698614251,0.0045,0.0038
168,840,810,6.0250608176864295,3.07048925525611,0.00418780995746855,0.003566071886914586,0.0045,0.0038
168,840,816,2.0173685391214793,0.8707341804395193,0.0014022026186385963,0.0010112722838960025,0.0014,0.001
168,840,818,13.71924827383035,6.513003675802024,0.009535771715610937,0.007564214487281015,0.0096,0.0081
168,840,820,62.77231377395831,35.59305007777436,0.043630849319271414,0.04133783403886464,0.0478,0.0417
168,840,822,51.50480093511435,25.283002850312233,0.03579919352520849,0.029363726164141703,0.0382,0.0335
168,840,824,19.407018842245368,9.093121070215005,0.013489142966617058,0.010560767590147352,0.0138,0.0115
168,840,826,15.549043783404237,7.14388195902737,0.010807598853460016,0.00829691768955527,0.0113,0.0096
168,840,828,4.550505016191284,1.9905570605582077,0.0031628975698263628,0.0023118366432335474,0.0031,0.0024
168,840,830,37.47987136580138,17.757641820333525,0.026050953386162517,0.020623757977654342,0.0274,0.0206
168,840,832,5.598427671187316,2.9797825900748722,0.003891272114422978,0.0034607249985954456,0.0042,0.0034
168,840,834,70.91257718837832,36.847186634335046,0.04928886294184847,0.04279439054986598,0.0503,0.0431
168,840,836,48.6682650676459,24.450785095454258,0.033827616223344424,0.028397186927989038,0.0345,0.0302
168,840,838,10.784482129404717,5.7393277890302015,0.00749591796900816,0.00666566588474875,0.0079,0.0067
168,840,840,37.95510673944068,24.944929995743152,0.026381272944767765,0.02897108772701185,0.0266,0.0297
168,840,842,3.4930557649584975,2.041878404676828,0.002427901419940063,0.0023714413469942894,0.0025,0.0024
168,840,844,362.1819996531505,272.9029428171278,0.25174009532168556,0.31694998136550856,0.2442,0.3151
168,840,846,27.238421394316617,13.695792590331388,0.018932478159555764,0.015906318786749866,0.0192,0.0163
168,840,848,58.29606846911969,43.73973556787625,0.04051956708878379,0.05079940959984609,0.0404,0.0512
168,840,854,1.563667924457397,0.7774595182841086,0.0010868511210699071,0.000902942919152428,0.0011,0.001
168,840,856,1.623561039311116,0.808806637389021,0.001128480739485033,0.0009393495211245515,0.0011,0.001
168,840,858,19.143607897217926,9.921486536492935,0.013306055191759425,0.011522832771234665,0.0138,0.012
168,840,860,142.07234248964033,87.6264896107766,0.09874953773287586,0.10176956672787292,0.0984,0.1015
168,840,862,10.921797561842707,6.078192009357615,0.007591361144218918,0.007059223415530608,0.0079,0.0067
168,840,864,0.8085982871099164,0.39347442630276286,0.0005620285107182061,0.0004569819247718195,0.0006,0.0005
168,840,890,375.3363635040693,193.30030828539336,0.2608832355464834,0.22449933473255793,0.2544,0.2155
169,845,802,22.160248446897427,11.72870930930609,0.015577446757149109,0.013817292916948774,0.0155,0.0139
169,845,806,22.068255422498257,11.303943356647071,0.015512780675311574,0.013316886995524867,0.0155,0.0139
169,845,808,6.535884373360109,3.176548380564424,0.004594370459377875,0.0037422105264636888,0.0045,0.0038
169,845,810,6.806704936907089,3.157133549868686,0.004784742553783921,0.003719338410224681,0.0045,0.0038
169,845,816,2.043208851080928,0.7673786115406415,0.0014362644519856488,0.0009040291454274097,0.0014,0.001
169,845,818,13.674651103161432,6.508383667732311,0.009612534353689122,0.007667360591978316,0.0096,0.0081
169,845,820,67.56970701788774,35.82274220082689,0.04749782097387433,0.04220185776830814,0.0478,0.0417
169,845,822,55.008501598488344,28.272293429781183,0.03866797824466513,0.033306866889714466,0.0382,0.0335
169,845,824,20.586748412403736,9.874735783725546,0.01447136200054389,0.011633174052063188,0.0138,0.0115
169,845,826,15.480516241993167,8.291178667232147,0.010881959112989666,0.009767625853000304,0.0113,0.0096
169,845,828,4.557769596496668,1.8969210216934522,0.003203863593448116,0.002234714213290265,0.0031,0.0024
169,845,830,37.654375981720776,17.08845188157229,0.026468973867080067,0.020131468767626757,0.0274,0.0206
169,845,832,5.618297009299448,2.8006152116637795,0.003949356557889377,0.003299333260524842,0.0042,0.0034
169,845,834,74.95358290801545,36.61798736489558,0.052688283247593344,0.0431387157876305,0.0503,0.0431
169,845,836,48.56809710193349,25.60336249909912,0.034140724934306456,0.03016266751774448,0.0345,0.0302
169,845,838,11.991363215791763,5.230551415165377,0.00842927472077981,0.006161979047699393,0.0079,0.0067
169,845,840,36.922707622839845,25.21384708215924,0.025954650892242026,0.029703789352245453,0.0266,0.0297
169,845,842,3.654184111742761,2.1900498285733816,0.0025686922499040224,0.0025800417749378235,0.0025,0.0024
169,845,844,340.609907448784,277.3251843128436,0.23943019912232835,0.32670971748417166,0.2442,0.3151
169,845,846,27.190409686709312,14.380805521951809,0.01911337592693309,0.016941659737514502,0.0192,0.0163
169,845,848,54.11911442946935,39.72058520230719,0.038042787543167166,0.04679380706770796,0.0404,0.0512
169,845,854,1.5374700025874546,0.7975547442872531,0.0010807576080841777,0.0009395788767972403,0.0011,0.001
169,845,856,1.4552308826715974,0.8087461668847876,0.0010229479894369,0.0009527632059599385,0.0011,0.001
169,845,858,20.098085345459094,10.03244409287123,0.014127858500312099,0.011818966183612877,0.0138,0.012
169,845,860,138.93225668567413,84.92908266995863,0.09766180359203802,0.10005278342839276,0.0984,0.1015
169,845,862,10.68581004202063,6.286353730890479,0.00751154200213359,0.00740579279344476,0.0079,0.0067
169,845,864,0.8032706846213871,0.4661987796209857,0.0005646555069656837,0.0005492168767825242,0.0006,0.0005
169,845,890,371.29904860068945,178.55098989583013,0.2610029925619873,0.21034636147426242,0.2544,0.2155
170,850,802,23.20477287687268,11.91531645838815,0.016676448033415607,0.014320536309184142,0.0155,0.0139
170,850,806,21.28097380226511,11.479170015701646,0.015293881805999469,0.013796349562619253,0.0155,0.0139
170,850,808,6.238635664890763,3.0506863114051157,0.004483486393812329,0.0036664963320930414,0.0045,0.0038
170,850,810,6.463795393594875,2.941883961328326,0.0046453007125680365,0.0035357311937737525,0.0045,0.0038
170,850,816,1.9118228474549321,0.8529326744938925,0.0013739593373247288,0.001025105239716952,0.0014,0.001
170,850,818,13.14398301986835,6.753955447567233,0.009446114855163912,0.008117305533199618,0.0096,0.0081
170,850,820,69.99124109021847,36.74062210633215,0.050300224916168035,0.04415706580124836,0.0478,0.0417
170,850,822,54.758562064890384,28.185465013276115,0.03935303825230878,0.033874968954744934,0.0382,0.0335
170,850,824,21.377801824700253,9.156115820630927,0.015363468674739193,0.011004364803767699,0.0138,0.0115
170,850,826,17.618982279318693,7.930069552219379,0.012662138256719158,0.00953082944573975,0.0113,0.0096
170,850,828,4.426271146255112,2.149826472991334,0.0031810042332238646,0.0025837893749976293,0.0031,0.0024
170,850,830,38.47675427499554,17.151357192220413,0.02765187991997021,0.020613521619903742,0.0274,0.0206
170,850,832,6.047562788988188,2.7895407835892643,0.004346169088338491,0.003352636097987782,0.0042,0.0034
170,850,834,71.79123668338674,36.97354069330831,0.05159381796830108,0.04443700121828278,0.0503,0.0431
170,850,836,48.5801351477043,25.837356800241274,0.0349128217520473,0.03105287278633081,0.0345,0.0302
170,850,838,11.394367523226276,5.40027762441088,0.008188728193246175,0.0064903749783001745,0.0079,0.0067
170,850,840,39.51365739221398,24.365336127933812,0.028397065448901374,0.029283710753642316,0.0266,0.0297
170,850,842,3.370506417932703,2.0181049786315355,0.0024222635327307584,0.0024254786453357614,0.0025,0.0024
170,850,844,343.0294539612481,235.82518915120096,0.2465231137261897,0.283428744478083,0.2442,0.3151
170,850,846,26.740967077911733,13.280331636740899,0.01921778550491776,0.015961092772158045,0.0192,0.0163
170,850,848,59.300962065083276,44.052166536792974,0.04261750017797158,0.05294451495195194,0.0404,0.0512
170,850,854,1.5437668039368149,0.8926971415261952,0.001109450500471091,0.0010728965422761522,0.0011,0.001
170,850,856,1.5819892123290389,0.8538684761661398,0.0011369195910175536,0.0010262299418490701,0.0011,0.001
170,850,858,18.94316557763744,9.631870054042263,0.01361378187237973,0.011576154549982861,0.0138,0.012
170,850,860,135.31216125055022,85.68128662597096,0.09724405566722646,0.10297686850616924,0.0984,0.1015
170,850,862,11.109439607683813,6.122557659611891,0.007983960596423496,0.007358454101974082,0.0079,0.0067
170,850,864,0.8367934550328547,0.4153064485635342,0.0006013738053633728,0.0004991400015989963,0.0006,0.0005
170,850,890,333.479982808968,199.59717839839357,0.2396602471830605,0.23988776550308788,0.2544,0.2155
171,855,802,22.075856656168707,12.30726393197253,0.01587319799327189,0.014303884053997924,0.0155,0.0139
171,855,806,22.045144562789602,11.981684774337864,0.01585111508402913,0.01392548585380119,0.0155,0.0139
171,855,808,6.71861208804196,3.20230476915736,0.004830882061542994,0.003721817974878683,0.0045,0.0038
171,855,810,6.052904337548288,3.2980631738759265,0.004352218375063177,0.003833111364364859,0.0045,0.0038
171,855,816,1.997439647830325,0.8359729913918648,0.001436218557831703,0.0009715937520506672,0.0014,0.001
171,855,818,14.142611747973758,6.648940109792707,0.010168958782164913,0.0077276045218612754,0.0096,0.0081
171,855,820,69.16968887663862,34.91694204164387,0.04973506504288249,0.04058155356417965,0.0478,0.0417
171,855,822,59.48926413410729,26.890417516164906,0.04277455152848483,0.031252877685964305,0.0382,0.0335
171,855,824,20.571670630176836,10.322256744574178,0.01479164347055714,0.011996847103149997,0.0138,0.0115
171,855,826,15.00191905658265,8.56852569002665,0.010786826313153936,0.009958606450735319,0.0113,0.0096
171,855,828,4.562761426361412,2.1021786303641856,0.003280761269867201,0.0024432172378627253,0.0031,0.0024
171,855,830,38.60302848902221,17.133690333947225,0.027756726449613987,0.019913306589388016,0.0274,0.0206
171,855,832,6.035402284531893,2.869241842058214,0.004339633878019873,0.003334721905578105,0.0042,0.0034
171,855,834,72.01989760464681,36.540555508135185,0.05178444995085995,0.042468567518017815,0.0503,0.0431
171,855,836,49.04839383122966,26.334688006671584,0.03526725502258281,0.030606991604938044,0.0345,0.0302
171,855,838,11.436837891153523,5.454201541540537,0.008223426845476736,0.00633904228336709,0.0079,0.0067
171,855,840,36.993055581510575,24.042081797717252,0.026599108010485612,0.02794245352599375,0.0266,0.0297
171,855,842,3.667252707773166,2.024089238924026,0.0026368638476178853,0.0023524593239038364,0.0025,0.0024
171,855,844,324.23528011622614,275.06619565008504,0.23313481682037873,0.3196904682877411,0.2442,0.3151
171,855,846,27.46396239428649,13.984885291664636,0.019747406388529298,0.016253667657257352,0.0192,0.0163
171,855,848,57.292703759106594,41.07989255820797,0.041195159241263275,0.04774432589982832,0.0404,0.0512
171,855,854,1.5523016063647572,0.8593924666826869,0.0011161510570968755,0.000998812592973964,0.0011,0.001
171,855,856,1.5340769597732071,0.8658391507529591,0.001103046993766031,0.0010063051292503963,0.0011,0.001
171,855,858,19.801584159137096,10.496279775640197,0.014237928377315759,0.01219910207004211,0.0138,0.012
171,855,860,140.43550169417787,84.39667281616676,0.1009773055875164,0.0980884320981784,0.0984,0.1015
171,855,862,11.448351659868381,5.921420140247708,0.008231705587874196,0.006882058237255685,0.0079,0.0067
171,855,864,0.8498772577094458,0.3981473955189569,0.0006110870437198357,0.00046273925816358474,0.0006,0.0005
171,855,890,346.5176311525914,191.87230457686275,0.24915649041903293,0.22299994645527568,0.2544,0.2155
172,860,802,23.05130816746317,12.008750260998221,0.01592627253018037,0.014453039384996794,0.0155,0.0139
172,860,806,22.328214961014083,11.912687747812182,0.01542668355297494,0.01433742408312739,0.0155,0.0139
172,860,808,6.338059771128262,3.2228398086229366,0.004378999512489278,0.003878824163480514,0.0045,0.0038
172,860,810,5.883461234468848,3.4083032447111217,0.004064914943663013,0.004102037261263477,0.0045,0.0038
172,860,816,1.9304395598325053,0.8424797266415393,0.001333751052633531,0.00101396002128196,0.0014,0.001
172,860,818,13.741507106328044,6.9430473970027275,0.009494081010972643,0.008356251508259653,0.0096,0.0081
172,860,820,67.58039098771238,35.6587001362973,0.04669165484003425,0.042916755389736536,0.0478,0.0417
172,860,822,56.975692767843256,29.330219371441405,0.039364811924093086,0.035300160843781354,0.0382,0.0335
172,860,824,19.527824716361987,10.379738220990136,0.013491878903139918,0.012492454423101373,0.0138,0.0115
172,860,826,16.6788489071845,7.450771145951076,0.01152350622601366,0.008967318536948009,0.0113,0.0096
172,860,828,3.8689250069489693,1.875013150074299,0.0026730610519741438,0.0022566577134528654,0.0031,0.0024
172,860,830,38.81883656290742,16.61059002791844,0.026820142523539568,0.019991548384618023,0.0274,0.0206
172,860,832,5.995137412196293,2.787236659368018,0.004142072614225356,0.003354557330081762,0.0042,0.0034
172,860,834,72.52640684002809,38.384533816461555,0.05010888373786132,0.046197411634567954,0.0503,0.0431
172,860,836,46.612477406733134,25.039783528194924,0.032204810811316535,0.0301364396510243,0.0345,0.0302
172,860,838,11.031010724176198,5.798372974839251,0.00762138451320295,0.006978587376109405,0.0079,0.0067
172,860,840,37.24074893847809,24.600665695640718,0.02572983331416282,0.029607942747464512,0.0266,0.0297
172,860,842,3.2219317278531854,2.1077599650904246,0.0022260499230084205,0.002536778359735754,0.0025,0.0024
172,860,844,349.4734409956974,256.9431611108392,0.2414530760216682,0.3092419732719001,0.2442,0.3151
172,860,846,27.281598862417944,13.76700422745827,0.018849003075461626,0.016569172477430807,0.0192,0.0163
172,860,848,57.87910217851569,46.11186388489592,0.0399889823345606,0.055497580544123425,0.0404,0.0512
172,860,854,1.5761591032657751,0.8061624173006541,0.0010889767837543942,0.0009702506018292406,0.0011,0.001
172,860,856,1.5499107577827347,0.8322443479126832,0.0010708416609842562,0.0010016413096197677,0.0011,0.001
172,860,858,19.390967736112458,10.418664020073155,0.013397323680968708,0.012539303270401207,0.0138,0.012
172,860,860,139.76801161794285,82.22046586749082,0.09656646936726744,0.09895581185455093,0.0984,0.1015
172,860,862,10.854293372939834,5.5036550698995566,0.007499289546784751,0.006623881899271296,0.0079,0.0067
172,860,864,0.8505333479026325,0.4203435577707575,0.0005876380549119515,0.0005059012689623069,0.0006,0.0005
172,860,890,385.4009813661675,175.49555818378002,0.26627560648815213,0.2112163346888795,0.2544,0.2155
173,865,802,21.614485802814507,11.392943604629497,0.015493738205264222,0.013320083169876427,0.0155,0.0139
173,865,806,20.693289305629463,11.759999857129905,0.014833404321164468,0.013749227733476468,0.0155,0.0139
173,865,808,6.19873564074107,3.391091704507201,0.004443389868140049,0.003964701758232118,0.0045,0.0038
173,865,810,6.212478717412543,3.0143274175740604,0.004453241207377319,0.0035242070264448607,0.0045,0.0038
173,865,816,2.134307170103993,0.8346019739774503,0.0015299182615255012,0.0009757765940845458,0.0014,0.001
173,865,818,14.488223921199744,6.9955755711879695,0.010385477153709828,0.008178891396558427,0.0096,0.0081
173,865,820,63.16489594802319,32.833872434328846,0.045277984889836746,0.038387788686732115,0.0478,0.0417
173,865,822,56.70959752847265,27.40889273593441,0.04065068518621168,0.032045162646861095,0.0382,0.0335
173,865,824,19.024324625763025,10.022464954625223,0.01363705377831158,0.011717785270922633,0.0138,0.0115
173,865,826,16.283410825554792,7.19875124839877,0.011672306559661925,0.008416434652494857,0.0113,0.0096
173,865,828,4.306052255460086,2.020716591237931,0.0030866728430615107,0.0023625249094624784,0.0031,0.0024
173,865,830,38.38042394440135,17.55844774001839,0.02751193094420856,0.020528494860269222,0.0274,0.0206
173,865,832,5.856159532050791,2.9453513711370296,0.0041978237884355675,0.003443563541569085,0.0042,0.0034
173,865,834,69.17065439770539,36.27706048631391,0.049583044468506574,0.04241339899549633,0.0503,0.0431
173,865,836,50.06313685322335,25.098245024871648,0.0358863561786492,0.029343664179412,0.0345,0.0302
173,865,838,12.10215056148456,5.605398815038105,0.008675087357198064,0.006553563416770941,0.0079,0.0067
173,865,840,39.3044744495606,25.653106657779347,0.0281743106439151,0.029992381785202724,0.0266,0.0297
173,865,842,3.3225623133944224,2.0324637102967684,0.0023816856493392487,0.002376259077584453,0.0025,0.0024
173,865,844,318.85004468924575,283.95835603565115,0.22855871586400134,0.33199048906371365,0.2442,0.3151
173,865,846,26.105183486717547,13.582206116367376,0.018712768947338136,0.015879663884836828,0.0192,0.0163
173,865,848,59.835433058761105,42.86422545976879,0.042891352756138146,0.05011479631167915,0.0404,0.0512
173,865,854,1.6304161811208562,0.8026840648115435,0.0011687181321992789,0.0009384597057146534,0.0011,0.001
173,865,856,1.5800215942157514,0.8602796121241778,0.0011325941853428398,0.001005797656909909,0.0011,0.001
173,865,858,19.384761056154666,9.835244343244554,0.013895422528929781,0.011498895912627883,0.0138,0.012
173,865,860,144.83369653490152,87.05638337717554,0.10381997507987195,0.10178214755503798,0.0984,0.1015
173,865,862,11.248598366895898,5.893563827617982,0.008063242395067926,0.006890472126882762,0.0079,0.0067
173,865,864,0.8353190229664673,0.42722240278059187,0.0005987750242031796,0.0004994879404791885,0.0006,0.0005
173,865,890,361.71369756219906,177.99727869540067,0.25928432378239014,0.20810588014066747,0.2544,0.2155
174,870,802,22.063609800931502,11.989290644024145,0.01545300445000094,0.014368520140515564,0.0155,0.0139
174,870,806,21.457073610966923,11.066464224690716,0.015028196065191056,0.013262562299798667,0.0155,0.0139
174,870,808,6.490428862017083,2.9963425061974136,0.0045457940469437646,0.0035909553722963125,0.0045,0.0038
174,870,810,6.2294032337841,3.1328381779347056,0.004362975812255881,0.0037545380951347174,0.0045,0.0038
174,870,816,1.9863386711099733,0.8358071215355451,0.0013912002886570024,0.0010016698915674093,0.0014,0.001
174,870,818,14.058447284304613,6.934662663344373,0.009846314832638627,0.008310820306588295,0.0096,0.0081
174,870,820,68.13619923220094,34.3952620999073,0.04772151970784486,0.04122087210114968,0.0478,0.0417
174,870,822,50.34072215178388,28.567650343117553,0.035257848123969926,0.03423679277696759,0.0382,0.0335
174,870,824,19.48952836091795,9.641683152263816,0.01365015839234836,0.011555038798798616,0.0138,0.0115
174,870,826,16.16734541096232,7.256004784724858,0.011323353831690555,0.008695931559634185,0.0113,0.0096
174,870,828,4.323593979537873,1.9885709657233415,0.003028177057544558,0.0023831953716195835,0.0031,0.0024
174,870,830,40.37234326793299,17.953475750253947,0.028276152715046417,0.02151627528008588,0.0274,0.0206
174,870,832,5.8748752898139305,2.726071299258333,0.004114670029781909,0.003267049863988259,0.0042,0.0034
174,870,834,73.08179367857109,35.457317523186845,0.05118533608590786,0.04249368841637864,0.0503,0.0431
174,870,836,50.94545866564758,24.898850874157887,0.03568139604401242,0.02983993389461705,0.0345,0.0302
174,870,838,11.136465236251993,5.240112593684617,0.007799804674111727,0.006279993168607936,0.0079,0.0067
174,870,840,38.880738954635035,24.4385919840893,0.027231456570625808,0.029288338364226094,0.0266,0.0297
174,870,842,3.632647423719803,2.0214053682018145,0.002544248983303566,0.002422545637396057,0.0025,0.0024
174,870,844,358.101261035674,274.95123749822153,0.25080847740978407,0.32951427327537547,0.2442,0.3151
174,870,846,27.22523207828624,13.612923845655637,0.019068123314993708,0.016314357225554445,0.0192,0.0163
174,870,848,55.54818962331559,40.41914462123815,0.038905076240169534,0.048440171382628315,0.0404,0.0512
174,870,854,1.4509097115394947,0.8853959029023115,0.0010161942869395199,0.0010610993795135662,0.0011,0.001
174,870,856,1.6020963380372812,0.815763506454692,0.0011220830165322765,0.0009776486966920038,0.0011,0.001
174,870,858,19.59720126698554,10.452652651299125,0.013725570798188527,0.01252694213538514,0.0138,0.012
174,870,860,142.14732238956395,87.05126112391454,0.0995577435089027,0.10432625547698139,0.0984,0.1015
174,870,862,11.21698718930408,5.2358172296981085,0.007856200980521394,0.006274845405843359,0.0079,0.0067
174,870,864,0.8217388250174609,0.419675578582281,0.0005755329175191114,0.0005029586138482375,0.0006,0.0005
174,870,890,355.40975613927264,169.0294670313463,0.24892338981457407,0.20257272706880752,0.2544,0.2155
175,875,802,20.564257536805933,11.998913634160731,0.014458229709627513,0.01443951055300796,0.0155,0.0139
175,875,806,21.99800005495345,11.870781497280241,0.015466259230495705,0.01428531614849138,0.0155,0.0139
175,875,808,5.791403818680267,3.257176773752777,0.004071795278863195,0.003919691384703038,0.0045,0.0038
175,875,810,6.917673170359597,3.138988014269918,0.004863647888778634,0.0037774628553684303,0.0045,0.0038
175,875,816,1.8410404820097344,0.9149781344196185,0.001294390820868628,0.0011010860508329449,0.0014,0.001
175,875,818,12.922048696311913,7.122713057912005,0.009085178399262988,0.008571483511053855,0.0096,0.0081
175,875,820,69.09592736438435,35.63939380967277,0.04857966732064051,0.04288849963487311,0.0478,0.0417
175,875,822,55.73537526585904,29.372280124958586,0.039186187836045015,0.035346645684887525,0.0382,0.0335
175,875,824,19.939937367948644,9.635246548933523,0.014019285371494402,0.011595070059347961,0.0138,0.0115
175,875,826,15.785076088805809,8.639444556219559,0.011098103379975036,0.01039672045696703,0.0113,0.0096
175,875,828,4.702285248584135,1.934772742307031,0.003306062480619085,0.002328308402077152,0.0031,0.0024
175,875,830,39.46837538733923,17.135055384292535,0.027749255551513207,0.02062035119108297,0.0274,0.0206
175,875,832,5.650113583025831,2.939374678896757,0.0039724575478917255,0.0035372478700354286,0.0042,0.0034
175,875,834,69.28279530077401,34.351195336156486,0.04871104962534323,0.04133827967164657,0.0503,0.0431
175,875,836,49.59091268852095,25.17565869194382,0.034866165524208,0.03029642519688627,0.0345,0.0302
175,875,838,11.446106247880113,5.640603939255795,0.008047479132979072,0.006787911188421452,0.0079,0.0067
175,875,840,37.95271972225249,25.43484563707305,0.0266836348877328,0.030608331153000535,0.0266,0.0297
175,875,842,3.5050122858950035,2.154885772397832,0.002464288957373546,0.0025931927505903406,0.0025,0.0024
175,875,844,340.4947025858903,264.1365700243246,0.2393935504886087,0.3178623420909666,0.2442,0.3151
175,875,846,27.540495766049744,14.188372320801562,0.019363053268025645,0.017074308400132937,0.0192,0.0163
175,875,848,59.36747058492986,43.93486368457366,0.041739825785598976,0.05287128044761036,0.0404,0.0512
175,875,854,1.5223396923452128,0.8545503243529762,0.0010703200409067353,0.0010283671341246596,0.0011,0.001
175,875,856,1.4468578919101045,0.8765421471628777,0.0010172506214232557,0.0010548321264752497,0.0011,0.001
175,875,858,19.116123996112208,10.574045670016169,0.01344008221054605,0.012724822321038911,0.0138,0.012
175,875,860,135.5421951698657,83.51914155742648,0.09529642339897802,0.10050705944438426,0.0984,0.1015
175,875,862,11.542115881047373,5.520730877853308,0.008114981172777242,0.006643655767646131,0.0079,0.0067
175,875,864,0.919802319232883,0.39445489507307097,0.0006466906570837827,0.00047468760870797335,0.0006,0.0005
175,875,890,372.64079013613053,170.62228399945903,0.26199468341233884,0.20532711089563857,0.2544,0.2155
176,880,802,21.18784890877118,11.72344854894814,0.015001474823521202,0.01370169742427042,0.0155,0.0139
176,880,806,20.266181967934102,11.720766038240779,0.01434891384537889,0.01369856225888831,0.0155,0.0139
176,880,808,6.369625932844589,2.8285303750928,0.004509838798560586,0.0033058248341403715,0.0045,0.0038
176,880,810,6.411219148253513,2.9379377974601497,0.004539287733016975,0.003433693983818286,0.0045,0.0038
176,880,816,1.9943919195827635,0.8110841662040649,0.0014120744535548102,0.0009479488722575464,0.0014,0.001
176,880,818,13.657868364837558,6.38352081540801,0.009670078793758969,0.007460694722125953,0.0096,0.0081
176,880,820,67.49416145908161,37.899663886837594,0.047787388338602695,0.04429496362702845,0.0478,0.0417
176,880,822,55.36915344967257,29.716385543821485,0.03920260924322015,0.034730815046818075,0.0382,0.0335
176,880,824,19.954846544826616,9.24888592373997,0.014128481345056319,0.01080956988974452,0.0138,0.0115
176,880,826,17.005302175305605,8.081171723934093,0.012040137417801348,0.009444812192641842,0.0113,0.0096
176,880,828,4.3062746432683054,2.126247548789032,0.0030489395559836385,0.0024850367569718116,0.0031,0.0024
176,880,830,38.04409208007326,16.884604160401537,0.02693607510513633,0.019733761475428366,0.0274,0.0206
176,880,832,5.9017010657970035,2.8998046864456346,0.004178537440761685,0.0033891261805148905,0.0042,0.0034
176,880,834,71.99766165245475,35.84857842860795,0.0509759680315909,0.04189777203083169,0.0503,0.0431
176,880,836,50.73926009117625,25.213514823081848,0.035924540339098504,0.029468116797358314,0.0345,0.0302
176,880,838,11.559679655386379,5.840930176841258,0.00818451387231014,0.006826545757864891,0.0079,0.0067
176,880,840,34.67303522226094,24.336917341217518,0.02454929083086321,0.028443599701622,0.0266,0.0297
176,880,842,3.7174493340524086,1.9728285386181523,0.002632037958766866,0.0023057293758956977,0.0025,0.0024
176,880,844,355.29879272576227,269.90731301553984,0.2515595574072895,0.31545225963981255,0.2442,0.3151
176,880,846,28.07999248871053,13.827923845164648,0.01988126789924735,0.01616128801531691,0.0192,0.0163
176,880,848,61.99430571220136,42.99178285634532,0.04389336644543792,0.05024634159207633,0.0404,0.0512
176,880,854,1.6335064387765255,0.7995963942819468,0.0011565593950040598,0.0009345226202209804,0.0011,0.001
176,880,856,1.736289285217992,0.7338256321488363,0.0012293319680868895,0.0008576535080012319,0.0011,0.001
176,880,858,18.7322630162515,9.761875058311094,0.013262864636982721,0.011409122305954214,0.0138,0.012
176,880,860,136.79794740588903,82.61229184617189,0.09685603162241166,0.0965525307400551,0.0984,0.1015
176,880,862,11.99308500076254,5.323529863332016,0.008491374630333974,0.006221837807526989,0.0079,0.0067
176,880,864,0.8341044822836282,0.4493605157697303,0.0005905647829112131,0.0005251869188305829,0.0006,0.0005
176,880,890,344.634352565085,192.73784092526552,0.24400889328531156,0.22526098592398358,0.2544,0.2155
177,885,802,23.01111941356148,11.020074407177464,0.016043242237782033,0.013029132583595211,0.0155,0.0139
177,885,806,21.796678860958735,11.333110192245943,0.015196540101365794,0.013399237593449827,0.0155,0.0139
177,885,808,6.665127365279877,3.1342998206806474,0.004646894874824569,0.0037057107249465794,0.0045,0.0038
177,885,810,6.848075737538103,3.077346377743706,0.00477444560368728,0.003638374159720275,0.0045,0.0038
177,885,816,2.041597856409028,0.7913005787876742,0.0014233922467588981,0.000935561755171569,0.0014,0.001
177,885,818,12.408850006501668,6.535271940799323,0.008651390789327865,0.007726710495808066,0.0096,0.0081
177,885,820,63.36117804584085,37.46485980315635,0.04417510984978774,0.044295038995671825,0.0478,0.0417
177,885,822,52.60029286243168,27.55330208947697,0.03667267224179163,0.0325765156182457,0.0382,0.0335
177,885,824,19.085218038996324,9.656175130737653,0.01330612260349467,0.011416582264349648,0.0138,0.0115
177,885,826,15.357793885258133,7.750940557501412,0.010707380336912944,0.009164006379619083,0.0113,0.0096
177,885,828,4.354763217065547,2.0369398342756195,0.003036120056740537,0.002408292193408247,0.0031,0.0024
177,885,830,38.35263244211148,17.35067354099658,0.026739271639379187,0.02051385658821726,0.0274,0.0206
177,885,832,5.810596930625959,2.907776878877131,0.004051120348765208,0.0034378906238353053,0.0042,0.0034
177,885,834,73.36160520255959,37.42825065219477,0.05114735976397394,0.04425175566889677,0.0503,0.0431
177,885,836,49.14941561180873,24.89397242444041,0.0342667371514732,0.029432366358538145,0.0345,0.0302
177,885,838,10.913405854126509,5.969237243991828,0.007608774289085383,0.0070574826086699715,0.0079,0.0067
177,885,840,38.29139180096064,24.38864313756249,0.026696574957695767,0.02883491102077583,0.0266,0.0297
177,885,842,3.614545782884578,2.0076852486237953,0.0025200440070809967,0.002373704235010479,0.0025,0.0024
177,885,844,344.6609600581732,271.6581406765228,0.24029597051506418,0.3211838506264612,0.2442,0.3151
177,885,846,28.96767214914874,13.705543084833877,0.020196122274675432,0.01620418623182545,0.0192,0.0163
177,885,848,59.69052742349515,45.76080789814577,0.04161594981736222,0.05410341266380623,0.0404,0.0512
177,885,854,1.5539091011825517,0.8719457060922529,0.0010833779825189043,0.0010309092108283036,0.0011,0.001
177,885,856,1.4569264508114081,0.8374416783718406,0.0010157621432021343,0.0009901147900987577,0.0011,0.001
177,885,858,20.046913318994037,9.901192531856521,0.013976611946435635,0.011706268530205208,0.0138,0.012
177,885,860,134.92508782536603,86.31129948064886,0.09406912497532155,0.10204662172365464,0.0984,0.1015
177,885,862,11.058178396017546,6.113859530967774,0.007709709011868514,0.007228470832699121,0.0079,0.0067
177,885,864,0.8596436793164247,0.4524375714377609,0.0005993394557469329,0.0005349209893014007,0.0006,0.0005
177,885,890,384.07440963234905,174.89008673555315,0.267774838777877,0.20677411453318992,0.2544,0.2155
178,890,802,22.68120491466542,11.52428721003828,0.016163505196355746,0.013558972304731246,0.0155,0.0139
178,890,806,24.176119771722405,11.3200366454931,0.01722883943018767,0.013318660023596714,0.0155,0.0139
178,890,808,6.485965682797485,3.214590765388282,0.004622150384501682,0.003782146901109709,0.0045,0.0038
178,890,810,6.020927055266163,3.208193298872723,0.004290745844888863,0.0037746199218073057,0.0045,0.0038
178,890,816,1.9702570502863805,0.7728077168329223,0.0014040814934778447,0.0009092517600822077,0.0014,0.001
178,890,818,13.40747175191411,7.144012437307456,0.009554683719290996,0.008405332582975916,0.0096,0.0081
178,890,820,62.26587638875162,35.78839231431951,0.04437307543191771,0.04210705715473946,0.0478,0.0417
178,890,822,53.67070983643692,27.38135778300131,0.03824782680625707,0.03221570801552584,0.0382,0.0335
178,890,824,18.445457905045537,10.355784281737362,0.013144947802336044,0.012184162864974419,0.0138,0.0115
178,890,826,17.59508872250195,7.861724176875227,0.012538941783141855,0.009249760825887398,0.0113,0.0096
178,890,828,4.338864358888636,1.925409179103516,0.0030920428114395767,0.0022653522303747913,0.0031,0.0024
178,890,830,38.93127983114798,17.11770738380978,0.027743938041169213,0.020139945847184367,0.0274,0.0206
178,890,832,5.9725660138637515,2.9675377990870797,0.004256281893482842,0.0034914751860762746,0.0042,0.0034
178,890,834,70.36110096170414,35.66734443055032,0.0501420460374423,0.041964637508850815,0.0503,0.0431
178,890,836,47.450436479918,24.16965407792078,0.03381501906526101,0.028436957903305665,0.0345,0.0302
178,890,838,10.497061015333534,5.406062183404765,0.007480612291373488,0.006360536325282773,0.0079,0.0067
178,890,840,39.33791411533538,24.689067364503863,0.02803372138337735,0.02904807685922295,0.0266,0.0297
178,890,842,3.318873193137514,2.00714756350229,0.002365157596571863,0.0023615220385457534,0.0025,0.0024
178,890,844,366.42906206249893,277.8695752531499,0.261131543541294,0.3269291893300861,0.2442,0.3151
178,890,846,27.77978026799036,13.746587911220868,0.019796947490428627,0.016173634115127018,0.0192,0.0163
178,890,848,59.4680795069799,40.626303881713085,0.042379256999122504,0.047799132313877266,0.0404,0.0512
178,890,854,1.5302811207461653,0.8559608730845745,0.001090537603276647,0.0010070861269387585,0.0011,0.001
178,890,856,1.47060932822387,0.8539875306851188,0.0010480131724918283,0.0010047643785777262,0.0011,0.001
178,890,858,19.582610985537023,9.831433596890506,0.013955327136005903,0.011567234782202193,0.0138,0.012
178,890,860,138.4641861152418,86.07424449777328,0.09867494254398144,0.1012711915301265,0.0984,0.1015
178,890,862,11.58160816372681,5.382690231325357,0.008253502600098345,0.006333037908662597,0.0079,0.0067
178,890,864,0.8348943024606066,0.39243309966935847,0.0005949780202155053,0.00046171962160417154,0.0006,0.0005
178,890,890,329.1672513757489,181.78377030376305,0.2345773338806123,0.21387883363852422,0.2544,0.2155
179,895,802,20.955659975542495,11.54014809385724,0.014872846380612467,0.013755087167979093,0.0155,0.0139
179,895,806,22.040320875239985,11.169457461370992,0.01564266202732011,0.013313248647300512,0.0155,0.0139
179,895,808,6.934706798922226,3.366510843341891,0.004921764765955031,0.004012656486337754,0.0045,0.0038
179,895,810,7.130153696349652,3.2207474352699768,0.005060479160271317,0.0038389162216874127,0.0045,0.0038
179,895,816,1.9714286583041574,0.8786415578900899,0.0013991807282383447,0.001047282159630199,0.0014,0.001
179,895,818,14.858428907597071,6.9187866656717985,0.010545462698758163,0.008246732443028587,0.0096,0.0081
179,895,820,67.91843386833231,32.66616040138028,0.048203704131219716,0.03893588540716791,0.0478,0.0417
179,895,822,51.98176618548725,26.974194351656898,0.03689298375579571,0.03215144134853421,0.0382,0.0335
179,895,824,18.979202103174735,9.050432178584972,0.013470096271678384,0.010787511781636868,0.0138,0.0115
179,895,826,14.801248276469062,8.316390536951623,0.010504879928103079,0.009912583081981128,0.0113,0.0096
179,895,828,4.4171230491645,1.9885162178667164,0.0031349617540635554,0.0023701787610729387,0.0031,0.0024
179,895,830,37.31498942391672,17.33407432178858,0.02648354220500875,0.020661060961543982,0.0274,0.0206
179,895,832,5.948296805210297,2.894042073955115,0.004221680668298323,0.003449505211830088,0.0042,0.0034
179,895,834,68.44917915102843,35.96404865070093,0.04858038962172619,0.042866748336371205,0.0503,0.0431
179,895,836,47.52060434054119,25.279443512711143,0.03372676637698873,0.03013141133435154,0.0345,0.0302
179,895,838,9.317307876751634,5.539070012245109,0.006612766617397369,0.00660220217524992,0.0079,0.0067
179,895,840,39.396650799689276,23.92748335687442,0.027960958325257575,0.02851996496122679,0.0266,0.0297
179,895,842,3.678948452834703,1.7513594557471754,0.0026110575970913065,0.0020875037114202943,0.0025,0.0024
179,895,844,335.86041653702404,269.9867230150149,0.23836998626211767,0.32180617432850234,0.2442,0.3151
179,895,846,27.362978756345676,13.366009285466191,0.019420308405178548,0.015931391981656468,0.0192,0.0163
179,895,848,57.89382713745225,45.537810981864034,0.041088946776479174,0.05427803477044738,0.0404,0.0512
179,895,854,1.4976008618722956,0.8399806239639676,0.0010628912467607868,0.0010012009038417782,0.0011,0.001
179,895,856,1.468709933604533,0.7768791453303748,0.0010423865077823333,0.0009259881481670523,0.0011,0.001
179,895,858,19.544530445101653,10.016592805384088,0.013871326373421707,0.011939110836675437,0.0138,0.012
179,895,860,134.62992664518174,87.05611498733911,0.09555080677792288,0.103765085197985,0.0984,0.1015
179,895,862,10.904107159992407,5.447217034320105,0.0077389645994246576,0.006492719549228041,0.0079,0.0067
179,895,864,0.8566376982913367,0.40050422685263587,0.0006079808942022441,0.0004773743375472344,0.0006,0.0005
179,895,890,375.3546743444056,176.7657587140935,0.266400219142926,0.21069299974759878,0.2544,0.2155
180,900,802,21.120511701754218,11.753081707378954,0.014907670823160477,0.014031460652840496,0.0155,0.0139
180,900,806,21.542705668769198,11.293455399747678,0.015205671590029248,0.013482734062563362,0.0155,0.0139
180,900,808,6.8498288250164086,3.0804407898114996,0.004834873073167981,0.0036775957839643154,0.0045,0.0038
180,900,810,6.52884786843395,3.1158849790537264,0.004608312348276216,0.0037199109621538703,0.0045,0.0038
180,900,816,1.9896884816990459,0.9189662879623752,0.001404398782788,0.0010971113476336528,0.0014,0.001
180,900,818,14.039202585053348,6.853832116343341,0.00990941004238338,0.008182473163720796,0.0096,0.0081
180,900,820,67.22830375647358,34.77109309134101,0.04745232675009997,0.041511599826715505,0.0478,0.0417
180,900,822,54.688193334732496,27.90164388517582,0.03860103370884884,0.033310482141770154,0.0382,0.0335
180,900,824,18.684233188299242,10.085627190180393,0.013188051591155367,0.012040763827021315,0.0138,0.0115
180,900,826,16.57820227604384,8.575887849665758,0.011701533838808665,0.010238355856082378,0.0113,0.0096
180,900,828,4.29903088801659,2.0412518072382024,0.0030344216201839257,0.0024369561217140357,0.0031,0.0024
180,900,830,38.521650906279866,16.965043313416743,0.027190065249594518,0.02025378055327311,0.0274,0.0206
180,900,832,5.8490992462121,2.8190580018515226,0.004128519583513866,0.0033655429627635963,0.0042,0.0034
180,900,834,73.94217425621434,36.557673175319536,0.05219123519951742,0.04364451515697774,0.0503,0.0431
180,900,836,47.42813505555511,25.750189269525954,0.033476604882915234,0.030741959984138072,0.0345,0.0302
180,900,838,11.579310534132215,5.569298922328465,0.008173123465927207,0.0066489283949669725,0.0079,0.0067
180,900,840,39.07285559679882,26.488005972666407,0.027579126755228212,0.03162280522089194,0.0266,0.0297
180,900,842,3.2584836433871174,2.1680071821726083,0.002299963288021717,0.002588283501222639,0.0025,0.0024
180,900,844,339.8683457541451,263.3446765307132,0.23989217180254505,0.31439502922504176,0.2442,0.3151
180,900,846,26.215167416595815,13.311256586751517,0.01850367509742641,0.015891693573405835,0.0192,0.0163
180,900,848,53.463552854472326,42.20413448477548,0.0377366352788184,0.05038556415706045,0.0404,0.0512
180,900,854,1.6618301003049856,0.8082563213166649,0.0011729837065126037,0.0009649398389568025,0.0011,0.001
180,900,856,1.521829885992803,0.7880127933207071,0.0010741661617670098,0.0009407720271758613,0.0011,0.001
180,900,858,19.801327124060215,9.901169356006104,0.013976539526866233,0.011820548150251218,0.0138,0.012
180,900,860,148.32004494347126,84.56941205886326,0.10469000172519438,0.10096350959534207,0.0984,0.1015
180,900,862,11.292638663079282,5.920482537331808,0.007970779415353771,0.007068190270152268,0.0079,0.0067
180,900,864,0.8311525179376382,0.3910161729105341,0.0005866594671674629,0.0004668161237553399,0.0006,0.0005
180,900,890,360.57828564551534,179.6766796494564,0.2545100452247285,0.21450767751844452,0.2544,0.2155
181,905,802,22.85037661868576,11.34526653412569,0.016287218794416938,0.01348839043634884,0.0155,0.0139
181,905,806,20.503709821101403,11.857136882719114,0.014614569095567097,0.014096953231577182,0.0155,0.0139
181,905,808,5.963713938930794,3.1315428813391266,0.004250797060003401,0.003723092174574998,0.0045,0.0038
181,905,810,5.8706710107548075,3.0570647046823978,0.004184478217484355,0.003634545050299725,0.0045,0.0038
181,905,816,2.150962473191411,0.8450989375145309,0.0015331561927430335,0.001004738354295351,0.0014,0.001
181,905,818,13.796940216531462,6.418914143440587,0.009834139180724915,0.0076314487529843275,0.0096,0.0081
181,905,820,67.16753232622028,34.19893084699946,0.04787546013502608,0.04065911808968986,0.0478,0.0417
181,905,822,49.75505092363642,25.112010748437456,0.035464247003173965,0.029855676338485966,0.0382,0.0335
181,905,824,19.14279750707964,9.595317671114287,0.013644542343344421,0.01140787576206212,0.0138,0.0115
181,905,826,17.09163201760785,7.479045858346082,0.01218251912735658,0.008891839634202469,0.0113,0.0096
181,905,828,4.105354190387083,2.1027979814077056,0.002926201307016206,0.0025000170861282575,0.0031,0.0024
181,905,830,37.82840613134323,16.575219627806746,0.026963211048408816,0.01970628307722869,0.0274,0.0206
181,905,832,6.3193959527865955,2.751374474149702,0.004504318954962937,0.0032711098529334924,0.0042,0.0034
181,905,834,70.77576724541699,35.075204270262915,0.05044732634849386,0.04170091979848368,0.0503,0.0431
181,905,836,49.01855451998876,24.271919704443125,0.034939289438242566,0.02885689187014481,0.0345,0.0302
181,905,838,10.758092847906386,5.434498920514685,0.007668119215208851,0.006461077229462142,0.0079,0.0067
181,905,840,38.071211085325544,25.966064626785137,0.02713627679151978,0.030871061224348347,0.0266,0.0297
181,905,842,3.4979844211609095,1.8214715377941366,0.0024932822140148335,0.0021655480015884358,0.0025,0.0024
181,905,844,356.27924159220163,280.84205704140743,0.25394758504662523,0.3338931972137913,0.2442,0.3151
181,905,846,28.079821251109486,13.355031914282367,0.020014645712707845,0.015877801037807168,0.0192,0.0163
181,905,848,56.35231178547893,44.447547976959335,0.04016662162455352,0.05284370175422911,0.0404,0.0512
181,905,854,1.5017076796076363,0.8583653219953772,0.0010703824252517936,0.0010205107623756837,0.0011,0.001
181,905,856,1.6144548478885201,0.8394011739706342,0.0011507459933839724,0.000997964281684284,0.0011,0.001
181,905,858,19.207382966922587,10.258053164348048,0.013690577362064417,0.012195802168363343,0.0138,0.012
181,905,860,146.4171892615455,88.35383222522383,0.10436277863430259,0.10504389491571517,0.0984,0.1015
181,905,862,9.865127676144146,5.793989003806006,0.0070316343392268724,0.0068884750862549865,0.0079,0.0067
181,905,864,0.8423194166257688,0.38067056373730274,0.0006003857556619381,0.00045257933569644866,0.0006,0.0005
181,905,890,338.1359826709756,168.94561527659573,0.24101549063851296,0.20085948747924393,0.2544,0.2155
182,910,802,21.987372357686347,11.839136376941712,0.01578533126611544,0.01423667870087561,0.0155,0.0139
182,910,806,22.960947529976334,11.133798695137465,0.016484287301291256,0.013388503155653833,0.0155,0.0139
182,910,808,6.334881892532309,3.0729074657429987,0.004547983614348597,0.003695201649379597,0.0045,0.0038
182,910,810,6.950358290657703,3.120566549305897,0.004989850822163839,0.0037525121691895256,0.0045,0.0038
182,910,816,2.037038605654713,0.8241125124608556,0.0014624452921899362,0.0009910034549587073,0.0014,0.001
182,910,818,13.495034313434685,7.043773552009224,0.009688451335600017,0.008470207429740327,0.0096,0.0081
182,910,820,68.32525899742612,35.989277844588536,0.04905255751219725,0.043277462902433686,0.0478,0.0417
182,910,822,55.09516351190127,25.90786069800754,0.03955431295054815,0.031154458977509944,0.0382,0.0335
182,910,824,18.527081919196693,9.663245903812843,0.013301094861694136,0.01162014886559433,0.0138,0.0115
182,910,826,16.575343884176235,7.9393890966858685,0.011899889163883457,0.009547193988819463,0.0113,0.0096
182,910,828,4.607934800578203,1.9675334602036445,0.003308161434504512,0.002365978464501577,0.0031,0.0024
182,910,830,38.765545296798805,17.494664797498643,0.02783083691251788,0.021037507616399803,0.0274,0.0206
182,910,832,5.856387062249171,3.0260132074194646,0.004204459191226588,0.0036388108394917835,0.0042,0.0034
182,910,834,75.93515718904897,35.85478354993578,0.054515909926574596,0.043115732181618495,0.0503,0.0431
182,910,836,51.350733298049505,24.450542384818174,0.03686608489096199,0.02940201927842959,0.0345,0.0302
182,910,838,10.800510474533596,6.0211141550064715,0.007753979552907452,0.007240449380503265,0.0079,0.0067
182,910,840,36.45460335571567,24.128867617538198,0.026171748983168066,0.029015202186191063,0.0266,0.0297
182,910,842,3.433761463063437,1.9690576681032026,0.0024651905330710993,0.0023678113395904734,0.0025,0.0024
182,910,844,326.5223169990007,270.8087560768788,0.23441923190093944,0.32565021019263324,0.2442,0.3151
182,910,846,26.215925285954278,13.085376038196308,0.01882112415956128,0.01573529423132302,0.0192,0.0163
182,910,848,56.923175615903546,44.78149099375806,0.04086669244504728,0.05385018625733389,0.0404,0.0512
182,910,854,1.5833487699857363,0.8400004170704777,0.0011367290478111163,0.0010101088175422388,0.0011,0.001
182,910,856,1.4620491002667169,0.7599529016522776,0.001049644723325396,0.0009138508877804157,0.0011,0.001
182,910,858,20.15165376018164,10.11850531327621,0.014467419070807085,0.012167602812548067,0.0138,0.012
182,910,860,137.8076582720582,85.51203246869855,0.09893585742962217,0.10282906561383705,0.0984,0.1015
182,910,862,11.834143787689738,5.946623094492207,0.008496052957152061,0.007150873142772398,0.0079,0.0067
182,910,864,0.8637772285254236,0.43081367553986544,0.0006201291118642642,0.000518057709897646,0.0006,0.0005
182,910,890,350.0418510296606,167.86378869003977,0.25130454360890514,0.2018578677534512,0.2544,0.2155
183,915,802,21.40049273713203,11.308833484724719,0.01543363929848671,0.01367412367067911,0.0155,0.0139
183,915,806,22.381436315385987,12.050612182846146,0.016141077652589174,0.014571048509840331,0.0155,0.0139
183,915,808,6.809221436981316,3.143283851162781,0.004910684480621761,0.003800714916432837,0.0045,0.0038
183,915,810,6.3612981328843246,3.156138428365962,0.00458765048352017,0.0038162580826354357,0.0045,0.0038
183,915,816,2.0819817908345586,0.8604722884993782,0.0015014867358640173,0.0010404436942170773,0.0014,0.001
183,915,818,15.293226336629537,6.995111212440855,0.011029191798940277,0.008458168204375035,0.0096,0.0081
183,915,820,66.5101299145746,31.693800681556635,0.04796587477707767,0.038322692671958536,0.0478,0.0417
183,915,822,55.5617657058072,29.40621228436149,0.04007011713345143,0.0355566455201361,0.0382,0.0335
183,915,824,19.038993473190978,9.406368974662637,0.013730569734108427,0.01137375069014087,0.0138,0.0115
183,915,826,16.302257177254695,8.549281758071944,0.011756886166847834,0.010337400069889027,0.0113,0.0096
183,915,828,4.204448766994469,2.0382821482925797,0.003032170638116625,0.0024645974502266435,0.0031,0.0024
183,915,830,36.49964038825235,17.021971802339337,0.026322865141293818,0.020582188946225037,0.0274,0.0206
183,915,832,5.968115610126453,2.9424981686366714,0.0043040945248209094,0.0035579340621676924,0.0042,0.0034
183,915,834,72.70242978600452,33.619508253490835,0.052431646842124174,0.040651170098720504,0.0503,0.0431
183,915,836,47.53498515421365,25.001981171171177,0.03428135155300036,0.03023125090738811,0.0345,0.0302
183,915,838,11.757990248134586,5.617725947844454,0.008479644959294185,0.0067926970065098615,0.0079,0.0067
183,915,840,39.24497835019281,26.07138158983009,0.028302752070883733,0.03152432093074375,0.0266,0.0297
183,915,842,3.5591181819418485,2.1073417190858987,0.0025667701634489422,0.0025481011213123843,0.0025,0.0024
183,915,844,327.3550593017596,254.55187845186796,0.23608241033777064,0.3077924766737556,0.2442,0.3151
183,915,846,28.385023315490866,13.265194855339523,0.020470753487385862,0.01603966626731036,0.0192,0.0163
183,915,848,57.006980438263135,44.03514158979866,0.041112379251598025,0.05324527704542724,0.0404,0.0512
183,915,854,1.643334975251421,0.8488685575484112,0.0011851427705966441,0.0010264129940322057,0.0011,0.001
183,915,856,1.576938622587483,0.8846287083833129,0.0011372589498670257,0.00106965253113027,0.0011,0.001
183,915,858,19.77527347086275,10.061462523239243,0.014261561241936654,0.01216585981538356,0.0138,0.012
183,915,860,137.94636335021062,84.57894121667094,0.09948436424508493,0.1022689832416442,0.0984,0.1015
183,915,862,10.86651567049141,5.644152985174475,0.007836729992610132,0.0068246513700778175,0.0079,0.0067
183,915,864,0.8814012300109206,0.41235881977222555,0.000635650254801287,0.0004986054048701865,0.0006,0.0005
183,915,890,347.9641086531289,181.75093420057044,0.25094527531385863,0.2197649081027705,0.2544,0.2155
184,920,802,22.475615337757596,11.83663649241262,0.015188304947475906,0.014236494392082664,0.0155,0.0139
184,920,806,22.869297740753957,12.058568907959108,0.01545434297577046,0.01450342322709202,0.0155,0.0139
184,920,808,6.859478270252176,2.946402197750075,0.00463541692556699,0.003543780227767997,0.0045,0.0038
184,920,810,6.6228133966751805,3.1006728680628948,0.004475486342300394,0.003729329013876206,0.0045,0.0038
184,920,816,2.0129414447272533,0.7890167131848614,0.0013602817117344625,0.0009489885086625843,0.0014,0.001
184,920,818,15.404248867783362,7.073230165596468,0.010409700725641931,0.008507315541114427,0.0096,0.0081
184,920,820,63.774008924865115,34.239269810302915,0.043096443888977015,0.041181223479815426,0.0478,0.0417
184,920,822,53.35448129598423,29.14410302837121,0.03605525900225068,0.03505302030620326,0.0382,0.0335
184,920,824,19.808124861461934,9.556741648502063,0.013385699849033764,0.011494354749568806,0.0138,0.0115
184,920,826,16.30181988991665,7.654237650985283,0.011016250632788464,0.009206121305133456,0.0113,0.0096
184,920,828,4.417860919589967,2.048589237956884,0.002985449690872105,0.0024639372186979727,0.0031,0.0024
184,920,830,39.58130824336121,17.75394922754574,0.026747787359142055,0.021353532211392367,0.0274,0.0206
184,920,832,5.708192155787105,2.7242569415656126,0.0038574144404063438,0.003276595399043629,0.0042,0.0034
184,920,834,68.23140279640768,35.74426899642694,0.04610860868956722,0.04299135868900917,0.0503,0.0431
184,920,836,47.291139089787244,25.934395004322546,0.03195784547008755,0.031192549444072588,0.0345,0.0302
184,920,838,11.118216384645448,5.4030597875604425,0.007513336493098484,0.006498520962014702,0.0079,0.0067
184,920,840,37.993569690834406,24.340745649023617,0.025674844218309362,0.029275790394810364,0.0266,0.0297
184,920,842,3.7312427045467453,2.1568329482897135,0.0025214549714461716,0.0025941271570406217,0.0025,0.0024
184,920,844,381.8057578492344,267.62298140147584,0.2580121698013934,0.321883085313704,0.2442,0.3151
184,920,846,26.826053376955457,13.871438947576127,0.018128192403346056,0.016683849581244747,0.0192,0.0163
184,920,848,57.24927506093262,42.1928517216988,0.0386872365708553,0.05074738058459259,0.0404,0.0512
184,920,854,1.5994410917111261,0.8107746628262565,0.001080851344061847,0.000975157845555839,0.0011,0.001
184,920,856,1.4919945683134903,0.8623994735777389,0.0010082424059578096,0.0010372494988077506,0.0011,0.001
184,920,858,18.986014445626836,9.841986863746943,0.012830143816037273,0.011837432946639841,0.0138,0.012
184,920,860,141.36043707362452,82.99702938204453,0.09552688073353091,0.09982453580579279,0.0984,0.1015
184,920,862,12.182082103632544,6.098719446028247,0.00823226305952698,0.007335224432035382,0.0079,0.0067
184,920,864,0.8653489899819888,0.38707476816734154,0.0005847752841612755,0.0004655535185070004,0.0006,0.0005
184,920,890,389.87531019942196,172.23892034345712,0.26346531624665986,0.20716006824572183,0.2544,0.2155
185,925,802,21.711094429401903,11.358130526758206,0.01510904497717167,0.013633067685867993,0.0155,0.0139
185,925,806,22.735053288379518,11.574008000574171,0.015821631830191606,0.01389218358574727,0.0155,0.0139
185,925,808,6.9608875408578115,2.9198928637635726,0.0048441760169135725,0.0035047226260863642,0.0045,0.0038
185,925,810,6.471187281050237,3.2891902486826106,0.004503386966650614,0.003947987143337185,0.0045,0.0038
185,925,816,1.9993568195876552,0.7679420319948107,0.0013913795184666315,0.0009217543042267183,0.0014,0.001
185,925,818,13.92505192180638,7.207635754445044,0.009690632431274417,0.008651264031870316,0.0096,0.0081
185,925,820,66.54132218994518,35.51087655600049,0.04630700829373386,0.04262340378391776,0.0478,0.0417
185,925,822,53.04422155293866,25.800630840182013,0.03691419296380847,0.03096827825262608,0.0382,0.0335
185,925,824,19.989201934881656,9.864026418200178,0.013910756644441248,0.011839707203373278,0.0138,0.0115
185,925,826,15.252234733582998,7.154912896207595,0.010614236944223627,0.008587981232535492,0.0113,0.0096
185,925,828,4.356843666046628,1.9511457266072791,0.003031986578237983,0.002341943658171819,0.0031,0.0024
185,925,830,38.31475453200686,17.229353763145127,0.026663757158617414,0.020680247113145568,0.0274,0.0206
185,925,832,5.652339871777892,2.8735412670660687,0.003933539952426321,0.003449087197911241,0.0042,0.0034
185,925,834,68.99833822580808,38.161568588938394,0.04801687906584985,0.04580500693720954,0.0503,0.0431
185,925,836,47.635579933420516,25.801975605261955,0.03315024592924374,0.030969892362739823,0.0345,0.0302
185,925,838,11.470378159501248,5.730479953957308,0.007982391679084332,0.006878246459728575,0.0079,0.0067
185,925,840,38.65126742589917,24.312761529187455,0.026897941043992245,0.02918240134473814,0.0266,0.0297
185,925,842,3.3623033255500925,1.9848406032403747,0.002339872471091716,0.002382387332658898,0.0025,0.0024
185,925,844,361.68124718442965,272.17530467782103,0.25169888366883364,0.3266897085178628,0.2442,0.3151
185,925,846,27.581395927583888,13.994402774068066,0.01919426738058384,0.016797362892837113,0.0192,0.0163
185,925,848,56.1815280617465,43.33664245745365,0.03909748709957337,0.05201660418577293,0.0404,0.0512
185,925,854,1.4226832468814765,0.8018673959400541,0.000990064560554399,0.0009624746306786467,0.0011,0.001
185,925,856,1.664005168721848,0.8587482304907439,0.0011580037578583335,0.0010307482136975542,0.0011,0.001
185,925,858,18.75354636498612,10.184932149106164,0.01305084718006338,0.012224887628965104,0.0138,0.012
185,925,860,140.77972010106112,85.7953562704557,0.0979705159404609,0.10297943806973661,0.0984,0.1015
185,925,862,11.431878538344723,5.441416390395271,0.007955599270735251,0.006531285917386205,0.0079,0.0067
185,925,864,0.7528465403651887,0.41944437049530936,0.0005239161146976355,0.0005034555184893569,0.0006,0.0005
185,925,890,369.63980874280554,166.62991435024387,0.2572373545612199,0.2000044721686813,0.2544,0.2155
186,930,802,22.607004404462792,11.614916864140888,0.01593970305078339,0.01382896515123688,0.0155,0.0139
186,930,806,21.099179611371945,11.338840749335573,0.014876568854652014,0.013500263102363973,0.0155,0.0139
186,930,808,6.49056447580214,2.8961422318647796,0.0045763546786334215,0.0034482080643326095,0.0045,0.0038
186,930,810,6.69628940016079,3.0356912748587557,0.004721406811404025,0.003614358100103433,0.0045,0.0038
186,930,816,1.9615577033592915,0.8346119725257886,0.0013830513211361823,0.0009937066289727513,0.0014,0.001
186,930,818,14.163803843803763,6.28053216253576,0.009986587488575368,0.007477734143330317,0.0096,0.0081
186,930,820,68.20925698536786,37.27316917497933,0.04809285132207555,0.04437822186987058,0.0478,0.0417
186,930,822,52.3639432757954,28.89472263084873,0.03692066810140821,0.03440266658733579,0.0382,0.0335
186,930,824,19.210318365718717,9.417719036249256,0.013544774211665094,0.01121293504549456,0.0138,0.0115
186,930,826,14.622472459717125,8.02378608928649,0.01030998467139405,0.009553289059889407,0.0113,0.0096
186,930,828,4.195997900304625,1.949192729855377,0.002958506104389626,0.0023207500018733946,0.0031,0.0024
186,930,830,38.621870171243295,17.204551356779138,0.027231433708837537,0.020484101947393665,0.0274,0.0206
186,930,832,5.912287662715629,2.8915522244171745,0.004168624378906814,0.0034427431045933954,0.0042,0.0034
186,930,834,73.64679244091425,36.9256714615787,0.05192673833067037,0.043964483758357445,0.0503,0.0431
186,930,836,49.20461384648781,24.598685733152816,0.034693094202549554,0.029287714389091283,0.0345,0.0302
186,930,838,11.22832104093548,5.801492393470076,0.007916842937228932,0.006907379284147612,0.0079,0.0067
186,930,840,38.62615432106932,23.634286675536885,0.027234454368931647,0.02813948051745411,0.0266,0.0297
186,930,842,3.4730734666458214,1.7736447664698478,0.0024487879394123006,0.002111738891727265,0.0025,0.0024
186,930,844,337.77953855569814,280.5105374523706,0.23816094538140598,0.3339817660649686,0.2442,0.3151
186,930,846,27.83018555385653,13.868355703783346,0.019622453538740578,0.01651195699253614,0.0192,0.0163
186,930,848,56.698817978778415,45.07502759937714,0.03997709319390131,0.05366727916816072,0.0404,0.0512
186,930,854,1.4676878486775038,0.8124486015848639,0.001034834516798885,0.0009673184517725994,0.0011,0.001
186,930,856,1.4345666905914907,0.760684531314078,0.0010114815145548157,0.0009056870572276308,0.0011,0.001
186,930,858,19.72127332350219,10.273551511819669,0.013905037347535776,0.012231907253250903,0.0138,0.012
186,930,860,139.94237876442233,81.09814289205913,0.09867030243444383,0.0965571605033841,0.0984,0.1015
186,930,862,12.039404923490784,5.417838131780084,0.008488720396351991,0.0064505924231572954,0.0079,0.0067
186,930,864,0.8981298403787678,0.4086289404865866,0.0006332516551312288,0.0004865222406560748,0.0006,0.0005
186,930,890,368.1371727599662,167.28333586674083,0.2595654475384814,0.19917107019731764,0.2544,0.2155
187,935,802,21.653044730645256,10.69264070752606,0.015319651500044645,0.012792610277696253,0.0155,0.0139
187,935,806,22.02413139085888,10.973291170104499,0.015582197409015239,0.013128378783365214,0.0155,0.0139
187,935,808,6.404240625044283,3.1439924436157196,0.004531036430144705,0.0037614534283274743,0.0045,0.0038
187,935,810,6.889747253573611,3.1583336196673106,0.004874535113242345,0.0037786111240894486,0.0045,0.0038
187,935,816,2.116645137176488,0.7463624932348769,0.0014975383949082939,0.0008929435452856037,0.0014,0.001
187,935,818,13.452579175810332,6.841434727901892,0.00951777578228975,0.008185050878287215,0.0096,0.0081
187,935,820,64.94096862408607,36.3872250498641,0.04594610225823356,0.04353345463315742,0.0478,0.0417
187,935,822,48.450240791066236,27.937443659829075,0.03427881913354656,0.033424187595093975,0.0382,0.0335
187,935,824,19.827215983934604,9.422146460721178,0.014027867344683647,0.011272598691784609,0.0138,0.0115
187,935,826,15.77064989011519,7.560483554942037,0.011157823911195625,0.009045316519541277,0.0113,0.0096
187,935,828,4.2059097511237855,2.025428777668876,0.002975704914915022,0.0024232106648558196,0.0031,0.0024
187,935,830,37.99546696327208,16.389228747173465,0.026882007574435103,0.019607973544555308,0.0274,0.0206
187,935,832,6.229934651846523,2.896026971780717,0.004407713969170588,0.0034647890466955786,0.0042,0.0034
187,935,834,66.27593132451966,35.936684507203566,0.04689059591215637,0.04299443066946048,0.0503,0.0431
187,935,836,48.39213184611018,26.509271265571208,0.034237706726638624,0.03171553083304213,0.0345,0.0302
187,935,838,11.325792385413047,5.623183802276966,0.00801306211042112,0.006727542883934322,0.0079,0.0067
187,935,840,38.289628071402426,24.98878528348205,0.027090128220629766,0.029896430656237705,0.0266,0.0297
187,935,842,3.794811219940023,2.0394418972776354,0.0026848503811412023,0.0024399758758858153,0.0025,0.0024
187,935,844,350.40039172911867,256.56522945638096,0.2479102571275785,0.306953079320532,0.2442,0.3151
187,935,846,28.148616724684082,13.826506325613995,0.01991530538983179,0.016541948033584084,0.0192,0.0163
187,935,848,60.34390139255366,45.71450803744419,0.04269365121564742,0.05469255924292088,0.0404,0.0512
187,935,854,1.6388295809841438,0.8069604931107298,0.0011594811889483918,0.0009654426235978526,0.0011,0.001
187,935,856,1.5184024296109937,0.7419178389764236,0.0010742782988638988,0.0008876259879765401,0.0011,0.001
187,935,858,19.74656258103262,10.138685773547536,0.013970804606388816,0.012129861965503705,0.0138,0.012
187,935,860,139.20142247946126,84.3959460747345,0.09848579297846757,0.10097079633393413,0.0984,0.1015
187,935,862,11.278565538652986,4.679971462072025,0.007979648849477444,0.005599089379566328,0.0079,0.0067
187,935,864,0.8634901711508165,0.4112069139617061,0.0006109241753434558,0.0004919654496670517,0.0006,0.0005
187,935,890,362.23702080442166,185.29276957466087,0.25628473908264043,0.22168314201142186,0.2544,0.2155
188,940,802,22.19851572169768,12.281397607448604,0.01570004561093401,0.014730174860538259,0.0155,0.0139
188,940,806,21.371548117784485,11.56510450781538,0.015115167357677128,0.013871060698922391,0.0155,0.0139
188,940,808,6.165631616093345,3.231352901033651,0.004360683336060418,0.003875649562836813,0.0045,0.0038
188,940,810,6.447816549353781,3.2272378781062505,0.00456026047799414,0.003870714049044883,0.0045,0.0038
188,940,816,1.8827159139293246,0.8381741662581159,0.0013315631590732832,0.0010052969887628957,0.0014,0.001
188,940,818,12.72788567060351,6.926352492654344,0.009001880488969294,0.008307391929127435,0.0096,0.0081
188,940,820,64.78021576475803,37.10778822305958,0.045816231812235146,0.044506678041428875,0.0478,0.0417
188,940,822,54.15526927115303,29.53025066531004,0.03830166882727471,0.03541826181995171,0.0382,0.0335
188,940,824,19.493704861702206,9.685608511544498,0.01378705041777472,0.011616813620563762,0.0138,0.0115
188,940,826,14.951311908298354,8.24955670746303,0.010574413255663969,0.009894428688568557,0.0113,0.0096
188,940,828,4.439649599666052,1.9599500055888948,0.0031399712523658436,0.002350742743051296,0.0031,0.0024
188,940,830,39.38426618825162,17.224008236322955,0.02785478016912331,0.02065828835038391,0.0274,0.0206
188,940,832,5.78105805965055,2.789340200962445,0.004088691169890074,0.0033455043325676882,0.0042,0.0034
188,940,834,70.9352039114191,37.11323251351281,0.050169387484840934,0.044513207864249615,0.0503,0.0431
188,940,836,49.52758457420303,25.84583837777005,0.0350287085210088,0.030999217751150932,0.0345,0.0302
188,940,838,11.892569416556803,5.370269669228073,0.008411097598234434,0.0064410430965933145,0.0079,0.0067
188,940,840,38.70011542706794,24.07228638439687,0.02737091006312158,0.028872038758851342,0.0266,0.0297
188,940,842,3.672699337387663,2.072340226798851,0.0025975406570031534,0.0024855423533198507,0.0025,0.0024
188,940,844,362.42478696659833,263.01819058931187,0.25632730391730324,0.3154611602618579,0.2442,0.3151
188,940,846,28.084035067316968,13.384409703454043,0.019862617709389185,0.016053115584938785,0.0192,0.0163
188,940,848,53.137065297655695,41.37843602435568,0.03758153739931994,0.04962884661634023,0.0404,0.0512
188,940,854,1.4955454578856784,0.7653150477517567,0.0010577343186544655,0.0009179105535959044,0.0011,0.001
188,940,856,1.53564083303317,0.8546778754239253,0.0010860920352917013,0.0010250913582337123,0.0011,0.001
188,940,858,19.609187098691805,9.80165190454308,0.013868725986119913,0.01175599480538613,0.0138,0.012
188,940,860,135.91784603136657,83.78884723808403,0.09612878666237083,0.10049543306303797,0.0984,0.1015
188,940,862,11.146499766696323,6.4683390899863324,0.007883434952740796,0.0077580556300015,0.0079,0.0067
188,940,864,0.8872829312045685,0.3798708421540494,0.0006275366634580374,0.00045561296101637454,0.0006,0.0005
188,940,890,351.16843983458403,174.82793317800943,0.24836617869610692,0.20968672365567775,0.2544,0.2155
189,945,802,20.587871143770883,11.976089105706567,0.014319373894479516,0.01417720605123376,0.0155,0.0139
189,945,806,20.812819618280855,11.685560717555774,0.014475831125584525,0.013833280685766666,0.0155,0.0139
189,945,808,6.5876519229564465,3.1176337022501937,0.004581874945338453,0.003690631808009087,0.0045,0.0038
189,945,810,6.036412747315048,3.47061538461707,0.004198474456469448,0.004108488923053582,0.0045,0.0038
189,945,816,1.987043161940895,0.8249832210419961,0.0013820376949905946,0.000976609059125138,0.0014,0.001
189,945,818,14.391318773772882,6.786767609671513,0.010009518367257065,0.008034125495801878,0.0096,0.0081
189,945,820,69.14194246247615,35.94555038191008,0.04808993212541762,0.04255207771846966,0.0478,0.0417
189,945,822,57.247865237768316,29.672208048129793,0.039817307057918305,0.035125741281681465,0.0382,0.0335
189,945,824,19.697547888777596,9.487326760660862,0.013700132036680333,0.011231027522764718,0.0138,0.0115
189,945,826,16.912841120678962,7.726248248096182,0.011763299562820753,0.009146275754081489,0.0113,0.0096
189,945,828,4.626791629523587,1.8897802495387461,0.003218048083375633,0.0022371079367217257,0.0031,0.0024
189,945,830,37.094340668515386,17.76460682946925,0.025800031955337963,0.0210296106865582,0.0274,0.0206
189,945,832,6.047170008334348,2.950536161961838,0.0042059563977318625,0.0034928229708826547,0.0042,0.0034
189,945,834,74.17469926057205,34.30549803916335,0.05159033903046682,0.04061059583797415,0.0503,0.0431
189,945,836,48.35350163258735,24.91357101210061,0.033631057050492366,0.02949250181699916,0.0345,0.0302
189,945,838,10.974000570978431,5.754211868635379,0.007632688984534312,0.006811793616768154,0.0079,0.0067
189,945,840,39.00220728337582,24.124485101091757,0.027127000402352323,0.028558387729023024,0.0266,0.0297
189,945,842,3.8142860386563,1.984660172696431,0.002652930336827862,0.0023494260907417036,0.0025,0.0024
189,945,844,369.2298753808493,274.12047348757756,0.25680851612431765,0.324501796971714,0.2442,0.3151
189,945,846,27.57327610647353,13.607944837507508,0.019177895922657073,0.016108984844078997,0.0192,0.0163
189,945,848,57.11408727778188,40.59664359475449,0.03972426117597601,0.04805800759757936,0.0404,0.0512
189,945,854,1.6101855950340704,0.8166668782885049,0.0011199239306378685,0.0009667642338430058,0.0011,0.001
189,945,856,1.5691092429948847,0.7947479128009515,0.0010913543112263768,0.0009408167239836431,0.0011,0.001
189,945,858,19.587927797624427,10.1574598250571,0.013623888550376792,0.012024326107288706,0.0138,0.012
189,945,860,136.37234250592098,86.63946459443794,0.09485033919105026,0.10256315988319051,0.0984,0.1015
189,945,862,11.646855453245045,5.953620839967373,0.008100676207138278,0.007047852487914258,0.0079,0.0067
189,945,864,0.9233744790276509,0.4442047382611587,0.0006422298020753687,0.0005258462965394964,0.0006,0.0005
189,945,890,354.64601639779295,177.23098461886966,0.24666508127646877,0.20980473386821175,0.2544,0.2155
190,950,802,22.049805385405584,12.002373574762615,0.015586551963000102,0.014789327250974505,0.0155,0.0139
190,950,806,21.529935634719173,11.804600146975972,0.015219066774744024,0.014545630791531356,0.0155,0.0139
190,950,808,6.027010037185566,3.1694091469119883,0.004260368900502569,0.0039053466194781724,0.0045,0.0038
190,950,810,6.2618990763422575,3.1950073281133133,0.004426407110380746,0.0039368887037549176,0.0045,0.0038
190,950,816,2.0045789736737056,0.8252608591325236,0.0014169954696191037,0.001016886604729153,0.0014,0.001
190,950,818,14.300341815225496,6.997379308445717,0.01010861623927097,0.008622172260110488,0.0096,0.0081
190,950,820,63.053837325881,35.26718413803672,0.04457145515655635,0.04345623173523976,0.0478,0.0417
190,950,822,52.68293996769788,27.097316465092455,0.03724048203680024,0.033389319065033195,0.0382,0.0335
190,950,824,20.429107732485978,9.430360930846744,0.014440914269514441,0.011620092728521448,0.0138,0.0115
190,950,826,15.999460501602197,7.834866458381524,0.011309688141431335,0.009654124102946839,0.0113,0.0096
190,950,828,4.334021553377851,1.976789376742655,0.003063630311911877,0.002435800287067408,0.0031,0.0024
190,950,830,39.00528804722365,17.12195148195984,0.027572032421757153,0.021097672228305078,0.0274,0.0206
190,950,832,5.794656160994377,2.8548234739739806,0.004096122744958015,0.0035177140869155246,0.0042,0.0034
190,950,834,71.78232791935581,37.585420881379974,0.05074144486012988,0.0463127635394679,0.0503,0.0431
190,950,836,48.78415390703529,25.62792772390886,0.03448451070440201,0.031578737948148444,0.0345,0.0302
190,950,838,11.794766116037378,5.516831926987927,0.00833747653304596,0.0067978414643257296,0.0079,0.0067
190,950,840,38.60837833789235,25.653690724670764,0.027291465146854745,0.03161048312312251,0.0266,0.0297
190,950,842,3.5681940600474547,2.0306519603807143,0.0025222826759191807,0.0025021697739896647,0.0025,0.0024
190,950,844,343.46418958595524,237.94649983887112,0.24278774097274142,0.29319772730125326,0.2442,0.3151
190,950,846,27.011438553002026,14.063034730527061,0.019093827960967567,0.017328474361847073,0.0192,0.0163
190,950,848,58.891862743368954,44.51414791643072,0.0416294412945226,0.05485034245381747,0.0404,0.0512
190,950,854,1.613562273576616,0.7790653043431065,0.00114059384121752,0.0009599644323717137,0.0011,0.001
190,950,856,1.601312043071194,0.8071182267152883,0.0011319344063157558,0.0009945312492370675,0.0011,0.001
190,950,858,19.136094147326247,10.056825408523892,0.013526909674839127,0.012392022390081029,0.0138,0.012
190,950,860,143.43930394889574,83.61336726580949,0.10139428105863553,0.10302840878492096,0.0984,0.1015
190,950,862,11.65403171607189,5.381387451134996,0.00823799429274031,0.0066309467526049,0.0079,0.0067
190,950,864,0.8178175150614383,0.41526733768236673,0.0005780983084410229,0.000511692501101552,0.0006,0.0005
190,950,890,359.02826830979404,177.98786715536076,0.2537896667287803,0.2193166874591028,0.2544,0.2155
191,955,802,21.843018763548216,12.072747942283863,0.015235414378666169,0.014922883641834877,0.0155,0.0139
191,955,806,21.267642422986786,11.9041422506574,0.014834091783697618,0.014714473499461209,0.0155,0.0139
191,955,808,6.252951205502321,3.1928288588515534,0.00436140735567142,0.003946592256934066,0.0045,0.0038
191,955,810,6.691771807911752,3.2151190078023872,0.004667482893488591,0.00397414466677006,0.0045,0.0038
191,955,816,2.0402460776618363,0.8531825385193038,0.001423063119805564,0.0010546019687014444,0.0014,0.001
191,955,818,13.108765338986762,6.348527015883008,0.009143309086262819,0.00784728799176314,0.0096,0.0081
191,955,820,71.2593631307154,32.41122563997819,0.04970310822916393,0.04006287145452915,0.0478,0.0417
191,955,822,49.03267661400852,30.09922439521125,0.034200087194733726,0.03720505269442775,0.0382,0.0335
191,955,824,20.140317215799598,9.984147837075726,0.0140477871590056,0.012341206587584301,0.0138,0.0115
191,955,826,16.080951148148667,8.539327505120314,0.011216396277330957,0.010555292908262584,0.0113,0.0096
191,955,828,4.71468079138674,1.9864183922152558,0.0032884701651122203,0.0024553722708983558,0.0031,0.0024
191,955,830,39.58170321447728,16.128452322824778,0.027608072712564234,0.019936059171203436,0.0274,0.0206
191,955,832,5.918123613839238,2.878249069257115,0.004127866508610898,0.0035577464350355728,0.0042,0.0034
191,955,834,69.09578645509693,37.174024675247594,0.04819402253226963,0.045950072624681565,0.0503,0.0431
191,955,836,48.71976548438556,24.88984801286075,0.03398183298843061,0.0307658461465908,0.0345,0.0302
191,955,838,10.968950352912538,5.903485655148973,0.007650797068605015,0.007297181216256198,0.0079,0.0067
191,955,840,35.08030479729931,23.21800691654593,0.02446836611286904,0.028699316615185374,0.0266,0.0297
191,955,842,3.52197467076617,1.8744360850984685,0.0024565626263085504,0.0023169531680530837,0.0025,0.0024
191,955,844,360.557427720263,244.52856445470962,0.25148730027148736,0.30225689560551183,0.2442,0.3151
191,955,846,27.332134759865447,14.59368721205717,0.019064049865443237,0.018038966539515464,0.0192,0.0163
191,955,848,55.4993723056193,40.717447773374964,0.03871058043694258,0.05033002744854924,0.0404,0.0512
191,955,854,1.5315042279205378,0.8258762628892381,0.0010682178039414147,0.0010208492244324992,0.0011,0.001
191,955,856,1.5287586030448759,0.8417841285631289,0.0010663027420554226,0.0010405126208337416,0.0011,0.001
191,955,858,20.043669566945685,10.087791403355022,0.013980375827497225,0.012469318338712117,0.0138,0.012
191,955,860,140.68645484435368,84.75544471780938,0.09812821479584971,0.10476451969199069,0.0984,0.1015
191,955,862,10.899336711111,6.08668605666845,0.007602241844130988,0.007523631589284974,0.0079,0.0067
191,955,864,0.8758935150717522,0.4400040291559437,0.0006109320693334838,0.0005438802301202124,0.0006,0.0005
191,955,890,369.42679390613716,173.45837144524958,0.2576736461507221,0.21440844339287626,0.2544,0.2155
192,960,802,22.060403604861932,11.88485543413302,0.01585778973111368,0.014372820961930616,0.0155,0.0139
192,960,806,22.362903703567326,11.553404452622928,0.0160752373827901,0.013971984313870183,0.0155,0.0139
192,960,808,6.527692076735194,3.313291548132975,0.004692333387749519,0.004006893182665547,0.0045,0.0038
192,960,810,6.163992525006461,3.037053173288995,0.004430893428630029,0.003672827301389067,0.0045,0.0038
192,960,816,1.9157053070983472,0.762917145312962,0.0013770759815132712,0.0009226255716058952,0.0014,0.001
192,960,818,14.20893393243647,6.976493600831584,0.010213878705020819,0.008436946837302584,0.0096,0.0081
192,960,820,63.647615520007385,35.00239268790715,0.04575213227651923,0.04232976380155506,0.0478,0.0417
192,960,822,51.60772816399215,26.748216724669046,0.037097440118670166,0.032347665662845415,0.0382,0.0335
192,960,824,19.06717121683318,9.372331382858917,0.01370614959451808,0.011334327262815498,0.0138,0.0115
192,960,826,16.256798019616376,7.814520350099564,0.011685955040253455,0.009450405393470208,0.0113,0.0096
192,960,828,4.531252353383439,2.055877277680885,0.003257222683937306,0.002486252878343422,0.0031,0.0024
192,960,830,36.580081779663885,16.82201917648488,0.02629504226663414,0.020343526362751937,0.0274,0.0206
192,960,832,5.983371380056553,2.8401375324037117,0.004301056631946156,0.003434689507729445,0.0042,0.0034
192,960,834,73.08748041115533,34.951990773227436,0.05253783734407995,0.04226881079292615,0.0503,0.0431
192,960,836,50.049479845481216,25.324789288638254,0.035977316723540535,0.030626259138066513,0.0345,0.0302
192,960,838,11.706119604779422,5.746508642512035,0.008414768223866387,0.006949477873984548,0.0079,0.0067
192,960,840,37.692206387238194,25.014483876600373,0.027094476334006502,0.030250994655006025,0.0266,0.0297
192,960,842,3.4469478675428524,1.8434553357616863,0.0024777866931481895,0.0022293627077804856,0.0025,0.0024
192,960,844,337.74499846227815,258.24919693821704,0.24278291840362007,0.312310864168801,0.2442,0.3151
192,960,846,27.77771116756274,13.266104843978987,0.01996759038487116,0.016043219948398104,0.0192,0.0163
192,960,848,61.524258446406776,44.89324249557136,0.04422578894208403,0.05429115569519351,0.0404,0.0512
192,960,854,1.4840148414545833,0.8537912849455703,0.001066761775312772,0.0010325232263352765,0.0011,0.001
192,960,856,1.5600634846585308,0.8660956301816739,0.001121428200046674,0.001047403352737521,0.0011,0.001
192,960,858,19.418998435787252,9.811187247178935,0.013959055305573453,0.011865052840498982,0.0138,0.012
192,960,860,143.91290058121112,80.26463094046125,0.10344962666542278,0.097067160511645,0.0984,0.1015
192,960,862,11.981118125665578,5.919257471916762,0.008612446779467193,0.007158389796403598,0.0079,0.0067
192,960,864,0.7682975821533677,0.46267828392309557,0.000552279175256159,0.0005595349623438696,0.0006,0.0005
192,960,890,338.07162894647206,181.24697393044866,0.24301771182040857,0.2191890612916048,0.2544,0.2155
193,965,802,21.46667681678395,11.879899229720795,0.01525889754736664,0.014061264457810193,0.0155,0.0139
193,965,806,21.58258343637262,11.911883422931961,0.015341286044126526,0.014099121529702417,0.0155,0.0139
193,965,808,6.161887790657688,3.076947145251724,0.004379979970747111,0.0036419305160306017,0.0045,0.0038
193,965,810,5.98204741320769,3.092643013527779,0.0042521462162349215,0.0036605084307466135,0.0045,0.0038
193,965,816,1.9556908283361418,0.7799968732720424,0.001390139994122134,0.000923218463327068,0.0014,0.001
193,965,818,13.838266524018536,7.024705061624462,0.009836487171505617,0.008314568473990404,0.0096,0.0081
193,965,820,70.12583624503989,33.487404256076076,0.04984669773617915,0.03963629978209428,0.0478,0.0417
193,965,822,54.973501901589074,29.440944201800274,0.039076147672771636,0.034846836181360155,0.0382,0.0335
193,965,824,18.305849566164504,10.327204870660834,0.013012125045326783,0.012223467218733332,0.0138,0.0115
193,965,826,16.938342552232843,8.583815948331761,0.012040076618875713,0.010159960431709688,0.0113,0.0096
193,965,828,4.181034958135462,2.175876432851862,0.002971954374338289,0.0025754068581073123,0.0031,0.0024
193,965,830,36.9995604641721,17.362334772870298,0.02629994885743015,0.02055037472334695,0.0274,0.0206
193,965,832,5.999335072439203,2.6845468819624827,0.004264434593392638,0.0031774784387250564,0.0042,0.0034
193,965,834,71.77587741247652,34.55712119865814,0.05101957648857026,0.040902436180542505,0.0503,0.0431
193,965,836,47.63320989404109,25.995937373402242,0.03385853692347499,0.030769263540686747,0.0345,0.0302
193,965,838,10.797672724200355,5.872668408913388,0.007675178755183414,0.006950996971773077,0.0079,0.0067
193,965,840,39.79607140019832,26.336799324270075,0.02828775881176604,0.031172713935515586,0.0266,0.0297
193,965,842,3.8670788433846055,2.0560828555197834,0.002748788756751546,0.002433617004621065,0.0025,0.0024
193,965,844,345.32513549126185,260.46647810715245,0.24546327817595992,0.3082928533515159,0.2442,0.3151
193,965,846,27.297817948652025,13.919899105159503,0.019403776881733063,0.016475845355153184,0.0192,0.0163
193,965,848,54.54537415152881,42.580981305862224,0.03877182681625944,0.05039962271034117,0.0404,0.0512
193,965,854,1.5112378113306584,0.8687055661675577,0.001074214846089803,0.0010282156831174435,0.0011,0.001
193,965,856,1.3702324264602281,0.8141338257798126,0.0009739856983866683,0.0009636235802151466,0.0011,0.001
193,965,858,18.597483674712517,10.217330475374107,0.013219423781951562,0.012093417889240413,0.0138,0.012
193,965,860,137.79730698228278,78.20734064555128,0.09794878860344677,0.09256762857112132,0.0984,0.1015
193,965,862,11.668600226169966,5.9800766824269465,0.008294249589349408,0.007078127354752466,0.0079,0.0067
193,965,864,0.8313816778672101,0.4102459825779885,0.0005909609556060803,0.0004855745947197621,0.0006,0.0005
193,965,890,355.5050355411987,194.7550618233512,0.2526993330730537,0.23051562777100057,0.2544,0.2155
194,970,802,24.373103824535264,11.67233493966556,0.01700840325933663,0.01440451392839848,0.0155,0.0139
194,970,806,22.601082356423333,11.665275076013373,0.015771824777957102,0.014395801540959619,0.0155,0.0139
194,970,808,6.922316338760587,3.1299690688506234,0.004830634154186547,0.0038626104614683924,0.0045,0.0038
194,970,810,6.327043979168281,3.1362864363748333,0.004415232307381513,0.0038704065544492455,0.0045,0.0038
194,970,816,1.9476715671534615,0.8287119252937563,0.0013591532563670876,0.001022691049582395,0.0014,0.001
194,970,818,14.502726069136354,7.187251120793606,0.010120508865811985,0.008869592880217284,0.0096,0.0081
194,970,820,73.05983230053175,33.80264342800845,0.05098370313328963,0.04171493112494476,0.0478,0.0417
194,970,822,53.172824006064495,26.835045835633743,0.037105854044837676,0.03311640674352285,0.0382,0.0335
194,970,824,19.5114294220403,9.75152189541653,0.01361575703140774,0.012034090324830486,0.0138,0.0115
194,970,826,16.339202233039654,7.606089939317158,0.011402066085470794,0.009386470576613248,0.0113,0.0096
194,970,828,4.562953822562995,2.051871911114751,0.003184188572230923,0.0025321598185554547,0.0031,0.0024
194,970,830,39.70749584977308,17.867769502941957,0.027709277681389182,0.02205013272879192,0.0274,0.0206
194,970,832,5.6184874511766765,2.8995921732806798,0.003920776810581591,0.003578308544313714,0.0042,0.0034
194,970,834,72.48398711743255,36.07862574470649,0.050581858248879036,0.04452365955427177,0.0503,0.0431
194,970,836,49.38046738863509,24.7634402879359,0.03445941512114499,0.030559894175968293,0.0345,0.0302
194,970,838,10.6226627809188,5.143536950350799,0.0074128651634403925,0.006347500309538169,0.0079,0.0067
194,970,840,37.1115725833201,24.633175359839832,0.025897751744274826,0.030399137739416326,0.0266,0.0297
194,970,842,3.717240914399379,1.9488598207482248,0.0025940205621478914,0.002405035374461959,0.0025,0.0024
194,970,844,323.9359538290372,244.78664683557233,0.22605382443641941,0.3020846027855666,0.2442,0.3151
194,970,846,27.150404809116537,12.6261912613003,0.018946500904116665,0.01558164230431469,0.0192,0.0163
194,970,848,56.546467281988726,43.18984060383474,0.039460100172173614,0.053299418133478715,0.0404,0.0512
194,970,854,1.4828267210979826,0.7734290421784928,0.0010347682846517917,0.00095446793364612,0.0011,0.001
194,970,856,1.643118004359157,0.7846789998698601,0.0011466251414677944,0.0009683512031973137,0.0011,0.001
194,970,858,18.925097613842816,10.134417903472563,0.01320659421368077,0.012506611967644939,0.0138,0.012
194,970,860,133.04690564214349,80.58711478647835,0.09284477840243373,0.09945038618164728,0.0984,0.1015
194,970,862,12.032850161010815,5.766038555171027,0.008396943178473004,0.007115712760897135,0.0079,0.0067
194,970,864,0.8806202162070498,0.41681802002529084,0.0006145275490311628,0.0005143838834386472,0.0006,0.0005
194,970,890,395.39729826298327,180.25762754222964,0.2759220468974166,0.2224510794158644,0.2544,0.2155
195,975,802,20.66520579305466,12.3042310043864,0.014972956711206674,0.014570922575192154,0.0155,0.0139
195,975,806,22.41971354558182,12.466701204089599,0.016244183762664094,0.014763323116096122,0.0155,0.0139
195,975,808,6.887335887546607,3.0008124442417854,0.004990213169540962,0.003553623608995358,0.0045,0.0038
195,975,810,6.184562308585015,3.323875918327455,0.004481019190010972,0.003936201997364103,0.0045,0.0038
195,975,816,1.9749986106203055,0.8107741547527836,0.001430983509075425,0.0009601353738123198,0.0014,0.001
195,975,818,13.478367373328615,6.033337870239796,0.009765739244968765,0.007144802381058909,0.0096,0.0081
195,975,820,62.37491008856913,33.43503458244675,0.045193686333161974,0.039594453324716235,0.0478,0.0417
195,975,822,55.59652884491638,30.833984454834248,0.04028241615518105,0.036514236445650466,0.0382,0.0335
195,975,824,19.370130792763366,9.196178900075152,0.014034611256953097,0.010890303562477131,0.0138,0.0115
195,975,826,15.315742160082094,8.106279605074544,0.011097007533309186,0.009599622475902202,0.0113,0.0096
195,975,828,4.285638952591734,1.9242828036416562,0.003105155939873752,0.0022787751412209865,0.0031,0.0024
195,975,830,39.18412821146087,17.507321969516155,0.028390825687966765,0.020732529552301104,0.0274,0.0206
195,975,832,5.688014654513166,2.855579486409291,0.004121246023272523,0.0033816357632544085,0.0042,0.0034
195,975,834,64.50026247781852,36.16400506622323,0.0467336085405172,0.04282615611174261,0.0503,0.0431
195,975,836,49.637653343294474,25.031177167101088,0.035964918142979245,0.02964243310595551,0.0345,0.0302
195,975,838,11.748023550448707,5.668202521218589,0.008512020147518874,0.00671240161597598,0.0079,0.0067
195,975,840,38.12146983048178,25.620511890408896,0.027620877491150428,0.030340335365847175,0.0266,0.0297
195,975,842,3.2875132824073705,2.107121545705951,0.0023819648619974585,0.0024952965275160436,0.0025,0.0024
195,975,844,335.2329660572424,280.34332369007643,0.24289275118815798,0.33198831056600797,0.2442,0.3151
195,975,846,26.38243980436009,13.879782787192976,0.019115373593785467,0.01643672329303437,0.0192,0.0163
195,975,848,54.25099415116335,40.450963587543576,0.03930751017433851,0.04790286026943849,0.0404,0.0512
195,975,854,1.5647712753554432,0.836074462396282,0.0011337536535305647,0.0009900965167452295,0.0011,0.001
195,975,856,1.6837081771084714,0.8503330108148006,0.0012199292812570329,0.0010069817820630535,0.0011,0.001
195,975,858,19.691892562545416,9.921720683309326,0.014267743464709144,0.011749505014790827,0.0138,0.012
195,975,860,139.038931189221,83.78079004709242,0.10074053550283668,0.0992149289646315,0.0984,0.1015
195,975,862,10.707238798788518,5.530862567820278,0.0077579204696182815,0.006549760827881715,0.0079,0.0067
195,975,864,0.8661020434690312,0.4206684317352254,0.0006275334750698626,0.000498164179984619,0.0006,0.0005
195,975,890,350.02942910325544,172.0334015305106,0.2536135154953483,0.20372548054034353,0.2544,0.2155
196,980,802,21.158440089399374,11.214073608254957,0.015015263890673043,0.013872393369285816,0.0155,0.0139
196,980,806,21.37646450030803,11.463756415639423,0.015169986736524149,0.014181264011889341,0.0155,0.0139
196,980,808,6.614030620516445,3.3190608752066475,0.004693702122105049,0.004105851244241793,0.0045,0.0038
196,980,810,6.008298805337738,3.3661400148358585,0.004263839475640791,0.004164090593049276,0.0045,0.0038
196,980,816,2.051545731472256,0.9209168832044164,0.0014558965789388792,0.001139222169437525,0.0014,0.001
196,980,818,12.591482291526884,6.707381239553897,0.008935650670993282,0.008297380085356765,0.0096,0.0081
196,980,820,69.59079440486299,36.800121269789365,0.04938568901750513,0.045523667502605294,0.0478,0.0417
196,980,822,53.214250231810205,25.067551056389885,0.03776393753976508,0.031009866816186366,0.0382,0.0335
196,980,824,21.479551098268427,9.036163609122811,0.015243143002554489,0.011178205219083052,0.0138,0.0115
196,980,826,14.772705595866734,8.035838431347608,0.01048357402360176,0.009940750851645759,0.0113,0.0096
196,980,828,4.219326692421117,2.014272603504154,0.0029942804601840647,0.0024917601653885817,0.0031,0.0024
196,980,830,37.99248935843217,17.765890675593237,0.026961687684445942,0.021977332467849543,0.0274,0.0206
196,980,832,6.154884242540117,2.951676100588921,0.0043678650565826555,0.0036513771352407747,0.0042,0.0034
196,980,834,72.37434707224875,34.86702094874762,0.05136106043797786,0.04313232168015205,0.0503,0.0431
196,980,836,48.76957967197548,24.15432668494287,0.03460973992023166,0.029880160684615575,0.0345,0.0302
196,980,838,10.773437137855106,5.571349762040033,0.007645459729118612,0.006892049954086505,0.0079,0.0067
196,980,840,35.89000118790776,23.55038470210797,0.025469639377762924,0.02913305298309801,0.0266,0.0297
196,980,842,3.7249736959680684,1.9570908393641964,0.0026434587235378737,0.0024210233436581375,0.0025,0.0024
196,980,844,355.2241997164456,258.3486655242031,0.252087822947206,0.3195907606619941,0.2442,0.3151
196,980,846,26.786482282891047,14.070199680187258,0.019009251082831816,0.017405570140388137,0.0192,0.0163
196,980,848,56.94650444613399,41.2650964309324,0.04041256294401808,0.05104707442708554,0.0404,0.0512
196,980,854,1.561290642970214,0.8188459116849562,0.0011079829569279858,0.0010129550592001897,0.0011,0.001
196,980,856,1.5771027507037858,0.7765541419514241,0.0011192041513678483,0.0009606379364023746,0.0011,0.001
196,980,858,19.307459372371625,10.045651549451378,0.013701699950926679,0.012426994401229966,0.0138,0.012
196,980,860,138.54830430535486,82.81106079686457,0.09832196239232446,0.10244159712455406,0.0984,0.1015
196,980,862,11.406837065085394,5.527257384364538,0.00809495728260134,0.00683750538544275,0.0079,0.0067
196,980,864,0.8263172385161108,0.42680557175380945,0.0005864029361950866,0.0005279807312137964,0.0006,0.0005
196,980,890,348.18765322827966,165.52023389399506,0.2470942789074573,0.2047571538556188,0.2544,0.2155
197,985,802,22.138726505895715,11.131692400861647,0.015194227612850802,0.013256216208635636,0.0155,0.0139
197,985,806,21.891410475682274,11.098281109880219,0.015024489933749479,0.013216428251772475,0.0155,0.0139
197,985,808,6.01793324271538,3.3860837686289376,0.004130221646868811,0.0040323301184663094,0.0045,0.0038
197,985,810,6.331215503463561,3.36427806947155,0.0043452332002934715,0.004006362722656089,0.0045,0.0038
197,985,816,2.0536981936389904,0.8364533862278685,0.0014094919955735213,0.0009960935441787587,0.0014,0.001
197,985,818,14.087090963414266,7.276880837733611,0.0096682375313706,0.008665699898607293,0.0096,0.0081
197,985,820,69.11609539298271,31.775729192245482,0.04743568627729426,0.03784024218337691,0.0478,0.0417
197,985,822,56.4993434146273,27.852964341200344,0.0387765702598049,0.03316880345434182,0.0382,0.0335
197,985,824,19.4258923064133,9.579243111063628,0.013332358083368849,0.011407476349733998,0.0138,0.0115
197,985,826,15.011642106288747,8.705015969291175,0.010302774504435204,0.010366399791968519,0.0113,0.0096
197,985,828,4.388536159719209,1.8620903027299454,0.003011935545626001,0.0022174769805066888,0.0031,0.0024
197,985,830,37.86537854332487,17.08984015910038,0.02598772698514609,0.0203514980437766,0.0274,0.0206
197,985,832,5.9684477493534445,2.7892237046401,0.004096258814838919,0.003321557149755487,0.0042,0.0034
197,985,834,73.58025292384855,37.10584055768639,0.05049952220324664,0.04418762460574079,0.0503,0.0431
197,985,836,49.76800370362085,26.103178744810872,0.034156724232021145,0.0310850649400886,0.0345,0.0302
197,985,838,12.068823778438539,5.750445327058859,0.008283062508593104,0.006847938642782672,0.0079,0.0067
197,985,840,38.8856337996345,26.59335355889523,0.02668794750521293,0.03166879139259344,0.0266,0.0297
197,985,842,3.6878213093158725,2.0118699596889953,0.002531021662621138,0.0023958426274186314,0.0025,0.0024
197,985,844,370.7914655712259,261.54885875466636,0.25448121070972124,0.3114664056388574,0.2442,0.3151
197,985,846,26.168431726523814,13.26599079035007,0.017959890683787196,0.015797853175051575,0.0192,0.0163
197,985,848,57.94327175356095,41.5204703550794,0.039767565646669674,0.04944480248740748,0.0404,0.0512
197,985,854,1.5630420018547628,0.8251018031971122,0.001072745351377941,0.0009825754704171862,0.0011,0.001
197,985,856,1.6851123610812597,0.8823157864854666,0.0011565245526059752,0.0010507089496147415,0.0011,0.001
197,985,858,19.253193929379005,9.926033213602263,0.013213831913928605,0.011820452599231446,0.0138,0.012
197,985,860,139.43285794385702,87.34213989582126,0.09569541318219288,0.10401170360171699,0.0984,0.1015
197,985,862,10.125538593777867,5.793848440086567,0.006949349053821807,0.0068996253971147095,0.0079,0.0067
197,985,864,0.8209133696968891,0.40274074329658244,0.0005634084050085346,0.00047960527266751186,0.0006,0.0005
197,985,890,370.47872364478104,183.91380481465563,0.2542665699979703,0.2190144205015201,0.2544,0.2155
198,990,802,21.866691314300887,12.334919792155446,0.015558381058332486,0.014828402596396048,0.0155,0.0139
198,990,806,20.29909440412308,11.105211075231821,0.014443019354824086,0.013350110379008654,0.0155,0.0139
198,990,808,6.173018767584146,3.108752294449729,0.004392167835812464,0.003737181219766589,0.0045,0.0038
198,990,810,6.978870672358211,2.9948920831766794,0.004965539949171847,0.0036003043627690083,0.0045,0.0038
198,990,816,2.0609683235139187,0.8321037215451061,0.0014664006577625843,0.0010003120565791816,0.0014,0.001
198,990,818,14.220885250236432,6.682787285106834,0.010118309557207565,0.008033701231901117,0.0096,0.0081
198,990,820,67.20380467568123,36.1596387794034,0.047816214473662993,0.04346924751811078,0.0478,0.0417
198,990,822,58.132932564028685,27.792517972113885,0.04136219347816867,0.033410727641712726,0.0382,0.0335
198,990,824,19.875036849085845,9.018793722331699,0.014141297940408765,0.010841927349510113,0.0138,0.0115
198,990,826,16.087413149956728,7.649472906992658,0.01144636380658845,0.009195800688322927,0.0113,0.0096
198,990,828,4.422912712411436,1.885336939007114,0.0031469489543868886,0.0022664545560510084,0.0031,0.0024
198,990,830,38.657868282451574,17.09606567431158,0.027505480230008733,0.020552005923406204,0.0274,0.0206
198,990,832,5.823953090075449,2.7701177765842058,0.0041438039316897815,0.0033300923169964324,0.0042,0.0034
198,990,834,71.5510918652766,34.85320364873185,0.05090935507246486,0.04189871877450328,0.0503,0.0431
198,990,836,47.188140896425416,26.0031396189529,0.03357485899207437,0.03125962953446588,0.0345,0.0302
198,990,838,10.806206722150975,5.9891175772801155,0.0076887298385368095,0.007199807386630998,0.0079,0.0067
198,990,840,35.63329923215624,24.082819405044212,0.025353467511424376,0.028951119894707653,0.0266,0.0297
198,990,842,3.4670477394603907,2.211534547380813,0.0024668409638488376,0.0026585924494828637,0.0025,0.0024
198,990,844,331.9629298307917,269.0161515126824,0.23619511911114538,0.32339730349118606,0.2442,0.3151
198,990,846,27.367158618523916,13.100992325137085,0.01947202144808968,0.015749335373301247,0.0192,0.0163
198,990,848,60.330169399100434,42.84108987110486,0.04292555061638799,0.05150134244740957,0.0404,0.0512
198,990,854,1.4511280975464649,0.8608224221586246,0.0010324929172670677,0.0010348361930890473,0.0011,0.001
198,990,856,1.4999226629090736,0.8449596761236535,0.0010672107641774818,0.0010157668202471965,0.0011,0.001
198,990,858,19.227302903640272,10.154587269565184,0.013680428419601631,0.012207319607307993,0.0138,0.012
198,990,860,133.20223710403613,86.34153923259751,0.09477479390453483,0.10379533277125225,0.0984,0.1015
198,990,862,11.248078486093698,5.642876015315247,0.008003126250116566,0.0067835736888906,0.0079,0.0067
198,990,864,0.7698353823847016,0.42752096927451544,0.0005477459785374587,0.0005139435973337774,0.0006,0.0005
198,990,890,367.9525841014416,170.04317499488465,0.2618021369837675,0.20441711012966102,0.2544,0.2155
199,995,802,22.505676127105623,12.686117174061875,0.016035863450085314,0.014927190070719142,0.0155,0.0139
199,995,806,22.09993173268687,10.31680063912987,0.015746760307047525,0.012139320640745736,0.0155,0.0139
199,995,808,6.434366689898926,3.087009080157752,0.004584649003400828,0.003632346340278717,0.0045,0.0038
199,995,810,5.850546692796266,3.161389664751326,0.004168662489594567,0.00371986666730751,0.0045,0.0038
199,995,816,1.9088819903555687,0.8217596302951434,0.0013601266972291441,0.0009669280226214368,0.0014,0.001
199,995,818,14.58965883867606,6.604431296366288,0.010395500921590311,0.0077711406821493354,0.0096,0.0081
199,995,820,68.50058029483455,34.12557111371579,0.048808395964455804,0.0401540423517291,0.0478,0.0417
199,995,822,54.220078655169615,28.029809473805646,0.038633177366309335,0.032981430639551196,0.0382,0.0335
199,995,824,18.892705893534508,9.742204182799211,0.013461530780070997,0.011463218536380326,0.0138,0.0115
199,995,826,16.374234612574583,8.701017548837507,0.011667056295663286,0.010238100513978964,0.0113,0.0096
199,995,828,4.539982404657039,2.018048838378141,0.003234852287738538,0.002374548348335913,0.0031,0.0024
199,995,830,37.7090251172184,18.085023928144,0.026868634125915485,0.021279843619990243,0.0274,0.0206
199,995,832,5.676754713639109,2.803820166010234,0.004044831308929539,0.0032991305352061007,0.0042,0.0034
199,995,834,68.6920758250603,36.155510130928505,0.04894484137301225,0.04254258134487802,0.0503,0.0431
199,995,836,48.9013306520923,24.900329585492543,0.03484343489329656,0.029299110787512066,0.0345,0.0302
199,995,838,10.523979765796017,5.269467020494409,0.0074986017537376475,0.006200347569477879,0.0079,0.0067
199,995,840,39.592816364276096,23.633491043023405,0.028210883033954314,0.027808478196555565,0.0266,0.0297
199,995,842,3.6302938457802605,1.9875343300903503,0.002586676181859022,0.0023386432830683705,0.0025,0.0024
199,995,844,351.34582858900944,277.1191963024058,0.25034278904532614,0.326073837935904,0.2442,0.3151
199,995,846,26.89251000109237,13.203246796457332,0.019161593536316107,0.015535673506492471,0.0192,0.0163
199,995,848,57.04973717314179,46.39431009740922,0.040649380627580035,0.05459012206192428,0.0404,0.0512
199,995,854,1.3873408541522547,0.8792314267795176,0.000988515446959443,0.0010345525304245016,0.0011,0.001
199,995,856,1.733938593674545,0.7992047890334045,0.001235475102456915,0.0009403887436671753,0.0011,0.001
199,995,858,19.03873619929874,10.098997723791618,0.013565581066300304,0.011883041633496912,0.0138,0.012
199,995,860,136.0364070594921,83.98540124037268,0.09692938063828731,0.09882188775962977,0.0984,0.1015
199,995,862,10.526968073485047,5.576660028967203,0.007500730998545824,0.0065618079251527454,0.0079,0.0067
199,995,864,0.8377467224513093,0.40024220292691637,0.0005969157278863505,0.00047094720594485046,0.0006,0.0005
199,995,890,347.9668194555605,179.280566944751,0.24793515957645101,0.21095147254687757,0.2544,0.2155
200,1000,802,22.32025234592949,11.094272314105725,0.015901854196172037,0.012857553141591297,0.0155,0.0139
200,1000,806,20.578175316608608,12.103090142615867,0.014660727774775947,0.014026708582616672,0.0155,0.0139
200,1000,808,6.458772610786694,2.9554768088629295,0.00460149189853088,0.0034252088873265463,0.0045,0.0038
200,1000,810,6.50574650145838,3.3109881380169934,0.004634958005854004,0.00383722381517579,0.0045,0.0038
200,1000,816,1.8491267875092616,0.8866520824464016,0.001317393016417699,0.00102757314273443,0.0014,0.001
200,1000,818,13.030559572430626,6.683308018476994,0.009283499810122633,0.00774552720325198,0.0096,0.0081
200,1000,820,64.16217480681927,33.77191749141042,0.04571173895681394,0.039139495727642734,0.0478,0.0417
200,1000,822,54.89872852995868,27.55907799170101,0.03911208364083927,0.031939211493937206,0.0382,0.0335
200,1000,824,19.228644973851644,9.80500096081867,0.013699267554199859,0.011363369974864526,0.0138,0.0115
200,1000,826,16.538162378763598,8.059209382635874,0.011782458493023135,0.009340109020463012,0.0113,0.0096
200,1000,828,4.289909216809816,2.1199425928413627,0.003056305539169453,0.002456878087436579,0.0031,0.0024
200,1000,830,37.87726567284766,16.687669652899775,0.026985302260220174,0.019339943467826665,0.0274,0.0206
200,1000,832,5.9030139934288375,2.843123853270211,0.004205546890180538,0.0032949989865553603,0.0042,0.0034
200,1000,834,68.65411610472509,36.168575996813274,0.04891198035507433,0.04191706988690366,0.0503,0.0431
200,1000,836,49.95534475550312,24.9995637953638,0.035590216289216305,0.02897289798870433,0.0345,0.0302
200,1000,838,11.175704416017467,5.212022613289211,0.007962025671068868,0.006040401373629285,0.0079,0.0067
200,1000,840,36.626723268394926,24.848817110174345,0.026094365066789905,0.028798192207120276,0.0266,0.0297
200,1000,842,3.0233293986848273,1.833050994649104,0.002153942640960072,0.002124389045776494,0.0025,0.0024
200,1000,844,370.7902248584595,274.0792975180313,0.2641660139716278,0.31764040336089017,0.2442,0.3151
200,1000,846,28.087293593022068,13.456727659107056,0.020010528580012538,0.01559548802213055,0.0192,0.0163
200,1000,848,56.0500229870452,42.549403758703946,0.039932312566109,0.049312041788894825,0.0404,0.0512
200,1000,854,1.4871261518530563,0.8064854039420338,0.0010594890627387715,0.0009346650817213397,0.0011,0.001
200,1000,856,1.5886463976150997,0.867373899200281,0.001131816208554485,0.0010052309594399764,0.0011,0.001
200,1000,858,19.918824390931206,9.766419686860582,0.014190979399097515,0.01131865674211327,0.0138,0.012
200,1000,860,135.48504396019192,85.24645761264328,0.09652504736174441,0.09879520060936245,0.0984,0.1015
200,1000,862,11.437028423416805,5.003375531074352,0.008148203506302057,0.005798592729361141,0.0079,0.0067
200,1000,864,0.8815985399276882,0.45504243675038747,0.0006280866015408148,0.0005273651255845267,0.0006,0.0005
200,1000,890,334.824210386579,199.68796845962842,0.23854236468284373,0.23142560354694497,0.2544,0.2155
201,1005,802,23.251897169969077,11.814644165571252,0.01613792501227082,0.014049458882002328,0.0155,0.0139
201,1005,806,22.980799908765096,10.906799568909022,0.015949770590274137,0.01296988973431507,0.0155,0.0139
201,1005,808,6.863308209267542,2.9452697571526576,0.004763463058847238,0.003502386171739646,0.0045,0.0038
201,1005,810,6.264137317236615,3.2092743286337013,0.004347609898373994,0.003816328878748311,0.0045,0.0038
201,1005,816,1.9814441166848837,0.8966556776815819,0.001375216668873148,0.0010662637738689958,0.0014,0.001
201,1005,818,13.336341442445155,6.730193002847448,0.009256056680578629,0.008003251603377691,0.0096,0.0081
201,1005,820,68.76769288013915,33.43464650114128,0.047728056891627464,0.03975902148800391,0.0478,0.0417
201,1005,822,57.92676669809875,25.399916314746804,0.04020393735374788,0.030204471236657083,0.0382,0.0335
201,1005,824,21.30191350911561,10.345805750111797,0.014784543399408287,0.012302780384274988,0.0138,0.0115
201,1005,826,15.475930426937417,8.65374390944212,0.010741033426192833,0.010290654337722627,0.0113,0.0096
201,1005,828,4.39421333832129,1.9998554739217536,0.0030497935210782425,0.002378140793498239,0.0031,0.0024
201,1005,830,37.16720168599301,17.299421211928653,0.025795809664046373,0.02057171621873208,0.0274,0.0206
201,1005,832,5.701772700612656,2.748482272287794,0.003957302047522443,0.0032683750886840714,0.0042,0.0034
201,1005,834,72.92062326417513,38.11488811485997,0.050610388540905216,0.04532456042326795,0.0503,0.0431
201,1005,836,49.29932009817284,25.959414658990607,0.03421607815846483,0.030869802233667403,0.0345,0.0302
201,1005,838,10.718855301509144,5.515870433663119,0.0074393965278905525,0.00655923223502816,0.0079,0.0067
201,1005,840,36.585623939559454,24.954505172080896,0.02539216698525146,0.029674807757438134,0.0266,0.0297
201,1005,842,3.7482931346061488,2.0420236939510654,0.002601494109840157,0.002428285399220302,0.0025,0.0024
201,1005,844,372.71309330376715,286.93801114867273,0.25868065331873696,0.34121415193056587,0.2442,0.3151
201,1005,846,29.184043160971726,13.486918385712091,0.020255117104806257,0.01603805435437094,0.0192,0.0163
201,1005,848,58.48419797044996,44.71628023993238,0.04059082122851045,0.05317464764768453,0.0404,0.0512
201,1005,854,1.6021234806622557,0.8724415387761059,0.001111950065937789,0.0010374693773431206,0.0011,0.001
201,1005,856,1.577180083864528,0.8549046747356411,0.0010946381595530945,0.0010166153044821066,0.0011,0.001
201,1005,858,19.643175179268894,10.039384418668668,0.013633299929407974,0.011938397518710243,0.0138,0.012
201,1005,860,139.19143522501057,86.34314232600137,0.09660549105269242,0.10267549414539455,0.0984,0.1015
201,1005,862,10.252549708736858,5.709129269313825,0.007115758218553764,0.006789047202538607,0.0079,0.0067
201,1005,864,0.8773233710211348,0.43045179656145305,0.0006089042399231698,0.000511874478124137,0.0006,0.0005
201,1005,890,348.611968931145,158.57025424984568,0.24195332414668447,0.18856482140053885,0.2544,0.2155
202,1010,802,21.510528103155988,11.965150730465094,0.015116410250696622,0.014754452772392079,0.0155,0.0139
202,1010,806,22.523826506169573,11.105027577409224,0.01582850036270469,0.013693818708845226,0.0155,0.0139
202,1010,808,6.28532736921644,3.4491591099269687,0.004416980681151547,0.004253223075770246,0.0045,0.0038
202,1010,810,6.68919843969098,3.018893140911224,0.004700798947277027,0.0037226540037696336,0.0045,0.0038
202,1010,816,1.9269228688253202,0.8636193215854295,0.0013541348899908775,0.0010649452548235645,0.0014,0.001
202,1010,818,14.17192475242067,7.8193941183386615,0.009959245424948993,0.00964224219373989,0.0096,0.0081
202,1010,820,70.09071548913428,34.28849780654836,0.04925588088853843,0.04228179259245505,0.0478,0.0417
202,1010,822,52.5783745336315,26.09365040244096,0.036949175582934306,0.032176571879020496,0.0382,0.0335
202,1010,824,19.12241873573683,9.206531609496116,0.013438178979557206,0.011352747565810664,0.0138,0.0115
202,1010,826,15.881867788489213,8.028424077739272,0.011160898881088056,0.009900000974508,0.0113,0.0096
202,1010,828,4.4085343866535505,2.033248714445773,0.0030980743045160657,0.0025072372933367107,0.0031,0.0024
202,1010,830,38.09462406321572,17.264381368195963,0.026770796278178775,0.021289033901849698,0.0274,0.0206
202,1010,832,5.921934077101591,2.773176308736706,0.004161607960425395,0.003419655949054798,0.0042,0.0034
202,1010,834,65.86424642581753,34.60164461128302,0.04628575203040036,0.0426679398166199,0.0503,0.0431
202,1010,836,48.53197572531053,24.80363961986849,0.03410559014741283,0.030585835281036814,0.0345,0.0302
202,1010,838,11.390938944463768,5.629537001975526,0.008004922305923675,0.006941888129716271,0.0079,0.0067
202,1010,840,39.04601561135715,24.24362495860738,0.02743938167421288,0.029895270652345086,0.0266,0.0297
202,1010,842,3.6626995968890528,1.9531421988755726,0.0025739428370200137,0.0024084564398927128,0.0025,0.0024
202,1010,844,345.59398613925754,252.31877572580103,0.24286435226516367,0.3111390356792782,0.2442,0.3151
202,1010,846,27.207815289249247,14.314439198091186,0.019120148792494063,0.017651404639121064,0.0192,0.0163
202,1010,848,51.55109119546058,44.43884834967959,0.03622725763145368,0.054798381065555936,0.0404,0.0512
202,1010,854,1.597283146050447,0.8500075489315928,0.0011224823122161927,0.0010481603215374156,0.0011,0.001
202,1010,856,1.5966562242207014,0.8191616941414529,0.001122041746204605,0.001010123716903059,0.0011,0.001
202,1010,858,19.854319042803038,10.199126078305461,0.013952518062780384,0.012576734504386892,0.0138,0.012
202,1010,860,141.73116780530032,81.05096909205942,0.09960083116420121,0.0999454768739814,0.0984,0.1015
202,1010,862,11.530764716484256,5.374427853883456,0.008103184130242715,0.0066273082333054446,0.0079,0.0067
202,1010,864,0.7706253398301001,0.47402034442959873,0.0005415528958931119,0.0005845234165944923,0.0006,0.0005
202,1010,890,373.8560356101951,171.97132865603038,0.26272535857237256,0.2120610850643491,0.2544,0.2155
203,1015,802,21.714729822668787,11.779665827855919,0.015312340403687685,0.013801652142767368,0.0155,0.0139
203,1015,806,22.637917688790477,11.388680859505888,0.015963334773778908,0.0133435543830281,0.0155,0.0139
203,1015,808,6.69817087139421,3.1191206777952774,0.00472327647188972,0.0036545195097507097,0.0045,0.0038
203,1015,810,6.631247543986916,2.951999210603012,0.004676084875283339,0.0034587115480068254,0.0045,0.0038
203,1015,816,1.9440530677872137,0.8030906397916305,0.0013708668069963854,0.0009409416032249219,0.0014,0.001
203,1015,818,14.993218668021436,6.432873618022107,0.010572605317520503,0.007537080020077837,0.0096,0.0081
203,1015,820,64.13126052979631,37.000165895373144,0.045222745102942816,0.04335126533938132,0.0478,0.0417
203,1015,822,49.61163536354874,30.565801282326603,0.03498409857613062,0.03581243839413816,0.0382,0.0335
203,1015,824,20.73348670662283,9.57454598381735,0.014620407842961756,0.011218022227853792,0.0138,0.0115
203,1015,826,14.205872002412685,8.249730124362502,0.01001740061278944,0.009665800975347746,0.0113,0.0096
203,1015,828,4.308139634511612,2.058363191459013,0.0030379240786774326,0.0024116823997514547,0.0031,0.0024
203,1015,830,38.78772589115268,17.35046106338444,0.027351519783139752,0.020328677537455066,0.0274,0.0206
203,1015,832,5.67788923023004,2.7718951705477197,0.004003815538011114,0.003247692547410725,0.0042,0.0034
203,1015,834,72.15423108373528,36.94383412992808,0.05088021619164263,0.04328526419447429,0.0503,0.0431
203,1015,836,52.477703178602766,25.179380285530527,0.03700513251772478,0.029501435180746577,0.0345,0.0302
203,1015,838,12.055091226802965,5.95530566958713,0.00850075787125908,0.006977537262655292,0.0079,0.0067
203,1015,840,36.243064762572324,24.79670920272118,0.025557128707079584,0.029053078389712543,0.0266,0.0297
203,1015,842,3.6594902240796032,2.0108927763606474,0.002580523012382907,0.002356063660999876,0.0025,0.0024
203,1015,844,353.9911157025695,281.3315897350154,0.24962007392145183,0.32962231654420054,0.2442,0.3151
203,1015,846,26.816420362016373,13.756977413297768,0.018909844163150176,0.016118370382396708,0.0192,0.0163
203,1015,848,55.330110946407,41.87629474746688,0.03901653395202424,0.04906438447224884,0.0404,0.0512
203,1015,854,1.5895685756356321,0.8463481359624466,0.001120898824157985,0.0009916242731275674,0.0011,0.001
203,1015,856,1.4548604113199923,0.9228927811391721,0.0010259081296385604,0.00108130785002688,0.0011,0.001
203,1015,858,19.71736538413998,9.888079098408049,0.013903880595864263,0.011585373479243823,0.0138,0.012
203,1015,860,132.8214898153132,84.42120991512641,0.09366028873423272,0.09891215843872492,0.0984,0.1015
203,1015,862,10.57050228501968,5.553303857411955,0.007453886396376402,0.006506531611605025,0.0079,0.0067
203,1015,864,0.8821759991980225,0.3921671665718069,0.0006220744769102197,0.00045948288295576844,0.0006,0.0005
203,1015,890,366.2810482837055,175.57541351918448,0.25828643232229503,0.2057130327486875,0.2544,0.2155
204,1020,802,22.41816494220625,11.230454655058605,0.015764222325815824,0.013765411954984179,0.0155,0.0139
204,1020,806,21.669760285414533,12.498112652481996,0.01523795189156058,0.015319207868732266,0.0155,0.0139
204,1020,808,6.572005596387135,3.1673012781316245,0.004621366539814419,0.0038822299023656237,0.0045,0.0038
204,1020,810,5.8054492944576,3.0879339697122923,0.004082332055947197,0.0037849476702826795,0.0045,0.0038
204,1020,816,2.0429393144233976,0.8268694080902255,0.001436573851327492,0.0010135117753410745,0.0014,0.001
204,1020,818,13.824620715745793,6.926859670326367,0.009721330675143478,0.008490402200543035,0.0096,0.0081
204,1020,820,67.52496156641902,36.38392626986103,0.04748285639879136,0.04459656790643035,0.0478,0.0417
204,1020,822,50.78493672172837,30.77491469728308,0.03571144361493068,0.03772148071465484,0.0382,0.0335
204,1020,824,18.670357144062862,9.355493311462972,0.013128802543836814,0.011467231152247138,0.0138,0.0115
204,1020,826,14.785137306417264,8.260576923108173,0.010396756033196427,0.010125168376972204,0.0113,0.0096
204,1020,828,4.255190642091724,2.0278553287622567,0.0029922061637781563,0.0024855862779294283,0.0031,0.0024
204,1020,830,39.2115236893566,17.121338280849496,0.027573138959703727,0.02098599583859003,0.0274,0.0206
204,1020,832,5.879841514607086,2.906838362055705,0.004134643897740262,0.0035629748544707893,0.0042,0.0034
204,1020,834,68.95986138281619,34.36918935930615,0.0484918631475271,0.042127061158348,0.0503,0.0431
204,1020,836,48.61354301489574,25.670297720352206,0.0341845419599722,0.031464640923381686,0.0345,0.0302
204,1020,838,12.123631919065275,5.183993106750329,0.008525212900396003,0.006354132835937635,0.0079,0.0067
204,1020,840,37.12726463909827,24.20312190110089,0.026107509496383675,0.02966629168617706,0.0266,0.0297
204,1020,842,3.673976020987301,1.8834241530392113,0.002583502037917477,0.0023085538519025004,0.0025,0.0024
204,1020,844,337.43690245838013,257.4751749858135,0.23728214887355664,0.31559290881112284,0.2442,0.3151
204,1020,846,26.984511675356224,13.37841335115582,0.018975230242998836,0.016398211536321743,0.0192,0.0163
204,1020,848,59.14999646849266,43.96721253622959,0.04159366733648329,0.053891566429229903,0.0404,0.0512
204,1020,854,1.662991584557447,0.8725809820618864,0.001169398527154576,0.0010695414434317794,0.0011,0.001
204,1020,856,1.5920420919251863,0.8597609012744167,0.0011195075758370985,0.0010538275922337597,0.0011,0.001
204,1020,858,20.025049432538545,10.184182564447271,0.014081408186343842,0.012482973550962824,0.0138,0.012
204,1020,860,137.42759420393682,80.53078201874361,0.09663766656717493,0.09870832691940142,0.0984,0.1015
204,1020,862,10.978018068345964,5.477523292682291,0.007719629058505691,0.006713919154005938,0.0079,0.0067
204,1020,864,0.8712675623130448,0.4385249787687156,0.0006126663619873756,0.0005375095818211609,0.0006,0.0005
204,1020,890,382.0198572535113,166.78322516319503,0.2686324227761751,0.20442981803217852,0.2544,0.2155
205,1025,802,21.816892837554263,11.336421720660564,0.015159301364339555,0.013491048712367372,0.0155,0.0139
205,1025,806,21.752507240818808,11.98243924039636,0.015114563524184997,0.01425984984226134,0.0155,0.0139
205,1025,808,5.757614797394825,3.0713511325903426,0.004000634668895109,0.0036550993570611968,0.0045,0.0038
205,1025,810,6.459362455881842,3.2144540679000553,0.004488238669883403,0.003825400773038653,0.0045,0.0038
205,1025,816,1.9129415499399272,0.8773571274077987,0.0013291928261200102,0.0010441096878417485,0.0014,0.001
205,1025,818,13.024146174593879,6.301748797241681,0.009049728499102443,0.007499474004371825,0.0096,0.0081
205,1025,820,68.09215276184591,35.36173752139769,0.047313312301128944,0.042082672576098115,0.0478,0.0417
205,1025,822,58.34129064247079,30.310197919055316,0.04053800022849098,0.036071025468488324,0.0382,0.0335
205,1025,824,20.671293018123677,9.784982466287921,0.014363290079185895,0.011644739262104558,0.0138,0.0115
205,1025,826,17.216593842338465,8.089337025395302,0.011962818741731482,0.009626815458132576,0.0113,0.0096
205,1025,828,4.585040789764285,2.0267333699078085,0.003185880575082756,0.002411939083968154,0.0031,0.0024
205,1025,830,41.02877190636033,16.94840571205912,0.028508528806936603,0.020169659588584153,0.0274,0.0206
205,1025,832,5.978188225410067,2.7740095750026272,0.004153898430749079,0.003301244363265737,0.0042,0.0034
205,1025,834,74.18566200767069,35.93305849353399,0.05154734066216308,0.04276258015676271,0.0503,0.0431
205,1025,836,50.20186470033765,26.070170829883,0.03488238227646405,0.03102512885213981,0.0345,0.0302
205,1025,838,10.975908860545061,5.189946039043714,0.007626526444596124,0.006176359397400484,0.0079,0.0067
205,1025,840,38.35547352128695,24.369387079906957,0.0266510078410559,0.029001090139967354,0.0266,0.0297
205,1025,842,3.5137290185548737,1.798734041015859,0.002441487772869751,0.002140605666046478,0.0025,0.0024
205,1025,844,350.2843763897731,257.98416616808237,0.24339242368060288,0.3070172439377346,0.2442,0.3151
205,1025,846,28.783805488909664,13.790459126909916,0.020000207411195584,0.0164115062434544,0.0192,0.0163
205,1025,848,58.310940984153845,46.73921040870961,0.04051691200020123,0.05562257473646166,0.0404,0.0512
205,1025,854,1.691095051663096,0.8427956233381259,0.001175044481117692,0.0010029793429705038,0.0011,0.001
205,1025,856,1.6806094952462616,0.8704150632611141,0.0011677586723236018,0.001035848198645681,0.0011,0.001
205,1025,858,19.6187577508794,9.995262692460582,0.013631943987349826,0.011894985842943443,0.0138,0.012
205,1025,860,139.1798288008685,86.91672792340319,0.0967080410734636,0.10343632578498389,0.0984,0.1015
205,1025,862,11.117400851742682,6.300789722364328,0.007724841074052115,0.0074983326454661665,0.0079,0.0067
205,1025,864,0.9007337580124656,0.3839660107348048,0.0006258679725116976,0.00045694349437229513,0.0006,0.0005
205,1025,890,363.7383664693483,181.02784006408734,0.25274082593420166,0.2154344173830668,0.2544,0.2155
206,1030,802,21.875841116885187,12.34991957154544,0.015163139117320722,0.014468842348609116,0.0155,0.0139
206,1030,806,21.8850218426199,11.756165859067838,0.015169502695332173,0.013773216048375263,0.0155,0.0139
206,1030,808,5.960426865712336,3.3072290752431037,0.004131442593704518,0.0038746629743792514,0.0045,0.0038
206,1030,810,5.670762447109242,3.0956074874226984,0.003930663028102977,0.0036267326640644754,0.0045,0.0038
206,1030,816,1.8534522385766845,0.8403475877539589,0.0012847119336204715,0.000984529226672888,0.0014,0.001
206,1030,818,13.326846732212159,6.604299548448487,0.009237442798931652,0.0077374243966459935,0.0096,0.0081
206,1030,820,68.5010690126661,34.46591375452059,0.047481202371803415,0.04037936195664739,0.0478,0.0417
206,1030,822,56.84126691479175,28.29500565859335,0.03939926392903279,0.03314968763605958,0.0382,0.0335
206,1030,824,18.684446894516462,9.21452206985225,0.012951038823054147,0.010795492745851768,0.0138,0.0115
206,1030,826,14.657036568660159,9.11943288408148,0.010159457794137424,0.010684088746011572,0.0113,0.0096
206,1030,828,4.45687166075716,1.9890116170111214,0.0030892601870262408,0.0023302739219770246,0.0031,0.0024
206,1030,830,38.44111082195364,17.317167972879997,0.02664527997361051,0.020288340492619836,0.0274,0.0206
206,1030,832,5.768424277424306,2.8665172338602707,0.003998356878666577,0.0033583365224381973,0.0042,0.0034
206,1030,834,68.67687608450194,36.04530643352377,0.047603062238759486,0.0422297370580121,0.0503,0.0431
206,1030,836,48.773630236123026,25.310049615843354,0.033807218500789556,0.029652591306818195,0.0345,0.0302
206,1030,838,10.473314098022966,5.186697120872821,0.007259529717700323,0.006076598516868125,0.0079,0.0067
206,1030,840,35.42712720171342,24.446281512023308,0.02455615102598101,0.028640623216862015,0.0266,0.0297
206,1030,842,3.2542038565528673,1.8486190416725055,0.002255636504643741,0.0021657936573306153,0.0025,0.0024
206,1030,844,380.58686190328905,263.1126602999359,0.2638020409103152,0.3082559023764173,0.2442,0.3151
206,1030,846,27.46191794629621,13.729345198459722,0.01903510269722725,0.01608494128851148,0.0192,0.0163
206,1030,848,56.49475784575114,42.97830869222889,0.03915908275422893,0.050352260941882415,0.0404,0.0512
206,1030,854,1.544388822989365,0.8899073411390274,0.0010704860420725762,0.0010425921358611112,0.0011,0.001
206,1030,856,1.5861057451082639,0.7952672523344252,0.0010994019356492144,0.0009317142862654639,0.0011,0.001
206,1030,858,19.60906689180403,10.3482423372024,0.013591934941041878,0.012123729721054965,0.0138,0.012
206,1030,860,135.5329971416775,86.79663120483559,0.09394407646618097,0.10168866007732057,0.0984,0.1015
206,1030,862,10.841159190566144,5.240722576241239,0.007514499859513553,0.006139893325551615,0.0079,0.0067
206,1030,864,0.9028347492671951,0.3817977942566673,0.0006257957730605007,0.00044730429717730835,0.0006,0.0005
206,1030,890,363.61088250210827,195.22173148481073,0.2520352185084927,0.22871666811371463,0.2544,0.2155
207,1035,802,21.36105443410059,11.375156271533303,0.015129583385944542,0.013897728219821472,0.0155,0.0139
207,1035,806,21.664981738430043,11.912754990641837,0.01534484867204283,0.014554545648184364,0.0155,0.0139
207,1035,808,6.6244206949266395,3.0532227419056475,0.004691937169893236,0.0037303100589283693,0.0045,0.0038
207,1035,810,6.804081479126266,3.111649243628356,0.004819187106178831,0.003801693310498212,0.0045,0.0038
207,1035,816,1.9231428583131394,0.9094764548595428,0.0013621214405728599,0.0011111633361552847,0.0014,0.001
207,1035,818,11.182666856779772,7.087862038842059,0.007920446586981024,0.008659677100166881,0.0096,0.0081
207,1035,820,66.86822624620643,32.44761269040391,0.04736135137819487,0.03964324461034227,0.0478,0.0417
207,1035,822,54.369052707961245,28.3995815561965,0.038508450933337476,0.034697515937640096,0.0382,0.0335
207,1035,824,18.987508022492303,9.67714756962108,0.013448450627932868,0.011823166526711035,0.0138,0.0115
207,1035,826,17.941251140365328,8.581389025868674,0.012707408991149784,0.01048441090242759,0.0113,0.0096
207,1035,828,4.1507835697315745,1.9344975162737574,0.0029399122748832874,0.002363494626475878,0.0031,0.0024
207,1035,830,37.9896663141043,16.839002238307327,0.02690727773184714,0.020573244974806455,0.0274,0.0206
207,1035,832,6.039647772055185,3.023073651995996,0.004277754867904326,0.0036934750610050555,0.0042,0.0034
207,1035,834,68.51229269965397,35.1425553002781,0.04852580889953145,0.04293582179047092,0.0503,0.0431
207,1035,836,46.4926454518731,25.307918772690527,0.032929758143134785,0.03092024131504618,0.0345,0.0302
207,1035,838,11.440987096018173,5.992116970887361,0.00810340935278885,0.007320937940094533,0.0079,0.0067
207,1035,840,37.303755369290585,23.122427142613752,0.026421461506486818,0.028250091738507004,0.0266,0.0297
207,1035,842,3.573089597306863,2.021347345316708,0.0025307438438809146,0.0024696044056441414,0.0025,0.0024
207,1035,844,346.3735898768629,258.44563902297404,0.2453290930416378,0.31575893684449796,0.2442,0.3151
207,1035,846,27.43783744337403,13.398428767021434,0.019433640357510638,0.01636968469986583,0.0192,0.0163
207,1035,848,58.306791032932175,44.027872176183386,0.04129746776410638,0.05379156004501709,0.0404,0.0512
207,1035,854,1.4543319906895409,0.8027930325873401,0.0010300726114371042,0.0009808216359704779,0.0011,0.001
207,1035,856,1.4977481824066943,0.8110162768266757,0.0010608233824213403,0.0009908684793540274,0.0011,0.001
207,1035,858,20.174965528969494,10.069873910671825,0.014289501682642605,0.012302984458210315,0.0138,0.012
207,1035,860,141.2833911048271,85.74286902523377,0.10006803986965726,0.1047573380141197,0.0984,0.1015
207,1035,862,11.34703540957234,5.535604703335153,0.008036865358965063,0.006763188818059851,0.0079,0.0067
207,1035,864,0.8570048974574828,0.4443974921621954,0.0006069984559164285,0.0005429477556362336,0.0006,0.0005
207,1035,890,359.9113247968757,169.27305232006455,0.2549175845630195,0.20681130174634277,0.2544,0.2155
208,1040,802,22.238346988497387,12.115588120413516,0.016247457795672843,0.014743967416946646,0.0155,0.0139
208,1040,806,23.539675682054828,11.190598330929081,0.017198215648215068,0.013618308540000491,0.0155,0.0139
208,1040,808,5.861311999987008,3.2741353855755255,0.004282306566954702,0.00398443269644181,0.0045,0.0038
208,1040,810,6.257257783373209,2.9252054774029013,0.004571586719309076,0.003559805254029236,0.0045,0.0038
208,1040,816,1.9894141692614111,0.746148052836586,0.0014534768600340264,0.0009080188654403785,0.0014,0.001
208,1040,818,14.193283254078652,6.617710098129729,0.010369690281923902,0.008053369022773722,0.0096,0.0081
208,1040,820,64.16169197943732,34.32818881679526,0.04687688266911544,0.04177541299417718,0.0478,0.0417
208,1040,822,53.15251352645197,27.600874570213172,0.03883351674931798,0.033588662085399845,0.0382,0.0335
208,1040,824,20.090849752382233,8.838106674976917,0.01467848458340341,0.01075546275989702,0.0138,0.0115
208,1040,826,15.21252048891121,8.304336127427709,0.011114350573684158,0.01010589498960188,0.0113,0.0096
208,1040,828,4.259771642784637,2.0304258780495017,0.003112212432927049,0.0024709104247318515,0.0031,0.0024
208,1040,830,37.41968154451423,17.230503215038848,0.027339023756418734,0.020968522159653637,0.0274,0.0206
208,1040,832,5.864409293485588,2.804995177478663,0.004284569466504972,0.0034135162973851847,0.0042,0.0034
208,1040,834,70.61559001221978,38.695551758955446,0.05159213582886903,0.047090240163705645,0.0503,0.0431
208,1040,836,47.326256755246774,25.02297168078171,0.034576821724014495,0.030451503919566386,0.0345,0.0302
208,1040,838,10.482947255889908,5.955033580069914,0.007658898532450864,0.00724693016952587,0.0079,0.0067
208,1040,840,36.95968943067342,25.190404421100098,0.02700295100515549,0.03065525984484624,0.0266,0.0297
208,1040,842,3.626051846650749,1.9340957147945972,0.002649213287923446,0.0023536822081414886,0.0025,0.0024
208,1040,844,322.63198683171896,263.7570017555761,0.23571669208569274,0.3209769597006591,0.2442,0.3151
208,1040,846,26.646056796245077,13.508927066681135,0.019467754660093373,0.01643958002942223,0.0192,0.0163
208,1040,848,56.08476365391948,39.83695981957348,0.0409758347110364,0.04847926751326019,0.0404,0.0512
208,1040,854,1.753539328758267,0.9196202846836604,0.0012811454130016477,0.0011191245013103261,0.0011,0.001
208,1040,856,1.5784341150881545,0.8360512975809365,0.001153212587311906,0.0010174258952943484,0.0011,0.001
208,1040,858,20.083673624271498,10.285913418987644,0.014673241665003233,0.012517359520299701,0.0138,0.012
208,1040,860,144.2898712980646,81.83954325006313,0.10541896821157458,0.09959397324374732,0.0984,0.1015
208,1040,862,11.691079905221107,5.331618079584482,0.00854156684596068,0.0064882696955130765,0.0079,0.0067
208,1040,864,0.8691529083740839,0.43859494584045705,0.0006350078629539544,0.0005337445880826514,0.0006,0.0005
208,1040,890,339.84796731432994,170.1727808140336,0.2482947814754765,0.20709039550014674,0.2544,0.2155
209,1045,802,22.169871690381,11.861823123864108,0.015258595367516566,0.014047453438789888,0.0155,0.0139
209,1045,806,21.69237547979993,11.473459270710737,0.014929954698389905,0.013587530618535945,0.0155,0.0139
209,1045,808,6.443193669738864,3.0405546660952147,0.0044345806982611325,0.003600799780443361,0.0045,0.0038
209,1045,810,6.9208610243657045,3.3192091704618263,0.004763339158675918,0.003930798477500639,0.0045,0.0038
209,1045,816,1.9113659012524487,0.8429126612588344,0.0013155132016002447,0.00099822567225591,0.0014,0.001
209,1045,818,13.945819238673911,6.711254604358375,0.009598324059032754,0.007947853848951775,0.0096,0.0081
209,1045,820,69.30002328381521,34.74856693328239,0.047696307358693624,0.041151252295940945,0.0478,0.0417
209,1045,822,51.3019297020996,26.237217422971653,0.03530897236706852,0.031071622487027693,0.0382,0.0335
209,1045,824,18.96959521691204,9.799789823319252,0.013055978931354118,0.011605474960762975,0.0138,0.0115
209,1045,826,14.660873658857227,7.789901746073978,0.010090466107291217,0.009225249856455025,0.0113,0.0096
209,1045,828,4.905330354585745,1.9575445999174086,0.0033761337038813563,0.0023182369467617267,0.0031,0.0024
209,1045,830,40.360160398817,16.690943773473556,0.027778210225763877,0.019766375965902142,0.0274,0.0206
209,1045,832,5.972922265899228,2.8947920051410727,0.004110912561416824,0.0034281792505732106,0.0042,0.0034
209,1045,834,69.7318083941633,35.33326424482857,0.047993486989524714,0.041843684494091524,0.0503,0.0431
209,1045,836,50.2380830995073,25.365537565810083,0.034576771248867814,0.030039329046201265,0.0345,0.0302
209,1045,838,11.129367271320021,6.1310334651203435,0.007659877975894398,0.007260722591594709,0.0079,0.0067
209,1045,840,37.11179546422714,25.874857348638987,0.02554249651324648,0.03064249483783658,0.0266,0.0297
209,1045,842,3.6063497756687646,2.0357406861593237,0.0024820997049134538,0.002410841251269436,0.0025,0.0024
209,1045,844,379.92640132175586,269.6069177472835,0.2614874505440025,0.31928402441031106,0.2442,0.3151
209,1045,846,27.313480351074805,13.377794199239474,0.01879872606283462,0.015842753610906302,0.0192,0.0163
209,1045,848,54.85133417810354,43.38795027926292,0.03775187900411932,0.05138250713975652,0.0404,0.0512
209,1045,854,1.543978412913276,0.8519778035952037,0.001062655760387002,0.0010089611353931035,0.0011,0.001
209,1045,856,1.503616460115725,0.7746624198394995,0.0010348763165281614,0.000917399809442677,0.0011,0.001
209,1045,858,19.61060660396832,9.582180496528654,0.013497160256968468,0.011347769475356822,0.0138,0.012
209,1045,860,145.22450581632918,83.40621276400219,0.09995195293170599,0.09877443611100217,0.0984,0.1015
209,1045,862,11.706107213416248,5.546528042587551,0.008056823954275929,0.00656851763945453,0.0079,0.0067
209,1045,864,0.7963118454589581,0.4097750035037617,0.0005480681352563033,0.00048527913643546934,0.0006,0.0005
209,1045,890,360.09508665990876,185.3585211195742,0.2478383861625287,0.21951222571104664,0.2544,0.2155
210,1050,802,20.555135451408873,11.057851142304088,0.014432330583496134,0.012794176499480737,0.0155,0.0139
210,1050,806,20.834458872713153,11.576728435654537,0.014628451303084981,0.013394528917619298,0.0155,0.0139
210,1050,808,6.302471369062106,3.264066467505491,0.004425139912424626,0.0037765965515249513,0.0045,0.0038
210,1050,810,5.991112962944659,3.071757986338649,0.004206526541685226,0.0035540914175045835,0.0045,0.0038
210,1050,816,1.9971846434321372,0.8433450443386143,0.0014022787190302278,0.0009757687283338111,0.0014,0.001
210,1050,818,14.106113745891628,7.105385984305455,0.009904293616082839,0.008221087552205785,0.0096,0.0081
210,1050,820,69.27345551059814,36.118314041585506,0.04863881403036624,0.04178968216924571,0.0478,0.0417
210,1050,822,53.45878225617049,27.626845426603495,0.037534893405886456,0.03196486658783033,0.0382,0.0335
210,1050,824,19.33557730585382,9.01311455552308,0.013576044991797948,0.010428371385127299,0.0138,0.0115
210,1050,826,16.06328836054146,7.359606342242415,0.01127848018444802,0.008515226086659678,0.0113,0.0096
210,1050,828,4.195246612767109,2.1548337034037384,0.0029455989787991075,0.002493189894997323,0.0031,0.0024
210,1050,830,39.12311410998671,18.568341996910394,0.02746942327993608,0.021483979278969677,0.0274,0.0206
210,1050,832,6.2151298930330245,2.9933743987259462,0.004363815040171555,0.003463399886060214,0.0042,0.0034
210,1050,834,69.04065526611087,37.22554665773932,0.04847535852328377,0.04307077461069288,0.0503,0.0431
210,1050,836,48.517043851677705,24.95415813716303,0.034065161840293186,0.028872508726527538,0.0345,0.0302
210,1050,838,10.63077198496803,5.4700726926738685,0.007464159796344808,0.006328994177477847,0.0079,0.0067
210,1050,840,36.15367153987148,24.217572198123303,0.025384495310382275,0.02802026262646416,0.0266,0.0297
210,1050,842,3.3223633562152095,1.9385603220274994,0.002332723439781815,0.0022429568453877806,0.0025,0.0024
210,1050,844,344.47214738271924,282.591589380739,0.24186344670832377,0.3269646720034075,0.2442,0.3151
210,1050,846,26.424134847084925,13.479539058339487,0.018553117803457274,0.015596122576135976,0.0192,0.0163
210,1050,848,58.11046364452963,43.62785929498452,0.04080096789732426,0.05047839086738118,0.0404,0.0512
210,1050,854,1.5363413713069884,0.8186873867658381,0.001078707878730348,0.000947239277268681,0.0011,0.001
210,1050,856,1.6089792515336847,0.873667735393867,0.0011297089486476091,0.001010852747489751,0.0011,0.001
210,1050,858,20.09299727917287,10.3785558094342,0.014107850557921527,0.01200821688832613,0.0138,0.012
210,1050,860,137.20228821445883,84.84700571304356,0.09633353110244106,0.0981698480631688,0.0984,0.1015
210,1050,862,11.769657212203528,5.434977631115016,0.008263802695073371,0.006288388420892256,0.0079,0.0067
210,1050,864,0.8454492103736738,0.4007436370257704,0.0005936133344639334,0.00046366918465165887,0.0006,0.0005
210,1050,890,377.0642469501191,187.27573655248378,0.2647472635763219,0.21668213802916858,0.2544,0.2155
211,1055,802,20.602126921533394,11.689260235459173,0.014503371166016419,0.014008780671786434,0.0155,0.0139
211,1055,806,20.722584752608412,12.013428062028662,0.014588170402550987,0.014397273689461415,0.0155,0.0139
211,1055,808,6.191644346042018,3.0483848051645888,0.00435875948248603,0.003653281155398938,0.0045,0.0038
211,1055,810,5.710549089338246,3.0585295343032213,0.004020080709136086,0.0036654389209559643,0.0045,0.0038
211,1055,816,1.7883331065772559,0.8224525123165354,0.0012589408322718307,0.0009856532086651324,0.0014,0.001
211,1055,818,14.113435969444065,6.971655540979902,0.009935498459564825,0.0083550533930769,0.0096,0.0081
211,1055,820,65.11744818886831,36.25932479210941,0.04584102039871854,0.04345432628652363,0.0478,0.0417
211,1055,822,55.22546489758201,29.33191569388,0.03887731680694978,0.0351522992355345,0.0382,0.0335
211,1055,824,19.48576072823541,9.963478318654106,0.01371747787838355,0.011940548818540531,0.0138,0.0115
211,1055,826,15.27345769619666,7.833036126142945,0.01075212412776957,0.009387359240446045,0.0113,0.0096
211,1055,828,4.4323232175929075,2.0310440510485246,0.003120242341838632,0.002434067688865833,0.0031,0.0024
211,1055,830,38.44119589252476,17.21630686902707,0.02706162010448076,0.020632568875039378,0.0274,0.0206
211,1055,832,5.774662223723592,2.8098571812551065,0.00406521471826771,0.003367422076192713,0.0042,0.0034
211,1055,834,68.74940618618334,34.94560997627242,0.04839782606713643,0.04187992873273235,0.0503,0.0431
211,1055,836,49.505474876974404,25.060715727832616,0.034850589923325306,0.03003355755946221,0.0345,0.0302
211,1055,838,11.347855508885202,5.706270693016539,0.007988600449386832,0.00683857600755788,0.0079,0.0067
211,1055,840,35.87323792403829,25.365567853076033,0.025253843281362504,0.030398902027276194,0.0266,0.0297
211,1055,842,3.637740686648807,1.9342174938496,0.0025608765340166266,0.0023180276678823634,0.0025,0.0024
211,1055,844,364.3694554178546,266.7336583030774,0.2565067904693353,0.3196620865378704,0.2442,0.3151
211,1055,846,27.21173208882623,14.04057686867739,0.0191563643917728,0.016826673193740663,0.0192,0.0163
211,1055,848,58.7375085519241,39.909464209531585,0.04134970584057607,0.047828769278646904,0.0404,0.0512
211,1055,854,1.5476356857104467,0.8128922226266541,0.0010894959954921156,0.0009741958539030218,0.0011,0.001
211,1055,856,1.4617342479298965,0.9221348567686695,0.0010290235772524431,0.001105115695781586,0.0011,0.001
211,1055,858,20.25159219409832,10.263225768580579,0.014256603670702351,0.01229977568134998,0.0138,0.012
211,1055,860,140.52744996109072,86.65447047631957,0.09892773564409257,0.10384946922903962,0.0984,0.1015
211,1055,862,11.702972258461779,4.953812411716002,0.008238593571261797,0.005936806108087887,0.0079,0.0067
211,1055,864,0.8523029913887813,0.4136142827762263,0.0005999995377709067,0.0004956884912660002,0.0006,0.0005
211,1055,890,351.850994369749,173.65891183307727,0.24769411361808125,0.2081183546749154,0.2544,0.2155
212,1060,802,22.31347147458336,11.546300997170274,0.015557481433825671,0.013673753240746005,0.0155,0.0139
212,1060,806,22.0716641036442,11.744029455976198,0.015388887600802726,0.01390791396070713,0.0155,0.0139
212,1060,808,6.131653228457592,3.2156531506478787,0.004275134031432347,0.003808150134018034,0.0045,0.0038
212,1060,810,6.3155109892899794,3.1651222752234465,0.004403324022123521,0.003748308742237073,0.0045,0.0038
212,1060,816,2.006586935861469,0.8434556736750343,0.0013990399940941886,0.00099886576265127,0.0014,0.001
212,1060,818,12.833488384778207,7.138944307121262,0.0089478124237561,0.00845432341309377,0.0096,0.0081
212,1060,820,61.10158921739453,36.07621434568459,0.042601476910916564,0.04272340145506753,0.0478,0.0417
212,1060,822,53.451799259509485,27.21201532433474,0.037267861951988036,0.03222593823074097,0.0382,0.0335
212,1060,824,20.395344697764294,9.472304174387956,0.014220117960281102,0.011217614189480423,0.0138,0.0115
212,1060,826,14.144106355114944,7.864818212589026,0.009861606351499602,0.009313942495403793,0.0113,0.0096
212,1060,828,4.078256846778317,2.1165115755927593,0.002843457381716567,0.0025064873177072554,0.0031,0.0024
212,1060,830,39.87101095327913,18.116088653248895,0.02779901430219218,0.021454050608304173,0.0274,0.0206
212,1060,832,6.007557063267812,2.7885441917582288,0.004188611242356336,0.003302344637331234,0.0042,0.0034
212,1060,834,72.21249536162487,36.046309553616595,0.05034826414878497,0.04268798658518377,0.0503,0.0431
212,1060,836,47.862407697475746,24.742677920381016,0.03337080561309555,0.029301615511449088,0.0345,0.0302
212,1060,838,11.682565953189163,5.817003640045768,0.00814536201250496,0.006888809878938768,0.0079,0.0067
212,1060,840,38.908064409615136,25.419936882836648,0.02712762513749481,0.03010366215261768,0.0266,0.0297
212,1060,842,3.674825867509044,1.9593346146144655,0.0025621757363678784,0.0023203498716044494,0.0025,0.0024
212,1060,844,367.43470830858905,271.36763052246897,0.25618419165145895,0.3213682042586244,0.2442,0.3151
212,1060,846,26.847261542422288,13.474518542565942,0.018718547379373906,0.015957252598391283,0.0192,0.0163
212,1060,848,56.163602845896136,46.08110192707207,0.03915859571770658,0.0545717296792169,0.0404,0.0512
212,1060,854,1.5299379079707887,0.7934677460429866,0.0010667089890192027,0.0009396673589699176,0.0011,0.001
212,1060,856,1.5671556139918033,0.8013678540505853,0.0010926580562045153,0.0009490230935465252,0.0011,0.001
212,1060,858,20.411302070619122,10.26957805423375,0.014231243819034385,0.012161788977663696,0.0138,0.012
212,1060,860,140.75181504002248,82.59581405478467,0.0981355031088143,0.09781442389042641,0.0984,0.1015
212,1060,862,11.338151824519214,5.206553519504507,0.007905228314867039,0.00616588187661919,0.0079,0.0067
212,1060,864,0.7819866124591169,0.37693982882926136,0.0005452196095390443,0.00044639250330331124,0.0006,0.0005
212,1060,890,362.37156073293283,178.16120193678665,0.25265404509874906,0.21098811757595604,0.2544,0.2155
213,1065,802,21.798974889732996,11.82011031818848,0.015950330297171602,0.014064190904869796,0.0155,0.0139
213,1065,806,21.831240033831435,12.116406696404187,0.01597393873325904,0.014416739968750772,0.0155,0.0139
213,1065,808,6.711107611281031,3.2078010952129223,0.004910523710461776,0.0038168109918993703,0.0045,0.0038
213,1065,810,6.31958577136316,3.2832974854792263,0.004624046814330865,0.003906640580350841,0.0045,0.0038
213,1065,816,1.9928302098720387,0.8461618512290735,0.001458155726791158,0.0010068080154710078,0.0014,0.001
213,1065,818,13.09202484507229,6.273951095653943,0.009579446813163315,0.0074650780374964565,0.0096,0.0081
213,1065,820,66.22283401583474,34.774739598437534,0.0484553095322306,0.04137681994617083,0.0478,0.0417
213,1065,822,54.89616749986717,26.444545742334178,0.040167577058136755,0.0314651157815716,0.0382,0.0335
213,1065,824,18.317743652754814,9.425134548590231,0.013403110147989925,0.011214522371375985,0.0138,0.0115
213,1065,826,16.597651901022576,8.242729275382171,0.01214451740588389,0.009807634191683302,0.0113,0.0096
213,1065,828,4.506061130080603,2.0329730305196443,0.003297089139631202,0.0024189385746834486,0.0031,0.0024
213,1065,830,38.066821504721496,16.667690030274315,0.02785352886707324,0.019832097012517497,0.0274,0.0206
213,1065,832,6.00438114212618,2.8215822779701076,0.0043934112925708355,0.0033572674656094704,0.0042,0.0034
213,1065,834,69.64984067064209,35.59325787025704,0.050962853503966975,0.042350736172340024,0.0503,0.0431
213,1065,836,50.22896027470563,25.363725559116276,0.03675257717014963,0.030179098901744156,0.0345,0.0302
213,1065,838,11.547749474133115,5.79092865453005,0.008449499081177614,0.006890352451995848,0.0079,0.0067
213,1065,840,38.828544635674554,26.16127375739737,0.028410882393794322,0.03112806382800208,0.0266,0.0297
213,1065,842,3.583509514641932,2.039890002393189,0.0026220572605235937,0.0024271687527693043,0.0025,0.0024
213,1065,844,341.6176944620922,267.06418217881276,0.24996198626729832,0.3177670546979624,0.2442,0.3151
213,1065,846,26.55962333997013,14.025830420609402,0.019433701216863983,0.016688673060118505,0.0192,0.0163
213,1065,848,55.46954367427031,42.39752557760562,0.04058711694074684,0.05044681289479969,0.0404,0.0512
213,1065,854,1.5044369825542627,0.774938324491475,0.0011007979459769265,0.0009220625054892362,0.0011,0.001
213,1065,856,1.5146574944626698,0.7928880838011249,0.0011082763040910068,0.0009434200761744198,0.0011,0.001
213,1065,858,19.862744010324775,10.049258649144333,0.014533588353370847,0.011957138156020227,0.0138,0.012
213,1065,860,136.93846731420896,85.55217707446425,0.10019800449785386,0.10179449415552437,0.0984,0.1015
213,1065,862,11.108949649959817,5.740444144433931,0.00812842883978744,0.006830283318238434,0.0079,0.0067
213,1065,864,0.8178803887546295,0.40022751850792,0.0005984438447314181,0.00047621181817703744,0.0006,0.0005
213,1065,890,321.08856197255653,180.73645101563923,0.23494080084097294,0.21504976536819376,0.2544,0.2155
214,1070,802,23.17468583930774,10.981370755920683,0.01605299304646586,0.013334627595275537,0.0155,0.0139
214,1070,806,22.820050532787857,11.22204484185018,0.015807338881008357,0.013626877021966907,0.0155,0.0139
214,1070,808,6.235968294760504,3.249207328550138,0.004319625144776601,0.003945497394548503,0.0045,0.0038
214,1070,810,6.681857747613217,2.835648605364878,0.004628490617032378,0.003443314954393678,0.0045,0.0038
214,1070,816,1.961434532948958,0.7923492266081736,0.001358676235650243,0.0009621459922503774,0.0014,0.001
214,1070,818,13.604534502020929,6.702655071187515,0.009423795397947477,0.008139002976990108,0.0096,0.0081
214,1070,820,65.55165561433873,33.55705073912031,0.045407315510462946,0.0407481711297907,0.0478,0.0417
214,1070,822,53.881157434561246,28.92214487592607,0.037323217739825956,0.035120026429227534,0.0382,0.0335
214,1070,824,19.2712007271749,10.05291171412253,0.013349067746397011,0.012207204085494701,0.0138,0.0115
214,1070,826,16.519538560327216,7.729623378992696,0.011443004642158246,0.009386045831758403,0.0113,0.0096
214,1070,828,4.516016659582311,1.9685734164842428,0.003128222947084592,0.0023904295726126586,0.0031,0.0024
214,1070,830,39.10828845365491,17.188795567518433,0.02709012268640345,0.020872274764113855,0.0274,0.0206
214,1070,832,5.799761571312291,2.9302880120237376,0.00401746685245323,0.0035582351471167336,0.0042,0.0034
214,1070,834,71.35723915755884,37.321833584975636,0.04942881521476155,0.0453197294846068,0.0503,0.0431
214,1070,836,47.74010701754562,24.326395156367404,0.03306934175091663,0.02953942885233889,0.0345,0.0302
214,1070,838,10.947123141771987,5.85660072642087,0.007583019372612157,0.00711164310875641,0.0079,0.0067
214,1070,840,36.788792412601936,23.810046171600632,0.025483418971992244,0.028912428674118768,0.0266,0.0297
214,1070,842,3.7695016080160855,1.9590862494144703,0.0026111155733333415,0.0023789093496258,0.0025,0.0024
214,1070,844,350.6109971508023,257.937343522617,0.24286654577771044,0.31321212034793794,0.2442,0.3151
214,1070,846,26.5071055754201,13.440884942460759,0.018361344116363913,0.016321204268786572,0.0192,0.0163
214,1070,848,56.039083318564536,40.90725685970271,0.03881800258614033,0.04967349234377824,0.0404,0.0512
214,1070,854,1.7487299119668989,0.8585414210050312,0.0012113367711477916,0.0010425228670153327,0.0011,0.001
214,1070,856,1.646534822421442,0.8792578644440225,0.0011405467257840016,0.0010676787482343144,0.0011,0.001
214,1070,858,19.085992346365522,9.323400287344688,0.013220774794773165,0.011321361742239343,0.0138,0.012
214,1070,860,135.56390589306906,88.34655534306854,0.09390446341939263,0.10727881254624387,0.0984,0.1015
214,1070,862,11.069543698488367,5.435080050868457,0.007667819501482911,0.0065997925067566654,0.0079,0.0067
214,1070,864,0.9000887271030235,0.4334830225722491,0.0006234871176928437,0.000526376424524129,0.0006,0.0005
214,1070,890,390.73555137365673,174.55443888456182,0.2706606308582297,0.2119606458394972,0.2544,0.2155
215,1075,802,21.8773986799124,12.156116893093808,0.015546826660611078,0.014394370813315006,0.0155,0.0139
215,1075,806,20.921080869321944,11.413873821977894,0.014867234564163327,0.013515461693468839,0.0155,0.0139
215,1075,808,6.646389202522753,3.094749815628946,0.004723151155327033,0.003664572890534603,0.0045,0.0038
215,1075,810,6.108915925436546,3.241669658793366,0.004341204288799329,0.003838544457354944,0.0045,0.0038
215,1075,816,2.03139401639738,0.8704328088702081,0.0014435779643825124,0.0010307018868888425,0.0014,0.001
215,1075,818,13.828152803098607,6.772311892125681,0.009826757642059758,0.008019268776040039,0.0096,0.0081
215,1075,820,73.40055123266794,35.10642162846024,0.0521609384874162,0.041570417205821046,0.0478,0.0417
215,1075,822,55.1923994732469,28.879131137233006,0.03922160400091989,0.03419652229503083,0.0382,0.0335
215,1075,824,20.12030576653736,9.919802673287924,0.014298176427989397,0.011746293600988817,0.0138,0.0115
215,1075,826,16.55410924783965,7.702122932664087,0.01176391538877475,0.009120281954962981,0.0113,0.0096
215,1075,828,4.459016596639963,1.9399143441908877,0.003168729478262954,0.002297102492673188,0.0031,0.0024
215,1075,830,36.701815491557724,17.984647341192982,0.026081563531632046,0.021296083696176565,0.0274,0.0206
215,1075,832,5.835701728995716,2.785590043215689,0.004147048949975438,0.0032984888487461645,0.0042,0.0034
215,1075,834,70.34289635733049,35.083049745151115,0.049988064507728136,0.04154274195739133,0.0503,0.0431
215,1075,836,48.092253744656595,24.92873687955521,0.03417599796144017,0.0295187588032936,0.0345,0.0302
215,1075,838,11.114728649874829,5.993132236757249,0.007898505769700755,0.007096622096331309,0.0079,0.0067
215,1075,840,37.47905237162383,24.379128315793796,0.026633894602862963,0.028867953160461236,0.0266,0.0297
215,1075,842,3.6498984836592454,2.0162072203045143,0.0025937425141125013,0.0023874428504413623,0.0025,0.0024
215,1075,844,361.24698725644964,255.02730165969803,0.256714446480366,0.30198439023685275,0.2442,0.3151
215,1075,846,25.84000720030417,13.492344319870597,0.018362791606523838,0.015976632093055925,0.0192,0.0163
215,1075,848,58.328472486428176,43.330216600634195,0.04145020458750228,0.051308424446389785,0.0404,0.0512
215,1075,854,1.6905683448052047,0.8440318415987833,0.0012013756022435816,0.0009994398221952244,0.0011,0.001
215,1075,856,1.5150600302482904,0.8119943621665614,0.0010766533999454757,0.0009615034184137381,0.0011,0.001
215,1075,858,18.985088424501036,10.264212446569157,0.01349145221470514,0.012154118075855157,0.0138,0.012
215,1075,860,136.25478635774988,83.53060392528002,0.0968273045701526,0.09891073751057158,0.0984,0.1015
215,1075,862,11.410273781287904,5.815851074823694,0.008108530233563794,0.006886698910701472,0.0079,0.0067
215,1075,864,0.8747817462264971,0.4310935973259654,0.0006216497844845453,0.0005104690214587559,0.0006,0.0005
215,1075,890,336.6917519008987,196.69022529165096,0.23926465762435434,0.232905956984585,0.2544,0.2155
216,1080,802,22.653154336527606,11.223576005158453,0.015449197503605573,0.013645667745097189,0.0155,0.0139
216,1080,806,21.845288251685517,12.424672062752492,0.014898241883219192,0.015105965044669226,0.0155,0.0139
216,1080,808,6.61298379295147,2.9491785088684632,0.004509980870112696,0.0035856228027951118,0.0045,0.0038
216,1080,810,6.327509209039615,3.138833029286212,0.004315290401686306,0.0038162055128678108,0.0045,0.0038
216,1080,816,1.9107151288273245,0.9113146894946617,0.0013030863145968984,0.0011079799752195826,0.0014,0.001
216,1080,818,12.958584285854865,6.555964079707813,0.008837609324740911,0.007970766851791966,0.0096,0.0081
216,1080,820,69.67746846024755,35.82321479819234,0.0475192529835833,0.04355400511144668,0.0478,0.0417
216,1080,822,55.63498948876351,29.15796975413229,0.03794243962470962,0.03545037403440876,0.0382,0.0335
216,1080,824,20.94947170959117,9.194504415111105,0.014287305036181669,0.011178714544434896,0.0138,0.0115
216,1080,826,16.727542774173777,8.47428965936906,0.01140799679502091,0.010303074618491923,0.0113,0.0096
216,1080,828,4.261175339920179,1.999766131542589,0.002906073849405093,0.0024313235092261703,0.0031,0.0024
216,1080,830,40.94205050899776,17.30225415639122,0.02792201982644761,0.021036148492318982,0.0274,0.0206
216,1080,832,6.206969222600115,2.804180818619744,0.004233083481187692,0.0034093340420622434,0.0042,0.0034
216,1080,834,72.81516416301565,35.28179646659659,0.04965912630533587,0.04289574657952558,0.0503,0.0431
216,1080,836,49.218485108829725,26.035768759365574,0.03356645551337096,0.03165438981436899,0.0345,0.0302
216,1080,838,11.749803298492987,6.0141664219927256,0.00801323423176569,0.0073120471336866125,0.0079,0.0067
216,1080,840,38.892829271933266,25.493649674272763,0.026524473897537246,0.03099527930359661,0.0266,0.0297
216,1080,842,3.738583083566177,2.004701425395375,0.0025496717844948947,0.0024373238588570358,0.0025,0.0024
216,1080,844,354.50580356619395,249.18474081080205,0.2417689869634309,0.30295978560572506,0.2442,0.3151
216,1080,846,28.843365713786394,13.203160607278285,0.019670852321986884,0.01605245447166476,0.0192,0.0163
216,1080,848,52.072230983604555,45.72523059409212,0.035512678233153745,0.055592914768711914,0.0404,0.0512
216,1080,854,1.4155557500852458,0.8350532279192043,0.000965393164923085,0.0010152609910084988,0.0011,0.001
216,1080,856,1.6010354206506023,0.8317457473338411,0.0010918882225604812,0.0010112397431352288,0.0011,0.001
216,1080,858,19.041973030092485,9.813998708089208,0.012986412303997193,0.011931898136551869,0.0138,0.012
216,1080,860,139.4838103351816,86.03425764432859,0.09512639619238109,0.1046007880172075,0.0984,0.1015
216,1080,862,10.330074956215702,5.41065325091701,0.007044995405707772,0.006578293452283807,0.0079,0.0067
216,1080,864,0.7979686560527633,0.41591296498519176,0.0005442056848201187,0.0005056686147496751,0.0006,0.0005
216,1080,890,395.08515763434144,174.25649242691983,0.26944365188003644,0.21186172722409632,0.2544,0.2155
217,1085,802,22.367356207067388,11.617689904701187,0.015406132423944154,0.014200257484973207,0.0155,0.0139
217,1085,806,21.61346087758864,11.359183666150576,0.01488686625890348,0.013884286308344956,0.0155,0.0139
217,1085,808,6.725110906905137,3.161162634817389,0.004632105298379198,0.0038638768752227103,0.0045,0.0038
217,1085,810,6.6638826030948755,3.15426535803081,0.004589932618342194,0.003855446360454459,0.0045,0.0038
217,1085,816,1.9307779982408553,0.7964025318764227,0.0013298765060457917,0.0009734397377703689,0.0014,0.001
217,1085,818,13.041198883980664,6.915144582055071,0.008982484792284754,0.008452354505628812,0.0096,0.0081
217,1085,820,69.84941508702009,35.22430956654934,0.04811070779235219,0.04305453749225981,0.0478,0.0417
217,1085,822,56.46612042021797,26.43348515824961,0.038892595110788554,0.032309546781797725,0.0382,0.0335
217,1085,824,19.46447706634387,8.781984769770489,0.013406694491330513,0.010734186054440192,0.0138,0.0115
217,1085,826,14.906468798044243,7.341953890804385,0.01026724080173135,0.008974041874713361,0.0113,0.0096
217,1085,828,4.372391177689019,1.932836394647587,0.0030116048078797078,0.002362498457564828,0.0031,0.0024
217,1085,830,36.15027194987559,17.806524592936654,0.024899495124300956,0.021764846213521982,0.0274,0.0206
217,1085,832,6.059333718772203,2.9514048656232545,0.00417353292933112,0.0036074907643466603,0.0042,0.0034
217,1085,834,68.93663557116592,35.14886804422151,0.04748200576941621,0.04296232561099071,0.0503,0.0431
217,1085,836,49.25835975641731,25.071837722187514,0.03392805150364011,0.030645210381494,0.0345,0.0302
217,1085,838,10.932108986113109,5.939634585602233,0.0075297910559421624,0.007259992405897601,0.0079,0.0067
217,1085,840,39.69443465710779,25.340527024420837,0.027340634769690574,0.030973628277518837,0.0266,0.0297
217,1085,842,3.5737776257225806,1.8759774358890058,0.0024615377358819975,0.0022929999719517283,0.0025,0.0024
217,1085,844,352.46452685476316,251.14532387304538,0.24276964721255498,0.306973959057135,0.2442,0.3151
217,1085,846,26.0669644821378,14.133038697824782,0.017954339484036717,0.01727475859662862,0.0192,0.0163
217,1085,848,59.74443993761932,45.729429153104235,0.041150627939770264,0.055894904575835506,0.0404,0.0512
217,1085,854,1.435012038932023,0.8836773808158328,0.0009884040517383727,0.0010801154484381377,0.0011,0.001
217,1085,856,1.4211242553868233,0.8189753223502606,0.0009788384584518129,0.0010010303723554028,0.0011,0.001
217,1085,858,19.056361148254695,9.776200338008852,0.013125593416165681,0.01194941190229491,0.0138,0.012
217,1085,860,143.9213475334549,86.4899818363747,0.09912979067379926,0.10571637064010325,0.0984,0.1015
217,1085,862,11.994301832229066,5.597655489939327,0.008261405623865839,0.006841992678522673,0.0079,0.0067
217,1085,864,0.8761893863444499,0.42356922622234855,0.0006034995638068211,0.0005177270287300647,0.0006,0.0005
217,1085,890,382.86173869098496,172.2812973563991,0.2637065637856253,0.21057876414106483,0.2544,0.2155
218,1090,802,23.633124186224514,11.667648946814086,0.01678852734694092,0.014127554947459967,0.0155,0.0139
218,1090,806,21.9163610880667,12.25535968117701,0.01556897110060928,0.014839173520385184,0.0155,0.0139
218,1090,808,7.195822323984087,3.0620916399954536,0.0051117769668536685,0.0037076765075286146,0.0045,0.0038
218,1090,810,6.513278766841153,3.0797343614651846,0.0046269108490996835,0.0037290388675141214,0.0045,0.0038
218,1090,816,2.072608012319834,0.8898837602574501,0.001472341786897672,0.0010774991411892142,0.0014,0.001
218,1090,818,13.38359733794039,6.871864815988695,0.009507456066237225,0.0083206692472442,0.0096,0.0081
218,1090,820,64.23787356148422,33.771789321997204,0.04563337832519549,0.04089194074105525,0.0478,0.0417
218,1090,822,56.54897649493697,25.923941347410548,0.04017133032627774,0.031389520503209534,0.0382,0.0335
218,1090,824,20.190485807910772,9.677395866275699,0.014342941731407375,0.011717694153496402,0.0138,0.0115
218,1090,826,14.748290880003147,7.369990741053347,0.010476908715433261,0.008923815725955044,0.0113,0.0096
218,1090,828,4.324280207543013,2.0132019539085997,0.0030718874046491056,0.0024376480089370227,0.0031,0.0024
218,1090,830,38.86949757022818,18.2057158436011,0.02761216070196933,0.0220440512146663,0.0274,0.0206
218,1090,832,6.484148068966405,2.895328992035706,0.004606216948705814,0.0035057550679160046,0.0042,0.0034
218,1090,834,75.26785570264971,33.25212684623326,0.053468870380924814,0.04026271713191565,0.0503,0.0431
218,1090,836,49.33451357990634,24.868238930561212,0.035046311433808056,0.03011124293673563,0.0345,0.0302
218,1090,838,11.859522203909243,5.527956825081955,0.008424781728944616,0.006693423340857057,0.0079,0.0067
218,1090,840,38.23855110896481,24.567606568969566,0.027163948191600094,0.029747227853085867,0.0266,0.0297
218,1090,842,3.6405294958000702,1.9541705920212054,0.0025861637469501465,0.002366170986231838,0.0025,0.0024
218,1090,844,344.8789713346264,265.0432198451891,0.24499554083548383,0.3209226356469229,0.2442,0.3151
218,1090,846,28.561128043394945,14.13981597771824,0.020289288688099563,0.017120932253171073,0.0192,0.0163
218,1090,848,59.59035745494119,41.15646130242809,0.042331870211616246,0.049833532971681326,0.0404,0.0512
218,1090,854,1.5755119527681367,0.8281916920833482,0.0011192140868069348,0.0010028004519395642,0.0011,0.001
218,1090,856,1.5340541473461897,0.8166382950992466,0.0010897632408423453,0.0009888112368486113,0.0011,0.001
218,1090,858,19.495039881645788,9.979737344394913,0.013848910013069269,0.012083778688992457,0.0138,0.012
218,1090,860,143.31954174540112,84.91017604716824,0.10181150942989631,0.10281190179555566,0.0984,0.1015
218,1090,862,11.093692973474115,5.735657179183318,0.007880751033851786,0.006944913437838002,0.0079,0.0067
218,1090,864,0.8910531544302909,0.41817574675198,0.0006329874176961597,0.0005063402975924175,0.0006,0.0005
218,1090,890,338.29622466015803,174.99673756865917,0.2403192812901329,0.21189153332407487,0.2544,0.2155
219,1095,802,23.023202459523652,11.670119729377959,0.01676621073566498,0.013693676574546352,0.0155,0.0139
219,1095,806,21.167258015046407,11.173141290327258,0.015414654377486823,0.013110523859176059,0.0155,0.0139
219,1095,808,6.565320027157827,3.044414655278436,0.004781069849684469,0.0035723052217917603,0.0045,0.0038
219,1095,810,5.922785225931607,3.194013552659816,0.004313156061353031,0.0037478440306603954,0.0045,0.0038
219,1095,816,2.20556158659151,0.7639203535541055,0.0016061584141603361,0.0008963813990656124,0.0014,0.001
219,1095,818,13.447678358441962,6.701368722320763,0.009793016834189979,0.00786336198927179,0.0096,0.0081
219,1095,820,69.85267702571124,34.328627051303194,0.05086888783271594,0.04028108768287892,0.0478,0.0417
219,1095,822,56.35948619096876,29.615806184072856,0.04104272740044928,0.034751080604445525,0.0382,0.0335
219,1095,824,19.358935548716175,8.898305677119733,0.014097777822114804,0.010441239921231055,0.0138,0.0115
219,1095,826,15.259823695229887,8.282104759722335,0.011112677322501888,0.009718191977983563,0.0113,0.0096
219,1095,828,4.489535980406878,2.009586747140717,0.003269419468694078,0.002358041871204216,0.0031,0.0024
219,1095,830,39.2198681818906,16.889521137571407,0.028561125504526556,0.019818103440245913,0.0274,0.0206
219,1095,832,5.98759736816044,2.7811426479881525,0.004360354275274353,0.003263382794039006,0.0042,0.0034
219,1095,834,68.43258755521506,36.28450616238953,0.049834734596749024,0.04257610920684019,0.0503,0.0431
219,1095,836,49.676288797843526,24.857151001045423,0.036175815593624,0.029167291704480257,0.0345,0.0302
219,1095,838,11.070910858918397,5.358904819213721,0.008062180959521825,0.0062881196671323225,0.0079,0.0067
219,1095,840,36.97172456053062,23.383141898695357,0.026923957530782285,0.02743769471802371,0.0266,0.0297
219,1095,842,3.8525957217282483,1.9507191380115148,0.002805579799916052,0.0022889668300885,0.0025,0.0024
219,1095,844,325.5134289749665,270.778429632762,0.23704898382742715,0.3177304367683846,0.2442,0.3151
219,1095,846,25.887094927551416,14.121278292110816,0.01885178613412024,0.016569857228160154,0.0192,0.0163
219,1095,848,59.0102672945883,45.10963896192402,0.04297310848776928,0.05293148833632986,0.0404,0.0512
219,1095,854,1.4945169699857082,0.7744883621962138,0.0010883536515330766,0.0009087818624488407,0.0011,0.001
219,1095,856,1.606555337566789,0.8069505086722912,0.0011699434687901134,0.0009468728285286419,0.0011,0.001
219,1095,858,19.501224739665894,10.163893469941753,0.014201397228019105,0.011926276091680222,0.0138,0.012
219,1095,860,138.56323936341894,84.52953275334282,0.10090605229519133,0.09918665012561077,0.0984,0.1015
219,1095,862,11.718181348362487,5.4072962703676115,0.008533543423022533,0.006344902022107327,0.0079,0.0067
219,1095,864,0.8272480611271,0.3978891847360531,0.0006024277182078079,0.0004668817402592198,0.0006,0.0005
219,1095,890,336.20497479146974,188.9510211046695,0.2448348993865096,0.22171444950338498,0.2544,0.2155
220,1100,802,22.6435835771494,11.759268772499356,0.01595339587893446,0.013880413680435823,0.0155,0.0139
220,1100,806,22.364297391715454,11.989754939754423,0.015756626535223268,0.014152475099475783,0.0155,0.0139
220,1100,808,6.021776999945395,3.3710130716363818,0.00424260550665387,0.003979078704782805,0.0045,0.0038
220,1100,810,6.351070902821961,3.2298018990648125,0.004474607476448556,0.0038123957647536863,0.0045,0.0038
220,1100,816,1.969591347352826,0.7779734691612664,0.0013876633253294979,0.0009183048532419069,0.0014,0.001
220,1100,818,13.572087778641762,7.056719112088986,0.009562129973756479,0.008329614910367784,0.0096,0.0081
220,1100,820,67.22846807732031,35.48029949973316,0.04736539876374191,0.04188026008162944,0.0478,0.0417
220,1100,822,58.55915644647797,25.5539131625482,0.041257489210757184,0.030163345418178934,0.0382,0.0335
220,1100,824,19.55566243457789,10.03391083455971,0.01377782025670441,0.01184383450287393,0.0138,0.0115
220,1100,826,16.910092703076796,8.37299016177057,0.01191390056801366,0.009883315828224994,0.0113,0.0096
220,1100,828,4.286037252854035,1.912201479005581,0.003019700870830495,0.0022571256837849553,0.0031,0.0024
220,1100,830,35.870143453577036,17.93514503724545,0.025272086319701008,0.021170298710901078,0.0274,0.0206
220,1100,832,6.032258892754463,2.8999495861524274,0.004249990458994734,0.0034230444670454584,0.0042,0.0034
220,1100,834,65.87165382243066,37.96234817320572,0.04640946372507251,0.04481002238482184,0.0503,0.0431
220,1100,836,48.06327841158624,24.832130827199315,0.03386268366608111,0.029311367493726394,0.0345,0.0302
220,1100,838,11.034916382138134,5.29649690512471,0.00777458165733284,0.00625188262319591,0.0079,0.0067
220,1100,840,36.780884798346044,25.40890742007582,0.025913743465837337,0.02999218344114662,0.0266,0.0297
220,1100,842,3.4692404942470576,1.896511449035541,0.0024442317981772867,0.0022386054755257558,0.0025,0.0024
220,1100,844,364.7301833341504,261.704418884038,0.25696838064085964,0.308910840153918,0.2442,0.3151
220,1100,846,28.23069548350564,13.55577411981131,0.01988976079919194,0.01600097388551607,0.0192,0.0163
220,1100,848,56.787759569911444,43.36698280615078,0.04000946256628683,0.05118954869281209,0.0404,0.0512
220,1100,854,1.58163305699245,0.9248503939324435,0.0011143297264516454,0.001091675537710145,0.0011,0.001
220,1100,856,1.556925079507995,0.8470368418652584,0.001096921874693804,0.0009998259241387139,0.0011,0.001
220,1100,858,18.989438612330794,9.783390980585052,0.013378890786834319,0.011548125707063189,0.0138,0.012
220,1100,860,136.9414675188192,87.59191977717781,0.09648125863675669,0.10339180990693209,0.0984,0.1015
220,1100,862,11.394336240779623,6.072992236401837,0.008027808681762168,0.007168442711035689,0.0079,0.0067
220,1100,864,0.874281621209465,0.4166995919196953,0.0006159696748224293,0.0004918641480362065,0.0006,0.0005
220,1100,890,351.68729828253583,187.1509147730264,0.24777909715474994,0.22090932420872486,0.2544,0.2155
221,1105,802,20.492576399968385,11.891421922978221,0.01442212263826265,0.014795294706688068,0.0155,0.0139
221,1105,806,21.481106071216015,11.837425855592791,0.015117823162786094,0.014728112856179011,0.0155,0.0139
221,1105,808,6.892740090446521,3.1774424942820003,0.004850924596198782,0.003953370624720226,0.0045,0.0038
221,1105,810,6.3814155987295,3.1502194536603776,0.004491068208033672,0.003919499746080326,0.0045,0.0038
221,1105,816,1.8909329526340022,0.8258305970313959,0.0013307876184695717,0.0010274975642121985,0.0014,0.001
221,1105,818,14.008735983872837,6.725926862828074,0.009858970605900423,0.008368391160932617,0.0096,0.0081
221,1105,820,66.07187933238484,35.21057245626755,0.04649960688562398,0.04380895738591362,0.0478,0.0417
221,1105,822,54.935056192990274,27.058235283900476,0.03866181109157061,0.033665828011251724,0.0382,0.0335
221,1105,824,18.15886533253407,8.970098649325632,0.012779719723182608,0.011160587348127549,0.0138,0.0115
221,1105,826,16.93292367545408,8.003334709261875,0.01191693504542048,0.009957740666066514,0.0113,0.0096
221,1105,828,3.986194481121897,1.9360458033412247,0.002805376178409389,0.0024088261615483955,0.0031,0.0024
221,1105,830,36.76676832249468,17.142018507283463,0.02587546004027227,0.02132808147969912,0.0274,0.0206
221,1105,832,5.937353119171494,2.974423889533273,0.004178549010142749,0.003700775089244873,0.0042,0.0034
221,1105,834,69.70959187501659,35.417898029081954,0.04905973087338485,0.04406691164654705,0.0503,0.0431
221,1105,836,49.857008369854974,26.246856640152874,0.035088017975526256,0.032656311552184555,0.0345,0.0302
221,1105,838,11.126076691071317,5.574744795211018,0.007830232733527521,0.006936091637648764,0.0079,0.0067
221,1105,840,38.96956679464192,25.958729732406805,0.02742573020116498,0.03229782435522517,0.0266,0.0297
221,1105,842,3.586607788076075,2.017766887815369,0.002524157839668266,0.002510503449292156,0.0025,0.0024
221,1105,844,360.4243118112169,249.98537494202486,0.25365691093682136,0.3110315417773732,0.2442,0.3151
221,1105,846,27.380615101798373,13.1743999878165,0.019269738523937464,0.016391574671729,0.0192,0.0163
221,1105,848,62.895944047674746,41.820540592385264,0.0442644692790444,0.052033072820477734,0.0404,0.0512
221,1105,854,1.4936807358898865,0.8713820589032026,0.0010512122211947727,0.0010841726453823949,0.0011,0.001
221,1105,856,1.5423202277146286,0.8023448425598906,0.0010854433838591358,0.0009982766130874727,0.0011,0.001
221,1105,858,19.961641727039343,10.153754344050832,0.014048465133396627,0.01263329052426066,0.0138,0.012
221,1105,860,137.96828867935042,83.1146392358314,0.09709836092292845,0.10341114711925077,0.0984,0.1015
221,1105,862,11.539398109312316,5.950128863436002,0.008121117201470827,0.007403144102320975,0.0079,0.0067
221,1105,864,0.8847154509727819,0.41016213841136834,0.0006226388758962973,0.0005103233031867496,0.0006,0.0005
221,1105,890,349.63632833997417,163.32826071375314,0.2460646190939053,0.20321285098136924,0.2544,0.2155
222,1110,802,20.870638676736856,11.129279591807775,0.01478583935048786,0.013429383165680176,0.0155,0.0139
222,1110,806,22.446225946326983,10.99252832549987,0.01590206682256807,0.013264369326420297,0.0155,0.0139
222,1110,808,6.398264446906549,3.0413362982067236,0.004532861293763228,0.003669893468609957,0.0045,0.0038
222,1110,810,7.164005419914597,3.0755937739295427,0.005075351784176599,0.0037112309841225845,0.0045,0.0038
222,1110,816,1.9156857182786458,0.8466164641342524,0.0013571707945892455,0.0010215878572770588,0.0014,0.001
222,1110,818,14.31796901817813,7.4976138040333975,0.010143589422781586,0.009047155997120762,0.0096,0.0081
222,1110,820,71.2515880622673,35.269057050353965,0.050478308348565634,0.04255816174930885,0.0478,0.0417
222,1110,822,58.852623555017466,27.354237124626312,0.04169424092465197,0.03300757506549533,0.0382,0.0335
222,1110,824,18.636625388373435,9.4961783191133,0.013203148849242442,0.011458766598951294,0.0138,0.0115
222,1110,826,15.254413324481423,7.544376677716439,0.010807014979044646,0.009103583418450004,0.0113,0.0096
222,1110,828,4.343804588436591,2.059324578000225,0.0030773757243052124,0.0024849280308156464,0.0031,0.0024
222,1110,830,40.00322208315594,17.158365312074057,0.02834035049836389,0.020704508353098974,0.0274,0.0206
222,1110,832,5.882592115694859,2.779607036438671,0.00416753235654741,0.0033540722590735313,0.0042,0.0034
222,1110,834,69.20311789575376,35.11428694197459,0.049027066186527885,0.04237140508901698,0.0503,0.0431
222,1110,836,49.084143012948154,26.115822546052073,0.03477374432507277,0.03151321563670715,0.0345,0.0302
222,1110,838,11.687034423883317,5.371095848191018,0.00827969934948718,0.006481147640324012,0.0079,0.0067
222,1110,840,38.632308239371554,24.508826916190767,0.02736912426175861,0.02957410000204678,0.0266,0.0297
222,1110,842,3.6937700391309862,1.960054833516457,0.0026168576459096268,0.0023651420712273007,0.0025,0.0024
222,1110,844,318.3501883191994,258.7992225105764,0.2255357305826922,0.3122856150215659,0.2442,0.3151
222,1110,846,26.815231030388084,13.457666117904717,0.018997295880718402,0.016238980548765033,0.0192,0.0163
222,1110,848,59.819506753946605,44.43141182616408,0.042379230965995884,0.05361411303251918,0.0404,0.0512
222,1110,854,1.6149692159837927,0.893225158965765,0.0011441276787631657,0.0010778292353987283,0.0011,0.001
222,1110,856,1.4920458532782823,0.7952279162589729,0.0010570424140744859,0.0009595787672859132,0.0011,0.001
222,1110,858,19.716570354546725,9.75848925034225,0.013968237691253046,0.01177528969237892,0.0138,0.012
222,1110,860,146.62174240790387,85.34926506448872,0.10387442196238705,0.10298851547443602,0.0984,0.1015
222,1110,862,12.351768506653539,5.849958870335502,0.008750631337284457,0.007058977944181918,0.0079,0.0067
222,1110,864,0.8711664307561126,0.42235620610002234,0.000617179334672461,0.0005096451461508178,0.0006,0.0005
222,1110,890,364.2376198431538,177.65502019946095,0.25804475923431486,0.2143712284235711,0.2544,0.2155
223,1115,802,22.214011676892262,12.320078104162697,0.015631679536978287,0.014675492019834101,0.0155,0.0139
223,1115,806,23.269053863629765,11.099930324768366,0.016374097502762874,0.013222070308694977,0.0155,0.0139
223,1115,808,6.133620480548401,3.1019526296485456,0.004316140242832211,0.0036949993885939305,0.0045,0.0038
223,1115,810,6.618780478912276,3.3066145439400945,0.00465754033431024,0.003938789587369925,0.0045,0.0038
223,1115,816,2.0449819584990134,0.7305761111239373,0.0014390243013787285,0.0008702512920805413,0.0014,0.001
223,1115,818,13.334629007951175,6.646541531302997,0.00938338605510036,0.007917260457072582,0.0096,0.0081
223,1115,820,66.37560350445465,36.16917251147456,0.046707554589722027,0.043084175121974384,0.0478,0.0417
223,1115,822,52.83902165199831,29.495017768969714,0.037182057231503474,0.035134022222401966,0.0382,0.0335
223,1115,824,19.749660186477474,9.575690578192246,0.013897550946206427,0.011406418812976472,0.0138,0.0115
223,1115,826,16.614073609544068,7.798801404566138,0.011691083908914816,0.009289815113940768,0.0113,0.0096
223,1115,828,4.276424821079054,1.960086609220299,0.0030092584509003673,0.0023348257331320824,0.0031,0.0024
223,1115,830,38.21870981267696,17.300170782569932,0.026893954716427568,0.020607703629377843,0.0274,0.0206
223,1115,832,6.078026516764915,2.80312135963182,0.004277019572568145,0.0033390360674745963,0.0042,0.0034
223,1115,834,73.18173993261956,37.60996063352903,0.051496934602549685,0.04480042029580473,0.0503,0.0431
223,1115,836,48.85669444247293,24.07501164523393,0.03437975102692699,0.02867779232322128,0.0345,0.0302
223,1115,838,11.230482401146313,5.702300335281312,0.007902728444273205,0.00679249452459584,0.0079,0.0067
223,1115,840,35.84485128273593,24.65165865705328,0.02522350471640524,0.029364685583853835,0.0266,0.0297
223,1115,842,3.7675149587039463,2.0103348724208865,0.0026511459227553237,0.0023946807096489587,0.0025,0.0024
223,1115,844,341.2823737812903,270.2513561442656,0.2401554827720659,0.3219193569158024,0.2442,0.3151
223,1115,846,27.437065528863084,14.0552365333,0.0193070671799639,0.01674238668272983,0.0192,0.0163
223,1115,848,57.31596382577776,44.06476724286636,0.04033241685064876,0.05248928899322768,0.0404,0.0512
223,1115,854,1.5110320757702227,0.8299192178701258,0.001063291472161486,0.000988587308942855,0.0011,0.001
223,1115,856,1.5549363203250195,0.8348305300092473,0.0010941862556511164,0.0009944375902069193,0.0011,0.001
223,1115,858,20.080206409796634,9.82733336958411,0.014130151554788013,0.011706171927014954,0.0138,0.012
223,1115,860,140.31710387744303,84.78527263517579,0.09873912165314654,0.10099494349281515,0.0984,0.1015
223,1115,862,12.089997603438285,5.622057266641665,0.008507556891958113,0.006696910186289555,0.0079,0.0067
223,1115,864,0.8467998273742118,0.36286963166438085,0.0005958808217991381,0.0004322448558123553,0.0006,0.0005
223,1115,890,368.0058855214355,172.5095110239218,0.2589604324453015,0.20549073885510932,0.2544,0.2155
224,1120,802,21.20432401913936,11.283075550018335,0.015443864763196808,0.013212706968518487,0.0155,0.0139
224,1120,806,21.1450709106952,11.597092261117519,0.015400708612933085,0.013580426813039486,0.0155,0.0139
224,1120,808,6.76505622901262,2.9706374321644553,0.0049272315128739315,0.003478675803144594,0.0045,0.0038
224,1120,810,6.3982012333150085,3.4473378053827677,0.0046600379472529225,0.004036901467343636,0.0045,0.0038
224,1120,816,1.9135480737328605,0.79477997352516,0.0013937052481338913,0.000930703233181644,0.0014,0.001
224,1120,818,14.514400054059116,6.950622292035821,0.010571354755355393,0.008139317616584815,0.0096,0.0081
224,1120,820,69.46303130613038,35.64996469098011,0.050592400897348934,0.04174682114037476,0.0478,0.0417
224,1120,822,51.7964757738779,29.570442222746234,0.03772521898552076,0.03462757882694648,0.0382,0.0335
224,1120,824,19.076920147383895,9.239257545281667,0.013894400716975059,0.010819355237968049,0.0138,0.0115
224,1120,826,15.969645052814155,8.400053601229986,0.011631261543131573,0.00983663064745852,0.0113,0.0096
224,1120,828,4.224917188903669,1.9657839739031115,0.0030771577364239037,0.0023019723208845657,0.0031,0.0024
224,1120,830,37.5386846653614,17.44848302168874,0.027340761669027817,0.020432522337437392,0.0274,0.0206
224,1120,832,6.084852343880984,2.870420107011967,0.004431814785422867,0.003361319312483994,0.0042,0.0034
224,1120,834,66.95984282957485,36.61078586059095,0.04876923953300542,0.042871961932611724,0.0503,0.0431
224,1120,836,50.54863064441185,26.05354073923593,0.03681636891288969,0.030509216902241117,0.0345,0.0302
224,1120,838,11.022728671889842,5.65873306863078,0.008028246067944594,0.00662648951674904,0.0079,0.0067
224,1120,840,37.312112546985084,23.95924001979359,0.027175741121701884,0.028056748903841147,0.0266,0.0297
224,1120,842,3.8790079492006133,1.9136852387435754,0.002825219711260155,0.002240963660786364,0.0025,0.0024
224,1120,844,317.7935895998826,268.03320466913766,0.23146039534018864,0.31387223948176984,0.2442,0.3151
224,1120,846,25.991744967465117,13.649214712804024,0.01893071403147352,0.015983503216937842,0.0192,0.0163
224,1120,848,52.21939938589046,44.21420117331052,0.03803324932231382,0.051775713222901254,0.0404,0.0512
224,1120,854,1.454312848436222,0.7396920250477242,0.0010592278694833944,0.0008661941445468505,0.0011,0.001
224,1120,856,1.4726406104696013,0.7682791266707127,0.0010725766316509633,0.0008996702118787929,0.0011,0.001
224,1120,858,20.645087187700444,10.050456417877875,0.01503655265140557,0.011769285330104039,0.0138,0.012
224,1120,860,135.17066020336324,81.86276794355057,0.09844960840291386,0.09586293734142413,0.0984,0.1015
224,1120,862,11.109854987029019,5.764966739485269,0.008091703267858658,0.006750891268467181,0.0079,0.0067
224,1120,864,0.8381199416114321,0.4005017138864945,0.0006104326184556543,0.0004689955112427732,0.0006,0.0005
224,1120,890,360.4805165908965,192.08917045669276,0.262550805343857,0.22494025762913158,0.2544,0.2155
225,1125,802,22.009956961910575,11.937171491034086,0.01566101990926218,0.0139036021579998,0.0155,0.0139
225,1125,806,22.007740928994533,12.211954224674663,0.015659443107650176,0.014223650321109105,0.0155,0.0139
225,1125,808,6.33138007907715,3.080470714998207,0.004505046040895392,0.0035879219221130612,0.0045,0.0038
225,1125,810,6.393394959826725,3.3226142902298763,0.004549172264484577,0.0038699542224503317,0.0045,0.0038
225,1125,816,1.9584074774646167,0.7631584214215619,0.0013934901621161062,0.0008888748128434047,0.0014,0.001
225,1125,818,13.927159313860582,6.611652203526155,0.009909765824226464,0.007700800973994141,0.0096,0.0081
225,1125,820,66.65356441542767,34.730761223598975,0.047426844184191866,0.04045201889409864,0.0478,0.0417
225,1125,822,54.81996826549968,27.056276193629728,0.03900673753778145,0.03151330282519058,0.0382,0.0335
225,1125,824,19.53267667660286,9.424914018083912,0.013898329689732598,0.010977496216688965,0.0138,0.0115
225,1125,826,17.172072251404508,7.832057390649385,0.01221865930396576,0.009122245593941609,0.0113,0.0096
225,1125,828,4.527521694301845,2.0623580999888014,0.003221524127320359,0.002402093875513947,0.0031,0.0024
225,1125,830,38.47388079454711,17.057481063120452,0.027375801513501847,0.019867389079345266,0.0274,0.0206
225,1125,832,6.059453050946653,2.7788815929347224,0.004311558402151343,0.003236651508388957,0.0042,0.0034
225,1125,834,69.78306792802691,36.00079424504641,0.04965361895261778,0.041931266626360035,0.0503,0.0431
225,1125,836,46.83568765978436,25.040189449631818,0.03332558251582319,0.029165102665243317,0.0345,0.0302
225,1125,838,11.761851630517613,5.408357111918233,0.008369057371356825,0.006299285024846863,0.0079,0.0067
225,1125,840,36.76799245064497,23.313952689420056,0.026161989448214164,0.0271544999724257,0.0266,0.0297
225,1125,842,3.6600111235123096,1.8535748111760422,0.002604253482759727,0.0021589173586086083,0.0025,0.0024
225,1125,844,349.6116103284201,278.1659533080613,0.2487635209527151,0.3239887063364121,0.2442,0.3151
225,1125,846,28.78850488448611,13.646564894795102,0.020484244877627955,0.0158945868594639,0.0192,0.0163
225,1125,848,59.568920829433665,40.02352199129132,0.042385819140740466,0.04661666519131701,0.0404,0.0512
225,1125,854,1.6063067615122857,0.8605369148808105,0.0011429555367128104,0.0010022946320040569,0.0011,0.001
225,1125,856,1.6409227213815156,0.9012659252766181,0.0011675862635074335,0.0010497330019108371,0.0011,0.001
225,1125,858,19.761213831583675,10.172778315161862,0.014060943589448736,0.011848557477939493,0.0138,0.012
225,1125,860,133.6173828175068,86.70183715948689,0.09507444726719873,0.10098437901630268,0.0984,0.1015
225,1125,862,12.149676301482335,5.312576605926561,0.008645011109194318,0.006187726432361169,0.0079,0.0067
225,1125,864,0.790495560814372,0.42313769916345195,0.0005624711914485546,0.0004928418957236912,0.0006,0.0005
225,1125,890,349.1865974623141,191.87202792894053,0.24846110623335432,0.22347943510540272,0.2544,0.2155
226,1130,802,21.546047541860986,11.394766484013491,0.014776209958052823,0.013424014946046737,0.0155,0.0139
226,1130,806,21.900812535879332,12.110638536043538,0.015019506647489612,0.014267373793232493,0.0155,0.0139
226,1130,808,6.322402307488208,3.3766312772912337,0.004335883124420805,0.003977962058041306,0.0045,0.0038
226,1130,810,6.028192126976171,3.1719982154263966,0.004134114730909361,0.0037368867113211405,0.0045,0.0038
226,1130,816,1.9998895815826188,0.8270424808190954,0.0013715178291041129,0.0009743271737167408,0.0014,0.001
226,1130,818,12.827259706139502,6.563415152876044,0.008796893362281023,0.007732267548696993,0.0096,0.0081
226,1130,820,69.64940815634671,34.2809227226991,0.047765339623092894,0.04038587536123844,0.0478,0.0417
226,1130,822,54.157158884213125,29.907065041274365,0.037140805006115774,0.03523309483083424,0.0382,0.0335
226,1130,824,18.407358119042794,10.23231596653317,0.012623706868352713,0.01205454825775711,0.0138,0.0115
226,1130,826,16.716153854334213,8.655213552230535,0.01146388443462156,0.010196585972110686,0.0113,0.0096
226,1130,828,4.13970599043708,1.9431986528562541,0.002838997025346022,0.002289255141443876,0.0031,0.0024
226,1130,830,39.47432407706242,17.00846073265149,0.027071364220359214,0.020037429587055705,0.0274,0.0206
226,1130,832,6.054168177959626,2.9166102859395906,0.004151929022949091,0.0034360177652764225,0.0042,0.0034
226,1130,834,72.147994479548,36.621743431041864,0.04947886207022441,0.043143563482262656,0.0503,0.0431
226,1130,836,51.0188074029108,25.951392340155046,0.03498853367561801,0.030572972173999288,0.0345,0.0302
226,1130,838,10.839572410392908,5.331674275841571,0.0074337438214734505,0.00628117085740758,0.0079,0.0067
226,1130,840,38.32338650629045,24.45582130152168,0.02628205494396888,0.028811060861147396,0.0266,0.0297
226,1130,842,3.333612335934349,2.0598991242865043,0.002286180595249272,0.0024267383338277,0.0025,0.0024
226,1130,844,362.5749695338255,274.70196618879174,0.24865274547257737,0.32362254241895705,0.2442,0.3151
226,1130,846,26.539409533535267,14.020715605603804,0.01820064151758549,0.01651760886087092,0.0192,0.0163
226,1130,848,55.68856719128971,46.63716941006443,0.03819103988714933,0.05494259668070942,0.0404,0.0512
226,1130,854,1.584912337249224,0.8556617037302295,0.0010869277724744127,0.0010080430797550354,0.0011,0.001
226,1130,856,1.515735569019457,0.7982050288326827,0.0010394865677895786,0.0009403541750585745,0.0011,0.001
226,1130,858,19.374472208865228,10.022429880591385,0.013286950593998608,0.01180728439687829,0.0138,0.012
226,1130,860,141.17789053274655,84.01153859885547,0.09681934228975908,0.09897281803656512,0.0984,0.1015
226,1130,862,10.867149704938791,5.930096661280844,0.007452656241187245,0.006986163895874504,0.0079,0.0067
226,1130,864,0.7775323837177359,0.4136863502292916,0.0005332292026496766,0.0004873581004266029,0.0006,0.0005
226,1130,890,383.17102437023345,174.63418146439932,0.26277745349520004,0.20573408549948824,0.2544,0.2155
227,1135,802,20.87738135118171,11.334651199699536,0.014345794768281175,0.013589060529701675,0.0155,0.0139
227,1135,806,22.02564314176353,12.344738498482352,0.015134817477157137,0.014800049487509782,0.0155,0.0139
227,1135,808,6.144621619225071,3.087032579936666,0.004222247953197298,0.003701028981556354,0.0045,0.0038
227,1135,810,6.339018299341642,3.1671585543219245,0.004355826721035904,0.003797091639042582,0.0045,0.0038
227,1135,816,1.9076814691577537,0.8685306832220109,0.001310854382522509,0.0010412773907431685,0.0014,0.001
227,1135,818,14.306121649837207,7.272569052431013,0.009830384456095208,0.008719049163377868,0.0096,0.0081
227,1135,820,70.54892935741573,32.189831332617324,0.04847736622994467,0.038592238853492014,0.0478,0.0417
227,1135,822,51.43097967957126,30.105240444910518,0.03534055669165647,0.03609303254765851,0.0382,0.0335
227,1135,824,20.17764256161636,9.257254664598687,0.013864972537865682,0.011098479499698184,0.0138,0.0115
227,1135,826,16.244537656808046,7.838160496991074,0.011162357932260156,0.009397134111895016,0.0113,0.0096
227,1135,828,4.494797502780846,2.0905125311894306,0.0030885790423245277,0.002506305736623469,0.0031,0.0024
227,1135,830,38.47694381383427,16.97004604546763,0.02643925164650541,0.020345309162208468,0.0274,0.0206
227,1135,832,6.04201490668998,2.8798431377521903,0.0041517422314730976,0.003452630524351548,0.0042,0.0034
227,1135,834,68.9957050156417,38.0006110219434,0.04741007540158953,0.045558755558047184,0.0503,0.0431
227,1135,836,48.49254206679011,24.32182239626014,0.033321423054957805,0.029159319586666607,0.0345,0.0302
227,1135,838,10.936010180940743,5.17364714339178,0.007514628151903221,0.0062026614628187884,0.0079,0.0067
227,1135,840,37.10735670516006,25.410085168314293,0.025498146282387908,0.03046403275526035,0.0266,0.0297
227,1135,842,3.800338676756988,1.7797320442496243,0.0026113849141157306,0.002133712458359455,0.0025,0.0024
227,1135,844,349.3745766732124,255.80802521614916,0.24007110326244657,0.3066870499497904,0.2442,0.3151
227,1135,846,26.62877522648394,13.701063119578148,0.01829783811982751,0.01642614075836283,0.0192,0.0163
227,1135,848,58.94436196427401,44.594739900972385,0.04050334212240132,0.05346442595751692,0.0404,0.0512
227,1135,854,1.7097608435842804,0.7999778228343543,0.0011748541520756883,0.0009590896857243542,0.0011,0.001
227,1135,856,1.5482922317174503,0.8398044441629013,0.0010639017520406293,0.001006837636533946,0.0011,0.001
227,1135,858,19.629889328452172,10.2696607390428,0.013488586470357694,0.012312248426846415,0.0138,0.012
227,1135,860,139.5904620383842,86.71165110834174,0.09591893189702431,0.10395819463530248,0.0984,0.1015
227,1135,862,11.510477061711295,5.717544884737191,0.007909370377189176,0.006854737931595061,0.0079,0.0067
227,1135,864,0.9433939824121363,0.40683428266733274,0.000648248754461245,0.0004877517265701742,0.0006,0.0005
227,1135,890,397.06799650318857,181.16039505957608,0.27284341321690275,0.21719235384274604,0.2544,0.2155
228,1140,802,21.467585072095787,12.379248057650909,0.015247612216698504,0.01490936781339848,0.0155,0.0139
228,1140,806,22.977600143804747,11.593024952785104,0.016320118703919362,0.013962453315906712,0.0155,0.0139
228,1140,808,6.501808075094202,3.1738836933092034,0.0046179879061150975,0.003822574615204383,0.0045,0.0038
228,1140,810,5.546187801222704,3.3975796222232315,0.0039392470364050915,0.004091990404193102,0.0045,0.0038
228,1140,816,1.8697183655438603,0.8941451200604332,0.0013279901067823712,0.0010768940416616924,0.0014,0.001
228,1140,818,13.667489335463753,6.028382361593632,0.009707499779930708,0.007260487028794442,0.0096,0.0081
228,1140,820,71.47408907376456,37.12667894039059,0.05076533713869364,0.04471477665156972,0.0478,0.0417
228,1140,822,52.916907514374216,27.78326393514567,0.03758487425466656,0.03346171747562673,0.0382,0.0335
228,1140,824,21.193114637325525,10.063461337424096,0.015052666267246302,0.012120271429801405,0.0138,0.0115
228,1140,826,16.582600791600772,8.230428123307885,0.011777992986425932,0.009912595626217852,0.0113,0.0096
228,1140,828,4.232683127747907,2.0756009733424197,0.0030063144387838694,0.0024998205223203465,0.0031,0.0024
228,1140,830,38.74123866261867,16.009784751856646,0.027516433820495314,0.019281927978755137,0.0274,0.0206
228,1140,832,5.948304234202078,2.9398904957609213,0.00422485510156195,0.0035407569610275296,0.0042,0.0034
228,1140,834,69.21371727710331,34.1370690088747,0.04915988070261543,0.04111413839955478,0.0503,0.0431
228,1140,836,50.56281535496777,23.89764599194124,0.03591285179622728,0.028781941545151596,0.0345,0.0302
228,1140,838,11.173379882769282,5.952273087687075,0.00793602834367126,0.0071688222399963674,0.0079,0.0067
228,1140,840,38.24872455341968,25.199983684782783,0.027166619711311683,0.03035045617458636,0.0266,0.0297
228,1140,842,3.670711765704975,2.0267527223361412,0.0026071674748126684,0.0024409884722715798,0.0025,0.0024
228,1140,844,359.9347815612736,258.92234920054574,0.25564803652191137,0.3118419245952717,0.2442,0.3151
228,1140,846,27.640367410618982,13.580251456959502,0.019631905609727943,0.01635583704497405,0.0192,0.0163
228,1140,848,55.94418506556821,42.096942822716585,0.03973503478822938,0.050700882754795354,0.0404,0.0512
228,1140,854,1.6189792982552338,0.9266727885174526,0.0011498996484120385,0.00111606984384931,0.0011,0.001
228,1140,856,1.5234676285347635,0.8778267575911661,0.0010820613285835036,0.0010572404676292783,0.0011,0.001
228,1140,858,19.522132662550284,9.78004282403101,0.013865831088212419,0.011778926717939644,0.0138,0.012
228,1140,860,138.62839055125215,86.70059766013314,0.09846249283521145,0.10442080925565479,0.0984,0.1015
228,1140,862,10.882079064907995,5.736748262569011,0.007729128410854438,0.006909247597365499,0.0079,0.0067
228,1140,864,0.8515869256365852,0.4200621542730247,0.000604849924540184,0.0005059161213490946,0.0006,0.0005
228,1140,890,335.3962988245528,178.34940667594296,0.23821928205795417,0.21480116490513299,0.2544,0.2155
229,1145,802,21.06085195031076,11.352128666105477,0.014913144451398533,0.013434072387528247,0.0155,0.0139
229,1145,806,22.128874163692082,11.481807926838954,0.015669408708088445,0.013587534405718386,0.0155,0.0139
229,1145,808,6.3797442702215905,3.2859504680787732,0.00451748334251943,0.0038885831678251003,0.0045,0.0038
229,1145,810,6.04044704116235,3.243778470577479,0.004277227696600745,0.0038386769622294403,0.0045,0.0038
229,1145,816,1.9910472808908848,0.8277356446995895,0.0014098563429221537,0.0009795396877268206,0.0014,0.001
229,1145,818,13.953941033102794,7.178915902708775,0.009880755953459362,0.008495505885950579,0.0096,0.0081
229,1145,820,69.09820149767364,35.3386728505464,0.04892828944896717,0.04181967128075965,0.0478,0.0417
229,1145,822,51.7959813835647,29.417550870190638,0.036676624202927936,0.03481263465889822,0.0382,0.0335
229,1145,824,20.78557283209096,9.02638548144907,0.014718219893543459,0.010681795416711156,0.0138,0.0115
229,1145,826,17.296189118348117,7.360065113664343,0.012247394710774125,0.008709877276946767,0.0113,0.0096
229,1145,828,4.449637386901353,2.04271799661978,0.003150778765444208,0.0024173458776794517,0.0031,0.0024
229,1145,830,38.94567336882311,17.771412842087663,0.027577348441389808,0.021030632542254214,0.0274,0.0206
229,1145,832,5.6772187128019365,2.7616195882985544,0.0040200264901890095,0.003268091698677548,0.0042,0.0034
229,1145,834,71.9925152547577,35.51134302160247,0.050977746861654016,0.04202400860333246,0.0503,0.0431
229,1145,836,51.01078724874873,24.432189570277796,0.036120629906850624,0.02891297420305991,0.0345,0.0302
229,1145,838,10.875808294800954,5.416134520661578,0.007701136711313893,0.00640943609354984,0.0079,0.0067
229,1145,840,37.48687900054726,24.785709091475997,0.02654437925332886,0.02933132806231107,0.0266,0.0297
229,1145,842,3.373453783529327,1.9591741311278985,0.002388735445868202,0.0023184803371660797,0.0025,0.0024
229,1145,844,345.57760373563224,275.1017688623983,0.2447027658632585,0.3255545444854795,0.2442,0.3151
229,1145,846,26.664482942319633,13.482966117411674,0.018881063633078593,0.015955698543191277,0.0192,0.0163
229,1145,848,54.78947286873236,42.79220886414129,0.03879630915383412,0.050640161718702684,0.0404,0.0512
229,1145,854,1.6232521739316914,0.7929516494040142,0.001149421410302104,0.0009383764200725867,0.0011,0.001
229,1145,856,1.6186101244628273,0.8183975585243762,0.0011461343849508486,0.0009684890267161372,0.0011,0.001
229,1145,858,18.756103902045922,10.116794417733947,0.013281157262611271,0.011972181829067082,0.0138,0.012
229,1145,860,130.19093208057217,82.07134038053297,0.09218792197773082,0.097122959053969,0.0984,0.1015
229,1145,862,11.620045606661783,5.385639543878756,0.008228129568207192,0.006373348436546832,0.0079,0.0067
229,1145,864,0.9109925426078191,0.44246677994025213,0.000645071880952887,0.0005236137578797461,0.0006,0.0005
229,1145,890,366.1398352399333,180.82729625541188,0.25926283823783375,0.2139904381800501,0.2544,0.2155
230,1150,802,21.315407689700635,11.435804796416882,0.014440101416396824,0.013543870107176644,0.0155,0.0139
230,1150,806,22.583219685312557,11.564096732255809,0.015298979372665354,0.01369581125567763,0.0155,0.0139
230,1150,808,6.397288467002502,3.1529717590065602,0.004333836612381459,0.003734187555296602,0.0045,0.0038
230,1150,810,6.274130743610934,3.306395241608935,0.004250403537026954,0.003915892975837561,0.0045,0.0038
230,1150,816,1.9349738757742594,0.8675468989570081,0.001310846098325373,0.0010274696639662093,0.0014,0.001
230,1150,818,13.228089839817846,7.013643178917254,0.008961356105071093,0.0083065314496365,0.0096,0.0081
230,1150,820,66.79721989709888,34.05405306583453,0.04525170917155535,0.04033154461425191,0.0478,0.0417
230,1150,822,52.81954098325191,28.596692624934757,0.03578254470517228,0.033868179573013205,0.0382,0.0335
230,1150,824,18.86501461321434,9.473753581813648,0.012780085100987765,0.011220136249587488,0.0138,0.0115
230,1150,826,14.770237446798351,7.998870217322779,0.010006082444254001,0.009473374297323416,0.0113,0.0096
230,1150,828,4.667804703095529,1.9895885575885057,0.0031621995828492715,0.0023563474080238525,0.0031,0.0024
230,1150,830,39.45869603417808,17.85009631543748,0.026731253785383685,0.02114056598558125,0.0274,0.0206
230,1150,832,6.012870950788368,2.8186173781545474,0.004073413354183416,0.003338198607894841,0.0042,0.0034
230,1150,834,69.30924279447277,34.85443008260993,0.04695347654689469,0.04127946236424464,0.0503,0.0431
230,1150,836,47.915180654936194,24.099045390666802,0.03246009075287695,0.028541440352358283,0.0345,0.0302
230,1150,838,11.148220902942997,5.8369539669765835,0.007552350993909268,0.006912932474596814,0.0079,0.0067
230,1150,840,37.06902059090113,23.423075660802986,0.025112370569283362,0.027740863009473996,0.0266,0.0297
230,1150,842,3.63233825981461,2.074828017082906,0.002460723886399096,0.0024572998278972508,0.0025,0.0024
230,1150,844,375.25752967976143,271.57145962460385,0.25421783456952496,0.32163268256593963,0.2442,0.3151
230,1150,846,27.41537948814229,13.13889246668486,0.018572521151873866,0.015560903328526386,0.0192,0.0163
230,1150,848,55.39557446156662,42.640863412530045,0.037527675983936026,0.0505012393616687,0.0404,0.0512
230,1150,854,1.5497542470288972,0.8466028321326285,0.0010498794498029734,0.0010026647879093618,0.0011,0.001
230,1150,856,1.5000722096060104,0.8345900622529783,0.001016222403716712,0.000988437595527732,0.0011,0.001
230,1150,858,19.211541515617725,10.23662072073415,0.013014839401119336,0.012123629586742918,0.0138,0.012
230,1150,860,132.57917905752868,82.3788311445894,0.08981563098220223,0.09756446603154172,0.0984,0.1015
230,1150,862,11.60055013506987,5.477507115258998,0.007858780975479313,0.00648722553426657,0.0079,0.0067
230,1150,864,0.9072800350376489,0.43414781613776565,0.0006146359436205423,0.0005141782090340215,0.0006,0.0005
230,1150,890,406.5105403683083,186.3828323094058,0.2753901551031084,0.22074046522700508,0.2544,0.2155
231,1155,802,22.31343467531842,11.584018346640944,0.01566591080648426,0.013847121249615457,0.0155,0.0139
231,1155,806,22.02587912756425,12.017818644088486,0.015464022588530552,0.014365670611082688,0.0155,0.0139
231,1155,808,6.351178709361951,2.9769631419655127,0.004459062471765625,0.003558555274076032,0.0045,0.0038
231,1155,810,6.251557582836048,3.384712284981025,0.004389120048947027,0.004045964017208748,0.0045,0.0038
231,1155,816,1.927750113806993,0.8196182874076107,0.0013534429718924156,0.0009797423885664308,0.0014,0.001
231,1155,818,13.004413807039882,6.4266392283166835,0.009130193973097599,0.007682174696127021,0.0096,0.0081
231,1155,820,65.19252462531993,35.243726580123266,0.04577064404878388,0.04212909032423761,0.0478,0.0417
231,1155,822,47.62091817221258,25.307972667983904,0.03343389610179419,0.030252245432358632,0.0382,0.0335
231,1155,824,21.44056972793421,9.73965973289182,0.015053086084033393,0.01164244092296849,0.0138,0.0115
231,1155,826,17.042896544698564,7.902729770295461,0.011965549053221966,0.009446640540236952,0.0113,0.0096
231,1155,828,4.318296437343784,2.0068494781673234,0.0030318078685670157,0.0023989160947736695,0.0031,0.0024
231,1155,830,38.255673157586244,16.662455443994666,0.02685870518139798,0.019917703334457682,0.0274,0.0206
231,1155,832,5.84165211037317,2.7146559326335016,0.0041013318771961176,0.0032450026169946605,0.0042,0.0034
231,1155,834,70.14210666892916,36.54713317939354,0.04924566759190193,0.04368713595897005,0.0503,0.0431
231,1155,836,49.00809802524381,25.883671413775467,0.03440781321345145,0.03094041512422889,0.0345,0.0302
231,1155,838,12.081885792914882,5.881151342193452,0.008482501594220968,0.007030117985466241,0.0079,0.0067
231,1155,840,39.4004940041388,26.287171069463284,0.027662465854394427,0.03142274418218549,0.0266,0.0297
231,1155,842,3.6696419505025895,2.1345562283470705,0.002576397776712344,0.0025515721767321456,0.0025,0.0024
231,1155,844,342.883289902244,264.0843806265891,0.2407329537027354,0.31567702408951687,0.2442,0.3151
231,1155,846,27.332850573131125,13.922372285467924,0.01918996359799655,0.016642305920990072,0.0192,0.0163
231,1155,848,61.4897511691455,40.99104737653207,0.04317098516412056,0.048999232061486014,0.0404,0.0512
231,1155,854,1.6051463685074214,0.8170458638908576,0.0011269479668320286,0.0009766674054926885,0.0011,0.001
231,1155,856,1.618916374233327,0.8221027802354206,0.0011366156708249701,0.0009827122624392964,0.0011,0.001
231,1155,858,19.291527964561492,10.179032746767204,0.013544277732728946,0.012167651710355203,0.0138,0.012
231,1155,860,144.05657844620447,85.22433052925187,0.10113985327063223,0.10187411681699,0.0984,0.1015
231,1155,862,10.793367592212176,5.973541997353846,0.007577853273670465,0.0071405584704563535,0.0079,0.0067
231,1155,864,0.8562759769943212,0.41134901299851273,0.0006011778677966699,0.0004917118989674026,0.0006,0.0005
231,1155,890,368.51383099761614,180.6183921121352,0.2587277526462692,0.21590476643301937,0.2544,0.2155
232,1160,802,22.798973826104316,11.372091235302817,0.015795731101197676,0.013832175840325171,0.0155,0.0139
232,1160,806,22.673863874195582,11.657393328249041,0.01570905162283574,0.014179196334233465,0.0155,0.0139
232,1160,808,6.9756421985416015,3.2277860861510406,0.004832909115416884,0.003926041727487714,0.0045,0.0038
232,1160,810,6.197013258161552,3.346697255154699,0.00429345442488289,0.004070676532556039,0.0045,0.0038
232,1160,816,2.0860503407744675,0.8841352549388674,0.0014452707607702701,0.0010753971332010236,0.0014,0.001
232,1160,818,13.819192809960107,6.9324922078148115,0.009574301691236803,0.008432173928793241,0.0096,0.0081
232,1160,820,67.33962127826531,34.41407268686833,0.04665466780570974,0.0418587483108439,0.0478,0.0417
232,1160,822,51.35117584609487,31.949535160299426,0.03557745061606705,0.03886106602644976,0.0382,0.0335
232,1160,824,19.79480365107119,9.99543017948954,0.013714362675188585,0.012157706527467088,0.0138,0.0115
232,1160,826,14.908065996646116,8.561901723683642,0.010328701787986038,0.010414067889459888,0.0113,0.0096
232,1160,828,4.146485755574568,1.8205787504578452,0.0028727948244324053,0.0022144181651759173,0.0031,0.0024
232,1160,830,40.84061429966319,16.780735707191706,0.02829545603261208,0.02041085339795186,0.0274,0.0206
232,1160,832,5.943263324105626,2.895540646204547,0.004117649769995098,0.003521922796994125,0.0042,0.0034
232,1160,834,68.21613488430144,36.300810637278865,0.04726193957737323,0.044153637663619856,0.0503,0.0431
232,1160,836,49.14607854571567,23.881010496720265,0.0340497009781037,0.029047105725800125,0.0345,0.0302
232,1160,838,11.228467788313269,5.865131896941381,0.007779378985012948,0.007133915306038506,0.0079,0.0067
232,1160,840,37.08776961331441,24.776008832889016,0.025695386135507727,0.030135715912487128,0.0266,0.0297
232,1160,842,3.731826949903974,1.9461425369935965,0.0025855082542966443,0.002367144725190481,0.0025,0.0024
232,1160,844,368.6695962354597,259.6391042170859,0.2554240314384137,0.3158059208500198,0.2442,0.3151
232,1160,846,26.87068319208496,13.208355589123485,0.01861671886835842,0.016065672820416207,0.0192,0.0163
232,1160,848,59.64833851673766,43.5497768037621,0.0413259440109017,0.05297074725240817,0.0404,0.0512
232,1160,854,1.456194211212951,0.8767775003173065,0.0010088898020973226,0.0010664477013322875,0.0011,0.001
232,1160,856,1.4931218414178018,0.9353106048620121,0.0010344742394219721,0.001137643067056149,0.0011,0.001
232,1160,858,18.664619536753683,9.944004264480117,0.012931341276911246,0.012095155824659521,0.0138,0.012
232,1160,860,137.52083107938677,86.00165423997191,0.09527806317563524,0.10460609041837869,0.0984,0.1015
232,1160,862,10.985887110311994,5.5788287560614584,0.007611312685657532,0.006785677211008571,0.0079,0.0067
232,1160,864,0.827520118237334,0.4126738289992734,0.0005733277895841919,0.0005019461108171661,0.0006,0.0005
232,1160,890,368.9411637079074,165.39369659612748,0.25561218055439294,0.20117273479982836,0.2544,0.2155
233,1165,802,22.899061469581454,11.118156030430368,0.01592305596299022,0.013124222528605838,0.0155,0.0139
233,1165,806,22.629557004764525,11.448078135844119,0.01573565375520733,0.013513673001931188,0.0155,0.0139
233,1165,808,6.490317144070884,3.0202954828052997,0.00451309689001348,0.0035652521794070726,0.0045,0.0038
233,1165,810,5.866886730074859,3.1606264020143215,0.00407958928166562,0.0037309032285830503,0.0045,0.0038
233,1165,816,1.7785884290838805,0.8309853466876048,0.0012367564989093473,0.000980921348656108,0.0014,0.001
233,1165,818,13.464297274099035,7.105260850246497,0.009362512925807446,0.008387274316640124,0.0096,0.0081
233,1165,820,70.58297351468437,34.61287264426398,0.049080467284719605,0.04085812806496744,0.0478,0.0417
233,1165,822,55.032383333159366,26.072684359489397,0.03826723294990323,0.03077702008457911,0.0382,0.0335
233,1165,824,19.812936120456033,9.635500930108725,0.01377709261387201,0.011374049620748162,0.0138,0.0115
233,1165,826,15.468907389314259,7.737668647907413,0.010756435514772475,0.009133788454651022,0.0113,0.0096
233,1165,828,4.373163800032186,1.8917815317628155,0.0030409164155367563,0.00223311866917566,0.0031,0.0024
233,1165,830,39.76208424078864,18.112330514084505,0.027648901393284107,0.021380366989624033,0.0274,0.0206
233,1165,832,6.005674510593531,2.8996656012054016,0.004176096538048753,0.003422856857252635,0.0042,0.0034
233,1165,834,71.35225143920772,35.60502474543941,0.049615391192389356,0.04202929574083124,0.0503,0.0431
233,1165,836,48.8385778481695,25.091341449834967,0.03396031794850112,0.029618611919778808,0.0345,0.0302
233,1165,838,11.375933351342441,5.9417897588837105,0.007910351418781682,0.00701387629390577,0.0079,0.0067
233,1165,840,37.517828689283846,24.466694552104784,0.026088339324426727,0.02888125899316253,0.0266,0.0297
233,1165,842,3.60517637302398,2.0254373899742113,0.002506889866222984,0.0023908902655282475,0.0025,0.0024
233,1165,844,325.82015900393134,270.21316533064083,0.22656180178308405,0.31896815463391337,0.2442,0.3151
233,1165,846,26.689130428998496,13.93993904722002,0.01855851245209378,0.016455144323409485,0.0192,0.0163
233,1165,848,61.008422466145966,40.462819110333214,0.04242272227761953,0.04776358963530233,0.0404,0.0512
233,1165,854,1.5277529440592235,0.8250872091878411,0.0010623359240374457,0.0009739590008675585,0.0011,0.001
233,1165,856,1.4591240907752874,0.8682201722339966,0.0010146142707737264,0.0010248745127371976,0.0011,0.001
233,1165,858,20.116719507919004,9.990547544729978,0.013988330960283072,0.011793157858261998,0.0138,0.012
233,1165,860,143.33206070554215,88.86796163330135,0.0996671600247368,0.10490254867325387,0.0984,0.1015
233,1165,862,11.486346157938875,5.015025355362389,0.007987127897188941,0.00591989432152526,0.0079,0.0067
233,1165,864,0.8410996054434824,0.4157525236896452,0.0005848657206198747,0.0004907674098832703,0.0006,0.0005
233,1165,890,388.9697891407062,185.77307159346836,0.2704734309145106,0.21929240107281767,0.2544,0.2155
234,1170,802,21.459781079316592,12.225494785730701,0.015366495579983779,0.0146060329295059,0.0155,0.0139
234,1170,806,22.754430711313,12.092495128505092,0.016293542681450945,0.014447135689999686,0.0155,0.0139
234,1170,808,6.145805727876822,3.2322844265826673,0.004400767007072641,0.0038616721531220884,0.0045,0.0038
234,1170,810,6.494941966105022,3.178188119175849,0.004650769578940287,0.00379704225787475,0.0045,0.0038
234,1170,816,1.9977419447961524,0.856834160459805,0.0014305035382791468,0.0010236761932456587,0.0014,0.001
234,1170,818,12.37865804742337,6.77118339951266,0.008863864615804342,0.008089662581218343,0.0096,0.0081
234,1170,820,69.93568106966802,36.00592123075099,0.05007815923509098,0.04301696416961108,0.0478,0.0417
234,1170,822,53.05961500849712,26.52606092075512,0.037993879643513924,0.031691193370009044,0.0382,0.0335
234,1170,824,17.595534464943785,9.236044255252159,0.012599462295708633,0.011034479086117734,0.0138,0.0115
234,1170,826,15.495459127284583,7.7642836683341585,0.01109568188553118,0.009276138505746007,0.0113,0.0096
234,1170,828,4.6124376762803845,2.056456478475581,0.0033027831413353042,0.0024568879680655666,0.0031,0.0024
234,1170,830,37.59795226495436,16.289651217088604,0.02692239800399032,0.0194615585100625,0.0274,0.0206
234,1170,832,6.246535958437064,2.9746830553671617,0.0044728959182182716,0.003553910857845018,0.0042,0.0034
234,1170,834,73.24504051867066,34.455126302408516,0.05244785989316014,0.04116419974679863,0.0503,0.0431
234,1170,836,48.30109675598955,26.783841366354196,0.03458649401249712,0.03199916860888423,0.0345,0.0302
234,1170,838,11.131890043590074,5.715626377919977,0.007971103643576397,0.006828568377133547,0.0079,0.0067
234,1170,840,37.51530459405904,23.916171989492007,0.026863217294512676,0.028573109043730904,0.0266,0.0297
234,1170,842,3.9366864988853947,2.0198334285191626,0.002818904603980736,0.0024131337083797555,0.0025,0.0024
234,1170,844,329.5004767798851,278.59888881182684,0.2359421841875517,0.3328474319795053,0.2442,0.3151
234,1170,846,26.811119179738455,13.11841220256224,0.019198375922248205,0.01567281848069628,0.0192,0.0163
234,1170,848,55.30148754034403,44.66068829665543,0.03959919538388352,0.053356980257086586,0.0404,0.0512
234,1170,854,1.5257529453439918,0.7904104559127261,0.0010925309910720825,0.000944318520372837,0.0011,0.001
234,1170,856,1.5206267782009575,0.8741954752646045,0.0010888603466953038,0.0010444180887830396,0.0011,0.001
234,1170,858,18.76037140953765,9.76777885239643,0.013433555695559546,0.011669752600340791,0.0138,0.012
234,1170,860,148.06112859125582,84.48149095540442,0.10602068444481065,0.10093165638323416,0.0984,0.1015
234,1170,862,11.896311751786206,5.680140898851666,0.008518475620803182,0.00678617319518999,0.0079,0.0067
234,1170,864,0.7916784512051561,0.40212735204913475,0.0005668894466466688,0.000480429254506743,0.0006,0.0005
234,1170,890,352.45703926008593,166.54247559703265,0.25238046538808206,0.19897148748293406,0.2544,0.2155
235,1175,802,20.92939001591543,11.389375506799874,0.015190307813351098,0.01344907484385671,0.0155,0.0139
235,1175,806,22.402492404164537,11.778267364032917,0.016259468390944158,0.013908295429829224,0.0155,0.0139
235,1175,808,6.494030329940004,3.2984795736401256,0.004713291671950907,0.0038949895567437546,0.0045,0.0038
235,1175,810,6.041406316346134,3.206283596093097,0.004384782428013222,0.003786120497014165,0.0045,0.0038
235,1175,816,2.03878775671197,0.7444261548170354,0.0014797284377134682,0.0008790511003769553,0.0014,0.001
235,1175,818,13.557240992797984,7.256666910138431,0.009839687808568724,0.008568991015628743,0.0096,0.0081
235,1175,820,67.39038182099496,35.35659669400687,0.048911155210053014,0.04175062231268572,0.0478,0.0417
235,1175,822,52.16862556837913,27.155787540648657,0.03786338158830837,0.03206674666754165,0.0382,0.0335
235,1175,824,19.62775714213745,9.624678855124419,0.014245597814749668,0.011365243528354227,0.0138,0.0115
235,1175,826,15.50954219809843,8.034014178524288,0.011256645313318677,0.0094869168128726,0.0113,0.0096
235,1175,828,4.125237545455398,1.9009634002734965,0.002994049423848896,0.0022447410773704527,0.0031,0.0024
235,1175,830,40.97581258404626,17.0606594821421,0.029739768124179774,0.020145976056711156,0.0274,0.0206
235,1175,832,6.080292238565251,2.7879340271985935,0.004413005378021094,0.003292114951266886,0.0042,0.0034
235,1175,834,71.8772477860509,35.03486079742185,0.05216767033422145,0.041370702434678025,0.0503,0.0431
235,1175,836,50.13770436679579,25.342810963851054,0.036389362604799906,0.029925904295898653,0.0345,0.0302
235,1175,838,11.047118471954342,5.320295935227946,0.008017870081829208,0.006282439118951473,0.0079,0.0067
235,1175,840,39.16407538629926,24.637589634935274,0.028424830341007533,0.029093147975904655,0.0266,0.0297
235,1175,842,3.009405794747658,2.0040994263219942,0.002184191719048528,0.0023665286268806135,0.0025,0.0024
235,1175,844,353.35668651063276,270.8941488431332,0.2564621726634466,0.3198837091971363,0.2442,0.3151
235,1175,846,27.843486975003458,13.557653661299923,0.020208478958331222,0.016009472924046468,0.0192,0.0163
235,1175,848,57.47471154492318,41.81558739271145,0.04171447706727446,0.04937768222222942,0.0404,0.0512
235,1175,854,1.655653884842945,0.868451305075709,0.0012016543302986872,0.0010255054452489461,0.0011,0.001
235,1175,856,1.466967307453457,0.7974654413840051,0.0010647078073176327,0.0009416822195527217,0.0011,0.001
235,1175,858,19.917040033663515,9.868024937103872,0.014455555972348889,0.01165259727022945,0.0138,0.012
235,1175,860,132.01550227445682,85.25862282421345,0.09581531588633062,0.10067712656961787,0.0984,0.1015
235,1175,862,12.063334237967167,5.463580765565404,0.00875542766371653,0.006451636139986319,0.0079,0.0067
235,1175,864,0.8846958260483944,0.42916443047698827,0.0006421019393609991,0.0005067762093154397,0.0006,0.0005
235,1175,890,318.55747979249077,185.96547891553618,0.23120531322764662,0.21959620550007122,0.2544,0.2155
236,1180,802,21.81687615675294,11.419376936997484,0.015317181922505392,0.013708700264200223,0.0155,0.0139
236,1180,806,21.038452221044047,11.794820579500463,0.01477066641999175,0.014159411751312773,0.0155,0.0139
236,1180,808,6.45152874781245,3.2625903926926507,0.0045294862013473625,0.003916664983128467,0.0045,0.0038
236,1180,810,6.213745040248778,3.5022449704626073,0.004362543130268268,0.004204364810511135,0.0045,0.0038
236,1180,816,1.9462273233872158,0.8136323832755736,0.0013664063434510288,0.0009767470264892065,0.0014,0.001
236,1180,818,14.043123579430162,6.932051249082323,0.0098593894506651,0.008321768631864655,0.0096,0.0081
236,1180,820,67.79330211676788,36.271693725046795,0.04759628895489186,0.04354333691714341,0.0478,0.0417
236,1180,822,53.01180747367478,27.378239546602547,0.03721850430286158,0.03286694902677684,0.0382,0.0335
236,1180,824,20.230572806199792,10.020587339980558,0.014203470828849046,0.012029485415265714,0.0138,0.0115
236,1180,826,14.069629114414957,7.4043293046933805,0.009877998443923276,0.008888727612328397,0.0113,0.0096
236,1180,828,4.143452231468396,1.9405450291619102,0.0029090329504835102,0.002329579827405094,0.0031,0.0024
236,1180,830,37.85694254924107,16.954176677896985,0.026578584023225386,0.020353100487520485,0.0274,0.0206
236,1180,832,5.853653037472261,2.839699940618036,0.004109729910092383,0.003408994688674791,0.0042,0.0034
236,1180,834,68.48148031236043,35.1114284799735,0.04807944477157508,0.042150465085393475,0.0503,0.0431
236,1180,836,48.62648508549824,25.495863736743885,0.03413965926904841,0.030607200013822507,0.0345,0.0302
236,1180,838,10.89865460493447,5.224292248838433,0.007651722184922463,0.00627164309638257,0.0079,0.0067
236,1180,840,35.88861496705789,24.452240498986733,0.025196661540704764,0.02935435423825179,0.0266,0.0297
236,1180,842,3.449564400927599,1.9106306031829141,0.002421868516041039,0.0022936682446992964,0.0025,0.0024
236,1180,844,347.1886072454544,260.9736289117573,0.24375401044543415,0.3132928596148579,0.2442,0.3151
236,1180,846,26.09353729213057,14.240838134790843,0.018319738116198206,0.017095799760172403,0.0192,0.0163
236,1180,848,53.53486137749664,44.03111754898993,0.037585729736170755,0.052858347360550256,0.0404,0.0512
236,1180,854,1.5705070685350415,0.8507292191639423,0.0011026208475719813,0.0010212809276599637,0.0011,0.001
236,1180,856,1.633910413485141,0.8200512557256394,0.0011471350375100047,0.0009844527357356534,0.0011,0.001
236,1180,858,19.33289535262735,10.237593822994759,0.013573229873851256,0.012289996724021245,0.0138,0.012
236,1180,860,139.04227204076759,85.30115714116809,0.0976187315023883,0.10240208392185535,0.0984,0.1015
236,1180,862,12.60481960366358,5.105849771424107,0.008849585686900306,0.006129455617119869,0.0079,0.0067
236,1180,864,0.8717372504554455,0.43257490224377815,0.0006120288696655461,0.0005192962549001262,0.0006,0.0005
236,1180,890,380.65282266782174,178.28017609488361,0.267248550719462,0.21402126496195648,0.2544,0.2155
237,1185,802,20.227596282598,11.16062630705117,0.014250320088451047,0.01278340253416479,0.0155,0.0139
237,1185,806,22.39563682644858,11.902515361777619,0.015777702347963007,0.013633163664171211,0.0155,0.0139
237,1185,808,6.155920158441601,2.9722986750479063,0.004336839210707937,0.0034044765382832062,0.0045,0.0038
237,1185,810,6.253451780943353,3.345322939095858,0.004405550135129126,0.0038317392376285677,0.0045,0.0038
237,1185,816,1.7826807465205994,0.9250997897537943,0.0012558966917533608,0.001059611053299264,0.0014,0.001
237,1185,818,13.453954636858658,6.613229598803251,0.009478296746295918,0.007574805722053773,0.0096,0.0081
237,1185,820,68.4605994635726,35.42527270279701,0.04823041957993078,0.040576174524928274,0.0478,0.0417
237,1185,822,52.98257084132147,27.928066828169495,0.03732616486158634,0.03198886070040591,0.0382,0.0335
237,1185,824,19.49935924725425,9.842610905619484,0.013737277870832683,0.011273745194228123,0.0138,0.0115
237,1185,826,15.843170939066777,8.534612324859085,0.011161497092562575,0.009775561139681607,0.0113,0.0096
237,1185,828,4.409154811175096,2.1134580014592665,0.0031062448795675206,0.0024207588022758238,0.0031,0.0024
237,1185,830,37.63471126186682,17.437713448252673,0.026513614095582158,0.019973190047909612,0.0274,0.0206
237,1185,832,5.904590678515957,2.674014635364381,0.004159777859148058,0.003062821433642509,0.0042,0.0034
237,1185,834,72.77023206057308,36.9029268163339,0.05126655116535866,0.042268682348407,0.0503,0.0431
237,1185,836,48.35665537442139,25.387078759821023,0.03406721233037754,0.02907840814885992,0.0345,0.0302
237,1185,838,11.343461560371596,5.44372383832574,0.007991456616395045,0.006235251606460537,0.0079,0.0067
237,1185,840,35.89441004782381,24.178154963598086,0.025287573739429293,0.027693704540381905,0.0266,0.0297
237,1185,842,3.376516127450658,1.9391717896969551,0.0023787520241040252,0.002221131044852864,0.0025,0.0024
237,1185,844,351.3195967147836,273.2577916575187,0.24750428259428287,0.3129899926985327,0.2442,0.3151
237,1185,846,27.304958160672726,13.51754807614526,0.019236314011571422,0.015483025197530021,0.0192,0.0163
237,1185,848,58.24572533818571,43.62929486666045,0.041034051612312654,0.049973077067361475,0.0404,0.0512
237,1185,854,1.4678983459732198,0.8092859328464088,0.0010341328250367651,0.0009269576419986897,0.0011,0.001
237,1185,856,1.5652860145538496,0.806971883774883,0.0011027423340734816,0.0009243071258044118,0.0011,0.001
237,1185,858,20.8050000818663,10.334828739584033,0.01465710045152067,0.011837532434563208,0.0138,0.012
237,1185,860,140.6295075895305,87.63850674832986,0.09907333867228404,0.10038131180408864,0.0984,0.1015
237,1185,862,11.234787266894378,5.361361721154363,0.007914895692111177,0.006140913881282644,0.0079,0.0067
237,1185,864,0.8641451325042464,0.42529850288410354,0.0006087893276600842,0.0004871377116273707,0.0006,0.0005
237,1185,890,359.2669792472241,202.54921607705626,0.25310320514397183,0.23200025615557607,0.2544,0.2155
238,1190,802,21.51384177925592,11.66620202958933,0.015242732991910058,0.014161193410367858,0.0155,0.0139
238,1190,806,22.555485704686618,11.039909107014257,0.015980746238958038,0.013400958401096176,0.0155,0.0139
238,1190,808,6.26195595047214,3.204163152253833,0.004436647045168072,0.0038894212531512067,0.0045,0.0038
238,1190,810,6.087132407089521,3.3415897387620617,0.00431278313374662,0.004056238565789344,0.0045,0.0038
238,1190,816,2.183162627797947,0.8536652344757045,0.001546788591032938,0.0010362342827988063,0.0014,0.001
238,1190,818,13.794272488346385,7.260567404511763,0.009773354964442192,0.008813348082222694,0.0096,0.0081
238,1190,820,68.39137856817928,35.61198960986664,0.04845585150061709,0.043228144970766,0.0478,0.0417
238,1190,822,56.120542690842406,29.42230368187398,0.03976186384444008,0.03571470234792966,0.0382,0.0335
238,1190,824,17.983291941665303,9.593591385046397,0.012741309534342618,0.011645324053115448,0.0138,0.0115
238,1190,826,15.494932135680994,8.081496034154569,0.010978286244518472,0.009809844548767193,0.0113,0.0096
238,1190,828,4.588683326645688,2.049865856977007,0.0032511196954107613,0.0024882602574801036,0.0031,0.0024
238,1190,830,37.192408888788854,16.796319378964693,0.026351126118459262,0.02038846290374089,0.0274,0.0206
238,1190,832,5.879770093520433,2.6400253198963846,0.004165865237317448,0.0032046341275847956,0.0042,0.0034
238,1190,834,72.11622636490966,36.85278762674749,0.051094936652568486,0.044734306158073084,0.0503,0.0431
238,1190,836,48.366672819213626,25.536474506764936,0.034268183574781556,0.0309978306214843,0.0345,0.0302
238,1190,838,10.505333193011577,5.410471930933731,0.007443114553651034,0.006567582085496948,0.0079,0.0067
238,1190,840,35.7453789553874,23.698164916726924,0.025325893566669873,0.028766371095356177,0.0266,0.0297
238,1190,842,3.8210514310830885,2.092023072829258,0.002707246214319316,0.0025394334229895104,0.0025,0.0024
238,1190,844,364.88413182596054,260.0768706298792,0.2585233939840004,0.3156981901403422,0.2442,0.3151
238,1190,846,26.29680159826409,14.5369442221443,0.018631499172317354,0.017645886656461544,0.0192,0.0163
238,1190,848,57.54419566320736,41.6320467245984,0.04077053362799413,0.05053568112751628,0.0404,0.0512
238,1190,854,1.4769570438188813,0.7464394317479461,0.0010464361544742496,0.0009060766421923384,0.0011,0.001
238,1190,856,1.5790079992273367,0.8086539134070387,0.00111874009167064,0.0009815966190850416,0.0011,0.001
238,1190,858,19.537502603401606,10.16563702008673,0.013842480509434062,0.01233971018296443,0.0138,0.012
238,1190,860,140.99672282612522,84.29709400864931,0.09989733218384338,0.1023252853979991,0.0984,0.1015
238,1190,862,11.770324837191422,5.297279155367322,0.008339371487539183,0.006430181345874345,0.0079,0.0067
238,1190,864,0.8138840821397779,0.4219961631628083,0.0005766435338566247,0.0005122463394534617,0.0006,0.0005
238,1190,890,337.9152487059411,170.68032142402055,0.23941571955251617,0.2071828549599009,0.2544,0.2155
239,1195,802,21.787383808889942,11.686926715135483,0.014849810307833902,0.014213184758281447,0.0155,0.0139
239,1195,806,22.19019986923037,11.88069365973452,0.015124361035790675,0.014448836563992446,0.0155,0.0139
239,1195,808,6.259957720941521,2.8763159145241035,0.004266651999452616,0.00349806330721416,0.0045,0.0038
239,1195,810,6.769687363791212,3.13095027104068,0.004614072716459919,0.003807739686915344,0.0045,0.0038
239,1195,816,1.9936081988497107,0.8294804578845447,0.0013588002965725953,0.0010087818028351736,0.0014,0.001
239,1195,818,13.478620549738359,6.141772736842322,0.009186736697281525,0.007469384619231253,0.0096,0.0081
239,1195,820,69.83090210813349,35.21861346035965,0.04759523488577743,0.04283150500073848,0.0478,0.0417
239,1195,822,56.174969430087735,25.9411196172829,0.0382876460708787,0.031548578590778545,0.0382,0.0335
239,1195,824,19.40213306810999,9.862313883533318,0.01322407491216194,0.011994161749066657,0.0138,0.0115
239,1195,826,16.167939033035466,8.003017047677792,0.011019718099941652,0.009732957405731617,0.0113,0.0096
239,1195,828,4.302244759657887,2.0393977009305475,0.0029323171216511065,0.0024802359957815695,0.0031,0.0024
239,1195,830,38.762573009958295,16.867068168954763,0.02641973268982268,0.02051307089188869,0.0274,0.0206
239,1195,832,5.899255095859861,2.760781093861822,0.00402080487953293,0.0033575543614396265,0.0042,0.0034
239,1195,834,72.89529918908218,36.15043904527519,0.049683861760813255,0.04396475495803871,0.0503,0.0431
239,1195,836,48.70158399873812,24.87949493199909,0.03319394794785814,0.030257472026693596,0.0345,0.0302
239,1195,838,12.03947600869535,5.654098245832758,0.008205846856284492,0.006876293910992014,0.0079,0.0067
239,1195,840,35.848952923689694,25.185913303283776,0.024433872158347154,0.030630126106808656,0.0266,0.0297
239,1195,842,3.1322301030841686,2.0617468141571633,0.002134860398076255,0.002507416116202985,0.0025,0.0024
239,1195,844,352.528233796988,265.02160567854787,0.2402756313451896,0.32230894727587456,0.2442,0.3151
239,1195,846,27.457897579163166,13.490681939555964,0.018714710039492308,0.01640684155859334,0.0192,0.0163
239,1195,848,59.93840988152185,43.47037799248622,0.040852725811467934,0.05286697940181066,0.0404,0.0512
239,1195,854,1.4441524479588905,0.8729981619801739,0.0009843031222056637,0.0010617063383990323,0.0011,0.001
239,1195,856,1.547764859993477,0.7919170106575147,0.00105492310474909,0.0009630986024002557,0.0011,0.001
239,1195,858,18.680259234439625,10.182640142768033,0.01273206129592318,0.012383730060429119,0.0138,0.012
239,1195,860,140.00299226761976,84.40696850159931,0.09542301617943615,0.10265246522389661,0.0984,0.1015
239,1195,862,10.423978340950072,5.981466431041836,0.00710475853245477,0.007274426338256574,0.0079,0.0067
239,1195,864,0.8264515383878226,0.37198990146420635,0.0005632915214294359,0.00045239961938653965,0.0006,0.0005
239,1195,890,398.6954782876087,166.49874792502368,0.2717422282131151,0.20248928772832278,0.2544,0.2155
240,1200,802,21.066458766155833,11.330159677013718,0.014753055853497392,0.013619861136414868,0.0155,0.0139
240,1200,806,22.842736595702362,10.870076149118281,0.01599700132727248,0.013066799755135262,0.0155,0.0139
240,1200,808,6.060047682831732,3.4333699955178942,0.004243913176490094,0.00412721655315736,0.0045,0.0038
240,1200,810,6.221614282394414,3.16848644339508,0.004357059913389096,0.0038088029296889994,0.0045,0.0038
240,1200,816,2.0460671182150425,0.7835012285376992,0.0014328816632212368,0.0009418382650461029,0.0014,0.001
240,1200,818,14.53982702484912,6.773076360572743,0.010182389103877506,0.008141841079652708,0.0096,0.0081
240,1200,820,69.10802467807935,35.395951846636564,0.0483970542613711,0.04254908692244318,0.0478,0.0417
240,1200,822,56.633061045744476,28.18288114737441,0.03966071004324084,0.033878333456329034,0.0382,0.0335
240,1200,824,19.13385342985217,9.210433243537665,0.013399632632929323,0.011071761154231639,0.0138,0.0115
240,1200,826,16.875834805077567,7.695086207049716,0.011818319168748275,0.009250179040758423,0.0113,0.0096
240,1200,828,4.577189533722258,2.0200930956167293,0.0032054524964363743,0.0024283318354946593,0.0031,0.0024
240,1200,830,37.79358493131922,16.195666153000488,0.02646723284557969,0.019468633302945636,0.0274,0.0206
240,1200,832,6.166836610448019,2.9819554148561096,0.0043186985512484385,0.0035845760186166377,0.0042,0.0034
240,1200,834,73.01468682910775,37.200296765143406,0.051132929595457136,0.04471807023184136,0.0503,0.0431
240,1200,836,47.71414474521781,25.132377076524303,0.033414702026661934,0.03021135584741352,0.0345,0.0302
240,1200,838,10.369948437409228,5.687285031576583,0.0072621806157933295,0.006836623188147335,0.0079,0.0067
240,1200,840,37.50570609235736,24.452547958608513,0.026265628359634124,0.029394140693659844,0.0266,0.0297
240,1200,842,3.76178201503122,2.042219261968738,0.0026344142977460035,0.0024549294582807664,0.0025,0.0024
240,1200,844,364.76858169326243,261.58627307011045,0.2554511566968844,0.3144500003504135,0.2442,0.3151
240,1200,846,26.646994515255912,13.661218749268112,0.018661161934011454,0.016422001774317414,0.0192,0.0163
240,1200,848,60.4130957275337,45.30585795353607,0.04230790686960949,0.054461676762170425,0.0404,0.0512
240,1200,854,1.5686404308647128,0.8126241486066369,0.001098534886545826,0.0009768466090176846,0.0011,0.001
240,1200,856,1.5494591055152345,0.822476359645926,0.0010851020088435907,0.0009886898442471052,0.0011,0.001
240,1200,858,19.721664897724047,10.074787706661466,0.01381128299681355,0.012110792209042813,0.0138,0.012
240,1200,860,140.33450124299884,86.87338576017093,0.0982776819774184,0.10442954770568467,0.0984,0.1015
240,1200,862,11.017959427926444,4.97077497070001,0.007715989319140255,0.005975314273694754,0.0079,0.0067
240,1200,864,0.8446065985648746,0.4393286301292088,0.0005914866120203562,0.0005281121454758071,0.0006,0.0005
240,1200,890,345.6417490124957,174.78291940147213,0.24205644076611846,0.2101046374566783,0.2544,0.2155
241,1205,802,21.81260353275976,11.201448825514447,0.01545886361226382,0.013465491343727588,0.0155,0.0139
241,1205,806,20.896074383796364,11.827137619180977,0.014809307996896306,0.014217644673731938,0.0155,0.0139
241,1205,808,6.452742580289326,3.058898690290797,0.004573138980127937,0.003677164845107318,0.0045,0.0038
241,1205,810,6.173952236772028,3.072413995659493,0.004375556793738433,0.0036934118708523696,0.0045,0.0038
241,1205,816,2.0287428621523005,0.8247237649942871,0.0014377953169718747,0.0009914173506914152,0.0014,0.001
241,1205,818,13.463911758920531,6.495330400387285,0.009542041840906913,0.0078081698754757945,0.0096,0.0081
241,1205,820,70.5182241434241,36.19397193956988,0.049977143149143276,0.04350951590630635,0.0478,0.0417
241,1205,822,56.213150078176874,29.193960309536767,0.039838959112292065,0.03509465837506424,0.0382,0.0335
241,1205,824,19.119515996760605,9.477454736252438,0.013550238956230783,0.01139304269469946,0.0138,0.0115
241,1205,826,16.538829166533645,7.754162597964428,0.01172127407936372,0.009321437875332243,0.0113,0.0096
241,1205,828,4.296792786678531,2.021708026525864,0.0030451905275618607,0.002430336678298249,0.0031,0.0024
241,1205,830,40.07435241390854,16.918506343663193,0.028401192337539682,0.020338083427251127,0.0274,0.0206
241,1205,832,5.637506481669166,2.8553621070981268,0.0039953710102734645,0.003432489344481896,0.0042,0.0034
241,1205,834,71.41425605340253,36.968821564559974,0.050612172116125106,0.04444097853051875,0.0503,0.0431
241,1205,836,49.20385668993502,25.70107106361093,0.03487138564750888,0.030895784583088184,0.0345,0.0302
241,1205,838,11.107644900252726,5.575436528806638,0.0078721261911067,0.006702346587982593,0.0079,0.0067
241,1205,840,38.68616071244181,25.856047382686235,0.027417363600707758,0.0310820847943821,0.0266,0.0297
241,1205,842,3.483156408069338,1.9513195674771773,0.0024685562991899304,0.0023457212682041996,0.0025,0.0024
241,1205,844,336.36635075535077,255.13820785142525,0.2383870193336783,0.3067068718335864,0.2442,0.3151
241,1205,846,26.731758918033044,14.030058731017672,0.018945130259629572,0.016865821318058964,0.0192,0.0163
241,1205,848,60.513023317375755,40.80988965759211,0.04288633279489567,0.04905840525478154,0.0404,0.0512
241,1205,854,1.5856464358524154,0.8264851184564764,0.001123767364693553,0.0009935347098087761,0.0011,0.001
241,1205,856,1.4504620638921177,0.7365954178770914,0.0010279605177252315,0.0008854764573544215,0.0011,0.001
241,1205,858,19.683689913953845,9.556745684294745,0.013950076033285266,0.011488359969378041,0.0138,0.012
241,1205,860,132.9247029043154,86.73457038778072,0.09420539138358033,0.10426540574807772,0.0984,0.1015
241,1205,862,11.825171205161197,5.759388068428311,0.00838064601402159,0.006923478506096519,0.0079,0.0067
241,1205,864,0.8632614070497996,0.40798860516121954,0.000611804103681216,0.0004904514689764324,0.0006,0.0005
241,1205,890,361.9439674389828,180.91565146959343,0.2565141946268609,0.21748241470868518,0.2544,0.2155
242,1210,802,22.330190387101105,11.358948341832743,0.015938106999133946,0.013884561382019236,0.0155,0.0139
242,1210,806,22.433702726864517,11.686918405631312,0.01601198862388861,0.014285454171143519,0.0155,0.0139
242,1210,808,6.69998052551631,2.992988358287064,0.004782091180444047,0.003658466376087127,0.0045,0.0038
242,1210,810,6.359811823323194,3.244494979011502,0.004539296780605782,0.003965894406248347,0.0045,0.0038
242,1210,816,1.8205749112363683,0.8647964263768031,0.0012994299301624062,0.0010570801718288512,0.0014,0.001
242,1210,818,14.227114471374664,6.741634255120209,0.010154560655455898,0.008240607476452097,0.0096,0.0081
242,1210,820,66.93439286229216,33.65303422805271,0.04777422390350575,0.041135640850638915,0.0478,0.0417
242,1210,822,58.18146873046049,27.51739843989736,0.04152685032763964,0.03363577297954236,0.0382,0.0335
242,1210,824,18.904213751728335,9.44709636232524,0.013492826361372546,0.011547617382983152,0.0138,0.0115
242,1210,826,15.462306537127532,7.363956172156636,0.011036175320050176,0.009001299980409203,0.0113,0.0096
242,1210,828,4.573780061861992,1.9817149251449502,0.0032645219208955172,0.0024223406685023436,0.0031,0.0024
242,1210,830,36.474479676748906,17.128387232176323,0.026033551427378992,0.020936810058753634,0.0274,0.0206
242,1210,832,5.887303066676461,2.772685161262288,0.004202045060360103,0.0033891797159409077,0.0042,0.0034
242,1210,834,73.98156812006464,35.51807284230429,0.05280412429185655,0.04341536273510644,0.0503,0.0431
242,1210,836,50.79186173549223,25.098465954392502,0.03625254030494564,0.03067900131695255,0.0345,0.0302
242,1210,838,11.130670817256663,5.824210123516708,0.007944483203333968,0.0071191980567364655,0.0079,0.0067
242,1210,840,38.58168993707011,21.85975636517817,0.02753756648575809,0.026720178656902915,0.0266,0.0297
242,1210,842,3.283990588629406,2.0054400435059216,0.0023439385190355817,0.002451340964327743,0.0025,0.0024
242,1210,844,346.83172187711557,256.8870569563043,0.24755011032796465,0.3140047831206695,0.2442,0.3151
242,1210,846,25.914406787037834,13.489712164772076,0.018496330798391858,0.016489091326154337,0.0192,0.0163
242,1210,848,55.18978316597863,44.15880026582142,0.03939154365054032,0.05397731853301115,0.0404,0.0512
242,1210,854,1.4559480080493734,0.7864642243332738,0.0010391785620811858,0.0009613311434212943,0.0011,0.001
242,1210,856,1.6209732602885274,0.8960038014001547,0.0011569648452320013,0.0010952263717272748,0.0011,0.001
242,1210,858,19.47911880774768,9.600948059718084,0.01390316313586204,0.0117356773399346,0.0138,0.012
242,1210,860,134.74061834677153,82.52048874756157,0.09617071574906101,0.10086856254730357,0.0984,0.1015
242,1210,862,11.361462427533382,5.640500510300286,0.008109210029004815,0.006894641405503481,0.0079,0.0067
242,1210,864,0.8643002050929974,0.4100489826304574,0.0006168917017430729,0.000501221600594806,0.0006,0.0005
242,1210,890,345.53919050551406,176.64916203145037,0.2466275699042958,0.21592633926110424,0.2544,0.2155
243,1215,802,22.837102758617817,11.13222705168419,0.01598065122399856,0.013415895907365598,0.0155,0.0139
243,1215,806,21.102608011946266,11.298022148683584,0.014766909012940026,0.013615702267132483,0.0155,0.0139
243,1215,808,6.346862260484923,3.1310422215933893,0.004441324857344006,0.0037733452912378945,0.0045,0.0038
243,1215,810,6.996217496733694,3.4577743105536074,0.0048957222325562745,0.004167103312407903,0.0045,0.0038
243,1215,816,2.136940768373114,0.8351715716926228,0.001495360662281361,0.0010064989528689157,0.0014,0.001
243,1215,818,13.89628325169768,6.508384878728158,0.009724160647806877,0.00784351717340146,0.0096,0.0081
243,1215,820,65.99535561711895,36.114221091985435,0.04618137299062376,0.04352270472891256,0.0478,0.0417
243,1215,822,51.5146684086102,26.447541368049073,0.03604826573052395,0.031872999028151494,0.0382,0.0335
243,1215,824,18.600526766797117,9.209359331646073,0.013016035089243734,0.011098570447159326,0.0138,0.0115
243,1215,826,15.700719998084736,8.110399095286343,0.01098684596321523,0.009774169132949203,0.0113,0.0096
243,1215,828,4.37855528836363,1.9105107048094423,0.0030639685632595803,0.002302433522657394,0.0031,0.0024
243,1215,830,39.90641291183044,16.90797484399301,0.02792519143454749,0.020376482572465,0.0274,0.0206
243,1215,832,5.9689811245582405,2.958776173803127,0.004176896102908686,0.003565740527627024,0.0042,0.0034
243,1215,834,71.21175845899224,35.43708448955758,0.04983163963525734,0.04270666009282467,0.0503,0.0431
243,1215,836,49.11680896261067,25.2028999825609,0.03437032278409531,0.030373031484174532,0.0345,0.0302
243,1215,838,11.922539641206539,5.2978936740997495,0.008342999973519855,0.006384705390037824,0.0079,0.0067
243,1215,840,38.99598380098354,23.555556980888905,0.027288103173466336,0.02838775197706862,0.0266,0.0297
243,1215,842,3.5844306434773263,1.991641158097576,0.0025082663311311727,0.0024002071048146423,0.0025,0.0024
243,1215,844,356.08110467041627,265.3925971379318,0.24917381164065192,0.31983532506635703,0.2442,0.3151
243,1215,846,27.182683520522964,13.704390239293378,0.019021545301313964,0.0165157135288991,0.0192,0.0163
243,1215,848,57.9516835158981,42.1404838418447,0.04055267657635068,0.050785197075429625,0.0404,0.0512
243,1215,854,1.5417518361770843,0.7723468930080644,0.0010788670799586376,0.0009307863981633223,0.0011,0.001
243,1215,856,1.6309977452767563,0.8203701716291748,0.0011413184233521137,0.0009886611885462368,0.0011,0.001
243,1215,858,19.639325905959684,10.15507341005749,0.013742952461828682,0.012238288634292264,0.0138,0.012
243,1215,860,136.28235392497407,85.99263000111316,0.09536589597551715,0.1036331874600959,0.0984,0.1015
243,1215,862,10.902976677108393,5.732010428367161,0.00762954344173584,0.006907877003395628,0.0079,0.0067
243,1215,864,0.8187488525406643,0.44458426104219984,0.0005729334404104281,0.0005357864280438695,0.0006,0.0005
243,1215,890,366.8026840687976,175.11791041170005,0.2566764192501607,0.2110416583035205,0.2544,0.2155
244,1220,802,22.440710209791597,11.221105486111632,0.016329452843857353,0.01332144545653294,0.0155,0.0139
244,1220,806,22.047498877938644,12.027962354791873,0.016043324381739364,0.01427932788448589,0.0155,0.0139
244,1220,808,6.800703153167635,3.1969602651723013,0.004948674101957232,0.0037953597220797223,0.0045,0.0038
244,1220,810,6.555378376896732,2.8747890360568586,0.004770158389749621,0.0034128852447087104,0.0045,0.0038
244,1220,816,2.0103407168969136,0.7792775489494955,0.0014628665327325843,0.000925140876420784,0.0014,0.001
244,1220,818,13.523463941695562,7.121359355440629,0.009840631809646002,0.008454318547070927,0.0096,0.0081
244,1220,820,62.95278736398688,36.17119187569483,0.04580891438101903,0.042941629972754934,0.0478,0.0417
244,1220,822,54.565075073057564,28.96488404199372,0.03970541983730312,0.0343864624922912,0.0382,0.0335
244,1220,824,19.819095897045287,10.146584518096352,0.014421780274916413,0.012045798196551898,0.0138,0.0115
244,1220,826,14.714281028656202,7.590444562956414,0.010707154806707775,0.009011206013650956,0.0113,0.0096
244,1220,828,4.501715333718467,1.9721577544418023,0.003275767458836944,0.002341301575855588,0.0031,0.0024
244,1220,830,38.4024092804631,16.067771753934665,0.027944317518177865,0.019075299246851037,0.0274,0.0206
244,1220,832,5.808914927333857,2.867637141993752,0.004226978624700052,0.003404394676039652,0.0042,0.0034
244,1220,834,72.73956128279721,36.55035840281876,0.052930465424041506,0.043391767993137695,0.0503,0.0431
244,1220,836,48.51194627412251,25.850148892501757,0.035300733873448197,0.03068871858846116,0.0345,0.0302
244,1220,838,11.08399896617243,6.019034008015284,0.008065504021370153,0.0071456625497402235,0.0079,0.0067
244,1220,840,35.20847813414501,24.531761469720845,0.02562018661711701,0.029123558527815396,0.0266,0.0297
244,1220,842,3.6030188799950182,1.9341816669869731,0.0026218121595249096,0.0022962172142204375,0.0025,0.0024
244,1220,844,325.4321839389686,267.9023822918305,0.2368075453862497,0.31804771622484257,0.2442,0.3151
244,1220,846,27.80161155634366,13.65169453928645,0.02023042500207793,0.01620698641675204,0.0192,0.0163
244,1220,848,57.76014572129297,45.41311147574791,0.04203037992080296,0.05391343021277141,0.0404,0.0512
244,1220,854,1.5796966610162628,0.8308940739588302,0.0011494993648823355,0.000986418860432134,0.0011,0.001
244,1220,856,1.6136001995740448,0.8130537038180652,0.001174169984882483,0.0009652391720272159,0.0011,0.001
244,1220,858,19.379744460065268,9.913388199514756,0.014102076998817967,0.01176895274291153,0.0138,0.012
244,1220,860,137.0229894877578,85.9862217556988,0.09970764848558161,0.10208091925965984,0.0984,0.1015
244,1220,862,10.773114605831623,6.197104766956303,0.007839282504554571,0.007357064171939768,0.0079,0.0067
244,1220,864,0.7790359605232348,0.38017326803317497,0.0005668818349377643,0.00045133320067297286,0.0006,0.0005
244,1220,890,346.8160280292786,175.35829439545407,0.2523679474603674,0.2081814449593213,0.2544,0.2155
245,1225,802,22.065362780910693,11.577402131043982,0.015857161218302877,0.0138038993474602,0.0155,0.0139
245,1225,806,22.84814630227782,11.391737092565263,0.016419704631733086,0.013582528311497795,0.0155,0.0139
245,1225,808,6.086029392594395,3.274695685407526,0.004373694201900458,0.0039044657102924253,0.0045,0.0038
245,1225,810,6.290787526666142,3.106330126918678,0.0045208425980076605,0.003703721087565098,0.0045,0.0038
245,1225,816,1.8601529054214183,0.8968775355603608,0.0013367894652282952,0.0010693596963930443,0.0014,0.001
245,1225,818,13.13469297127111,5.964252092616306,0.009439180586622535,0.0071112616317085915,0.0096,0.0081
245,1225,820,65.71099684323693,36.15151662388895,0.04722287510541415,0.043103961587036756,0.0478,0.0417
245,1225,822,54.26635506976779,28.7581798751518,0.03899824125327434,0.03428878222587524,0.0382,0.0335
245,1225,824,20.98652310377469,9.788435978080939,0.01508185854782753,0.011670889849129151,0.0138,0.0115
245,1225,826,15.975919572683905,7.87181687248619,0.011481013695086568,0.00938567794048282,0.0113,0.0096
245,1225,828,4.288918705199091,2.040444157342117,0.0030822097073959767,0.0024328502589141708,0.0031,0.0024
245,1225,830,39.95932569397555,16.825860779789757,0.028716567046530604,0.020061710391470346,0.0274,0.0206
245,1225,832,6.222071215256713,2.829306259596664,0.004471459968808873,0.003373421635401867,0.0042,0.0034
245,1225,834,69.3289688342532,38.95933314557357,0.04982291235449497,0.046451760705764886,0.0503,0.0431
245,1225,836,49.97709845002634,24.047983788767063,0.03591578870530378,0.028672749203327644,0.0345,0.0302
245,1225,838,11.029061031689148,5.544586442985762,0.007925978856658461,0.0066108883768526555,0.0079,0.0067
245,1225,840,37.79895455648037,24.624242275119045,0.027164027269198393,0.029359830299214674,0.0266,0.0297
245,1225,842,3.477467783712856,1.941342476696639,0.0024990646120486436,0.0023146899316395264,0.0025,0.0024
245,1225,844,340.9554388434907,261.710268783665,0.24502589944615885,0.3120408333057273,0.2442,0.3151
245,1225,846,26.051123424040714,12.527532862222639,0.018721507919656807,0.014936753577767243,0.0192,0.0163
245,1225,848,59.81138835890499,43.666859979114996,0.04298315134515708,0.05206461114061578,0.0404,0.0512
245,1225,854,1.5136912347373699,0.7619456735462024,0.0010878065401547757,0.0009084785400743534,0.0011,0.001
245,1225,856,1.4791316516146746,0.86242463297483,0.0010629704707615264,0.0010282810162076793,0.0011,0.001
245,1225,858,19.775287286386064,9.547702207583788,0.014211410061644898,0.011383859589675116,0.0138,0.012
245,1225,860,140.8785324158486,85.60356912249325,0.10124164387855215,0.10206633911261519,0.0984,0.1015
245,1225,862,11.602873356520085,5.728790177691656,0.008338346177977336,0.006830517079779738,0.0079,0.0067
245,1225,864,0.8910023551121986,0.4042591533483721,0.0006403143302554193,0.000482003872712263,0.0006,0.0005
245,1225,890,337.2424516539582,182.29750175338685,0.2423575800058437,0.21735587457479857,0.2544,0.2155
246,1230,802,22.329749354061228,11.596357500679321,0.01630657413992564,0.014156282102027773,0.0155,0.0139
246,1230,806,22.005232042310823,12.091293109977675,0.016069591381192398,0.014760475971279911,0.0155,0.0139
246,1230,808,6.221700708232843,3.080734095702226,0.004543473474178278,0.003760813767386986,0.0045,0.0038
246,1230,810,6.233029464139405,3.134701859820407,0.004551746437531979,0.0038266950489211156,0.0045,0.0038
246,1230,816,1.9238898416847687,0.8671082047119446,0.0014049442223038966,0.0010585244856556083,0.0014,0.001
246,1230,818,12.804984832208987,6.785119132351316,0.009350997685473914,0.008282950963507667,0.0096,0.0081
246,1230,820,64.69728417439833,35.16732591087896,0.04724598759769723,0.04293060009051891,0.0478,0.0417
246,1230,822,49.11016037521753,28.29045583650542,0.03586329870901458,0.03453564393759575,0.0382,0.0335
246,1230,824,18.529615349034113,9.488427826171723,0.013531479538008092,0.01158302173800251,0.0138,0.0115
246,1230,826,16.3459412448526,7.956055683406952,0.01193682466245772,0.00971237465446821,0.0113,0.0096
246,1230,828,4.423737372863,1.9179744745923888,0.0032304886321095514,0.0023413720838830476,0.0031,0.0024
246,1230,830,40.4508327511668,17.125182226895102,0.029539718194761835,0.020905608561857258,0.0274,0.0206
246,1230,832,6.0528274830704545,2.7625730236912327,0.004420151724225093,0.0033724178517723336,0.0042,0.0034
246,1230,834,69.26815856068859,34.216027928576196,0.05058392484376725,0.04176930072562965,0.0503,0.0431
246,1230,836,48.292251200158816,25.18545121092933,0.03526601047297826,0.03074520186083317,0.0345,0.0302
246,1230,838,12.41181652668045,5.1862234183132925,0.009063881694070993,0.006331095065798455,0.0079,0.0067
246,1230,840,36.69870031858488,23.326708841945987,0.026799677331580868,0.02847613751638034,0.0266,0.0297
246,1230,842,3.4874850037918224,2.1030352767826113,0.002546778822927861,0.002567285515896409,0.0025,0.0024
246,1230,844,323.9761286371965,243.63575405683451,0.23658755310783172,0.29741894938706087,0.2442,0.3151
246,1230,846,27.01523560994348,12.682212434379815,0.019728208113584667,0.015481842198156438,0.0192,0.0163
246,1230,848,58.30025191565653,45.655326560719644,0.04257447610203876,0.05573385282541414,0.0404,0.0512
246,1230,854,1.5266134371583129,0.8746568786403246,0.0011148282410747782,0.0010677395480249868,0.0011,0.001
246,1230,856,1.5343689406132017,0.7798688987568185,0.0011204917928717263,0.0009520268871283528,0.0011,0.001
246,1230,858,19.737655098989453,9.825506452659358,0.014413665425286815,0.011994511305036253,0.0138,0.012
246,1230,860,136.73052376709884,84.25828150289564,0.09984914687784224,0.10285850555376422,0.0984,0.1015
246,1230,862,11.467327481207438,5.8951834489708785,0.008374156950629028,0.007196559776804745,0.0079,0.0067
246,1230,864,0.8132110923994792,0.43349327717950253,0.0005938574033841647,0.0005291879903431804,0.0006,0.0005
246,1230,890,346.98226395961746,184.84584507793684,0.25338806642125095,0.22565102258685163,0.2544,0.2155
247,1235,802,23.118724100538167,11.751626232062282,0.016278113721759496,0.01364439545608105,0.0155,0.0139
247,1235,806,21.296653673895896,11.838120401178035,0.014995176588855727,0.013744820761035066,0.0155,0.0139
247,1235,808,6.569296705363779,3.199033073425932,0.004625504347768149,0.003714283578201064,0.0045,0.0038
247,1235,810,6.5439683999778335,3.2674807769452325,0.004607670446828855,0.0037937557734900756,0.0045,0.0038
247,1235,816,1.8538511837070328,0.8279702523685524,0.0013053142664953149,0.0009613268262706844,0.0014,0.001
247,1235,818,12.429030762567578,6.440912718973335,0.00875139888016625,0.007478314788127159,0.0096,0.0081
247,1235,820,64.06390426899989,35.104040156115886,0.04510800486288161,0.04075805310156973,0.0478,0.0417
247,1235,822,51.9462044050773,27.78275291922087,0.03657581703221799,0.03225756675737257,0.0382,0.0335
247,1235,824,19.330439113008136,8.422870992888068,0.01361074619882545,0.009779496082760518,0.0138,0.0115
247,1235,826,15.117273732353645,8.35910521154057,0.010644216346372328,0.009705459900866178,0.0113,0.0096
247,1235,828,4.643679277440401,1.9432956564674653,0.00326965878552931,0.002256291503943928,0.0031,0.0024
247,1235,830,37.54016737908839,17.22510198916624,0.026432389221534153,0.01999945357947859,0.0274,0.0206
247,1235,832,6.251444539641711,2.90896560917564,0.0044017016120362525,0.003377496557152396,0.0042,0.0034
247,1235,834,68.14837869609019,37.630170901546045,0.047983922189835077,0.04369105370793476,0.0503,0.0431
247,1235,836,49.33504944777146,25.0987523863353,0.034737277969451495,0.02914126915295188,0.0345,0.0302
247,1235,838,10.76961705107684,5.571733360092876,0.007582989888838547,0.006469141533239969,0.0079,0.0067
247,1235,840,36.113016944474964,23.16102054613176,0.025427519014524978,0.026891437598282282,0.0266,0.0297
247,1235,842,3.4145206660216494,2.108206873284887,0.002404196506047863,0.0024477640553139998,0.0025,0.0024
247,1235,844,357.2624346785969,291.05762820317864,0.25155188127685196,0.33793666521473914,0.2442,0.3151
247,1235,846,25.948706620111317,13.82781719493211,0.018270731354284073,0.016054986975955,0.0192,0.0163
247,1235,848,57.46511757891071,43.34794594769659,0.040461736336133446,0.05032975905117807,0.0404,0.0512
247,1235,854,1.602245513041437,0.8698780988132692,0.0011281563185772984,0.0010099845369834673,0.0011,0.001
247,1235,856,1.5764024354326767,0.7912255694895892,0.0011099599616154596,0.0009186638812273003,0.0011,0.001
247,1235,858,20.253308747166365,10.325739436557598,0.014260547493648487,0.011988848987083465,0.0138,0.012
247,1235,860,140.2083798348172,84.75428049412471,0.09872205497887647,0.09840518212724969,0.0984,0.1015
247,1235,862,12.04878241987998,6.012096765796707,0.008483662402242055,0.006980431828996363,0.0079,0.0067
247,1235,864,0.7664412616809352,0.42732829307167947,0.0005396585886156522,0.0004961556898681998,0.0006,0.0005
247,1235,890,364.6165635288614,177.22353041364917,0.25672999340918595,0.20576794099264717,0.2544,0.2155
248,1240,802,22.295965593385755,11.68271075799318,0.01555306450815783,0.013824265669610512,0.0155,0.0139
248,1240,806,21.00054132772483,11.573749767611298,0.014649411464522243,0.013695331066172486,0.0155,0.0139
248,1240,808,6.198414242464384,3.2526653109755452,0.0043238466689207574,0.003848910610278286,0.0045,0.0038
248,1240,810,6.429247291094225,3.318280507242519,0.004484869580483722,0.0039265537124613704,0.0045,0.0038
248,1240,816,2.2307424713527695,0.7920051728807026,0.0015561058081435823,0.0009371874514754658,0.0014,0.001
248,1240,818,13.342194565105249,6.553908330563795,0.009307155228703554,0.007755303697303117,0.0096,0.0081
248,1240,820,68.04749155083742,35.55373414338412,0.047468095574316145,0.04207108063585007,0.0478,0.0417
248,1240,822,52.68672551044154,26.279931259121945,0.036752839304281776,0.03109729916549011,0.0382,0.0335
248,1240,824,19.505450862483848,10.0390581831352,0.013606476662975774,0.01187931553482867,0.0138,0.0115
248,1240,826,15.06027878768691,7.537484683944314,0.01050564446355364,0.008919179196504014,0.0113,0.0096
248,1240,828,4.249522400363642,1.9100693754642495,0.0029643522611698136,0.0022602037353136213,0.0031,0.0024
248,1240,830,38.53496323730583,16.44307194454921,0.026880951468058654,0.019457247525403478,0.0274,0.0206
248,1240,832,5.815383324251597,2.9887055278682118,0.004056654626726825,0.0035365644225348373,0.0042,0.0034
248,1240,834,69.95706581433382,36.40076541780027,0.04880016309921796,0.043073381010357424,0.0503,0.0431
248,1240,836,50.35817924817598,25.001694294428866,0.035128508208346204,0.029584748888873563,0.0345,0.0302
248,1240,838,11.456374843716969,5.617900874879901,0.007991658231963964,0.006647716939045219,0.0079,0.0067
248,1240,840,38.48155079632607,23.71734946828005,0.026843692389207956,0.028064971120180363,0.0266,0.0297
248,1240,842,3.555739814935588,2.1986257770906823,0.0024803882336598276,0.002601655341827234,0.0025,0.0024
248,1240,844,357.49867832119685,278.48890699809255,0.2493814399839319,0.3295386418556176,0.2442,0.3151
248,1240,846,26.314826478449078,13.092496028931375,0.01835651351479089,0.015492478340990663,0.0192,0.0163
248,1240,848,56.95497301954642,41.479219268965,0.03973025369648848,0.049082765020941076,0.0404,0.0512
248,1240,854,1.7330770187101037,0.8503149293798226,0.0012089478052298562,0.0010061859554761417,0.0011,0.001
248,1240,856,1.487951022927352,0.8669246280789711,0.0010379545190648224,0.0010258403740666313,0.0011,0.001
248,1240,858,18.995496127888313,9.776135581147658,0.013250745988285562,0.01156819665362773,0.0138,0.012
248,1240,860,141.16530758648477,82.84896437165797,0.09847311281543532,0.09803598819240443,0.0984,0.1015
248,1240,862,11.949698991504496,6.296609705358193,0.008335787857650486,0.007450839722721349,0.0079,0.0067
248,1240,864,0.8486027530482958,0.4184023704554789,0.0005919624025557277,0.0004950996087970351,0.0006,0.0005
248,1240,890,367.3871964411577,180.10757255384297,0.25627940363415674,0.21312304855184785,0.2544,0.2155
249,1245,802,21.642530784335282,11.601536530915403,0.015719024222933996,0.014434590585509333,0.0155,0.0139
249,1245,806,21.14321795056545,10.91810873898825,0.0153563720633016,0.013584272151831245,0.0155,0.0139
249,1245,808,6.413869254182192,3.1355885097892187,0.004658409276339999,0.0039012880977295377,0.0045,0.0038
249,1245,810,5.812589611863299,3.5162651693566023,0.0042216983687039696,0.0043749246467911064,0.0045,0.0038
249,1245,816,1.777229377627684,0.8295640997274567,0.0012908061406967982,0.0010321407093011712,0.0014,0.001
249,1245,818,13.898918130327049,6.731701554915939,0.010094818990453735,0.008375559188226005,0.0096,0.0081
249,1245,820,66.7182017640665,36.42334622345672,0.04845759676123615,0.04531779812862178,0.0478,0.0417
249,1245,822,57.464738036180854,28.15751682545538,0.041736782918616815,0.035033482521643976,0.0382,0.0335
249,1245,824,19.38892630572223,9.291515835787823,0.01408222565527891,0.011560471033382274,0.0138,0.0115
249,1245,826,15.770663647724069,7.835836810562036,0.011454272439790044,0.009749320355447925,0.0113,0.0096
249,1245,828,4.513842656841868,1.925959071857689,0.0032784152079277863,0.00239627144323785,0.0031,0.0024
249,1245,830,38.46917870537406,16.735743608402117,0.02794026068078082,0.02082255281337964,0.0274,0.0206
249,1245,832,6.016751525427232,2.831719472398718,0.0043699816770051796,0.0035232153196404947,0.0042,0.0034
249,1245,834,74.14816064944057,33.349548755124005,0.05385399447730786,0.04149339022541648,0.0503,0.0431
249,1245,836,47.944699272283145,24.61437114602588,0.03482235496080648,0.0306251132396015,0.0345,0.0302
249,1245,838,11.480654738280169,5.4796686670198325,0.008338428242263935,0.006817784311750465,0.0079,0.0067
249,1245,840,36.50139036601966,24.84809331481678,0.026511051089714556,0.030915909532684215,0.0266,0.0297
249,1245,842,3.8262148878742077,2.038748634552903,0.002778989440004745,0.0025366038169269403,0.0025,0.0024
249,1245,844,327.39343134531697,247.93923123304197,0.23778666778985832,0.308485111726188,0.2442,0.3151
249,1245,846,26.944307556636517,13.070499894053913,0.019569717949044437,0.016262269589537276,0.0192,0.0163
249,1245,848,53.80148819265314,40.806225659235146,0.039076155397793355,0.050770961170648415,0.0404,0.0512
249,1245,854,1.4615000016704913,0.847490466295513,0.0010614911054997545,0.0010544446309762113,0.0011,0.001
249,1245,856,1.6316762395300761,0.810598972264757,0.0011850905325602322,0.0010085443650068976,0.0011,0.001
249,1245,858,18.894270875901867,9.824761499896638,0.013722956179780232,0.012223933396526809,0.0138,0.012
249,1245,860,136.16726844141556,80.75986466141629,0.09889862753715412,0.10048113704786193,0.0984,0.1015
249,1245,862,10.904526843165678,5.183471430621619,0.007919985111511063,0.006449256761233828,0.0079,0.0067
249,1245,864,0.8804855291287109,0.4209255885173144,0.0006394988413432052,0.0005237141236439819,0.0006,0.0005
249,1245,890,345.82605293985597,173.80369376526636,0.251174326942292,0.21624593906725464,0.2544,0.2155
250,1250,802,22.63957240068774,11.676267394836346,0.01585971210568268,0.014256679258786589,0.0155,0.0139
250,1250,806,21.08998822278557,11.417471646090224,0.014774181049261191,0.013940690607735085,0.0155,0.0139
250,1250,808,6.721435852628003,3.275402112165829,0.004708571154650238,0.003999253852078715,0.0045,0.0038
250,1250,810,6.62632059648164,3.1946938630655892,0.004641940011948366,0.003900709378742208,0.0045,0.0038
250,1250,816,2.147960355440017,0.8690903254411327,0.00150471184918067,0.0010611560696364428,0.0014,0.001
250,1250,818,13.662928328626789,6.567301513793207,0.009571298696702176,0.00801865083351028,0.0096,0.0081
250,1250,820,72.09791179683859,36.51624254643573,0.05050678980509488,0.044586196951160804,0.0478,0.0417
250,1250,822,52.17996621100839,28.084508818290526,0.03655366042892681,0.034291081286815926,0.0382,0.0335
250,1250,824,19.505559213900757,9.64666386282332,0.013664240124226672,0.01177854086061952,0.0138,0.0115
250,1250,826,15.5304202722039,8.636533239972222,0.010879533855062105,0.010545175110034269,0.0113,0.0096
250,1250,828,4.5196431810707045,2.0145898382406227,0.0031661481234520022,0.0024598067336577874,0.0031,0.0024
250,1250,830,38.37462481611399,16.94313024388273,0.026882597028584598,0.020687499297395825,0.0274,0.0206
250,1250,832,5.896002694135223,2.9892549024484154,0.004130330010140717,0.0036498691684475394,0.0042,0.0034
250,1250,834,71.33725560584051,33.35425662005249,0.049973926905251945,0.04072542384200961,0.0503,0.0431
250,1250,836,49.39673110714009,25.1633560671091,0.03460391921082677,0.030724364592923416,0.0345,0.0302
250,1250,838,11.034836345065859,5.755947732505004,0.0077302399740002085,0.007027990870520308,0.0079,0.0067
250,1250,840,37.35216792644817,25.1304429466128,0.026166334741312813,0.03068417779465524,0.0266,0.0297
250,1250,842,3.6504443332229077,1.9521261201253832,0.0025572477765073588,0.0023835387651052645,0.0025,0.0024
250,1250,844,348.1704330672186,253.69857398391306,0.24390402497130226,0.3097650195386676,0.2442,0.3151
250,1250,846,27.97528040796024,12.750445234362754,0.019597538570671792,0.015568246423803452,0.0192,0.0163
250,1250,848,53.83752914002402,39.53354054393886,0.03771483389925443,0.04827030663484317,0.0404,0.0512
250,1250,854,1.507751953651122,0.8826260446826828,0.0010562263053590624,0.001077683132715617,0.0011,0.001
250,1250,856,1.6256791130368646,0.8678821893678836,0.0011388378831838281,0.0010596809399640184,0.0011,0.001
250,1250,858,18.857842334640043,9.751326570361735,0.013210494662552048,0.011906333639019854,0.0138,0.012
250,1250,860,141.20450455881678,84.68915429469166,0.09891806924146508,0.103405143839996,0.0984,0.1015
250,1250,862,11.366275463354981,5.3526289465858845,0.00796242320182774,0.006535540126163859,0.0079,0.0067
250,1250,864,0.8182061788930238,0.39500413277915264,0.0005731784245156441,0.0004822985836567902,0.0006,0.0005
250,1250,890,368.3622220158895,177.8948407097943,0.25804898998905573,0.2172089418673351,0.2544,0.2155
251,1255,802,21.72953341818838,11.31476037193752,0.015436587826846954,0.013260900519566148,0.0155,0.0139
251,1255,806,23.432265586425792,11.37531335851299,0.016646203061318275,0.013331868627130447,0.0155,0.0139
251,1255,808,6.178808440876939,2.9004366123262795,0.004389404840281752,0.003399312059207136,0.0045,0.0038
251,1255,810,6.594331539768954,3.468804833767785,0.004684591059271675,0.004065439683236341,0.0045,0.0038
251,1255,816,2.1816868324558265,0.7848686945209045,0.0015498630252083739,0.0009198662045709065,0.0014,0.001
251,1255,818,13.728554594756234,7.054064265523604,0.009752719244318045,0.008267364169349771,0.0096,0.0081
251,1255,820,65.31439344212886,35.293330253681525,0.04639912654004498,0.04136378731086832,0.0478,0.0417
251,1255,822,52.50819208155041,27.866385685207934,0.037301643946820603,0.032659407381521614,0.0382,0.0335
251,1255,824,19.105334218538413,10.230279908909935,0.013572365496760887,0.011989889286196188,0.0138,0.0115
251,1255,826,16.862959845157274,8.48052122917525,0.0119793902455576,0.009939171902666152,0.0113,0.0096
251,1255,828,4.345668628832728,2.113288822426324,0.0030871484520325573,0.0024767747545773053,0.0031,0.0024
251,1255,830,37.81012297296833,16.748003626628975,0.026860184836162475,0.019628662268879226,0.0274,0.0206
251,1255,832,5.894560897621325,2.8544652205113907,0.004187476336729163,0.0033454335824596127,0.0042,0.0034
251,1255,834,72.49055874256597,36.1006700016497,0.05149705035590777,0.042309989592787645,0.0503,0.0431
251,1255,836,49.641370546008744,25.413746725024026,0.03526506352120304,0.029784914224593933,0.0345,0.0302
251,1255,838,10.246126383127468,5.758202066852338,0.00727881389600989,0.0067486135163296835,0.0079,0.0067
251,1255,840,39.31561943756637,25.299504810380782,0.027929684486777278,0.02965102268686361,0.0266,0.0297
251,1255,842,3.592199632994843,2.0854545394523183,0.002551886598719032,0.0024441529715771818,0.0025,0.0024
251,1255,844,313.7922097958152,268.8391504432795,0.22291693579757163,0.31507951672002876,0.2442,0.3151
251,1255,846,26.804691727362066,13.645801705767443,0.01904196330670589,0.015992881243752012,0.0192,0.0163
251,1255,848,57.27649200970961,39.615687649418476,0.040689028259645585,0.046429590699602716,0.0404,0.0512
251,1255,854,1.6123539226637182,0.7799007880506619,0.0011454108312480616,0.00091404381758905,0.0011,0.001
251,1255,856,1.6140136513640693,0.8434271806595909,0.0011465898969628488,0.000988496757382918,0.0011,0.001
251,1255,858,19.671077759439136,10.352117946014744,0.013974267815071845,0.01213268348036695,0.0138,0.012
251,1255,860,141.40070509706803,86.86216322655835,0.10045058773245184,0.10180246577015778,0.0984,0.1015
251,1255,862,10.38295315914112,5.47864606365164,0.0073760151798272005,0.006420973846886365,0.0079,0.0067
251,1255,864,0.8471920432540887,0.402503382488205,0.0006018423925730096,0.0004717340127859,0.0006,0.0005
251,1255,890,383.29031196581496,191.28073366544749,0.27228815501797154,0.22418104290906612,0.2544,0.2155
252,1260,802,20.86324567204999,11.576086478464791,0.01462520597240339,0.014037510960030723,0.0155,0.0139
252,1260,806,22.529336391550878,12.226225713016063,0.015793141217208276,0.014825889368185963,0.0155,0.0139
252,1260,808,5.927177770651485,2.953219072887535,0.004154971718851981,0.00358116235397443,0.0045,0.0038
252,1260,810,6.586278857561344,2.976342100228904,0.0046170038160728575,0.0036092020330436387,0.0045,0.0038
252,1260,816,2.044911420188993,0.8295026187641439,0.001433489840732212,0.001005879847557954,0.0014,0.001
252,1260,818,13.968467143437032,6.049905171791091,0.009791942840667436,0.007336297142747914,0.0096,0.0081
252,1260,820,67.21511433467356,36.366969458386315,0.047118023104151696,0.044099681987077095,0.0478,0.0417
252,1260,822,54.01755345792517,27.49990495170904,0.03786648817090982,0.033347212624711985,0.0382,0.0335
252,1260,824,19.974419173989485,10.097323591478858,0.014002135582867607,0.012244318565349802,0.0138,0.0115
252,1260,826,15.476237174810509,8.055018518760845,0.01084889474616103,0.00976775795090219,0.0113,0.0096
252,1260,828,4.544669318897935,2.022875423719761,0.0031858286054881886,0.0024529996371458348,0.0031,0.0024
252,1260,830,39.52598277267943,16.982403066994625,0.027707847973363953,0.020593373211583985,0.0274,0.0206
252,1260,832,5.854246953038107,2.754751719277945,0.0041038469683650335,0.0033404948661592917,0.0042,0.0034
252,1260,834,74.00280581328465,34.479972799962475,0.0518762178506578,0.041811453031337736,0.0503,0.0431
252,1260,836,49.29072356209457,26.079925305774267,0.03455296438320647,0.031625302557789836,0.0345,0.0302
252,1260,838,10.482912495682738,5.353753853898564,0.007348557211567208,0.006492123097146607,0.0079,0.0067
252,1260,840,37.587759886328264,24.7309008150728,0.026349147156679055,0.029989434848197265,0.0266,0.0297
252,1260,842,3.3599108902383272,2.157181485262768,0.0023553089289691715,0.0026158632106355307,0.0025,0.0024
252,1260,844,339.29061109090264,258.01382802541247,0.23784386905604063,0.31287533532891665,0.2442,0.3151
252,1260,846,27.359988769207902,13.364068206106927,0.01917944491677892,0.01620567142987543,0.0192,0.0163
252,1260,848,62.203423912695925,44.70286136503966,0.043604811121533936,0.05420803546378645,0.0404,0.0512
252,1260,854,1.4931613720081693,0.8334030407537942,0.0010467111857342265,0.0010106096166841883,0.0011,0.001
252,1260,856,1.5647008372680842,0.8202782787866985,0.001096860593502718,0.0009946941352040142,0.0011,0.001
252,1260,858,19.611760083603716,10.297860385761128,0.013747910330573238,0.012487495519224815,0.0138,0.012
252,1260,860,144.4337389716053,86.03125258514937,0.10124854085641964,0.10432408684194325,0.0984,0.1015
252,1260,862,11.39640176071754,5.242661237399806,0.007988916284394089,0.006357408845954643,0.0079,0.0067
252,1260,864,0.8682239999868067,0.42629557847166716,0.0006086279685141302,0.000516938852015407,0.0006,0.0005
252,1260,890,365.05285812544554,171.7290093998617,0.2559032915981856,0.20824376667281733,0.2544,0.2155
253,1265,802,22.323474264157177,11.150455426119796,0.01634260833043267,0.013170219016656817,0.0155,0.0139
253,1265,806,20.993453513029984,11.400263255320617,0.015368924398002888,0.01346527636605831,0.0155,0.0139
253,1265,808,6.162164548376109,3.1705260738121646,0.004511208268485462,0.0037448266635202302,0.0045,0.0038
253,1265,810,6.316944954716128,3.0571840332699427,0.004624520180784954,0.0036109541497358036,0.0045,0.0038
253,1265,816,2.0566998392299722,0.8442913742640596,0.0015056724382623017,0.0009972240494217435,0.0014,0.001
253,1265,818,13.097794124764993,6.585994756145371,0.00958865617603981,0.007778964182736687,0.0096,0.0081
253,1265,820,64.34997570612914,33.4394605991025,0.04710944347612869,0.03949659480790382,0.0478,0.0417
253,1265,822,52.820421080825966,28.11552721543381,0.03866886683308383,0.033208298409825004,0.0382,0.0335
253,1265,824,19.03710540437662,9.558559414405643,0.013936717631288311,0.011289971230821432,0.0138,0.0115
253,1265,826,16.83755444252092,7.902735481175107,0.012326466491744582,0.009334215791219893,0.0113,0.0096
253,1265,828,4.585321007075592,1.950684852953609,0.0033568298733974286,0.0023040266755107886,0.0031,0.0024
253,1265,830,39.474634450542425,18.036069329321748,0.02889865986711704,0.02130307455517396,0.0274,0.0206
253,1265,832,5.802195561691931,2.767795926549215,0.004247681539139046,0.0032691470574981443,0.0042,0.0034
253,1265,834,74.40512982780845,36.11956704592788,0.054470638403415914,0.04266216854850279,0.0503,0.0431
253,1265,836,49.348339533722985,24.958226027994407,0.036127019262935045,0.029479092153126156,0.0345,0.0302
253,1265,838,12.358522450703747,5.718758812379757,0.00904744886771484,0.0067546394460308605,0.0079,0.0067
253,1265,840,38.81087818690173,24.2325796279452,0.028412736013366007,0.028622004110344546,0.0266,0.0297
253,1265,842,3.5669196705175428,1.9293639790948858,0.0026112768304609145,0.0022788437957435527,0.0025,0.0024
253,1265,844,313.48501008040193,271.28257413467946,0.22949665793874902,0.32042197203773504,0.2442,0.3151
253,1265,846,25.797792425731885,12.968093760850074,0.018886093285240536,0.01531709948446202,0.0192,0.0163
253,1265,848,57.434099336723776,44.973122136911314,0.04204645653111009,0.05311943286356809,0.0404,0.0512
253,1265,854,1.6593902010518136,0.8484330887623971,0.0012148092990475908,0.001002115982976295,0.0011,0.001
253,1265,856,1.5999098360596993,0.8632372814298389,0.0011712648087538885,0.0010196017673988998,0.0011,0.001
253,1265,858,19.633490345454636,9.973352773734108,0.014373320168638655,0.011779899146789233,0.0138,0.012
253,1265,860,139.0902253070058,81.77489601767348,0.10182541695285041,0.0965873813632988,0.0984,0.1015
253,1265,862,11.359495051021355,5.28632372830622,0.008316079130585961,0.006243874230612502,0.0079,0.0067
253,1265,864,0.8081006112386139,0.41580907523449684,0.0005915957177982983,0.0004911276159289156,0.0006,0.0005
253,1265,890,342.7526062902826,187.31772430081247,0.25092293128542575,0.22124795449739995,0.2544,0.2155
254,1270,802,21.025269759386454,11.936377927379024,0.014794923037080574,0.01449318486006282,0.0155,0.0139
254,1270,806,22.24784493021534,11.852307181085092,0.0156552166631057,0.01439110591494442,0.0155,0.0139
254,1270,808,6.741679362834045,3.2500001296224865,0.0047439404324063576,0.003946159627352685,0.0045,0.0038
254,1270,810,6.490185858161708,3.182382142447244,0.004566971143139961,0.003864057670296828,0.0045,0.0038
254,1270,816,1.9527646773500333,0.9080500954807329,0.0013741085580138736,0.001102557071841117,0.0014,0.001
254,1270,818,13.270868870905005,6.380265229480904,0.009338357406452483,0.007746936632677683,0.0096,0.0081
254,1270,820,70.7590896984391,36.571376229356815,0.04979128916026981,0.044405071580651614,0.0478,0.0417
254,1270,822,54.403515510563714,27.94633758766404,0.0382823066784232,0.0339325245299663,0.0382,0.0335
254,1270,824,19.29776758644223,8.819488667986034,0.01357932571121563,0.01070864883920594,0.0138,0.0115
254,1270,826,15.891253381551113,7.708582276379212,0.01118225228182071,0.009359783061518693,0.0113,0.0096
254,1270,828,4.17360140780513,1.988884210048902,0.0029368522888207605,0.0024149090031223707,0.0031,0.0024
254,1270,830,37.88162132978938,17.30075036698344,0.02665628924184698,0.02100662150712821,0.0274,0.0206
254,1270,832,6.008065418935352,2.9700747018306393,0.004227715814928393,0.003606273357271235,0.0042,0.0034
254,1270,834,70.0540513670571,34.78755255376447,0.049295172441180785,0.042239147675979014,0.0503,0.0431
254,1270,836,48.69906059972528,25.122446564801642,0.03426823350170816,0.030503747821653462,0.0345,0.0302
254,1270,838,11.911073963248958,5.753886744196625,0.00838150590180038,0.006986386050681777,0.0079,0.0067
254,1270,840,36.92424059355463,24.03269260347312,0.025982605885016174,0.029180565386444823,0.0266,0.0297
254,1270,842,3.3247066076568927,1.908111156399669,0.0023395075993827515,0.002316834126022098,0.0025,0.0024
254,1270,844,351.5009137384185,250.95639869413498,0.24734184273196955,0.30471199054002884,0.2442,0.3151
254,1270,846,27.03814194289007,13.403712798413316,0.01902602124437105,0.016274827136044785,0.0192,0.0163
254,1270,848,59.73072461542265,44.27380556725132,0.042030922016575364,0.05375738372633353,0.0404,0.0512
254,1270,854,1.5582773000947432,0.8271658477966746,0.0010965182843867684,0.0010043471826197581,0.0011,0.001
254,1270,856,1.527985506753277,0.8681782558371218,0.001075202755203507,0.001054144567965871,0.0011,0.001
254,1270,858,19.888354096938976,9.708301055075594,0.013994905728477312,0.011787847429462981,0.0138,0.012
254,1270,860,136.58850646588564,85.2650653903951,0.09611369861308883,0.10352909084537404,0.0984,0.1015
254,1270,862,11.236347389723697,6.069266723983121,0.007906718760392943,0.007369321341103855,0.0079,0.0067
254,1270,864,0.8159533339561938,0.4294903191801852,0.0005741646559536684,0.0005214883970126286,0.0006,0.0005
254,1270,890,360.1719658762741,179.36461989645377,0.25344343146296855,0.21778504411723296,0.2544,0.2155
255,1275,802,22.984640339637977,11.251634273307475,0.016594871062925374,0.013383954487213308,0.0155,0.0139
255,1275,806,23.224245116657237,11.3918200382346,0.01676786530264112,0.01355070714304668,0.0155,0.0139
255,1275,808,6.088017858226617,3.0200622789699447,0.004395538494105889,0.0035924004556541337,0.0045,0.0038
255,1275,810,6.104912554521419,3.2383444220125157,0.004407736435971267,0.0038520496938793617,0.0045,0.0038
255,1275,816,2.033316846520574,0.871616972314582,0.0014680512898821551,0.0010367988866662515,0.0014,0.001
255,1275,818,13.830942313832642,6.449641514278801,0.009985916724613257,0.007671926263256891,0.0096,0.0081
255,1275,820,69.81244385791275,35.711041232604614,0.05040446521200715,0.04247871366402675,0.0478,0.0417
255,1275,822,53.766515193849,32.17102044552518,0.038819332126160025,0.038267816300391354,0.0382,0.0335
255,1275,824,19.926215445119404,8.937636120639262,0.014386693513475136,0.010631425813909468,0.0138,0.0115
255,1275,826,17.792094257352822,7.5981674512479636,0.012845861661407035,0.009038111698580384,0.0113,0.0096
255,1275,828,4.564923452187132,1.8863461794087844,0.0032958669346906475,0.0022438315003029743,0.0031,0.0024
255,1275,830,38.66922552559557,17.76457404291384,0.027919114774825688,0.02113117478757145,0.0274,0.0206
255,1275,832,5.488903378305302,2.8808140897947263,0.003962978863008246,0.003426763057470185,0.0042,0.0034
255,1275,834,72.77123481670358,35.772066796911844,0.05254070723005634,0.042551304307786135,0.0503,0.0431
255,1275,836,48.38104488624079,26.184844856178692,0.03493103176351102,0.03114718833700756,0.0345,0.0302
255,1275,838,11.116298571305117,5.674787683743848,0.008025948579654631,0.006750228299190893,0.0079,0.0067
255,1275,840,37.10697363949076,24.292853811707722,0.02679117158169197,0.028896642201724138,0.0266,0.0297
255,1275,842,3.518801434410635,1.9795070462664177,0.00254056862483849,0.0023546474734962965,0.0025,0.0024
255,1275,844,324.38104382538654,258.5237534505648,0.23420255953520921,0.3075171184913397,0.2442,0.3151
255,1275,846,28.32574258066625,13.172374746709714,0.020451137757293063,0.015668698414479917,0.0192,0.0163
255,1275,848,52.80167729904448,44.827456314271096,0.03812272081424434,0.05332279920536231,0.0404,0.0512
255,1275,854,1.5541826601345927,0.8478033482426437,0.0011221172257670474,0.0010084722940120147,0.0011,0.001
255,1275,856,1.5215690076055126,0.9086691145104197,0.0010985702243515943,0.001080872856078792,0.0011,0.001
255,1275,858,19.52748454326511,10.258415644598102,0.01409881048344726,0.012202508965647216,0.0138,0.012
255,1275,860,136.2627617171446,81.86164269441379,0.09838148119614017,0.09737540995886682,0.0984,0.1015
255,1275,862,11.390517504747228,5.4459272805447405,0.00822393418117988,0.006477996093100734,0.0079,0.0067
255,1275,864,0.8828314957514023,0.39897008628509706,0.0006374028318824164,0.00047457972298895607,0.0006,0.0005
255,1275,890,351.2162680354413,187.3590609505149,0.25357754557501977,0.2228658596269493,0.2544,0.2155
256,1280,802,21.103054832019332,11.852341024256786,0.01518616467432459,0.014052930134884097,0.0155,0.0139
256,1280,806,22.474340384605092,12.195457133427022,0.01617296816712947,0.014459751597450388,0.0155,0.0139
256,1280,808,6.511357141526068,3.2172061572597292,0.004685697999254657,0.0038145353112065835,0.0045,0.0038
256,1280,810,6.68041038283438,3.1205918024182795,0.004807351967444186,0.003699982854790157,0.0045,0.0038
256,1280,816,2.0041776568184955,0.8824287155846943,0.001442244839683966,0.0010462666458675254,0.0014,0.001
256,1280,818,14.374871862183976,7.016024342136423,0.01034443463323703,0.008318668835372281,0.0096,0.0081
256,1280,820,64.74087370282759,34.14062578785709,0.04658877954100979,0.040479414824132844,0.0478,0.0417
256,1280,822,54.95605273571616,27.257258756535638,0.03954743393023694,0.032318033390207175,0.0382,0.0335
256,1280,824,19.71879358830707,9.643282601049698,0.014190023624290258,0.011433722366421067,0.0138,0.0115
256,1280,826,15.073017791306222,8.504741372573786,0.010846833889209833,0.010083791554717952,0.0113,0.0096
256,1280,828,4.42361002078148,2.1040414176300275,0.0031833149638910265,0.0024946925659955314,0.0031,0.0024
256,1280,830,40.16854661974241,16.909873412533035,0.028906059741177367,0.020049479606579403,0.0274,0.0206
256,1280,832,5.884762724432365,2.7752406999222954,0.004234788589326025,0.0032905114342961974,0.0042,0.0034
256,1280,834,73.64738094216221,35.48331068602219,0.05299807367810214,0.04207139205702396,0.0503,0.0431
256,1280,836,48.912788922931675,25.10447517673172,0.03519858490520931,0.029765548848917394,0.0345,0.0302
256,1280,838,10.655771933313934,6.138456502245108,0.00766809869942735,0.007278165569614526,0.0079,0.0067
256,1280,840,37.42346247355727,25.866117183743736,0.026930644322856336,0.03066860267519758,0.0266,0.0297
256,1280,842,3.4537506639344855,2.052073921831077,0.0024853854924826615,0.002433076418919361,0.0025,0.0024
256,1280,844,341.4705788101591,265.84939265205077,0.24572880478801282,0.3152088632696853,0.2442,0.3151
256,1280,846,27.16642434796462,13.744579072075144,0.01954948215055625,0.01629649442569713,0.0192,0.0163
256,1280,848,58.79381025133694,43.138910303012324,0.0423091581486622,0.05114838421730935,0.0404,0.0512
256,1280,854,1.428167969154596,0.8258889037814348,0.0010277371752486734,0.0009792292543948544,0.0011,0.001
256,1280,856,1.5117432250005556,0.7995351414604654,0.0010878795389054191,0.0009479824669517682,0.0011,0.001
256,1280,858,19.601245641524272,10.055032104285615,0.014105433857965822,0.011921920182380419,0.0138,0.012
256,1280,860,135.0606931689084,82.43123473225413,0.09719227589644686,0.09773599833601121,0.0984,0.1015
256,1280,862,10.99895563483217,5.809560441932721,0.007915060300308596,0.006888204350328868,0.0079,0.0067
256,1280,864,0.8824981638812586,0.39403378356230606,0.0006350626744880366,0.00046719287099928453,0.0006,0.0005
256,1280,890,340.5025905740352,186.09538422857244,0.24503222181111212,0.22064716393464795,0.2544,0.2155
257,1285,802,21.371717297245816,11.883714286987354,0.015117625847841812,0.014283259778662323,0.0155,0.0139
257,1285,806,21.541474343819157,11.976102857398732,0.015237706208228254,0.01439430333961447,0.0155,0.0139
257,1285,808,6.644488992873345,3.0875985118294587,0.004700085498384699,0.0037110427406490108,0.0045,0.0038
257,1285,810,5.401182353442301,2.842622330313378,0.0038206126732655715,0.003416601259166207,0.0045,0.0038
257,1285,816,1.7989685920900513,0.8361003890397094,0.0012725291893478739,0.0010049247877636652,0.0014,0.001
257,1285,818,14.041975650846135,6.353842863938526,0.009932815931518693,0.007636803277726796,0.0096,0.0081
257,1285,820,64.67538216805531,32.51254343224062,0.04574916538451695,0.0390774376338074,0.0478,0.0417
257,1285,822,51.1677406675862,31.373410400009533,0.03619431925536717,0.03770829221101411,0.0382,0.0335
257,1285,824,18.623376210299536,9.475108647623342,0.01317354284894967,0.01138831134582612,0.0138,0.0115
257,1285,826,15.45383770826904,7.212374705366502,0.01093151912583964,0.008668688850135471,0.0113,0.0096
257,1285,828,4.3232169133000475,1.9165273097675943,0.0030580965883707555,0.0023035102306596307,0.0031,0.0024
257,1285,830,39.199529290457164,17.80364283444332,0.02772841363108507,0.021398533275856817,0.0274,0.0206
257,1285,832,5.9170931930657265,2.8865246875928636,0.004185550452284293,0.003469368328348035,0.0042,0.0034
257,1285,834,68.72079030876677,36.33213190290599,0.048610749496944376,0.04366827287745138,0.0503,0.0431
257,1285,836,48.13154879055734,25.53503991759498,0.03404662039894003,0.030691044886605272,0.0345,0.0302
257,1285,838,10.982207060058796,5.667009442394432,0.007768439709750952,0.006811285266466297,0.0079,0.0067
257,1285,840,36.609879729407126,26.323895866908792,0.02589658361965087,0.03163918569341769,0.0266,0.0297
257,1285,842,3.5856952163498255,1.968675079038308,0.0025363988270684533,0.002366187615640768,0.0025,0.0024
257,1285,844,354.13780020603554,252.83437772072298,0.25050503371493404,0.3038863953432376,0.2442,0.3151
257,1285,846,26.857441318077953,13.155668329391407,0.018998040420897484,0.01581204527244269,0.0192,0.0163
257,1285,848,56.7208553695792,44.928261427150424,0.04012240370395279,0.05400012267800212,0.0404,0.0512
257,1285,854,1.3793793340988265,0.8293873184811177,0.000975726020755411,0.0009968562219613176,0.0011,0.001
257,1285,856,1.5300443831954875,0.7835202308977216,0.001082301351549421,0.0009417277064632909,0.0011,0.001
257,1285,858,19.557429809776437,10.145056166764023,0.013834260592981469,0.01219353387330095,0.0138,0.012
257,1285,860,140.933508558039,85.47117039079419,0.09969157003955945,0.10272940772522662,0.0984,0.1015
257,1285,862,12.454433313406561,5.184839068726721,0.008809842482954848,0.0062317556229261615,0.0079,0.0067
257,1285,864,0.7271092595432734,0.3913093346889813,0.0005143323572641997,0.0004703220513554735,0.0006,0.0005
257,1285,890,361.20723953725656,182.29249563385213,0.25550571462779587,0.21910078010627185,0.2544,0.2155
258,1290,802,21.311302983302348,11.636701675119832,0.01527638733510612,0.01378902973069495,0.0155,0.0139
258,1290,806,20.835562051477318,11.603760851588213,0.014935366293294753,0.013749996161930164,0.0155,0.0139
258,1290,808,6.0512786410960775,3.2153356616836684,0.00433768298758961,0.0038100451718131078,0.0045,0.0038
258,1290,810,5.952775484200707,3.3044266887305227,0.004267073866240089,0.00391561450365512,0.0045,0.0038
258,1290,816,1.8245188021626741,0.8798058542519985,0.0013078532055904298,0.001042535025836292,0.0014,0.001
258,1290,818,13.920835108980768,6.362121818130272,0.00997874551919965,0.007538861900023568,0.0096,0.0081
258,1290,820,69.90752932961729,33.0910341863055,0.05011117792826953,0.03921156243009991,0.0478,0.0417
258,1290,822,53.06397647960721,27.841098660104326,0.03803736725429578,0.03299059715350454,0.0382,0.0335
258,1290,824,18.404727021041904,9.380560516092956,0.013192892944679182,0.011115591982868026,0.0138,0.0115
258,1290,826,15.883159242622348,7.836502981974744,0.011385380466205134,0.00928594507446773,0.0113,0.0096
258,1290,828,4.347796741851147,1.8690023208516093,0.0031165915634004306,0.0022146935865910056,0.0031,0.0024
258,1290,830,40.70414895357073,17.072511964748827,0.029177584591979108,0.020230249226281947,0.0274,0.0206
258,1290,832,5.843209939325207,2.8101757089673294,0.004188534994008226,0.00332994670493933,0.0042,0.0034
258,1290,834,69.28766154001302,33.952810053538,0.04966684374288583,0.040232732636763475,0.0503,0.0431
258,1290,836,48.92257682780419,24.793964430543582,0.035068725438261075,0.029379864004379735,0.0345,0.0302
258,1290,838,11.956294522261139,5.309407186421943,0.008570521772309105,0.006291436834070396,0.0079,0.0067
258,1290,840,38.37263069711915,25.550753155126976,0.027506303582444772,0.030276628612984146,0.0266,0.0297
258,1290,842,3.495304045718945,2.085105659173886,0.002505506983697907,0.0024707674673367383,0.0025,0.0024
258,1290,844,336.3627457719546,277.64502796678346,0.241111845368545,0.32899834094734437,0.2442,0.3151
258,1290,846,27.396418611682883,13.80554288536543,0.01963832538229558,0.016359020503353045,0.0192,0.0163
258,1290,848,59.06866247010125,44.828412605665704,0.0423416516562558,0.053119890107779975,0.0404,0.0512
258,1290,854,1.6117313468595735,0.8335516501716451,0.0011553227108661679,0.0009877256294076378,0.0011,0.001
258,1290,856,1.525480432813344,0.8642954692632003,0.001093496253234295,0.0010241558350899706,0.0011,0.001
258,1290,858,19.13489554008777,9.964285128346996,0.01371629299795537,0.011807282485694846,0.0138,0.012
258,1290,860,139.42443511405298,83.15430957065561,0.09994234873622916,0.09853455720676746,0.0984,0.1015
258,1290,862,11.566618920592648,5.410784887844564,0.008291194157719207,0.006411565387501894,0.0079,0.0067
258,1290,864,0.8456815467514186,0.41102746540423885,0.0006062022054891941,0.00048705123658099406,0.0006,0.0005
258,1290,890,348.02665613022083,178.39779867526676,0.24947278006195342,0.2113943124522399,0.2544,0.2155
259,1295,802,21.688298422259674,12.019299527110565,0.015618167082316744,0.014033006675813472,0.0155,0.0139
259,1295,806,22.986660872768127,11.62106118164165,0.016553143228930207,0.013568047686487606,0.0155,0.0139
259,1295,808,5.501889110850547,3.148715526303051,0.003962017753935446,0.0036762496767122777,0.0045,0.0038
259,1295,810,6.6234640126792215,3.2770413397771234,0.0047696857355837815,0.0038260751297762435,0.0045,0.0038
259,1295,816,2.0867961277156737,0.7928018790453896,0.0015027426289904063,0.0009256274906991987,0.0014,0.001
259,1295,818,13.311246838905008,6.549197008006337,0.00958568870440314,0.0076464460451518895,0.0096,0.0081
259,1295,820,70.62115444874256,37.178120908850566,0.05085567195048031,0.043406923817092186,0.0478,0.0417
259,1295,822,55.18521539650297,26.22689369404411,0.03973995090604358,0.030620933729475705,0.0382,0.0335
259,1295,824,19.445579658889628,9.814887078807013,0.014003141519545521,0.011459268120291617,0.0138,0.0115
259,1295,826,16.30267793235937,7.466871340724242,0.01173987663206722,0.008717867055020742,0.0113,0.0096
259,1295,828,4.400837289089558,1.9444831475825555,0.0031691288428854713,0.0022702608358735666,0.0031,0.0024
259,1295,830,38.602013075191046,17.85394514487128,0.0277980631852305,0.020845185764982514,0.0274,0.0206
259,1295,832,5.8177805647683405,2.9206501056640874,0.004189497356581472,0.0034099742949290127,0.0042,0.0034
259,1295,834,70.14213908973281,36.76902269941916,0.05051072363935177,0.04292928550788247,0.0503,0.0431
259,1295,836,50.113353875666775,25.979087634525307,0.03608760441446761,0.030331610372512124,0.0345,0.0302
259,1295,838,10.551908601080287,5.8750965402848285,0.007598635372882177,0.00685940713807017,0.0079,0.0067
259,1295,840,36.121750926178784,25.609609284781165,0.0260119779932515,0.029900229813534195,0.0266,0.0297
259,1295,842,3.6119349508413445,1.9697462712082847,0.0026010248685439364,0.0022997565300021732,0.0025,0.0024
259,1295,844,322.78105880062157,285.0341067899102,0.2324409416176768,0.33278857177951626,0.2442,0.3151
259,1295,846,27.100621504576317,13.63189983921828,0.01951568659064034,0.01591578119975169,0.0192,0.0163
259,1295,848,54.315438411136974,44.51165271941722,0.039113607519516876,0.05196911170689779,0.0404,0.0512
259,1295,854,1.614151481527052,0.8444720403979575,0.0011623819925303297,0.0009859544438269952,0.0011,0.001
259,1295,856,1.5600765452584966,0.85494553626181,0.0011234415752986522,0.0009981826637032894,0.0011,0.001
259,1295,858,19.70906185338114,9.71139230260581,0.014192880191370527,0.011338433883482109,0.0138,0.012
259,1295,860,143.90176277886562,84.98757384797321,0.10362646855751212,0.09922634746556704,0.0984,0.1015
259,1295,862,9.845829898487528,5.3239180917279585,0.0070901743154189985,0.0062158845408741515,0.0079,0.0067
259,1295,864,0.8663067267031708,0.41988428781864934,0.0006238443855188961,0.0004902314815216843,0.0006,0.0005
259,1295,890,353.8493594825334,174.165712827646,0.25481383143902586,0.20334534515055233,0.2544,0.2155
260,1300,802,23.870207617204105,12.157645852833934,0.016686443624610792,0.01445241273687797,0.0155,0.0139
260,1300,806,20.84264346156189,11.790168076768037,0.014570028073763,0.014015573191161446,0.0155,0.0139
260,1300,808,6.522636267627457,3.371077636633399,0.004559642048742079,0.004007371654219423,0.0045,0.0038
260,1300,810,6.709844470316671,3.028249614078738,0.004690509746683123,0.003599834525756946,0.0045,0.0038
260,1300,816,1.9819512517789413,0.8360657096860545,0.0013854809459512255,0.0009938738846153412,0.0014,0.001
260,1300,818,13.862774963795312,6.829512726195259,0.009690758313610793,0.008118589561294631,0.0096,0.0081
260,1300,820,65.64644198351202,34.34782064359642,0.045890076487003766,0.040831003515191276,0.0478,0.0417
260,1300,822,53.45491256164662,28.450354386607422,0.03736760061841856,0.03382038505504356,0.0382,0.0335
260,1300,824,20.15992290362394,9.840399143204404,0.014092772983062251,0.011697783570497708,0.0138,0.0115
260,1300,826,15.73086275847292,8.5402546878943,0.010996643129176654,0.010152235648378803,0.0113,0.0096
260,1300,828,4.528207166147776,1.9601194747922461,0.003165438475031315,0.002330093836109454,0.0031,0.0024
260,1300,830,38.78441810477937,17.10661227861127,0.02711220683947021,0.02033550114659781,0.0274,0.0206
260,1300,832,5.84236640697346,2.7403468775799453,0.004084100115409941,0.003257589881824727,0.0042,0.0034
260,1300,834,73.68114697568811,35.213711707252855,0.051506728593359793,0.04186033231688688,0.0503,0.0431
260,1300,836,48.63623382129991,23.958168733881926,0.03399910829378733,0.028480295211191352,0.0345,0.0302
260,1300,838,11.424277410478096,5.578292255537857,0.007986129153919176,0.00663120007111991,0.0079,0.0067
260,1300,840,35.91222014161907,25.49831032803714,0.025104399862690766,0.030311139953784,0.0266,0.0297
260,1300,842,3.5252088201762968,2.0393473792642807,0.002464293532179273,0.002424276080728866,0.0025,0.0024
260,1300,844,353.28345443349394,269.85430904809675,0.24696242866624604,0.32078955912990514,0.2442,0.3151
260,1300,846,25.722796435885876,13.315446316498459,0.017981493897245935,0.015828749107453195,0.0192,0.0163
260,1300,848,58.74659528631732,41.025665294274795,0.04106674588269787,0.04876929751162809,0.0404,0.0512
260,1300,854,1.5103245057156713,0.7694224854254849,0.001055790763266289,0.000914651690221057,0.0011,0.001
260,1300,856,1.5810994728336134,0.8088200270187711,0.001105265929875064,0.0009614855541793302,0.0011,0.001
260,1300,858,20.043832157666984,9.795619104274131,0.014011619868736022,0.011644551257858586,0.0138,0.012
260,1300,860,139.15191830660356,87.09818607145014,0.09727400269472622,0.10353804914004576,0.0984,0.1015
260,1300,862,11.545082581189105,5.738973917244185,0.00807057788193015,0.006822210544885762,0.0079,0.0067
260,1300,864,0.8108815040159566,0.42982643390428715,0.0005668458657749501,0.0005109565703097972,0.0006,0.0005
260,1300,890,367.00272118244504,179.0963888379807,0.25655286771263186,0.21290099765223333,0.2544,0.2155
261,1305,802,22.693426455764076,11.448689429104457,0.01577722290479397,0.01393583617192942,0.0155,0.0139
261,1305,806,21.151356189969135,11.816288143106263,0.014705124499305186,0.014383293104625848,0.0155,0.0139
261,1305,808,6.180154511370069,3.5323492234393457,0.0042966484370273415,0.004299727089700905,0.0045,0.0038
261,1305,810,6.557510723934221,3.2397028588150993,0.0045589989944338554,0.00394350537375964,0.0045,0.0038
261,1305,816,2.003184272542866,0.847275827981111,0.0013926801599966779,0.0010313405044566945,0.0014,0.001
261,1305,818,14.695762380175838,7.475075612766648,0.01021698152457838,0.009098982879863958,0.0096,0.0081
261,1305,820,68.20140149872836,36.52467533888739,0.04741587683826733,0.04445940252878889,0.0478,0.0417
261,1305,822,51.13774695072861,29.330342661978804,0.03555265812605682,0.03570215200045493,0.0382,0.0335
261,1305,824,18.770451594368687,9.754361656777487,0.013049840640207944,0.011873427683786358,0.0138,0.0115
261,1305,826,16.568473311383503,8.517104804511566,0.01151895228935035,0.010367385537866806,0.0113,0.0096
261,1305,828,4.377010580337739,2.0089964494109784,0.0030430429585960473,0.002445436708048537,0.0031,0.0024
261,1305,830,38.248301239517424,17.53479037694413,0.026591487872572834,0.02134409947229501,0.0274,0.0206
261,1305,832,5.680964186775189,2.7168966146866973,0.00394959476320677,0.0033071231736002413,0.0042,0.0034
261,1305,834,67.90088834740283,34.9077854164187,0.047206950126229066,0.04249125471526838,0.0503,0.0431
261,1305,836,49.05486570308875,25.2879028261784,0.03410456998510169,0.030781520723360153,0.0345,0.0302
261,1305,838,11.01279195857061,5.159784966520275,0.007656458308452519,0.0062807117287166665,0.0079,0.0067
261,1305,840,40.04742223828104,22.86865382230384,0.02784229647503398,0.02783670699722377,0.0266,0.0297
261,1305,842,3.501216962690383,1.9555682354553132,0.0024341621819908644,0.0023804015927844147,0.0025,0.0024
261,1305,844,381.7387006230795,245.31807677322513,0.265397408489936,0.2986116925517726,0.2442,0.3151
261,1305,846,27.74818117935606,13.234899075451946,0.019291456075294967,0.016110087220869415,0.0192,0.0163
261,1305,848,54.46456341965185,42.47752172734579,0.03786557129921097,0.05170546265994463,0.0404,0.0512
261,1305,854,1.4721163078399935,0.8292640006169016,0.0010234640932627675,0.0010094157350881946,0.0011,0.001
261,1305,856,1.5892810764806333,0.7809507983857282,0.0011049209272510287,0.0009506068316408422,0.0011,0.001
261,1305,858,19.257952870875258,10.329130556259713,0.013388767700024517,0.012573061058375246,0.0138,0.012
261,1305,860,135.11867391753725,85.46027867232522,0.09393898454041898,0.10402591931241843,0.0984,0.1015
261,1305,862,11.031465043416976,5.566972168522154,0.007669440456499467,0.006776357468217558,0.0079,0.0067
261,1305,864,0.872177659072694,0.4188789376188388,0.0006063668422481061,0.0005098774219246681,0.0006,0.0005
261,1305,890,357.2903045541823,182.18648699790657,0.2484000724906512,0.22176521175321773,0.2544,0.2155
262,1310,802,21.667333379589152,11.36425824218512,0.01569192264224667,0.013748541457739126,0.0155,0.0139
262,1310,806,21.18646494725418,11.61504303023435,0.0153436679627665,0.014051942258916468,0.0155,0.0139
262,1310,808,5.944054855410737,3.1455213002252242,0.0043048051801446285,0.003805468784738965,0.0045,0.0038
262,1310,810,6.352681380625921,3.1626409924914642,0.004600740804105029,0.003826180281596052,0.0045,0.0038
262,1310,816,2.039027738077578,0.7872304094980189,0.001476705276591598,0.0009523956329678904,0.0014,0.001
262,1310,818,12.226146517736161,6.48259923982638,0.008854423477409345,0.007842683834112161,0.0096,0.0081
262,1310,820,65.70160275456627,33.485176630337584,0.0475824343418038,0.040510548890289315,0.0478,0.0417
262,1310,822,56.50058275117027,28.887019680487153,0.04091886889082573,0.034947673592406754,0.0382,0.0335
262,1310,824,19.822681526196828,9.604461073445837,0.014355988326832627,0.011619529267413203,0.0138,0.0115
262,1310,826,15.513913001576393,7.811867285226054,0.011235490700881886,0.00945083954838351,0.0113,0.0096
262,1310,828,4.511216094845519,2.1082159189459877,0.0032671142656372555,0.0025505310901770993,0.0031,0.0024
262,1310,830,38.379921084940605,16.00029052491346,0.02779551789459011,0.019357238539428452,0.0274,0.0206
262,1310,832,5.92099381406774,2.9164822341087517,0.0042881039059054615,0.0035283760762808815,0.0042,0.0034
262,1310,834,69.48504852933024,37.808287468144826,0.05032248256918087,0.0457406719052135,0.0503,0.0431
262,1310,836,48.146128625654626,25.301330784922513,0.034868403632406564,0.030609687655742023,0.0345,0.0302
262,1310,838,10.997397132463469,5.7637542159302795,0.007964538231144081,0.006973021212750902,0.0079,0.0067
262,1310,840,35.97214470728874,24.501667760782915,0.02605175736827017,0.029642250977931158,0.0266,0.0297
262,1310,842,3.4648246210551514,1.8164175836993803,0.0025092963204122725,0.0021975118764333387,0.0025,0.0024
262,1310,844,324.82435000620364,252.13429088599653,0.23524438763733344,0.3050334370523109,0.2442,0.3151
262,1310,846,26.808892350722537,13.035745632415637,0.019415544013743024,0.015770715997505107,0.0192,0.0163
262,1310,848,51.33096837931948,42.81578992098746,0.037174929228654556,0.0517987756199879,0.0404,0.0512
262,1310,854,1.5670932021453379,0.8386764924839724,0.0011349207062286658,0.0010146353840978918,0.0011,0.001
262,1310,856,1.4872926025806827,0.9177804151681539,0.001077127492212165,0.0011103357401894252,0.0011,0.001
262,1310,858,19.408784441292877,10.31746811896434,0.014056235656562532,0.012482129070767052,0.0138,0.012
262,1310,860,141.38755862430517,86.06764690543929,0.10239573987441836,0.1041251075461269,0.0984,0.1015
262,1310,862,10.680104338178875,5.818485637365289,0.007734748349037669,0.0070392355842130855,0.0079,0.0067
262,1310,864,0.8881170636454597,0.4150822402278168,0.0006431924047059671,0.0005021687528147963,0.0006,0.0005
262,1310,890,358.5799976565137,181.65595794744522,0.25969091284594886,0.21976836636946626,0.2544,0.2155
263,1315,802,22.27155127291386,11.238430296264344,0.01581715763059863,0.013480471666197818,0.0155,0.0139
263,1315,806,21.99610880811129,11.655213696671101,0.015621539605138436,0.013980402410262,0.0155,0.0139
263,1315,808,6.450572877989346,3.1965095966096877,0.004581168449766133,0.0038342060155989567,0.0045,0.0038
263,1315,810,6.426260921118101,3.0676244695994055,0.004563902205065502,0.003679608597894285,0.0045,0.0038
263,1315,816,2.103735334192229,0.8058281610517175,0.0014940635695389114,0.0009665890526093145,0.0014,0.001
263,1315,818,13.707794413744727,6.492079062601087,0.009735215223814654,0.007787234119982083,0.0096,0.0081
263,1315,820,62.91598775645808,34.69785693230789,0.04468265742400223,0.04162000074060521,0.0478,0.0417
263,1315,822,56.386187544975826,29.38392546567922,0.04004522207090488,0.03524595199148265,0.0382,0.0335
263,1315,824,19.10429481620611,9.728542115221256,0.013567786043572961,0.011669364215503037,0.0138,0.0115
263,1315,826,17.218985889048007,8.254406753706128,0.012228847946364566,0.00990114219079106,0.0113,0.0096
263,1315,828,4.348595715882002,2.0275652601097836,0.0030883535262989557,0.0024320599336156655,0.0031,0.0024
263,1315,830,38.455117539643865,18.095615955520245,0.027310655121158326,0.021705650321279534,0.0274,0.0206
263,1315,832,6.050237398910342,2.7355974737894195,0.004296851955592921,0.0032813429690264277,0.0042,0.0034
263,1315,834,67.68939024453661,35.54969803095552,0.04807270684907543,0.04264178220756321,0.0503,0.0431
263,1315,836,48.67896922640211,24.96479813406205,0.03457158956347477,0.029945218774052162,0.0345,0.0302
263,1315,838,11.263189373031576,5.588415112225052,0.007999067489887319,0.006703291259842818,0.0079,0.0067
263,1315,840,36.463717326567775,25.724720695268704,0.025896371459914677,0.030856744163701634,0.0266,0.0297
263,1315,842,3.849603520453164,1.8957648981026856,0.002733971466656112,0.0022739656981402823,0.0025,0.0024
263,1315,844,347.776281276725,258.76614879986886,0.24698918336359216,0.31038940893972256,0.2442,0.3151
263,1315,846,26.609110154949917,14.126073432599439,0.01889767284610617,0.01694419306280559,0.0192,0.0163
263,1315,848,54.66529570606065,40.77384664190529,0.038823052265677345,0.048908136624809896,0.0404,0.0512
263,1315,854,1.4291884986217651,0.85861441072149,0.0010150033776062817,0.0010299060394375144,0.0011,0.001
263,1315,856,1.616410120914036,0.8830322888700128,0.0011479673492383218,0.001059195228928617,0.0011,0.001
263,1315,858,20.184171828937988,9.991240050294785,0.01433470994226039,0.011984469793165827,0.0138,0.012
263,1315,860,139.83812524456695,86.68326558559231,0.0993124207046457,0.10397638058479551,0.0984,0.1015
263,1315,862,10.241252792103687,5.378155339129978,0.007273292630698687,0.006451085138611504,0.0079,0.0067
263,1315,864,0.7872666982107881,0.39518379936088216,0.0005591133419639779,0.0004740220715695108,0.0006,0.0005
263,1315,890,359.5353984277927,180.72412324778483,0.25534045657738563,0.21677817618800505,0.2544,0.2155
264,1320,802,21.31084294650106,11.716665489127724,0.01515419910380483,0.014223830668138692,0.0155,0.0139
264,1320,806,22.184693200422522,11.446867508146092,0.015775596425725895,0.013896300553051815,0.0155,0.0139
264,1320,808,6.50962445736943,3.344036076561871,0.004629011877456984,0.00405960236257492,0.0045,0.0038
264,1320,810,6.615002979302971,3.2713729141506844,0.004703946834589111,0.003971390531409539,0.0045,0.0038
264,1320,816,1.7734574933003362,0.7977677013209545,0.001261110507128976,0.000968476287611782,0.0014,0.001
264,1320,818,13.731832143382452,6.921567149138002,0.009764743651072279,0.00840266363999608,0.0096,0.0081
264,1320,820,65.2944610500399,34.31588251032137,0.04643107105673609,0.04165889198658785,0.0478,0.0417
264,1320,822,56.81716869069146,27.521103535440254,0.04040284511573351,0.03341014701253182,0.0382,0.0335
264,1320,824,19.64270073306404,9.629079897492975,0.01396797858219769,0.011689537614520977,0.0138,0.0115
264,1320,826,15.899311299919392,7.804568226567154,0.011306044047962522,0.00947461178230592,0.0113,0.0096
264,1320,828,4.520522481359325,2.011037328245446,0.0032145559848439785,0.002441364776592151,0.0031,0.0024
264,1320,830,38.57902059996924,17.515536362318024,0.02743364778527968,0.02126356031162798,0.0274,0.0206
264,1320,832,6.078266289142491,2.797747325995955,0.004322271896182014,0.0033964172019872946,0.0042,0.0034
264,1320,834,72.33978108531086,35.74224288379606,0.051441017534805886,0.04339046898201143,0.0503,0.0431
264,1320,836,47.64904362451603,25.522961755665495,0.03388336613453171,0.03098443721029991,0.0345,0.0302
264,1320,838,10.772513105335191,5.574944083766443,0.007660363733917878,0.006767886367108272,0.0079,0.0067
264,1320,840,40.102693679653534,24.568757833305806,0.028517135908044635,0.029826050037165003,0.0266,0.0297
264,1320,842,3.698033215451348,2.151068509680614,0.0026296816029341722,0.0026113602257958066,0.0025,0.0024
264,1320,844,336.58585458064175,258.3478953748984,0.23934712806265623,0.3136299078174108,0.2442,0.3151
264,1320,846,28.338710690200536,12.557953038135473,0.02015173520927904,0.01524513930338168,0.0192,0.0163
264,1320,848,61.48697609949653,42.83928764229972,0.04372355802357623,0.05200615942592054,0.0404,0.0512
264,1320,854,1.6027041186337507,0.9404723451248039,0.0011396873121929506,0.0011417172742138595,0.0011,0.001
264,1320,856,1.5728929295579464,0.8475872317825855,0.001118488493548844,0.0010289563419335489,0.0011,0.001
264,1320,858,19.91707154585439,9.667611272106807,0.014163084422719142,0.011736314041519456,0.0138,0.012
264,1320,860,139.47992735960221,86.19512823077798,0.09918456043704678,0.10463940525661977,0.0984,0.1015
264,1320,862,10.559880679281669,5.496899668931478,0.007509160230216529,0.006673141787924323,0.0079,0.0067
264,1320,864,0.9187977968602612,0.4236035361561172,0.0006533596434787525,0.0005142474174329221,0.0006,0.0005
264,1320,890,352.28474234467785,173.76523742087315,0.2505106503823376,0.21094801378232583,0.2544,0.2155
265,1325,802,23.221606020465185,11.820210519830674,0.016608781741934815,0.013920081302161604,0.0155,0.0139
265,1325,806,23.19993830008119,11.642938437072466,0.01659328434531264,0.013711316678176452,0.0155,0.0139
265,1325,808,6.045668599497373,2.9652978653563533,0.00432404159146565,0.0034920856360076053,0.0045,0.0038
265,1325,810,6.779459570909448,3.083686012569678,0.004848870669938722,0.003631505541571636,0.0045,0.0038
265,1325,816,2.035271093190714,0.8377924433627332,0.0014556862838290667,0.000986627006886247,0.0014,0.001
265,1325,818,12.89454119819159,6.582723731693206,0.009222558518752293,0.007752150385232791,0.0096,0.0081
265,1325,820,65.62763642047253,34.284094591117324,0.04693883311025381,0.040374694112147544,0.0478,0.0417
265,1325,822,55.669910764939225,27.351739889581378,0.039816772219501334,0.032210800508145565,0.0382,0.0335
265,1325,824,18.281897128790014,9.839776841792059,0.013075755353569446,0.011587821841504267,0.0138,0.0115
265,1325,826,15.874539607870112,7.900604516601053,0.011353941814724341,0.00930415384927402,0.0113,0.0096
265,1325,828,4.308041436117433,2.0607810076184867,0.0030812390790123535,0.0024268805639183133,0.0031,0.0024
265,1325,830,39.159377076214476,16.68808725876037,0.02800794856461624,0.019652740619956338,0.0274,0.0206
265,1325,832,6.093316804493417,2.9302992450563394,0.004358121001669958,0.0034508694800666996,0.0042,0.0034
265,1325,834,73.37946931833301,35.38254363199822,0.05248317403943196,0.04166828359007527,0.0503,0.0431
265,1325,836,49.792962199671614,24.931436612867657,0.03561340420339237,0.02936052822820433,0.0345,0.0302
265,1325,838,11.4611813283822,6.030562208464356,0.00819737700398834,0.007101896882355154,0.0079,0.0067
265,1325,840,35.712232519342095,24.29091509284082,0.025542448481308693,0.028606217497477562,0.0266,0.0297
265,1325,842,3.654230750191804,2.041600519399699,0.002613614274185614,0.0024042926451183274,0.0025,0.0024
265,1325,844,318.9276467895971,286.28976704872855,0.22810651736701817,0.33714939565664315,0.2442,0.3151
265,1325,846,25.986491682896762,13.734146749597006,0.018586310017466683,0.016174029984446295,0.0192,0.0163
265,1325,848,59.05048022669651,44.25696145907864,0.042234655819123786,0.052119249539883186,0.0404,0.0512
265,1325,854,1.5927833053288227,0.8271483239807982,0.0011392058868404656,0.0009740919503457673,0.0011,0.001
265,1325,856,1.5526298411841672,0.8550503052716157,0.001110486937704327,0.001006950743123439,0.0011,0.001
265,1325,858,19.837426862228497,10.607792736101306,0.014188316380270228,0.012492276434102353,0.0138,0.012
265,1325,860,141.12950611014665,81.76457672906466,0.10094001087886538,0.0962901256112074,0.0984,0.1015
265,1325,862,10.643723462718533,5.983613881979434,0.007612706879877616,0.007046608144428352,0.0079,0.0067
265,1325,864,0.8594944213501464,0.44170981919959684,0.000614735916199528,0.0005201799566011088,0.0006,0.0005
265,1325,890,365.3808147497251,173.72223751060093,0.2613312016197463,0.20458414561093913,0.2544,0.2155
266,1330,802,23.59753826058444,11.73255520925002,0.016529450517592744,0.014278671132594057,0.0155,0.0139
266,1330,806,20.897153714478975,11.31675681549494,0.014637902668812312,0.013772639120299855,0.0155,0.0139
266,1330,808,6.455680763555551,3.3331010246309196,0.004522033381626308,0.004056426970392192,0.0045,0.0038
266,1330,810,5.954073667162498,3.1485444501938145,0.00417067089679663,0.003831819237059907,0.0045,0.0038
266,1330,816,1.794412484356978,0.8864918009805807,0.001256938416236081,0.0010788719645625998,0.0014,0.001
266,1330,818,12.078187945716067,7.076024877292662,0.00846045073796415,0.008611613612460016,0.0096,0.0081
266,1330,820,67.76638308556844,36.00769653963439,0.0474685564061628,0.04382183147336325,0.0478,0.0417
266,1330,822,57.08593750233663,30.186565721781108,0.039987187170764445,0.03673744012931873,0.0382,0.0335
266,1330,824,20.2335482033933,9.776504587337218,0.014173064585383316,0.01189813227717244,0.0138,0.0115
266,1330,826,14.925999946762118,7.625088001702506,0.010455267613982286,0.00927983052213215,0.0113,0.0096
266,1330,828,4.404385133852051,1.9939279146364117,0.0030851551262036383,0.0024266360095834853,0.0031,0.0024
266,1330,830,39.93395085395889,17.426601238537206,0.027972674832571525,0.021208398648552784,0.0274,0.0206
266,1330,832,5.58667621020401,2.863464199678872,0.0039133187095463,0.0034848728923888733,0.0042,0.0034
266,1330,834,71.58965406446269,36.134950883491655,0.05014665645893567,0.04397670165242701,0.0503,0.0431
266,1330,836,48.12798288933442,26.50803832408201,0.03371237723595922,0.03226062480416502,0.0345,0.0302
266,1330,838,10.924478301029769,5.378825627719392,0.007652307690459695,0.006546100218409579,0.0079,0.0067
266,1330,840,38.593186692585505,24.55528954792642,0.02703350505068792,0.029884104337649913,0.0266,0.0297
266,1330,842,3.3801514449348233,2.0133614853103463,0.0023677065562531267,0.0024502869159407268,0.0025,0.0024
266,1330,844,359.18138802215867,252.16245704100515,0.25159704858152043,0.30688496511285945,0.2442,0.3151
266,1330,846,27.121764768332714,14.28028645471164,0.01899807783919417,0.0173792929442434,0.0192,0.0163
266,1330,848,58.728820314268255,40.18157341683814,0.04113798306507121,0.048901493509007805,0.0404,0.0512
266,1330,854,1.610867880237724,0.7870646859505567,0.0011283702826427587,0.0009578678821733671,0.0011,0.001
266,1330,856,1.6074663762477222,0.8160331044625475,0.0011259876191942561,0.0009931228214246188,0.0011,0.001
266,1330,858,19.315435821585353,9.90369303652465,0.013529951180201031,0.012052922261572445,0.0138,0.012
266,1330,860,136.61461259878237,82.91376048570604,0.09569491757975213,0.10090711675566426,0.0984,0.1015
266,1330,862,11.509044529892037,5.35629338146096,0.008061780850224597,0.006518678183868533,0.0079,0.0067
266,1330,864,0.8608411683090036,0.41623688379194146,0.000602996437083348,0.0005065656603290611,0.0006,0.0005
266,1330,890,357.7261066249456,176.9027851294914,0.25057766250917807,0.2152929729503846,0.2544,0.2155
267,1335,802,22.435692613824386,11.736663907182038,0.016742878915279754,0.013570106690273856,0.0155,0.0139
267,1335,806,21.66204875324354,12.284551137034523,0.016165538794597527,0.01420358211584067,0.0155,0.0139
267,1335,808,6.493237461436627,3.2130980361244235,0.00484564887103168,0.0037150320995250037,0.0045,0.0038
267,1335,810,6.601116778030374,3.117816503173042,0.0049261549809290536,0.0036048661632769805,0.0045,0.0038
267,1335,816,1.965528325009888,0.7986364741325939,0.0014667968275655383,0.0009233954594279191,0.0014,0.001
267,1335,818,13.229501153968787,6.732446696828765,0.009872658702498436,0.007784155760534477,0.0096,0.0081
267,1335,820,66.07641243618357,33.98040971500603,0.04931023934128172,0.03928865892885264,0.0478,0.0417
267,1335,822,53.858254234477336,29.746928355530464,0.04019230628434324,0.03439384433982668,0.0382,0.0335
267,1335,824,20.643004317278233,9.54645371527845,0.015405065833306215,0.011037752844811056,0.0138,0.0115
267,1335,826,14.707817274282348,8.26894986575638,0.01097586813877253,0.00956068374984944,0.0113,0.0096
267,1335,828,4.504163142676257,1.9593514405631143,0.0033612805902870522,0.0022654314976091987,0.0031,0.0024
267,1335,830,37.616496232560586,17.142156996173007,0.028071718242866486,0.01982001880424845,0.0274,0.0206
267,1335,832,5.973770816844171,2.822284506001478,0.004457991254186857,0.003263167639426967,0.0042,0.0034
267,1335,834,67.67640031065324,34.46097040308336,0.05050424764355516,0.03984429039789131,0.0503,0.0431
267,1335,836,47.92230623499019,24.045527917770194,0.03576254071777581,0.0278017997148599,0.0345,0.0302
267,1335,838,10.321890355720251,5.7660070659480995,0.007702822612934679,0.006666743776645749,0.0079,0.0067
267,1335,840,39.24516224055644,25.104267699088837,0.02928712791328176,0.029025930515856887,0.0266,0.0297
267,1335,842,3.540732007450627,2.024200571754924,0.0026423096577670594,0.0023404110348954213,0.0025,0.0024
267,1335,844,303.58546266636296,275.24934749340815,0.22655394372492554,0.31824742034473236,0.2442,0.3151
267,1335,846,25.39651723383885,13.695339247377792,0.018952426396409698,0.015834756470506552,0.0192,0.0163
267,1335,848,54.32541250570533,40.688003991054934,0.04054092821031054,0.04704407994805334,0.0404,0.0512
267,1335,854,1.5315835727025118,0.7626972288161521,0.0011429608502743075,0.0008818419654223865,0.0011,0.001
267,1335,856,1.5636391510616272,0.8667860728757573,0.001166882673249152,0.0010021910467564587,0.0011,0.001
267,1335,858,20.05188758629034,9.959364606074312,0.014963938562484723,0.011515166604461025,0.0138,0.012
267,1335,860,141.43947964919315,85.96142550649205,0.10555074551821242,0.09938988835296744,0.0984,0.1015
267,1335,862,11.95097127236413,6.00893605025125,0.008918541913427985,0.0069476219087303125,0.0079,0.0067
267,1335,864,0.8826639296648573,0.4129591014906008,0.0006586975294962644,0.00047746950157769084,0.0006,0.0005
267,1335,890,334.8128756387548,198.53547582825743,0.24985773929894906,0.22954969232314004,0.2544,0.2155
268,1340,802,22.58691840487432,11.866730831814982,0.015988272802119306,0.01419807351179775,0.0155,0.0139
268,1340,806,21.649956371172486,11.221625319124664,0.015325039140425082,0.013426230312364345,0.0155,0.0139
268,1340,808,6.424879924431942,2.9839435284514577,0.004547886130872537,0.0035701702661378363,0.0045,0.0038
268,1340,810,5.862870350952572,3.20343801808831,0.004150064603512179,0.0038327867308968937,0.0045,0.0038
268,1340,816,2.1013687144929962,0.8548412609386772,0.0014874652514750483,0.0010227837165721647,0.0014,0.001
268,1340,818,11.87376901100564,6.056828950513169,0.008404911849167538,0.007246755985836923,0.0096,0.0081
268,1340,820,62.730503390744786,33.87035074618839,0.04440412734696282,0.04052453338500519,0.0478,0.0417
268,1340,822,57.05092084297326,27.834519329881257,0.040383804009878885,0.03330290011733294,0.0382,0.0335
268,1340,824,18.974469234444467,9.001393272914449,0.01343118104726717,0.010769810591371953,0.0138,0.0115
268,1340,826,16.749877815587812,6.623946111820034,0.0118564919356149,0.007925289211217702,0.0113,0.0096
268,1340,828,4.513581157942056,2.1625046485044055,0.003194962923853741,0.0025873511756711776,0.0031,0.0024
268,1340,830,40.95933921280861,18.29853992194761,0.028993290602564184,0.02189347838528851,0.0274,0.0206
268,1340,832,6.058469472442322,2.903043303837327,0.004288520503435123,0.0034733763510763366,0.0042,0.0034
268,1340,834,71.35728633285436,36.04442798891819,0.050510642481552945,0.04312573071138653,0.0503,0.0431
268,1340,836,50.00013558883266,25.533844171991294,0.035392867393751894,0.030550233398803136,0.0345,0.0302
268,1340,838,11.404881559982378,5.73604703882799,0.008073007321685274,0.006862953131629553,0.0079,0.0067
268,1340,840,37.78498391207855,24.22197464227759,0.0267463059714968,0.0289806334571894,0.0266,0.0297
268,1340,842,3.5182662061438017,2.0265999602884923,0.002490423832326117,0.002424746598114381,0.0025,0.0024
268,1340,844,339.63933038724133,274.34344423926046,0.24041554368870793,0.32824106689483706,0.2442,0.3151
268,1340,846,27.335131040585548,13.463413009565707,0.01934932089116886,0.016108440508064644,0.0192,0.0163
268,1340,848,55.943275976245666,42.669298969767475,0.03959975157830477,0.05105212649177245,0.0404,0.0512
268,1340,854,1.6312248331341186,0.8162747748952525,0.0011546713529594012,0.00097664044327332,0.0011,0.001
268,1340,856,1.5286810215910784,0.8748501933279164,0.0010820851593170923,0.0010467236118121713,0.0011,0.001
268,1340,858,20.318335028085293,9.865639405590414,0.014382443744241776,0.011803846864540163,0.0138,0.012
268,1340,860,136.21930909084378,86.10601937271694,0.09642357738320874,0.10302244233807506,0.0984,0.1015
268,1340,862,12.62231854493063,5.619780571523772,0.008934776700129645,0.006723844907710242,0.0079,0.0067
268,1340,864,0.8690435144379351,0.43260963303589206,0.0006151571691491895,0.0005176002943698697,0.0006,0.0005
268,1340,890,365.00872472604016,171.16273191603796,0.2583734071848511,0.20478943060785249,0.2544,0.2155
269,1345,802,20.54868418086285,12.127500185475274,0.01456834334560381,0.014379972983911861,0.0155,0.0139
269,1345,806,20.848554093665427,11.035761141836478,0.01478094128181584,0.013085462349988303,0.0155,0.0139
269,1345,808,6.530589007695625,3.0543572712741427,0.004629973485199624,0.0036216511541876054,0.0045,0.0038
269,1345,810,6.785068420425708,3.170291215519478,0.004810391045098284,0.0037591178176111964,0.0045,0.0038
269,1345,816,2.1295488274201144,0.8112422909041941,0.0015097802961990684,0.0009619164748049769,0.0014,0.001
269,1345,818,14.051249752510689,6.310853747975579,0.009961875370105119,0.007482985364947349,0.0096,0.0081
269,1345,820,67.80948262342528,35.69766483842801,0.04807469988106721,0.04232788687813307,0.0478,0.0417
269,1345,822,57.25221003289436,25.828999472915754,0.04058993976025989,0.03062628810072835,0.0382,0.0335
269,1345,824,19.27518270277021,10.148198520248515,0.01366547255248189,0.012033050366911125,0.0138,0.0115
269,1345,826,15.898227392397693,8.333063536099049,0.011271321959127395,0.009880785544397771,0.0113,0.0096
269,1345,828,4.363479979591903,2.0188848730508804,0.003093564238218482,0.0023938577190763615,0.0031,0.0024
269,1345,830,37.253354496458385,17.797005582918583,0.026411406896084295,0.021102490666906417,0.0274,0.0206
269,1345,832,5.791819763431729,2.917180510415575,0.004106210313364416,0.003458996189438212,0.0042,0.0034
269,1345,834,68.60590013855898,36.63821273211794,0.04863933378681023,0.043443125228533996,0.0503,0.0431
269,1345,836,50.73482493070113,24.930301673226936,0.03596932741113928,0.029560672773366492,0.0345,0.0302
269,1345,838,11.489047729528625,6.060942043480433,0.008145358143840755,0.007186656896257021,0.0079,0.0067
269,1345,840,40.4883347678505,24.973184797183666,0.028704901841798917,0.02961152069375672,0.0266,0.0297
269,1345,842,3.445503826117458,1.9189092122206473,0.0024427492434877167,0.0022753133134032688,0.0025,0.0024
269,1345,844,344.72497557964016,264.5745505397508,0.24439870503855335,0.31371468404913816,0.2442,0.3151
269,1345,846,27.198523771993912,14.481348949830698,0.019282861584538517,0.017171008326890818,0.0192,0.0163
269,1345,848,56.98302525235795,43.9754170284704,0.04039909657673781,0.05214308795336289,0.0404,0.0512
269,1345,854,1.5511980257653235,0.8128635486023984,0.0010997485404646043,0.0009638388529986346,0.0011,0.001
269,1345,856,1.36133763122759,0.863356948250424,0.0009651437457725209,0.0010237105257836073,0.0011,0.001
269,1345,858,19.230380209302396,10.006652352457303,0.01363370905357201,0.011865214453682143,0.0138,0.012
269,1345,860,138.2369190616012,85.33399547289312,0.09800544318080452,0.10118330494681171,0.0984,0.1015
269,1345,862,10.772202636098386,5.4795310050592425,0.00763713847610996,0.006497258842480186,0.0079,0.0067
269,1345,864,0.8607064645469326,0.3881947714332837,0.0006102126630073092,0.0004602952166838242,0.0006,0.0005
269,1345,890,356.28213239163,183.67196479046174,0.25259235028873706,0.21778584631580797,0.2544,0.2155
270,1350,802,21.995359151067717,10.967709458027418,0.015137874707935544,0.013343517489104664,0.0155,0.0139
270,1350,806,21.644459785822555,11.80098074166898,0.01489637509932754,0.014357290692068377,0.0155,0.0139
270,1350,808,6.671891734476929,3.5451174942357135,0.004591798681155873,0.004313055288918366,0.0045,0.0038
270,1350,810,6.603445256278885,3.2034732654995253,0.004544691734456568,0.0038974046228755672,0.0045,0.0038
270,1350,816,2.031244643809983,0.8466952405875346,0.0013979643027410198,0.0010301050364214714,0.0014,0.001
270,1350,818,13.812015049108927,7.352830950107644,0.009505848567486637,0.008945589665067342,0.0096,0.0081
270,1350,820,68.85557499130478,32.36750069552741,0.04738849954676163,0.039378897960618976,0.0478,0.0417
270,1350,822,58.75224587461684,27.088012389190926,0.040435081361997194,0.032955775172882895,0.0382,0.0335
270,1350,824,19.797391592718263,9.755177315506703,0.013625166627931954,0.011868328534497123,0.0138,0.0115
270,1350,826,15.951526420518105,8.193325727659756,0.010978325322885436,0.009968151103869791,0.0113,0.0096
270,1350,828,4.284283186997596,2.0832400688396437,0.0029485739083708554,0.002534508267104015,0.0031,0.0024
270,1350,830,38.36604096580773,17.589911328802792,0.026404675513185566,0.02140021034892494,0.0274,0.0206
270,1350,832,5.959312036788647,2.9407429262977383,0.004101379674631028,0.003577762049421769,0.0042,0.0034
270,1350,834,68.44835640475173,33.4688323597809,0.047108239338249265,0.04071879836366213,0.0503,0.0431
270,1350,836,48.92998014354737,25.038722199524315,0.03367509954202492,0.030462570954562448,0.0345,0.0302
270,1350,838,10.727534772384406,5.609904930063421,0.0073830154894967475,0.006825113742571626,0.0079,0.0067
270,1350,840,39.57665343662485,24.70333007731551,0.027237855811685228,0.03005452671656291,0.0266,0.0297
270,1350,842,3.685334965163103,2.0216559816768447,0.0025363595373119855,0.002459583931512147,0.0025,0.0024
270,1350,844,356.90368429660947,247.50977430884646,0.2456319634780954,0.3011249536517568,0.2442,0.3151
270,1350,846,27.463270924221064,14.081459184849596,0.018901057785217692,0.0171317628009949,0.0192,0.0163
270,1350,848,58.977366624992435,44.695871785097744,0.04059001630486112,0.05437782147107461,0.0404,0.0512
270,1350,854,1.6472155003926239,0.8387136541743815,0.0011336637738285106,0.0010203944912705184,0.0011,0.001
270,1350,856,1.5150885532152576,0.8634415321972184,0.0010427299928351733,0.001050478883470083,0.0011,0.001
270,1350,858,18.996315741438774,9.892984138287627,0.01307384187870034,0.012035986855218716,0.0138,0.012
270,1350,860,138.1132958480895,86.60484435328722,0.09505376810120979,0.10536504998529715,0.0984,0.1015
270,1350,862,11.601595492656248,5.45356495888353,0.00798457064391489,0.006634907651895315,0.0079,0.0067
270,1350,864,0.8805793904968187,0.4069341206110098,0.0006060415013993534,0.0004950835519546147,0.0006,0.0005
270,1350,890,380.8107340626119,183.02564285181944,0.262085521772303,0.22267237071642088,0.2544,0.2155
271,1355,802,21.989285443301476,12.029692532646349,0.015418571356358695,0.01453823847652669,0.0155,0.0139
271,1355,806,21.961470351747685,11.55222528690448,0.01539906781337129,0.013961205217822228,0.0155,0.0139
271,1355,808,6.240563499174378,3.6209257587055665,0.004375793559277253,0.004375995649348442,0.0045,0.0038
271,1355,810,6.707329473415485,3.4072413716836087,0.004703083161256982,0.004117751760836335,0.0045,0.0038
271,1355,816,2.1433586913341136,0.8891259136116695,0.0015028923522693994,0.0010745349087407244,0.0014,0.001
271,1355,818,13.543789254488352,6.757695589888679,0.009496710640928387,0.008166874570647228,0.0096,0.0081
271,1355,820,68.28623086536574,33.011846682948416,0.04788132501937026,0.03989579104576353,0.0478,0.0417
271,1355,822,54.74809597129079,27.965199728680837,0.03838857913481076,0.03379676925207526,0.0382,0.0335
271,1355,824,18.843542100386127,9.76973846584498,0.013212821272910399,0.011807017285295889,0.0138,0.0115
271,1355,826,13.923322882288206,8.690340654163252,0.009762834173566977,0.010502533171950235,0.0113,0.0096
271,1355,828,4.140767729199906,2.0553253801118974,0.002903446902237786,0.0024839213838453197,0.0031,0.0024
271,1355,830,39.76143546167705,17.623088710907492,0.027880147878287447,0.021298022844462212,0.0274,0.0206
271,1355,832,5.893785158336845,2.698706443469992,0.004132637563743439,0.003261466388008751,0.0042,0.0034
271,1355,834,72.31477445546389,36.9486409618773,0.05070608196594269,0.04465352312451546,0.0503,0.0431
271,1355,836,47.65961601878969,25.807275654175825,0.03341823872799912,0.031188854317902744,0.0345,0.0302
271,1355,838,10.73738715597345,5.527320969459249,0.0075289017677315434,0.00667993052791914,0.0079,0.0067
271,1355,840,39.09281430263158,25.587730702065112,0.02741132031780597,0.030923527763509002,0.0266,0.0297
271,1355,842,3.8143977749387696,1.9542549309359725,0.0026746009744643673,0.0023617747629685495,0.0025,0.0024
271,1355,844,358.96610589852065,274.9587545706583,0.2517018814723051,0.3322957701793923,0.2442,0.3151
271,1355,846,27.027432188705646,13.613219931609688,0.018951247545319815,0.01645197807525429,0.0192,0.0163
271,1355,848,59.54876002784047,41.38359628214069,0.04175473587076627,0.050013297524713375,0.0404,0.0512
271,1355,854,1.5967311063452096,0.8111914498531435,0.0011196049350298866,0.0009803488090888136,0.0011,0.001
271,1355,856,1.6061101937473086,0.749605031242454,0.001126181416504906,0.0009059198045030713,0.0011,0.001
271,1355,858,19.607822074695626,9.824017625491797,0.013748723421732462,0.011872615251753415,0.0138,0.012
271,1355,860,132.22185670586347,81.90630352339181,0.09271206823642486,0.09898618523476896,0.0984,0.1015
271,1355,862,11.839087013555853,5.813513750850413,0.008301397895958351,0.007025802951078231,0.0079,0.0067
271,1355,864,0.9003414090154234,0.4271381407729424,0.0006313064740454154,0.0005162090499092078,0.0006,0.0005
271,1355,890,361.0396176453916,162.06814836639927,0.25315579814958017,0.19586414066740052,0.2544,0.2155
272,1360,802,21.48529818157961,11.123292236518981,0.015243927354908038,0.013124287278928266,0.0155,0.0139
272,1360,806,23.82569131514004,11.68914430153575,0.01690444807974993,0.013791931794665537,0.0155,0.0139
272,1360,808,5.819865378437624,3.5027306533362683,0.004129223820608151,0.0041328450586028825,0.0045,0.0038
272,1360,810,6.153439538797382,3.000763939302659,0.004365896368739608,0.0035405783789765263,0.0045,0.0038
272,1360,816,1.8623724989745174,0.8853351415661251,0.0013213626751750695,0.0010446001497557277,0.0014,0.001
272,1360,818,13.401679973472788,7.270191033143873,0.009508559491368682,0.008578042693008379,0.0096,0.0081
272,1360,820,64.90669362482988,38.000136859769015,0.04605162628426858,0.04483607030918706,0.0478,0.0417
272,1360,822,51.01870479563667,28.102022537892385,0.036198028208561966,0.03315736106396121,0.0382,0.0335
272,1360,824,19.79198456603968,9.236603441860774,0.014042512809658772,0.010898197626645761,0.0138,0.0115
272,1360,826,17.512549551682028,7.692461080061332,0.0124252421776462,0.009076275885770884,0.0113,0.0096
272,1360,828,4.42157026636237,2.054071713375645,0.0031371263905863056,0.00242358347552495,0.0031,0.0024
272,1360,830,39.46466491709434,18.218228617432707,0.028000378677441484,0.0214955483506388,0.0274,0.0206
272,1360,832,6.123904832376257,2.8392010899240785,0.004344941345666288,0.0033499516109513896,0.0042,0.0034
272,1360,834,70.35679719554992,35.84751134009595,0.049918502238543695,0.042296203952768924,0.0503,0.0431
272,1360,836,49.8532803366739,25.74879651600215,0.03537115368069095,0.03038080771205519,0.0345,0.0302
272,1360,838,10.646877863115863,5.462433197820492,0.007554013508691474,0.0064450830748456886,0.0079,0.0067
272,1360,840,37.04987018753653,24.054901746664648,0.026287069645223635,0.02838219425298666,0.0266,0.0297
272,1360,842,3.756844713634638,2.0679703259376834,0.0026655002604253483,0.0024399823419903872,0.0025,0.0024
272,1360,844,359.24617003043477,268.3267156054344,0.2548869683906927,0.3165966357204226,0.2442,0.3151
272,1360,846,27.241799088192966,13.99446723600427,0.019328193763372876,0.016511964660774543,0.0192,0.0163
272,1360,848,57.02196371969583,44.20704244886083,0.04045737067417038,0.05215955065406017,0.0404,0.0512
272,1360,854,1.4917532335805537,0.803398707687377,0.001058406438298696,0.0009479239792506423,0.0011,0.001
272,1360,856,1.6337705676412315,0.7191142789007456,0.0011591684526427535,0.000848477427544985,0.0011,0.001
272,1360,858,19.97473355779915,10.118384789374742,0.014172174140445071,0.011938604682029886,0.0138,0.012
272,1360,860,140.12400035272233,83.09427170646879,0.09941868453505284,0.09804229448621447,0.0984,0.1015
272,1360,862,11.689888535691162,5.51397541323189,0.008294034838102817,0.006505897339873331,0.0079,0.0067
272,1360,864,0.9064803053141274,0.4296229637314206,0.0006431523456681897,0.0005069088429704246,0.0006,0.0005
272,1360,890,342.6506078903741,183.5321667002277,0.24311233340359995,0.2165481971955947,0.2544,0.2155
273,1365,802,21.715083309379168,12.044965785683658,0.015308097450990016,0.014129567568252491,0.0155,0.0139
273,1365,806,21.933255896735695,11.93228480528889,0.015461898713495226,0.013997385081853303,0.0155,0.0139
273,1365,808,6.5408261537147006,3.20538066246166,0.004610970298594331,0.003760130452678684,0.0045,0.0038
273,1365,810,5.995564445424487,3.1891195056947077,0.004226586815101331,0.0037410550051128894,0.0045,0.0038
273,1365,816,1.9977375172278027,0.8453795363538366,0.0014083096140834642,0.0009916879377047994,0.0014,0.001
273,1365,818,13.039373918146632,6.381237423254747,0.009192136350343705,0.007485627352142932,0.0096,0.0081
273,1365,820,70.92261494252091,34.294496464608585,0.049997058982049584,0.04022978675388406,0.0478,0.0417
273,1365,822,56.5877446603952,28.391957723083475,0.03989165951847484,0.03330570565174141,0.0382,0.0335
273,1365,824,20.498430557725534,9.221200748181682,0.014450415321892006,0.01081709830896446,0.0138,0.0115
273,1365,826,15.122780739670523,8.10728721391191,0.010660838735665428,0.009510401650152628,0.0113,0.0096
273,1365,828,4.247687052677711,2.060283315356688,0.002994416665010621,0.0024168530514778273,0.0031,0.0024
273,1365,830,38.92346256243795,17.240396326141123,0.027439183610150138,0.020224162453263174,0.0274,0.0206
273,1365,832,5.52576925941036,2.81070470792266,0.0038954036284172613,0.003297148600637929,0.0042,0.0034
273,1365,834,72.53347504484364,35.374108831170474,0.051132638481098405,0.04149624580011799,0.0503,0.0431
273,1365,836,48.695092722594026,24.94399915720428,0.034327716553613156,0.029261014749669256,0.0345,0.0302
273,1365,838,11.142706785679605,5.061214051381135,0.007855076534259348,0.00593714977599828,0.0079,0.0067
273,1365,840,36.353176080205415,23.213008542302873,0.025627254298786015,0.02723044452735026,0.0266,0.0297
273,1365,842,3.468706836258819,1.9669244219565611,0.0024452727867468344,0.0023073366928707947,0.0025,0.0024
273,1365,844,344.83661943278855,277.61168472322004,0.2430933604876879,0.3256574677609603,0.2442,0.3151
273,1365,846,26.25089082750327,13.622105884281853,0.01850562529452294,0.015979660626568203,0.0192,0.0163
273,1365,848,52.01138765024835,44.094787158182214,0.03666554621815925,0.05172619712210206,0.0404,0.0512
273,1365,854,1.4644038854047106,0.8439691631010693,0.0010323348552709114,0.000990033473547241,0.0011,0.001
273,1365,856,1.5741525282123259,0.8428645114892448,0.0011097024110512397,0.0009887376417560703,0.0011,0.001
273,1365,858,19.90694925455644,9.87145564246276,0.014033449229690083,0.011579891714011055,0.0138,0.012
273,1365,860,146.1397635477267,84.61749747796357,0.10302155925356188,0.09926210413087193,0.0984,0.1015
273,1365,862,10.790795837630066,5.753530208033407,0.0076069961096963045,0.006749283914696951,0.0079,0.0067
273,1365,864,0.8811700361120881,0.38295643538720964,0.0006211828244688363,0.00044923405560288814,0.0006,0.0005
273,1365,890,359.4361161465418,184.54048044686778,0.2533853089571194,0.21647858814601012,0.2544,0.2155
274,1370,802,21.161007349039778,11.620499206462043,0.015053850177372548,0.01372469109182852,0.0155,0.0139
274,1370,806,20.64334201836499,11.48359580397022,0.01468558527384224,0.013562997788017984,0.0155,0.0139
274,1370,808,5.9297821452611785,3.08137627321141,0.004218421671843103,0.003639339131317081,0.0045,0.0038
274,1370,810,6.814061645542343,3.1724400963682595,0.004847494328573623,0.0037468924145507,0.0045,0.0038
274,1370,816,1.8570479401845676,0.8306785583401202,0.0013210959668706567,0.0009810943925269346,0.0014,0.001
274,1370,818,13.25570599743831,6.783694086704594,0.009430052586309886,0.008012057326221414,0.0096,0.0081
274,1370,820,67.58530774179934,34.934030669983784,0.048079899040478886,0.041259740310585664,0.0478,0.0417
274,1370,822,52.612133862221945,27.660038421340875,0.03742804714397008,0.032668603661184,0.0382,0.0335
274,1370,824,18.460847800400735,9.233262453229182,0.0131329682160486,0.010905183390906265,0.0138,0.0115
274,1370,826,15.782856841623067,7.94142496975457,0.011227856894794481,0.0093794253243617,0.0113,0.0096
274,1370,828,4.2042833797716135,2.0614989707022575,0.002990909225555904,0.002434786669343537,0.0031,0.0024
274,1370,830,38.3073828555411,17.657890466945815,0.027251708422129213,0.020855308165883876,0.0274,0.0206
274,1370,832,6.010761886866907,2.7173335049547296,0.004276030313881134,0.003209377005786482,0.0042,0.0034
274,1370,834,69.9094390245784,37.052694874064066,0.04973327610076748,0.04376204345709306,0.0503,0.0431
274,1370,836,48.50660756074477,24.79786422390022,0.034507393281784995,0.029288158809982548,0.0345,0.0302
274,1370,838,11.492245625966314,5.975367980092613,0.008175534415790098,0.007057362874838412,0.0079,0.0067
274,1370,840,37.77938093013765,25.56348173496595,0.026876090109291734,0.030192411170158986,0.0266,0.0297
274,1370,842,3.2072438222747666,2.036787931163344,0.0022816195461043995,0.0024056010570730293,0.0025,0.0024
274,1370,844,364.3854027684258,272.19557446576584,0.25922221799834805,0.32148362215179205,0.2442,0.3151
274,1370,846,27.54148455462931,13.37567486106148,0.019592894388679623,0.01579768668722251,0.0192,0.0163
274,1370,848,60.275078335221,43.075479407477644,0.04287943308752665,0.0508754088784148,0.0404,0.0512
274,1370,854,1.4514832545563425,0.8944183301208459,0.0010325789830628164,0.0010563758982876886,0.0011,0.001
274,1370,856,1.6331322702349835,0.8151397769578655,0.0011618033163749801,0.0009627419129453081,0.0011,0.001
274,1370,858,19.33100681057197,10.542395698528326,0.013751995616471622,0.012451369064219007,0.0138,0.012
274,1370,860,138.79893550929674,84.80549116666575,0.0987409694383269,0.10016171839726389,0.0984,0.1015
274,1370,862,11.081940069120405,5.428871707399091,0.007883644796462405,0.006411909319677605,0.0079,0.0067
274,1370,864,0.9398596673747386,0.4149461923608988,0.0006686121500286955,0.0004900829309223526,0.0006,0.0005
274,1370,890,336.72962725387936,180.53371334657507,0.23954801750930932,0.21322401071759461,0.2544,0.2155
275,1375,802,21.177445208976042,11.588917247075198,0.014781233973807074,0.014065256565973796,0.0155,0.0139
275,1375,806,21.178437160285448,11.616863371035159,0.014781926326649934,0.01409917426468034,0.0155,0.0139
275,1375,808,6.320473843283945,3.239830764196195,0.004411504871385985,0.003932123248205532,0.0045,0.0038
275,1375,810,6.153712478834974,3.1322862182797633,0.004295110343085339,0.0038015984029299713,0.0045,0.0038
275,1375,816,1.9609924825086322,0.8690847255767163,0.0013687150843176884,0.0010547922107123945,0.0014,0.001
275,1375,818,14.082365239480136,7.301334546817528,0.00982907680578663,0.008861495986686303,0.0096,0.0081
275,1375,820,69.64968142929685,34.677864320491565,0.048613429393797036,0.04208788866370076,0.0478,0.0417
275,1375,822,53.58438590068698,28.170920474233203,0.03740032555981381,0.034190530117879196,0.0382,0.0335
275,1375,824,19.102510478430222,8.958387826535951,0.01333299055115019,0.01087263119680355,0.0138,0.0115
275,1375,826,17.064301311175484,8.2499821425538,0.011910380491652486,0.01001285219540307,0.0113,0.0096
275,1375,828,4.411666569170084,1.9112816894798352,0.003079213527875713,0.0023196875738470193,0.0031,0.0024
275,1375,830,39.05039332208349,17.14566492487053,0.02725602615268522,0.020809379428728354,0.0274,0.0206
275,1375,832,6.0757504134417575,2.9740406339585146,0.004240695114133645,0.0036095386361322973,0.0042,0.0034
275,1375,834,65.69614913180797,35.94918232140816,0.045853980114834096,0.043630864032201705,0.0503,0.0431
275,1375,836,48.52581351944747,25.0388298925609,0.033869590799189914,0.030389169155515844,0.0345,0.0302
275,1375,838,10.009161704626056,5.738669312549885,0.006986100522410505,0.006964917818242736,0.0079,0.0067
275,1375,840,39.103176044276445,24.883458974766828,0.027292866940552205,0.03020059831882133,0.0266,0.0297
275,1375,842,3.384962402470857,1.9568059661672432,0.0023626042126297184,0.002374939554505555,0.0025,0.0024
275,1375,844,364.6446745322281,252.04154178303725,0.25451125942609404,0.305898202125545,0.2442,0.3151
275,1375,846,27.93094044156534,13.471827841859604,0.01949497504072209,0.01635051066191765,0.0192,0.0163
275,1375,848,53.47418486859239,42.41227372212888,0.03732340848018162,0.051474999668205006,0.0404,0.0512
275,1375,854,1.534587577417722,0.8874345370660822,0.0010710970001940987,0.0010770630407677495,0.0011,0.001
275,1375,856,1.534345852151644,0.8521839558176971,0.0010709282830669842,0.0010342800560602375,0.0011,0.001
275,1375,858,20.25074180350153,10.12346736609491,0.014134422249093614,0.012286666890931847,0.0138,0.012
275,1375,860,140.45237314245367,86.15238182384601,0.09803162605823333,0.10456156759838402,0.0984,0.1015
275,1375,862,11.6085736472989,5.213711549492324,0.008102443023210757,0.006327786197895049,0.0079,0.0067
275,1375,864,0.928357271011214,0.3823324203541107,0.0006479660742215311,0.000464029854655102,0.0006,0.0005
275,1375,890,363.834961554082,178.9987110514916,0.25394610357922476,0.21724745653466843,0.2544,0.2155
276,1380,802,20.409464095235784,11.37708983279299,0.014009222514596197,0.013405129405980255,0.0155,0.0139
276,1380,806,22.08831583343457,11.848478497367731,0.015161600032187833,0.013960546137500019,0.0155,0.0139
276,1380,808,6.2083715332891085,3.1046747086152835,0.004261476825520102,0.003658102981001502,0.0045,0.0038
276,1380,810,6.680072013230211,3.0889716853035036,0.0045852558798304644,0.0036396007925989116,0.0045,0.0038
276,1380,816,2.0321469722118866,0.8848965745708953,0.0013948822459637622,0.001042635090991405,0.0014,0.001
276,1380,818,14.582516871019273,6.7879213519962045,0.010009558443852026,0.007997912072281448,0.0096,0.0081
276,1380,820,70.30812600543183,35.944517918639704,0.04826007077884438,0.042351859853131966,0.0478,0.0417
276,1380,822,55.17624398742647,27.561828154844882,0.03787342362016968,0.03247490162344825,0.0382,0.0335
276,1380,824,19.419102386075267,8.950117369299228,0.013329430164888977,0.01054553346219946,0.0138,0.0115
276,1380,826,15.407592044111796,8.7122295438227,0.01057589676793474,0.010265240598955252,0.0113,0.0096
276,1380,828,4.407416863202675,2.0436678608490135,0.003025286860207319,0.0024079648258168366,0.0031,0.0024
276,1380,830,39.438625653079,16.937993429642116,0.02707099411653918,0.01995729990173202,0.0274,0.0206
276,1380,832,5.894227089303439,2.842210943511102,0.004045845518544891,0.0033488533585311637,0.0042,0.0034
276,1380,834,67.4321954497319,36.31769380071555,0.046286008603408264,0.04279155674081924,0.0503,0.0431
276,1380,836,50.466994596994205,24.77959966656874,0.03464095645300422,0.029196722979306297,0.0345,0.0302
276,1380,838,11.709423200421735,6.221700467537705,0.008037443529473925,0.007330758666613785,0.0079,0.0067
276,1380,840,37.32409965346865,26.06218654012379,0.025619566234689244,0.0307079392276706,0.0266,0.0297
276,1380,842,3.4897732322724413,2.117174294004362,0.0023954087921298473,0.00249457425433513,0.0025,0.0024
276,1380,844,352.1507228001167,258.6466608008393,0.24171912654650846,0.3047520947286712,0.2442,0.3151
276,1380,846,27.058756090085033,12.509762384892419,0.018573350738918897,0.014739708139087374,0.0192,0.0163
276,1380,848,63.54775912670583,40.8272330994407,0.04361969984884596,0.04810495047763601,0.0404,0.0512
276,1380,854,1.4542941951736743,0.8510398086508255,0.0009982393896677288,0.0010027431383834242,0.0011,0.001
276,1380,856,1.6259456869719782,0.8259745513496785,0.0011160623727869258,0.0009732098374554855,0.0011,0.001
276,1380,858,18.04972695645808,9.893735440311533,0.012389479708080754,0.011657357534756342,0.0138,0.012
276,1380,860,147.0211511774262,89.2422168868903,0.10091651655260456,0.10515021709656637,0.0984,0.1015
276,1380,862,10.645789447201327,5.62750159030469,0.007307356651476081,0.00663064001067791,0.0079,0.0067
276,1380,864,0.7983444514621554,0.4094982282764984,0.000547990138870786,0.0004824939261482919,0.0006,0.0005
276,1380,890,382.0319590456549,194.2950996472958,0.26222985067045446,0.2289294531377038,0.2544,0.2155
277,1385,802,21.54273119871246,11.50971870734775,0.015184903804585786,0.014257400239859748,0.0155,0.0139
277,1385,806,21.265093604886633,11.837717598855871,0.014989204377438229,0.014663701348806592,0.0155,0.0139
277,1385,808,6.295644700934707,3.2238467142283938,0.004437634127712526,0.003993466224971073,0.0045,0.0038
277,1385,810,6.2928279854796925,3.3621582967209833,0.0044356486991781975,0.0041647965276088205,0.0045,0.0038
277,1385,816,2.0077748520243035,0.785611758075983,0.001415227610094196,0.000973158558677775,0.0014,0.001
277,1385,818,13.879019975747676,6.528995146242966,0.009782955619213638,0.008087643089371214,0.0096,0.0081
277,1385,820,72.4490211256776,33.374889103959845,0.05106740674532342,0.04134237890734169,0.0478,0.0417
277,1385,822,51.74522257967971,30.32741458218333,0.03647384447085699,0.037567389693226025,0.0382,0.0335
277,1385,824,19.219748813366177,9.153214176735572,0.013547494706553743,0.01133833426489964,0.0138,0.0115
277,1385,826,16.94655440217956,8.494086568607502,0.011945179840133564,0.010521855047885931,0.0113,0.0096
277,1385,828,4.18819217765398,1.9035438914120206,0.0029521463525755435,0.0023579713652493975,0.0031,0.0024
277,1385,830,37.12745250131765,17.243450290765974,0.026170163362365658,0.021359928818645155,0.0274,0.0206
277,1385,832,5.642282163739509,2.7283966723912956,0.003977096084262299,0.0033797388416235336,0.0042,0.0034
277,1385,834,70.6918831680259,38.81962092214644,0.049828846480507866,0.04808691565097456,0.0503,0.0431
277,1385,836,50.50630742315321,24.521304135358598,0.0356005658090027,0.03037520345635781,0.0345,0.0302
277,1385,838,11.014935733479572,5.351935432612094,0.00776413807440435,0.006629587347944916,0.0079,0.0067
277,1385,840,39.20125850611809,25.642758059772575,0.02763193459284683,0.03176437880090591,0.0266,0.0297
277,1385,842,3.3615720855719236,2.107309136463451,0.0023694836221435692,0.0026103808921491907,0.0025,0.0024
277,1385,844,323.6821935394598,232.01466766301138,0.22815505270974065,0.2874028516681154,0.2442,0.3151
277,1385,846,26.850501854543243,14.177837340432564,0.018926211537674466,0.017562471041897062,0.0192,0.0163
277,1385,848,56.02531639602924,41.614842207075114,0.0394907698679373,0.05154943194972315,0.0404,0.0512
277,1385,854,1.4985402195669233,0.876291437965033,0.0010562815304860972,0.0010854859337138991,0.0011,0.001
277,1385,856,1.6636515898423756,0.9036905202268934,0.0011726641864989028,0.0011194259188642577,0.0011,0.001
277,1385,858,19.688756996650767,10.104514178696762,0.013878086221670716,0.012516735338027645,0.0138,0.012
277,1385,860,144.69879413927669,81.7712742715075,0.10199436874447006,0.10129229176278286,0.0984,0.1015
277,1385,862,11.309869697146214,5.95389360073805,0.007972029257080892,0.007375249231509943,0.0079,0.0067
277,1385,864,0.8771602671261003,0.44045200870418405,0.0006182871686348978,0.0005455998303882796,0.0006,0.0005
277,1385,890,379.0216449245977,182.50689114299078,0.2671623743966071,0.2260762282484786,0.2544,0.2155
278,1390,802,22.486940753860374,11.993746581298037,0.015735693266483084,0.014055342477409175,0.0155,0.0139
278,1390,806,21.88850504264359,11.0598488119216,0.015316925729605026,0.012960917737108077,0.0155,0.0139
278,1390,808,5.812347389330419,3.2812631668340946,0.0040673080735113285,0.003845276974609054,0.0045,0.0038
278,1390,810,6.50518216271966,3.3976197584426426,0.004552133270399651,0.003981634011459601,0.0045,0.0038
278,1390,816,2.104247897073814,0.7965368080099373,0.0014724901811871071,0.0009334529086932178,0.0014,0.001
278,1390,818,14.920220513482509,6.926054006511875,0.010440727177535004,0.008116568114783425,0.0096,0.0081
278,1390,820,68.20648383146654,38.31263034354101,0.047728871619544075,0.04489815897298775,0.0478,0.0417
278,1390,822,50.22345580304549,27.352054810028964,0.03514488270992671,0.03205357852193483,0.0382,0.0335
278,1390,824,20.185532246080346,9.088005679592277,0.01412523594568972,0.010650136001913498,0.0138,0.0115
278,1390,826,15.18461124881195,7.623319363916632,0.010625739961585222,0.008933685879405757,0.0113,0.0096
278,1390,828,4.623030889371993,1.9758501162820508,0.0032350597101184443,0.0023154774765440636,0.0031,0.0024
278,1390,830,36.52551262263322,16.76734811878904,0.025559468907843472,0.01964947472001836,0.0274,0.0206
278,1390,832,5.862604129104185,2.830082394206447,0.0041024762473554155,0.0033165430852010497,0.0042,0.0034
278,1390,834,72.46576706974678,33.62186307106122,0.050709391526910515,0.03940109931363729,0.0503,0.0431
278,1390,836,46.04132179491189,23.21377139619696,0.032218349542447254,0.02720396874773066,0.0345,0.0302
278,1390,838,12.22500687892997,5.6364739270310755,0.008554696725229882,0.006605323105037228,0.0079,0.0067
278,1390,840,38.65322233655555,25.715750922097932,0.02704837697163381,0.03013601161437243,0.0266,0.0297
278,1390,842,3.536733106803292,1.8907983625736182,0.00247490078544892,0.0022158062421576107,0.0025,0.0024
278,1390,844,372.2889847017495,277.00699302320703,0.2605167743305168,0.32462151248464166,0.2442,0.3151
278,1390,846,26.86913688598697,13.725739340533329,0.01880222396639053,0.016085046142934704,0.0192,0.0163
278,1390,848,55.52467458524999,43.399182015391936,0.038854518164939345,0.050859034108400654,0.0404,0.0512
278,1390,854,1.5815534430130027,0.7824623142634601,0.0011067241265146517,0.0009169591610171283,0.0011,0.001
278,1390,856,1.5686445928183623,0.8006968596720486,0.0010976908965475666,0.0009383280284431934,0.0011,0.001
278,1390,858,18.55745437189195,9.939716326050753,0.012985955404036745,0.011648246537806935,0.0138,0.012
278,1390,860,136.48481327280106,86.31383936312358,0.09550801866302423,0.1011502589758309,0.0984,0.1015
278,1390,862,10.564300022682652,5.601878083356408,0.007392583391028696,0.006564780608341442,0.0079,0.0067
278,1390,864,0.8624067548731423,0.4134607910898024,0.0006034866331605,0.0004845302491891372,0.0006,0.0005
278,1390,890,357.2876646022532,183.85598382578195,0.2500192960713864,0.2154588477983911,0.2544,0.2155
279,1395,802,22.67671002595482,11.900373969325322,0.01625249149680083,0.014253570037319524,0.0155,0.0139
279,1395,806,23.40343223863017,11.054546297913138,0.01677333630050137,0.013240487256471423,0.0155,0.0139
279,1395,808,6.58241270409123,3.0405764463556166,0.0047176423025752385,0.0036418241513809296,0.0045,0.0038
279,1395,810,6.778560793939386,3.1791927686000423,0.004858222446640323,0.00380785065294461,0.0045,0.0038
279,1395,816,1.744805037684682,0.7881351771537894,0.0012505089585785952,0.0009439820946293885,0.0014,0.001
279,1395,818,13.368904367363779,6.563949948485904,0.009581548835939428,0.007861914302303895,0.0096,0.0081
279,1395,820,73.54478591906476,35.69211796036375,0.0527098510505079,0.04274992571154949,0.0478,0.0417
279,1395,822,52.23937476811569,27.842913420861695,0.037440175106761044,0.03334860883449829,0.0382,0.0335
279,1395,824,19.386344168060603,8.749765124863824,0.013894272731134102,0.010479955532390124,0.0138,0.0115
279,1395,826,15.201357137505466,8.61455282625049,0.010894875285452153,0.010318006170701166,0.0113,0.0096
279,1395,828,4.2304020760023056,2.0557123892623124,0.003031946595850211,0.002462211741619497,0.0031,0.0024
279,1395,830,37.99304594147133,17.31571669568693,0.027229772546131355,0.020739749969584304,0.0274,0.0206
279,1395,832,5.771870874410716,2.7541320953262494,0.004136723634055585,0.003298737906384286,0.0042,0.0034
279,1395,834,71.62736459775664,34.459557133998146,0.05133562729032941,0.04127363663784951,0.0503,0.0431
279,1395,836,50.18138399301334,25.457851792333813,0.03596520463994452,0.030491921888930573,0.0345,0.0302
279,1395,838,11.335530346528065,5.892172775007192,0.008124221298319398,0.007057299000605588,0.0079,0.0067
279,1395,840,36.061403238282416,25.635779967582224,0.025845356262971103,0.030705033822559954,0.0266,0.0297
279,1395,842,3.6099669640394434,1.849925737572724,0.002587278195101081,0.002215732558682583,0.0025,0.0024
279,1395,844,329.8911653317018,264.0254461700923,0.23643435724523487,0.3162341955236305,0.2442,0.3151
279,1395,846,28.018019416117788,13.760997383647936,0.020080629941312732,0.016482115645842742,0.0192,0.0163
279,1395,848,54.5968281127012,41.0140018039063,0.03912977163082153,0.04912416607491459,0.0404,0.0512
279,1395,854,1.4300015517321725,0.8936711036609774,0.0010248880033011114,0.0010703868381946777,0.0011,0.001
279,1395,856,1.5034026581476005,0.9064025839996014,0.0010774948786594467,0.0010856358587005117,0.0011,0.001
279,1395,858,19.33931327773133,10.141426718314802,0.013860565498282042,0.012146806174364175,0.0138,0.012
279,1395,860,138.77086371578562,86.6797368358105,0.09945764971916594,0.10381990540719915,0.0984,0.1015
279,1395,862,10.836366980117814,5.588096151829955,0.0077664688572108035,0.006693093854083282,0.0079,0.0067
279,1395,864,0.8515558915713,0.4015169517292805,0.000610313615642332,0.00048091345762714746,0.0006,0.0005
279,1395,890,354.30074790101924,178.64652672087908,0.2539288056327754,0.21397233289503811,0.2544,0.2155
280,1400,802,21.852867025946686,12.040087843947086,0.015412815286058387,0.014067768571716807,0.0155,0.0139
280,1400,806,21.486683580747883,11.395533253769356,0.015154546300347705,0.013314664032615246,0.0155,0.0139
280,1400,808,6.143192102110149,2.90584585766466,0.004332790064762436,0.003395221659554532,0.0045,0.0038
280,1400,810,6.299731484421918,2.9707820854782776,0.004443197206383729,0.003471093848914139,0.0045,0.0038
280,1400,816,2.0549571394803716,0.8276244987611702,0.001449360158279085,0.0009670053959538563,0.0014,0.001
280,1400,818,13.761712687943055,5.861561084674924,0.009706128510608264,0.0068487112284353335,0.0096,0.0081
280,1400,820,64.92040399188974,34.75950040296964,0.045788325798863314,0.040613375390222195,0.0478,0.0417
280,1400,822,57.26246101542929,29.54681617072308,0.0403871827622443,0.03452281887874728,0.0382,0.0335
280,1400,824,19.811565305520535,9.707146015179061,0.013973086287447574,0.011341934162220733,0.0138,0.0115
280,1400,826,16.308036992932113,7.634884262623668,0.011502049664779895,0.008920681166992366,0.0113,0.0096
280,1400,828,4.36294430429427,2.026670638293325,0.003077182256479455,0.002367983845311999,0.0031,0.0024
280,1400,830,39.76701392103605,16.325878115004926,0.028047653395561208,0.019075332176036144,0.0274,0.0206
280,1400,832,6.106970297989037,2.7890397928948216,0.004307242845920002,0.0032587441929236606,0.0042,0.0034
280,1400,834,71.28621528339443,36.38306823808934,0.0502781290574184,0.04251036957008024,0.0503,0.0431
280,1400,836,49.065742540135055,25.043334000582746,0.034606041657897185,0.029260901710241143,0.0345,0.0302
280,1400,838,11.082314360135484,5.707630185260347,0.00781635032016587,0.006668856704359819,0.0079,0.0067
280,1400,840,37.981972034305635,25.556413430182854,0.02678866431896149,0.0298603892528633,0.0266,0.0297
280,1400,842,3.453924592472116,1.963876738127397,0.0024360511457164756,0.002294614774695636,0.0025,0.0024
280,1400,844,324.9961756602011,258.7493640190699,0.22921962679672991,0.3023255493047863,0.2442,0.3151
280,1400,846,25.64037841911128,13.38878757574178,0.018084145021757387,0.015643603893313957,0.0192,0.0163
280,1400,848,54.98019876578728,45.88651007240425,0.038777504432791675,0.053614293569033876,0.0404,0.0512
280,1400,854,1.692153004900356,0.7697522507677076,0.0011934745985188637,0.0008993868368495452,0.0011,0.001
280,1400,856,1.649262211501653,0.8527564088230666,0.0011632237451483752,0.0009963697908900362,0.0011,0.001
280,1400,858,19.628342557864077,10.370485207003181,0.013843859382690405,0.012116986832606582,0.0138,0.012
280,1400,860,146.27180038364799,85.03435455678017,0.1031654216444721,0.09935505754233209,0.0984,0.1015
280,1400,862,10.301830372166567,5.47998821062649,0.007265875385869691,0.0064028773645190655,0.0079,0.0067
280,1400,864,0.7502068691424051,0.4163818789066982,0.0005291204987746066,0.00048650508084630093,0.0006,0.0005
280,1400,890,378.91841278304787,201.46929903802692,0.26725095145535205,0.2353989032229378,0.2544,0.2155
281,1405,802,20.510604533828122,11.50909061025109,0.014624020821495652,0.014236613808841279,0.0155,0.0139
281,1405,806,21.21378562421792,11.565865459010677,0.015125387560354184,0.01430684364916643,0.0155,0.0139
281,1405,808,6.2192350951659,3.261289427105774,0.0044343024300175305,0.004034177822112845,0.0045,0.0038
281,1405,810,6.6586070470329,3.1367114738097963,0.004747573770308199,0.003880076314858136,0.0045,0.0038
281,1405,816,2.0754186270375508,0.9042121998051864,0.001479769412211095,0.001118500177451329,0.0014,0.001
281,1405,818,13.408796657607262,7.096780505607802,0.009560445728873471,0.008778636537491592,0.0096,0.0081
281,1405,820,65.15461702446098,35.02699388771822,0.0464551142025484,0.04332799191101416,0.0478,0.0417
281,1405,822,52.05445607585928,24.732050546220762,0.03711472512911433,0.03059326442470378,0.0382,0.0335
281,1405,824,19.453634949953887,9.479615806533092,0.013870403580386501,0.011726176625422776,0.0138,0.0115
281,1405,826,16.409671537406137,8.078256347445535,0.011700063634942633,0.00999271095884558,0.0113,0.0096
281,1405,828,4.30820228163946,1.957110093661754,0.0030717397805607996,0.002420922862491888,0.0031,0.0024
281,1405,830,36.50177574592065,17.49087525129173,0.02602569454496128,0.021636013179830847,0.0274,0.0206
281,1405,832,6.153434906857897,2.9585335240153308,0.004387387024755462,0.003659672223311969,0.0042,0.0034
281,1405,834,71.22316498056725,35.320119053139344,0.050781976997839165,0.043690584397169094,0.0503,0.0431
281,1405,836,50.72416181399205,25.509033024013497,0.03616622792845032,0.03155438288724497,0.0345,0.0302
281,1405,838,11.230551725458048,5.943750667568556,0.00800736136270915,0.007352351779631177,0.0079,0.0067
281,1405,840,37.50716348353579,24.159540003233772,0.026742534030814114,0.029885075413250865,0.0266,0.0297
281,1405,842,3.7363646922328853,1.9662752101880963,0.002664020700403837,0.002432260007094985,0.0025,0.0024
281,1405,844,359.25046560418053,247.56981921902988,0.25614487766377847,0.3062410425204816,0.2442,0.3151
281,1405,846,27.792669120417003,13.46895640052076,0.019816118595216217,0.01666094543660488,0.0192,0.0163
281,1405,848,52.775256880118235,45.92452301460106,0.037628654689418055,0.0568081111405773,0.0404,0.0512
281,1405,854,1.5345916750020219,0.8719768656919693,0.0010941608557032071,0.0010786254368388881,0.0011,0.001
281,1405,856,1.5820726095572055,0.7854400101983087,0.0011280146689544874,0.000971580333657806,0.0011,0.001
281,1405,858,18.897041102837722,10.000269205063217,0.013473553258597181,0.012370218940680246,0.0138,0.012
281,1405,860,143.0386573956727,87.27253822466369,0.10198628229524372,0.10795513432792142,0.0984,0.1015
281,1405,862,11.083825656427944,5.802383700680122,0.007902745963147743,0.00717748245406298,0.0079,0.0067
281,1405,864,0.9328432406727688,0.43860356933671246,0.0006651154017567082,0.000542547612429466,0.0006,0.0005
281,1405,890,341.0973305612131,166.18427838568238,0.24320172796743791,0.20556805681681162,0.2544,0.2155
282,1410,802,21.56532148685855,11.295092622320805,0.015277038464392169,0.013699358573456335,0.0155,0.0139
282,1410,806,22.590963128717533,11.902320181831985,0.016003610837677224,0.014435840189993908,0.0155,0.0139
282,1410,808,6.640006727393361,3.1416951291933093,0.004703831484266363,0.003810434278179216,0.0045,0.0038
282,1410,810,6.1397843477698455,3.1209712331742248,0.004349470129676076,0.0037852991073490604,0.0045,0.0038
282,1410,816,1.800415363396964,0.825776633578806,0.0012754279956020593,0.0010015509020813431,0.0014,0.001
282,1410,818,14.30403601648391,6.81709578366478,0.010133088373064092,0.008268178287043768,0.0096,0.0081
282,1410,820,59.79067459629613,35.196689898949586,0.04235617058508463,0.0426886340508279,0.0478,0.0417
282,1410,822,53.60192738210815,29.85596876643216,0.03797201478684328,0.0362110905475008,0.0382,0.0335
282,1410,824,20.01402528863997,8.90517151790301,0.014178088388257556,0.010800720442150512,0.0138,0.0115
282,1410,826,17.031382773904063,8.013789284784377,0.01206516164840261,0.009719599175967276,0.0113,0.0096
282,1410,828,4.579859508715587,1.9536715250452288,0.003244407458465039,0.0023695287547670107,0.0031,0.0024
282,1410,830,39.54867769197346,17.099237170221336,0.02801658536295439,0.020738969494107945,0.0274,0.0206
282,1410,832,5.89430861281125,2.931437770395043,0.0041755732440060585,0.0035554216769373968,0.0042,0.0034
282,1410,834,70.7703395374645,34.79908197929867,0.050134249095742704,0.042206391572162445,0.0503,0.0431
282,1410,836,49.43826499514273,26.114614517131017,0.03502244454847817,0.03167335410519709,0.0345,0.0302
282,1410,838,11.936871872253786,6.041466059578433,0.008456171212104043,0.007327448532469464,0.0079,0.0067
282,1410,840,38.47298104067464,23.734788091390094,0.027254553638645335,0.02878695939920015,0.0266,0.0297
282,1410,842,3.4557545590306904,2.0006250632964417,0.0024480829258205963,0.002426476792140758,0.0025,0.0024
282,1410,844,349.75315826609074,256.53484896349295,0.24776780884670502,0.31114068738076944,0.2442,0.3151
282,1410,846,26.705919144299777,13.333496224761525,0.018918677110519023,0.016171655419617372,0.0192,0.0163
282,1410,848,56.372151847464025,43.13841389292065,0.039934462957997664,0.052320828165804266,0.0404,0.0512
282,1410,854,1.469070162341841,0.8295009112187686,0.0010407005242497065,0.0010060679269985296,0.0011,0.001
282,1410,856,1.5657635982033062,0.84199254358282,0.0011091988927906071,0.0010212185199723986,0.0011,0.001
282,1410,858,19.660848647900547,9.609510180343204,0.013927895358277044,0.011654984166809925,0.0138,0.012
282,1410,860,142.88539950791954,82.34570840149362,0.10122110841763805,0.09987376147302007,0.0984,0.1015
282,1410,862,10.817494145800474,5.613291025137536,0.00766319548050496,0.006808132443160351,0.0079,0.0067
282,1410,864,0.89473862370561,0.43547735780451124,0.0006338396753443943,0.0005281727803981086,0.0006,0.0005
282,1410,890,353.9164867653813,178.0661853127072,0.2507171425564909,0.2159692358419171,0.2544,0.2155
283,1415,802,21.992084531085766,11.286634863722075,0.01580786676795314,0.0134589742253388,0.0155,0.0139
283,1415,806,22.0481509289967,11.62190511318158,0.015848167183635988,0.013858773961972638,0.0155,0.0139
283,1415,808,6.728086722393606,2.9743301734180405,0.0048361353995569475,0.003546799699381737,0.0045,0.0038
283,1415,810,6.547495117774866,3.1759635009865788,0.004706326512127986,0.0037872414068951944,0.0045,0.0038
283,1415,816,2.2030243064683854,0.8566544440059773,0.001583529504626511,0.0010215347817228988,0.0014,0.001
283,1415,818,12.856144174948266,6.715107661050076,0.009240970949339357,0.008007564878433866,0.0096,0.0081
283,1415,820,65.06488453275445,34.2775862478346,0.046768510029697376,0.04087499554887645,0.0478,0.0417
283,1415,822,49.98782737591459,29.46273438403855,0.03593115123129647,0.03513342882716495,0.0382,0.0335
283,1415,824,17.929677379922996,10.121113790165888,0.012887816560252766,0.012069125233368415,0.0138,0.0115
283,1415,826,15.333194562032137,8.651813068332446,0.011021469857534275,0.010317028104046864,0.0113,0.0096
283,1415,828,4.056898944356436,2.0291410677387276,0.002916090919566417,0.00241968998377482,0.0031,0.0024
283,1415,830,37.21197709996562,17.715217664572343,0.026747895377398214,0.021124866784705872,0.0274,0.0206
283,1415,832,5.771203857569761,2.676038688350433,0.004148329893067024,0.003191096032377575,0.0042,0.0034
283,1415,834,69.65640898302613,34.82445165600498,0.05006888870317415,0.04152711617846749,0.0503,0.0431
283,1415,836,47.35332197824081,24.871407698296366,0.03403747397359886,0.029658409189368688,0.0345,0.0302
283,1415,838,11.975231290611253,5.415859471788659,0.008607772514234701,0.006458250303919416,0.0079,0.0067
283,1415,840,36.86782754247746,26.584149950537956,0.026500521357653378,0.03170080305661978,0.0266,0.0297
283,1415,842,3.553515502424796,1.933146605790605,0.002554259899319053,0.0023052194613618197,0.0025,0.0024
283,1415,844,337.7027888078321,270.67607880924015,0.2427400951962814,0.32277312166967287,0.2442,0.3151
283,1415,846,27.070657393998175,12.95085451104599,0.019458334875002477,0.015443506338681962,0.0192,0.0163
283,1415,848,58.85385303668903,42.04057995495002,0.04230403290191165,0.05013213317023811,0.0404,0.0512
283,1415,854,1.546782002293726,0.779692847659802,0.0011118238371976568,0.0009297603818179734,0.0011,0.001
283,1415,856,1.4623627656771185,0.8519330515794872,0.00105114345725453,0.0010159046625825968,0.0011,0.001
283,1415,858,19.98540590580484,9.666380967528127,0.01436547014976525,0.011526869954164772,0.0138,0.012
283,1415,860,135.10182274650415,84.62143392463618,0.09711092238962572,0.10090852693070107,0.0984,0.1015
283,1415,862,11.294230142547427,5.56409032825198,0.00811827023889561,0.006635011163168282,0.0079,0.0067
283,1415,864,0.8279412754335278,0.4239444839529731,0.0005951225476258314,0.0005055411069279476,0.0006,0.0005
283,1415,890,360.2286057626025,175.82722860104388,0.2589316077724078,0.20966870696424744,0.2544,0.2155
284,1420,802,20.090377019723668,11.419496440199588,0.013989498862060312,0.013474265101285828,0.0155,0.0139
284,1420,806,22.431932557510997,11.682424568746864,0.015619990340600888,0.013784503238771428,0.0155,0.0139
284,1420,808,6.624650505738995,3.292844082641741,0.004612931883786899,0.0038853424351117613,0.0045,0.0038
284,1420,810,6.205554171910496,3.358591614055743,0.004321103229728715,0.003962920257624914,0.0045,0.0038
284,1420,816,2.020194969908281,0.8432718005423593,0.0014067190080567528,0.0009950060278444103,0.0014,0.001
284,1420,818,12.969629962459427,6.825778831548152,0.009031120890516024,0.008053976283512667,0.0096,0.0081
284,1420,820,71.55985287248564,35.3940044933413,0.049829153497021356,0.0417626295552352,0.0478,0.0417
284,1420,822,53.75930450766807,27.95509358458537,0.037434127219058054,0.03298519718995372,0.0382,0.0335
284,1420,824,19.967135374228413,10.011028438903585,0.013903682211744506,0.011812364216643244,0.0138,0.0115
284,1420,826,17.135899081635692,8.08480200377433,0.01193221214652049,0.00953954196323198,0.0113,0.0096
284,1420,828,4.203695875618303,2.0376881620915523,0.0029271525671556928,0.002404339861530145,0.0031,0.0024
284,1420,830,37.62959933145351,17.009322198978108,0.026202556403513176,0.020069896926051437,0.0274,0.0206
284,1420,832,5.778054748731796,2.9736283768722305,0.004023423266419987,0.0035086886074621364,0.0042,0.0034
284,1420,834,70.2895515675701,34.18965195966326,0.04894460669921149,0.040341571682923315,0.0503,0.0431
284,1420,836,49.31243704372134,25.054284653527446,0.03433764738368504,0.029562430805294394,0.0345,0.0302
284,1420,838,11.512076426735884,5.674928315054945,0.008016185057834625,0.006696047321199321,0.0079,0.0067
284,1420,840,40.02272555403414,24.496315954357403,0.02786895801134218,0.028904063931570374,0.0266,0.0297
284,1420,842,3.5384094320839763,2.0534983614986557,0.002463894762902917,0.002422994871339998,0.0025,0.0024
284,1420,844,350.41468073437983,273.2270753622223,0.24400367263243425,0.32239022671084083,0.2442,0.3151
284,1420,846,27.14060844335354,12.749381909591047,0.018898774799555314,0.015043443695347833,0.0192,0.0163
284,1420,848,56.03374133750134,43.9959812630086,0.03901788203916637,0.05191240419692454,0.0404,0.0512
284,1420,854,1.6194581220400104,0.8403305078079156,0.0011276745843640055,0.0009915354931976403,0.0011,0.001
284,1420,856,1.5523246772736845,0.8584509981468782,0.0010809276642717303,0.0010129164964556266,0.0011,0.001
284,1420,858,19.605631151571806,10.347491954487484,0.013651956576803976,0.01220936934113618,0.0138,0.012
284,1420,860,139.1270469174682,83.41822629248338,0.09687810550408991,0.09842809630267091,0.0984,0.1015
284,1420,862,11.871044421316215,5.766964200635946,0.008266144645291221,0.0068046436964987154,0.0079,0.0067
284,1420,864,0.8604198137070493,0.4100075396716789,0.0005991346998083599,0.0004837823026604149,0.0006,0.0005
284,1420,890,372.82808818059664,183.53364911530696,0.259610763413056,0.21655780148768072,0.2544,0.2155
285,1425,802,22.234950160478768,11.624709616993258,0.015893700843353644,0.013876822553557393,0.0155,0.0139
285,1425,806,22.243990114274986,11.194726911776412,0.015900162666754994,0.013363537155643423,0.0155,0.0139
285,1425,808,6.595029652874028,3.34831076942929,0.004714174198696258,0.003996995704186323,0.0045,0.0038
285,1425,810,6.277965765586548,2.988218837880174,0.004487534672346652,0.003567141367887875,0.0045,0.0038
285,1425,816,1.9827845080270703,0.8542331757184146,0.001417308497656638,0.0010197280267093942,0.0014,0.001
285,1425,818,13.800139909888314,6.891732013515958,0.009864438361280653,0.008226901607798435,0.0096,0.0081
285,1425,820,62.43152912113233,33.33696386548798,0.04462650196572479,0.03979550004066134,0.0478,0.0417
285,1425,822,56.71946031437245,27.544649413042336,0.04054347447269897,0.03288101163800099,0.0382,0.0335
285,1425,824,20.026921258979076,9.211880411625415,0.014315386047924428,0.010996543919673488,0.0138,0.0115
285,1425,826,15.247991599537887,7.72678635625401,0.010899373067891164,0.009223735190618775,0.0113,0.0096
285,1425,828,4.842741984078437,1.937025025861258,0.0034616264844748467,0.0023122945390724584,0.0031,0.0024
285,1425,830,38.37521403927314,17.69110309843665,0.027430876495688043,0.021118488681628904,0.0274,0.0206
285,1425,832,5.983290999724646,2.8185841830127667,0.004276899049559473,0.0033646425458022165,0.0042,0.0034
285,1425,834,70.46093501264744,35.29171148589703,0.05036597852261106,0.04212895066086024,0.0503,0.0431
285,1425,836,48.65780483586765,25.28138248360012,0.03478094568118945,0.030179270725239352,0.0345,0.0302
285,1425,838,12.10717355804154,5.037424410903351,0.008654293947197692,0.006013349750679173,0.0079,0.0067
285,1425,840,38.725625793753004,24.33966112447358,0.027681353315177244,0.02905510499327211,0.0266,0.0297
285,1425,842,3.505630582831604,1.9365570419733749,0.0025058497252614157,0.002311735890333346,0.0025,0.0024
285,1425,844,324.85271359364987,270.0462368941808,0.2322070349042752,0.3223636403922265,0.2442,0.3151
285,1425,846,26.92327711304503,13.561890093548785,0.019244950362786593,0.016189302659561953,0.0192,0.0163
285,1425,848,55.73329547082179,41.46831896606585,0.039838556814125306,0.04950218309498339,0.0404,0.0512
285,1425,854,1.5286710861624766,0.8584786669263069,0.0010927049872383313,0.0010247960180903132,0.0011,0.001
285,1425,856,1.6700789005770986,0.7960836998584636,0.0011937843007963735,0.0009503129630495398,0.0011,0.001
285,1425,858,19.141743779707642,10.166432847005481,0.013682654877075196,0.01213602655625236,0.0138,0.012
285,1425,860,136.02025987376913,83.92843518876097,0.09722825117510209,0.10018830927265938,0.0984,0.1015
285,1425,862,10.585851481253602,5.511938923775434,0.007566842084236722,0.006579794325310773,0.0079,0.0067
285,1425,864,0.8412669090639614,0.43961326626608477,0.000601343582313993,0.0005247817355580638,0.0006,0.0005
285,1425,890,371.4624391175047,181.87378339733988,0.2655239988965625,0.21710909799068248,0.2544,0.2155
286,1430,802,22.20051462262733,11.581659219526674,0.015896353393103798,0.013970153881797327,0.0155,0.0139
286,1430,806,21.407925401787583,11.921371404921283,0.015328831488129942,0.014379925177561483,0.0155,0.0139
286,1430,808,6.770421646977648,3.052295185979071,0.004847861274845511,0.0036817724155537262,0.0045,0.0038
286,1430,810,6.332690351013043,3.1529274928321542,0.00453443019046954,0.0038031582019570735,0.0045,0.0038
286,1430,816,2.0122786812804323,0.8926532960083732,0.0014408626820947546,0.0010767458851927956,0.0014,0.001
286,1430,818,12.971870192356906,6.41410674196117,0.009288317692284704,0.007736893004794637,0.0096,0.0081
286,1430,820,70.45223078741232,32.61190759475317,0.050446288158912715,0.039337486869716075,0.0478,0.0417
286,1430,822,56.6878117158912,28.885910992391505,0.04059047744772016,0.03484307506641543,0.0382,0.0335
286,1430,824,19.25247109461378,10.18824320487346,0.013785449995765803,0.012289372589834764,0.0138,0.0115
286,1430,826,15.781065718559908,8.408837398911142,0.011299801011204464,0.01014299852923854,0.0113,0.0096
286,1430,828,4.272834719237823,1.9556237741868379,0.0030595007296857677,0.0023589335985839802,0.0031,0.0024
286,1430,830,37.41089487364269,17.65240824348165,0.026787523432341937,0.02129287823716719,0.0274,0.0206
286,1430,832,5.9813693674038895,2.923749159673047,0.004282871944870502,0.003526716241446912,0.0042,0.0034
286,1430,834,69.81094716827272,34.77463061540968,0.04998710641433002,0.041946229954760134,0.0503,0.0431
286,1430,836,48.628503412707246,25.69982639480763,0.03481972775704357,0.03099992174399449,0.0345,0.0302
286,1430,838,11.25650716566424,5.131296907723532,0.008060057116650187,0.006189528292563436,0.0079,0.0067
286,1430,840,36.735821759696165,25.639924814542507,0.026304147214813202,0.030927666613861173,0.0266,0.0297
286,1430,842,3.739419640247432,1.9669721961948627,0.00267755667365928,0.0023726224145612616,0.0025,0.0024
286,1430,844,359.6218822806248,264.4149726508539,0.2575019825350986,0.3189454797940968,0.2442,0.3151
286,1430,846,27.616471649707478,13.0307461875307,0.01977437011153521,0.015718087191473027,0.0192,0.0163
286,1430,848,54.484268539682276,42.30359879904269,0.03901266262489269,0.05102790315052939,0.0404,0.0512
286,1430,854,1.5465369160402134,0.8167111112477223,0.001107375111376886,0.0009851420841210583,0.0011,0.001
286,1430,856,1.6123316691673057,0.8213793491690891,0.0011544864808608294,0.000990773056409414,0.0011,0.001
286,1430,858,19.473277253520617,10.079455100100413,0.013943555012384624,0.012158149028911283,0.0138,0.012
286,1430,860,136.77776031056712,83.24260779267303,0.09793771230861255,0.10040979607007207,0.0984,0.1015
286,1430,862,11.744233291214286,5.529617680810558,0.008409286266630824,0.00666999507101607,0.0079,0.0067
286,1430,864,0.8957509862398803,0.42839272912658993,0.0006413893763965933,0.0005167404975663036,0.0006,0.0005
286,1430,890,331.10099038997004,175.50692464791632,0.2370800155542854,0.21170185533680405,0.2544,0.2155
287,1435,802,22.24489342407542,10.940201474492163,0.015981462811777924,0.013508642162571664,0.0155,0.0139
287,1435,806,19.92087168893181,12.56102385113008,0.014311809187195322,0.015509986429049803,0.0155,0.0139
287,1435,808,5.820368754342879,2.84881303282171,0.004181544277379746,0.003517631365216278,0.0045,0.0038
287,1435,810,6.350706795730134,3.2479677004049026,0.004562556562964739,0.004010495923924223,0.0045,0.0038
287,1435,816,2.130757127592904,0.8161559806571006,0.0015308059762921562,0.0010077656355091315,0.0014,0.001
287,1435,818,11.76084902711284,6.374098769220267,0.008449380618668914,0.007870551523483895,0.0096,0.0081
287,1435,820,73.96062468903189,35.49705944214315,0.053135744481668856,0.043830735196739724,0.0478,0.0417
287,1435,822,58.3928703318417,29.4368806687458,0.04195135790901574,0.0363478029416153,0.0382,0.0335
287,1435,824,20.408101297355138,10.306943956547777,0.014661850957203855,0.012726714222157192,0.0138,0.0115
287,1435,826,17.18284984731136,7.915714293436289,0.012344724274469485,0.009774093475380741,0.0113,0.0096
287,1435,828,4.477231195963848,1.9991283117005556,0.0032165900952614806,0.0024684654174600023,0.0031,0.0024
287,1435,830,38.98833008733866,16.722195032751372,0.028010498207636302,0.020648079415800474,0.0274,0.0206
287,1435,832,5.815909655549625,2.7634043756596594,0.004178340714198755,0.0034121712427607667,0.0042,0.0034
287,1435,834,71.46339126065479,35.69133454816097,0.05134164988174851,0.044070620439658634,0.0503,0.0431
287,1435,836,49.72853211739849,24.650079432151067,0.0357266124664088,0.03043720018358744,0.0345,0.0302
287,1435,838,12.19205124086361,5.143304080020592,0.008759170466255052,0.0063508020864413,0.0079,0.0067
287,1435,840,38.00870567830643,23.05653606059694,0.02730670382373,0.028469539238123735,0.0266,0.0297
287,1435,842,3.795711048757373,1.8526730690475723,0.002726963614234166,0.0022876267491370693,0.0025,0.0024
287,1435,844,348.9027427238063,250.76240079722646,0.2506632017275933,0.3096341093987349,0.2442,0.3151
287,1435,846,26.554370169842617,14.266753427752906,0.0190775325945246,0.01761617163326536,0.0192,0.0163
287,1435,848,53.8489128937798,38.256555317407035,0.03868682948758068,0.047238080337041424,0.0404,0.0512
287,1435,854,1.6296846626055057,0.8762644073492695,0.0011708190429973822,0.0010819857702144087,0.0011,0.001
287,1435,856,1.8036099152034666,0.8603309727849747,0.0012957726628432331,0.0010623116292535083,0.0011,0.001
287,1435,858,19.294277263993727,10.285720551504513,0.01386164315091405,0.012700508179711884,0.0138,0.012
287,1435,860,137.95081031459782,80.4996633291359,0.09910839772832084,0.0993986398382364,0.0984,0.1015
287,1435,862,11.98810480509439,5.547378554308614,0.008612648641371285,0.006849741479185852,0.0079,0.0067
287,1435,864,0.8043318981136437,0.39304267373241497,0.0005778584807296834,0.00048531764670431366,0.0006,0.0005
287,1435,890,326.49888001778663,176.29522577903688,0.23456753015701515,0.21768421043903458,0.2544,0.2155
