sample_id,node,node_idx,p_load_kw,q_load_kvar,q_capacitor_bank,FEEDER_REGA,FEEDER_REGB,FEEDER_REGC,VREG2_A,VREG2_B,VREG2_C,VREG3_A,VREG3_B,VREG3_C,VREG4_A,VREG4_B,VREG4_C
0,l2673322.2,12,1.71150414474,0.458414759793,0.0,0.0,1.0,0.0,0.0,1.00625,0.0,0.0,1.0125000000000002,0.0,0.0,0.0,0.0
0,l2673309.3,14,4.36926996741,1.18749303594,0.0,0.0,0.0,1.0,0.0,0.0,0.0,0.0,0.0,0.0,0.0,0.0,1.0
0,l2804270.2,16,2.72395827363,0.641757767269,0.0,0.0,1.0,0.0,0.0,0.0,0.0,0.0,1.0125000000000002,0.0,0.0,0.0,0.0
0,l2935553.2,18,4.24104840811,1.06280523565,0.0,0.0,1.0,0.0,0.0,1.00625,0.0,0.0,1.0125000000000002,0.0,0.0,0.0,0.0
0,l2748840.2,20,2.5570938729,0.64282444625,0.0,0.0,1.0,0.0,0.0,0.0,0.0,0.0,0.0,0.0,0.0,0.0,0.0
0,l3085398.2,24,4.48668081186,1.13692829242,0.0,0.0,1.0,0.0,0.0,1.00625,0.0,0.0,1.0125000000000002,0.0,0.0,0.0,0.0
0,l3216367.2,30,4.47316924618,1.01361900723,0.0,0.0,1.0,0.0,0.0,1.00625,0.0,0.0,1.0125000000000002,0.0,0.0,0.0,0.0
0,l3254207.1,52,2.34500023318,0.590298565839,0.0,1.0,0.0,0.0,1.0124999999999995,0.0,0.0,1.025,0.0,0.0,0.0,0.0,0.0
0,l2729406.3,65,2.6400705495,0.663282196043,0.0,0.0,0.0,1.0,0.0,0.0,0.0,0.0,0.0,0.0,0.0,0.0,0.0
0,l2897768.3,66,4.53725998355,1.08713626683,0.0,0.0,0.0,1.0,0.0,0.0,0.0,0.0,0.0,0.0,0.0,0.0,0.0
0,l3649301.1,67,6.08058926558,1.48446506951,0.0,1.0,0.0,0.0,1.0124999999999995,0.0,0.0,1.025,0.0,0.0,0.0,0.0,0.0
0,l3649302.1,68,5.73996710296,1.50187324844,0.0,1.0,0.0,0.0,1.0124999999999995,0.0,0.0,1.025,0.0,0.0,0.0,0.0,0.0
0,l2822871.2,76,4.58161981224,1.16404137288,0.0,0.0,1.0,0.0,0.0,1.00625,0.0,0.0,1.0125000000000002,0.0,0.0,0.0,0.0
0,l2973163.2,82,1.81789909218,0.429754130291,0.0,0.0,1.0,0.0,0.0,0.0,0.0,0.0,0.0,0.0,0.0,1.01875,0.0
0,l3728038.1,83,3.82284645175,0.985815084243,0.0,1.0,0.0,0.0,1.0124999999999995,0.0,0.0,1.025,0.0,0.0,0.0,0.0,0.0
0,l3728039.1,84,5.83304581122,1.47817248084,0.0,1.0,0.0,0.0,1.0124999999999995,0.0,0.0,1.025,0.0,0.0,0.0,0.0,0.0
0,l3216351.1,88,3.69631696786,1.04270396892,0.0,1.0,0.0,0.0,1.0124999999999995,0.0,0.0,1.025,0.0,0.0,0.0,0.0,0.0
0,l2952007.3,89,4.58385953516,1.06911473726,0.0,0.0,0.0,1.0,0.0,0.0,0.0,0.0,0.0,0.0,0.0,0.0,0.0
0,l2861158.3,90,4.53803604136,1.22145524822,0.0,0.0,0.0,1.0,0.0,0.0,0.0,0.0,0.0,0.0,0.0,0.0,0.0
0,l2730106.3,99,4.5684166739,1.10268415161,0.0,0.0,0.0,1.0,0.0,0.0,0.0,0.0,0.0,0.0,0.0,0.0,0.0
0,l3172805.1,106,3.8436674096,1.03780639091,0.0,1.0,0.0,0.0,1.0124999999999995,0.0,0.0,1.025,0.0,0.0,0.0,0.0,0.0
0,l3048962.1,108,5.82915539652,1.46730402478,0.0,1.0,0.0,0.0,0.0,0.0,0.0,0.0,0.0,0.0,0.0,0.0,0.0
0,l2991914.3,111,2.59812568164,0.676570726931,0.0,0.0,0.0,1.0,0.0,0.0,1.0,0.0,0.0,0.99375,0.0,0.0,0.0
0,l2973154.1,116,2.50414456203,0.604907099374,0.0,1.0,0.0,0.0,1.0124999999999995,0.0,0.0,1.025,0.0,0.0,0.0,0.0,0.0
0,l3010565.3,117,1.88732187553,0.446171198455,0.0,0.0,0.0,1.0,0.0,0.0,0.0,0.0,0.0,0.0,0.0,0.0,1.0
0,l2897775.3,118,4.32439209231,1.10445376614,0.0,0.0,0.0,1.0,0.0,0.0,0.0,0.0,0.0,0.0,0.0,0.0,1.0
0,l2804269.2,122,4.33009724541,1.15338252878,0.0,0.0,1.0,0.0,0.0,0.0,0.0,0.0,1.0125000000000002,0.0,0.0,0.0,0.0
0,l2783231.2,130,4.39592220142,1.13216566401,0.0,0.0,1.0,0.0,0.0,0.0,0.0,0.0,1.0125000000000002,0.0,0.0,0.0,0.0
0,l2748143.1,131,4.15563078155,0.959639182899,0.0,1.0,0.0,0.0,0.0,0.0,0.0,1.025,0.0,0.0,0.0,0.0,0.0
0,l3251854.1,132,3.96158979299,0.996564191659,0.0,1.0,0.0,0.0,0.0,0.0,0.0,1.025,0.0,0.0,0.0,0.0,0.0
0,l2935549.2,139,6.47175171178,1.60487173392,0.0,0.0,1.0,0.0,0.0,1.00625,0.0,0.0,1.0125000000000002,0.0,0.0,0.0,0.0
0,l3235242.3,142,4.58704883583,1.18660580349,0.0,0.0,0.0,1.0,0.0,0.0,0.0,0.0,0.0,0.99375,0.0,0.0,0.0
0,l3030199.3,149,4.34637870547,1.14929031995,0.0,0.0,0.0,1.0,0.0,0.0,0.0,0.0,0.0,0.0,0.0,0.0,0.0
0,l2860487.3,156,2.71130483007,0.667812758306,0.0,0.0,0.0,1.0,0.0,0.0,0.0,0.0,0.0,0.0,0.0,0.0,1.0
0,l3102286.2,164,13.0439723175,3.34370249651,0.0,0.0,1.0,0.0,0.0,0.0,0.0,0.0,0.0,0.0,0.0,0.0,0.0
0,293471.1,168,0.0,0.0,0.0,1.0,0.0,0.0,0.0,0.0,0.0,0.0,0.0,0.0,1.0125000000000002,0.0,0.0
0,293471.2,169,0.0,0.0,0.0,0.0,1.0,0.0,0.0,0.0,0.0,0.0,0.0,0.0,0.0,1.01875,0.0
0,293471.3,170,0.0,0.0,0.0,0.0,0.0,1.0,0.0,0.0,0.0,0.0,0.0,0.0,0.0,0.0,1.0
0,l3198355.2,177,1.65354861151,0.442257824851,0.0,0.0,1.0,0.0,0.0,0.0,0.0,0.0,0.0,0.0,0.0,0.0,0.0
0,l2860504.1,181,2.48546891756,0.581962800492,0.0,1.0,0.0,0.0,1.0124999999999995,0.0,0.0,1.025,0.0,0.0,0.0,0.0,0.0
0,l2860493.1,182,3.98451758296,1.00858152731,0.0,1.0,0.0,0.0,1.0124999999999995,0.0,0.0,1.025,0.0,0.0,0.0,0.0,0.0
0,l2935551.3,198,2.80692976622,0.672496961724,0.0,0.0,0.0,1.0,0.0,0.0,0.0,0.0,0.0,0.0,0.0,0.0,0.0
0,l2879070.2,202,2.61387636556,0.632349069061,0.0,0.0,1.0,0.0,0.0,1.00625,0.0,0.0,1.0125000000000002,0.0,0.0,0.0,0.0
0,l3216345.2,205,6.60097143826,1.69707314313,0.0,0.0,1.0,0.0,0.0,1.00625,0.0,0.0,1.0125000000000002,0.0,0.0,0.0,0.0
0,l2991919.1,211,2.37734734575,0.587709514235,0.0,1.0,0.0,0.0,0.0,0.0,0.0,0.0,0.0,0.0,1.0125000000000002,0.0,0.0
0,l3048227.1,222,3.92333404807,0.986574822997,0.0,1.0,0.0,0.0,1.0124999999999995,0.0,0.0,1.025,0.0,0.0,0.0,0.0,0.0
0,l2785522.2,226,4.38462984003,1.1178071261,0.0,0.0,1.0,0.0,0.0,1.00625,0.0,0.0,1.0125000000000002,0.0,0.0,0.0,0.0
0,l3216338.2,227,4.20817495082,1.04608722681,0.0,0.0,1.0,0.0,0.0,1.00625,0.0,0.0,1.0125000000000002,0.0,0.0,0.0,0.0
0,l2973146.2,228,4.33204763435,1.02747540707,0.0,0.0,1.0,0.0,0.0,1.00625,0.0,0.0,1.0125000000000002,0.0,0.0,0.0,0.0
0,l2973164.1,230,1.56065401948,0.394734234473,0.0,1.0,0.0,0.0,0.0,0.0,0.0,0.0,0.0,0.0,1.0125000000000002,0.0,0.0
0,l3120376.1,231,4.11828588296,1.00524120593,0.0,1.0,0.0,0.0,1.0124999999999995,0.0,0.0,1.025,0.0,0.0,0.0,0.0,0.0
0,l3141393.3,236,4.59507720758,1.14358459666,0.0,0.0,0.0,1.0,0.0,0.0,0.0,0.0,0.0,0.99375,0.0,0.0,0.0
0,l3216349.2,240,2.49620121183,0.666249196056,0.0,0.0,1.0,0.0,0.0,1.00625,0.0,0.0,1.0125000000000002,0.0,0.0,0.0,0.0
0,l2748132.1,242,2.41717733002,0.579049219235,0.0,1.0,0.0,0.0,1.0124999999999995,0.0,0.0,1.025,0.0,0.0,0.0,0.0,0.0
0,l3122820.1,243,3.85860614221,0.974873787,0.0,1.0,0.0,0.0,1.0124999999999995,0.0,0.0,1.025,0.0,0.0,0.0,0.0,0.0
0,l3141398.1,244,2.5009442425,0.580593133318,0.0,1.0,0.0,0.0,1.0124999999999995,0.0,0.0,1.025,0.0,0.0,0.0,0.0,0.0
0,l3048968.3,246,6.57858788319,1.7182413836,0.0,0.0,0.0,1.0,0.0,0.0,0.0,0.0,0.0,0.0,0.0,0.0,0.0
0,l2766746.3,249,4.44408833692,1.15209862827,0.0,0.0,0.0,1.0,0.0,0.0,1.0,0.0,0.0,0.99375,0.0,0.0,0.0
0,l2973151.1,253,2.38959032536,0.589251444155,0.0,1.0,0.0,0.0,0.0,0.0,0.0,0.0,0.0,0.0,1.0125000000000002,0.0,0.0
0,l3179682.3,254,2.72517488893,0.674603187733,0.0,0.0,0.0,1.0,0.0,0.0,0.0,0.0,0.0,0.0,0.0,0.0,0.0
0,l2786274.3,255,4.54476430754,1.13320924241,0.0,0.0,0.0,1.0,0.0,0.0,0.0,0.0,0.0,0.0,0.0,0.0,0.0
0,l3066816.1,256,2.30419631757,0.591745937552,0.0,1.0,0.0,0.0,1.0124999999999995,0.0,0.0,1.025,0.0,0.0,0.0,0.0,0.0
0,l2766723.1,264,3.93810913545,1.03368408093,0.0,1.0,0.0,0.0,1.0124999999999995,0.0,0.0,1.025,0.0,0.0,0.0,0.0,0.0
0,l3122822.1,265,3.92748224695,0.982049542699,0.0,1.0,0.0,0.0,1.0124999999999995,0.0,0.0,1.025,0.0,0.0,0.0,0.0,0.0
0,l2673312.1,266,3.91402788352,1.00597177664,0.0,1.0,0.0,0.0,1.0124999999999995,0.0,0.0,1.025,0.0,0.0,0.0,0.0,0.0
0,l3235247.1,267,2.32123182916,0.610818459827,0.0,1.0,0.0,0.0,1.0124999999999995,0.0,0.0,1.025,0.0,0.0,0.0,0.0,0.0
0,l3254873.3,269,2.80614051965,0.639050781564,0.0,0.0,0.0,1.0,0.0,0.0,0.0,0.0,0.0,0.0,0.0,0.0,0.0
0,l2861157.3,270,4.47490216385,1.1489276304,0.0,0.0,0.0,1.0,0.0,0.0,0.0,0.0,0.0,0.0,0.0,0.0,0.0
0,l2822873.2,279,1.76322385409,0.402767376132,0.0,0.0,1.0,0.0,0.0,0.0,0.0,0.0,1.0125000000000002,0.0,0.0,0.0,0.0
0,l2875754.3,281,9.42507081624,2.32257973244,0.0,0.0,0.0,1.0,0.0,0.0,0.0,0.0,0.0,0.0,0.0,0.0,0.0
0,l2786204.3,282,6.59401946771,1.80147064322,0.0,0.0,0.0,1.0,0.0,0.0,0.0,0.0,0.0,0.0,0.0,0.0,0.0
0,l2767340.1,288,11.999677339,3.12099969978,0.0,1.0,0.0,0.0,0.0,0.0,0.0,0.0,0.0,0.0,0.0,0.0,0.0
0,l2767340.2,289,12.6701807495,3.36599555409,0.0,0.0,1.0,0.0,0.0,0.0,0.0,0.0,0.0,0.0,0.0,0.0,0.0
0,l2767340.3,290,13.5274630091,3.51236825858,0.0,0.0,0.0,1.0,0.0,0.0,0.0,0.0,0.0,0.0,0.0,0.0,0.0
0,l2710546.2,295,4.31333677246,1.06991128954,0.0,0.0,1.0,0.0,0.0,1.00625,0.0,0.0,1.0125000000000002,0.0,0.0,0.0,0.0
0,l2674027.2,297,4.40831666284,1.11696719011,0.0,0.0,1.0,0.0,0.0,0.0,0.0,0.0,0.0,0.0,0.0,0.0,0.0
0,l2692633.3,301,4.81387941407,1.14206171312,0.0,0.0,0.0,1.0,0.0,0.0,0.0,0.0,0.0,0.0,0.0,0.0,0.0
0,l2674051.1,303,2.37114734942,0.571598215524,0.0,1.0,0.0,0.0,0.0,0.0,0.0,0.0,0.0,0.0,0.0,0.0,0.0
0,l3097861.3,317,1.88329549312,0.442441246077,0.0,0.0,0.0,1.0,0.0,0.0,0.0,0.0,0.0,0.99375,0.0,0.0,0.0
0,l2973153.1,319,2.32025769472,0.59141289085,0.0,1.0,0.0,0.0,1.0124999999999995,0.0,0.0,1.025,0.0,0.0,0.0,0.0,0.0
0,l2898515.3,325,4.66235144384,1.12587204098,0.0,0.0,0.0,1.0,0.0,0.0,0.0,0.0,0.0,0.0,0.0,0.0,0.0
0,l3235250.2,328,1.77798738405,0.433990215505,0.0,0.0,1.0,0.0,0.0,1.00625,0.0,0.0,1.0125000000000002,0.0,0.0,0.0,0.0
0,l2955081.1,335,2.4220819129,0.598283900785,0.0,1.0,0.0,0.0,0.0,0.0,0.0,0.0,0.0,0.0,0.0,0.0,0.0
0,l2973162.2,342,2.55824974454,0.70606448856,0.0,0.0,1.0,0.0,0.0,0.0,0.0,0.0,0.0,0.0,0.0,1.01875,0.0
0,l2860479.2,348,1.67325789894,0.438465062838,0.0,0.0,1.0,0.0,0.0,1.00625,0.0,0.0,1.0125000000000002,0.0,0.0,0.0,0.0
0,l2933135.1,367,4.03071589652,1.03061328606,0.0,1.0,0.0,0.0,0.0,0.0,0.0,0.0,0.0,0.0,0.0,0.0,0.0
0,l2729414.1,370,4.16798342419,1.02701336308,0.0,1.0,0.0,0.0,1.0124999999999995,0.0,0.0,1.025,0.0,0.0,0.0,0.0,0.0
0,l2729414.2,371,4.255173157,1.07542739102,0.0,0.0,1.0,0.0,0.0,1.00625,0.0,0.0,1.0125000000000002,0.0,0.0,0.0,0.0
0,l2729414.3,372,4.67585032847,1.14652828042,0.0,0.0,0.0,1.0,0.0,0.0,1.0,0.0,0.0,0.99375,0.0,0.0,0.0
0,l2729430.2,373,4.34177582813,1.06782909981,0.0,0.0,1.0,0.0,0.0,1.00625,0.0,0.0,1.0125000000000002,0.0,0.0,0.0,0.0
0,l2766742.2,374,2.67844345897,0.658581547615,0.0,0.0,1.0,0.0,0.0,1.00625,0.0,0.0,1.0125000000000002,0.0,0.0,0.0,0.0
0,l2860483.2,376,4.20831082148,1.04995835988,0.0,0.0,1.0,0.0,0.0,1.00625,0.0,0.0,1.0125000000000002,0.0,0.0,0.0,0.0
0,l2860490.1,377,3.91974373403,0.993594408857,0.0,1.0,0.0,0.0,0.0,0.0,0.0,0.0,0.0,0.0,1.0125000000000002,0.0,0.0
0,l3104134.3,382,4.58221038637,1.08688624216,0.0,0.0,0.0,1.0,0.0,0.0,0.0,0.0,0.0,0.0,0.0,0.0,1.0
0,l3048208.1,388,2.41224974054,0.574421689672,0.0,1.0,0.0,0.0,0.0,0.0,0.0,0.0,0.0,0.0,1.0125000000000002,0.0,0.0
0,l2955047.1,392,3.93832624947,1.00258011413,0.0,1.0,0.0,0.0,0.0,0.0,0.0,0.0,0.0,0.0,0.0,0.0,0.0
0,l2766721.1,396,3.93249703337,0.956888988529,0.0,1.0,0.0,0.0,0.0,0.0,0.0,0.0,0.0,0.0,0.0,0.0,0.0
0,l3029183.2,398,2.70401691025,0.618727005003,0.0,0.0,1.0,0.0,0.0,1.00625,0.0,0.0,1.0125000000000002,0.0,0.0,0.0,0.0
0,l2710512.2,399,4.26924892132,1.12840585994,0.0,0.0,1.0,0.0,0.0,1.00625,0.0,0.0,1.0125000000000002,0.0,0.0,0.0,0.0
0,l3197645.1,402,3.83971450606,0.970760064312,0.0,1.0,0.0,0.0,0.0,0.0,0.0,0.0,0.0,0.0,1.0125000000000002,0.0,0.0
0,l3235253.1,404,3.90216690253,1.00522949828,0.0,1.0,0.0,0.0,0.0,0.0,0.0,0.0,0.0,0.0,1.0125000000000002,0.0,0.0
0,l3214071.3,407,4.55422056403,1.17613736164,0.0,0.0,0.0,1.0,0.0,0.0,0.0,0.0,0.0,0.0,0.0,0.0,0.0
0,l2860480.2,412,4.36442933561,1.08634744743,0.0,0.0,1.0,0.0,0.0,1.00625,0.0,0.0,1.0125000000000002,0.0,0.0,0.0,0.0
0,l2710517.1,413,2.40431764366,0.603788634981,0.0,1.0,0.0,0.0,1.0124999999999995,0.0,0.0,1.025,0.0,0.0,0.0,0.0,0.0
0,l2935547.2,416,2.69426224777,0.67903429994,0.0,0.0,1.0,0.0,0.0,0.0,0.0,0.0,1.0125000000000002,0.0,0.0,0.0,0.0
0,l3216336.1,418,4.04014055258,0.991607159808,0.0,1.0,0.0,0.0,1.0124999999999995,0.0,0.0,1.025,0.0,0.0,0.0,0.0,0.0
0,l3142049.3,421,1.82496934061,0.475728296353,0.0,0.0,0.0,1.0,0.0,0.0,0.0,0.0,0.0,0.0,0.0,0.0,0.0
0,l3010556.1,428,2.39714391049,0.606147605897,0.0,1.0,0.0,0.0,0.0,0.0,0.0,0.0,0.0,0.0,1.0125000000000002,0.0,0.0
0,l2991933.3,431,8.70104216305,2.29536297021,0.0,0.0,0.0,1.0,0.0,0.0,1.0,0.0,0.0,0.99375,0.0,0.0,0.0
0,l3122837.3,432,6.61905309354,1.70577639136,0.0,0.0,0.0,1.0,0.0,0.0,1.0,0.0,0.0,0.99375,0.0,0.0,0.0
0,l2691936.1,433,2.37430383251,0.591552194036,0.0,1.0,0.0,0.0,1.0124999999999995,0.0,0.0,1.025,0.0,0.0,0.0,0.0,0.0
0,l2897772.1,434,2.23204422887,0.62709992082,0.0,1.0,0.0,0.0,0.0,0.0,0.0,0.0,0.0,0.0,1.0125000000000002,0.0,0.0
0,l2766732.2,436,1.77989881436,0.428421752734,0.0,0.0,1.0,0.0,0.0,0.0,0.0,0.0,0.0,0.0,0.0,1.01875,0.0
0,l2989564.2,437,2.52009563414,0.653575160145,0.0,0.0,1.0,0.0,0.0,0.0,0.0,0.0,1.0125000000000002,0.0,0.0,0.0,0.0
0,l2766726.2,443,2.53596953446,0.635834530807,0.0,0.0,1.0,0.0,0.0,0.0,0.0,0.0,0.0,0.0,0.0,1.01875,0.0
0,l3254237.1,449,3.98980024809,0.978241560214,0.0,1.0,0.0,0.0,0.0,0.0,0.0,0.0,0.0,0.0,0.0,0.0,0.0
0,l2804262.1,452,2.35841072001,0.624007981738,0.0,1.0,0.0,0.0,1.0124999999999995,0.0,0.0,1.025,0.0,0.0,0.0,0.0,0.0
0,l2841639.1,453,3.97986188738,1.00347606212,0.0,1.0,0.0,0.0,1.0124999999999995,0.0,0.0,1.025,0.0,0.0,0.0,0.0,0.0
0,l2708744.2,455,13.6992448375,3.40733470391,0.0,0.0,1.0,0.0,0.0,0.0,0.0,0.0,0.0,0.0,0.0,0.0,0.0
0,l2897790.3,460,4.74817396326,1.11631413361,0.0,0.0,0.0,1.0,0.0,0.0,0.0,0.0,0.0,0.99375,0.0,0.0,0.0
0,l2935566.3,461,4.6373579329,1.10839291996,0.0,0.0,0.0,1.0,0.0,0.0,0.0,0.0,0.0,0.99375,0.0,0.0,0.0
0,l3216337.1,462,2.36984240334,0.589996667397,0.0,1.0,0.0,0.0,1.0124999999999995,0.0,0.0,1.025,0.0,0.0,0.0,0.0,0.0
0,l3120503.1,466,2.37611332255,0.588659902307,0.0,1.0,0.0,0.0,1.0124999999999995,0.0,0.0,1.025,0.0,0.0,0.0,0.0,0.0
0,l3215385.1,470,5.79214420133,1.5241633884,0.0,1.0,0.0,0.0,0.0,0.0,0.0,0.0,0.0,0.0,0.0,0.0,0.0
0,l3215385.2,471,8.34048672679,2.06447891432,0.0,0.0,1.0,0.0,0.0,0.0,0.0,0.0,0.0,0.0,0.0,0.0,0.0
0,l3215385.3,472,6.45020063061,1.75998388613,0.0,0.0,0.0,1.0,0.0,0.0,0.0,0.0,0.0,0.0,0.0,0.0,0.0
0,l3157708.3,479,2.67495752169,0.691015193292,0.0,0.0,0.0,1.0,0.0,0.0,1.0,0.0,0.0,0.99375,0.0,0.0,0.0
0,l3048205.3,491,4.61089813074,1.09707948459,0.0,0.0,0.0,1.0,0.0,0.0,0.0,0.0,0.0,0.0,0.0,0.0,0.0
0,l2673317.1,494,2.34375088867,0.608054999089,0.0,1.0,0.0,0.0,1.0124999999999995,0.0,0.0,1.025,0.0,0.0,0.0,0.0,0.0
0,l3178981.2,495,4.32368277489,1.08843889327,0.0,0.0,1.0,0.0,0.0,0.0,0.0,0.0,0.0,0.0,0.0,1.01875,0.0
0,l2879794.1,500,6.03903927559,1.47618209078,0.0,1.0,0.0,0.0,0.0,0.0,0.0,0.0,0.0,0.0,0.0,0.0,0.0
0,l2785536.2,503,2.69337115184,0.626394513609,0.0,0.0,1.0,0.0,0.0,0.0,0.0,0.0,1.0125000000000002,0.0,0.0,0.0,0.0
0,l3104114.2,504,4.12111595262,1.12881236527,0.0,0.0,1.0,0.0,0.0,1.00625,0.0,0.0,1.0125000000000002,0.0,0.0,0.0,0.0
0,l2673308.2,510,6.80369961829,1.65609100655,0.0,0.0,1.0,0.0,0.0,1.00625,0.0,0.0,1.0125000000000002,0.0,0.0,0.0,0.0
0,l2991939.2,513,4.46483467326,1.06646284178,0.0,0.0,1.0,0.0,0.0,1.00625,0.0,0.0,1.0125000000000002,0.0,0.0,0.0,0.0
0,l2916606.3,515,2.79874660617,0.680804893748,0.0,0.0,0.0,1.0,0.0,0.0,0.0,0.0,0.0,0.0,0.0,0.0,0.0
0,l2822864.3,516,2.61247981692,0.694000456483,0.0,0.0,0.0,1.0,0.0,0.0,0.0,0.0,0.0,0.0,0.0,0.0,0.0
0,l3141397.2,527,4.24863613125,1.11523228801,0.0,0.0,1.0,0.0,0.0,1.00625,0.0,0.0,1.0125000000000002,0.0,0.0,0.0,0.0
0,l3649299.1,528,3.82905141944,0.971110165408,0.0,1.0,0.0,0.0,1.0124999999999995,0.0,0.0,1.025,0.0,0.0,0.0,0.0,0.0
0,l3048887.2,531,6.64640470147,1.6099481273,0.0,0.0,1.0,0.0,0.0,0.0,0.0,0.0,0.0,0.0,0.0,0.0,0.0
0,l2879072.2,540,2.62407742796,0.641368788417,0.0,0.0,1.0,0.0,0.0,1.00625,0.0,0.0,1.0125000000000002,0.0,0.0,0.0,0.0
0,l3235244.1,544,4.05519702143,0.993522637469,0.0,1.0,0.0,0.0,1.0124999999999995,0.0,0.0,1.025,0.0,0.0,0.0,0.0,0.0
0,l2685805.1,547,3.98505368428,0.986500064848,0.0,1.0,0.0,0.0,1.0124999999999995,0.0,0.0,1.025,0.0,0.0,0.0,0.0,0.0
0,l2786273.2,550,4.42827637175,1.0959235572,0.0,0.0,1.0,0.0,0.0,0.0,0.0,0.0,0.0,0.0,0.0,1.01875,0.0
0,l3254238.2,553,4.15421441397,1.13682627155,0.0,0.0,1.0,0.0,0.0,0.0,0.0,0.0,0.0,0.0,0.0,1.01875,0.0
0,l2897554.3,559,8.96766958361,2.20242865711,0.0,0.0,0.0,1.0,0.0,0.0,1.0,0.0,0.0,0.99375,0.0,0.0,0.0
0,l2897791.2,561,6.36697269941,1.64694292145,0.0,0.0,1.0,0.0,0.0,0.0,0.0,0.0,1.0125000000000002,0.0,0.0,0.0,0.0
0,l2936214.1,565,3.94453970923,0.971353606596,0.0,1.0,0.0,0.0,0.0,0.0,0.0,0.0,0.0,0.0,0.0,0.0,0.0
0,l3066810.3,566,4.59535279589,1.172046156,0.0,0.0,0.0,1.0,0.0,0.0,1.0,0.0,0.0,0.99375,0.0,0.0,0.0
0,l2897769.3,567,4.41717731545,1.09912074017,0.0,0.0,0.0,1.0,0.0,0.0,1.0,0.0,0.0,0.99375,0.0,0.0,0.0
0,l2858166.1,573,1.54713819448,0.401529664385,0.0,1.0,0.0,0.0,1.0124999999999995,0.0,0.0,1.025,0.0,0.0,0.0,0.0,0.0
0,l3081380.1,579,2.29184729177,0.584265691227,0.0,1.0,0.0,0.0,0.0,0.0,0.0,0.0,0.0,0.0,0.0,0.0,0.0
0,l2804272.2,582,2.60721247407,0.624548055768,0.0,0.0,1.0,0.0,0.0,0.0,0.0,0.0,1.0125000000000002,0.0,0.0,0.0,0.0
0,l2841641.2,583,2.64564625806,0.69616092505,0.0,0.0,1.0,0.0,0.0,0.0,0.0,0.0,1.0125000000000002,0.0,0.0,0.0,0.0
0,l3216348.1,592,2.34432856042,0.594652575694,0.0,1.0,0.0,0.0,1.0124999999999995,0.0,0.0,1.025,0.0,0.0,0.0,0.0,0.0
0,l2841627.1,593,2.4757563243,0.614884182406,0.0,1.0,0.0,0.0,1.0124999999999995,0.0,0.0,1.025,0.0,0.0,0.0,0.0,0.0
0,l2916599.1,594,4.07940921486,1.03934935668,0.0,1.0,0.0,0.0,1.0124999999999995,0.0,0.0,1.025,0.0,0.0,0.0,0.0,0.0
0,l2954349.2,596,4.37754540211,1.07782647044,0.0,0.0,1.0,0.0,0.0,1.00625,0.0,0.0,1.0125000000000002,0.0,0.0,0.0,0.0
0,l3235246.2,597,2.53628825162,0.637067121743,0.0,0.0,1.0,0.0,0.0,1.00625,0.0,0.0,1.0125000000000002,0.0,0.0,0.0,0.0
0,l2711224.2,599,1.74756313939,0.433131227077,0.0,0.0,1.0,0.0,0.0,0.0,0.0,0.0,0.0,0.0,0.0,0.0,0.0
0,l3122817.3,601,2.59434437035,0.67543376551,0.0,0.0,0.0,1.0,0.0,0.0,1.0,0.0,0.0,0.99375,0.0,0.0,0.0
0,l2861223.2,605,4.55335996876,1.09630272228,0.0,0.0,1.0,0.0,0.0,0.0,0.0,0.0,0.0,0.0,0.0,0.0,0.0
0,l3085396.1,607,3.84101762178,0.95928585654,0.0,1.0,0.0,0.0,0.0,0.0,0.0,0.0,0.0,0.0,1.0125000000000002,0.0,0.0
0,l3160865.1,621,4.02944800395,1.03600575158,0.0,1.0,0.0,0.0,0.0,0.0,0.0,0.0,0.0,0.0,0.0,0.0,0.0
0,l2673323.3,624,4.49314790366,1.04668963635,0.0,0.0,0.0,1.0,0.0,0.0,1.0,0.0,0.0,0.99375,0.0,0.0,0.0
0,l2822869.1,626,4.07310787896,0.965876418138,0.0,1.0,0.0,0.0,1.0124999999999995,0.0,0.0,1.025,0.0,0.0,0.0,0.0,0.0
0,l2729410.3,635,4.50459151647,1.1991028269,0.0,0.0,0.0,1.0,0.0,0.0,1.0,0.0,0.0,0.99375,0.0,0.0,0.0
0,l3178978.1,636,2.36195982046,0.585333134176,0.0,1.0,0.0,0.0,1.0124999999999995,0.0,0.0,1.025,0.0,0.0,0.0,0.0,0.0
0,l3066805.1,638,4.04387357471,1.04165318714,0.0,1.0,0.0,0.0,1.0124999999999995,0.0,0.0,1.025,0.0,0.0,0.0,0.0,0.0
0,l3216358.1,642,3.99502161359,0.956557836177,0.0,1.0,0.0,0.0,1.0124999999999995,0.0,0.0,1.025,0.0,0.0,0.0,0.0,0.0
0,l2804259.1,658,3.87244188151,0.963610048707,0.0,1.0,0.0,0.0,0.0,0.0,0.0,0.0,0.0,0.0,1.0125000000000002,0.0,0.0
0,l2879767.2,671,1.75749841449,0.442498146422,0.0,0.0,1.0,0.0,0.0,0.0,0.0,0.0,0.0,0.0,0.0,0.0,0.0
0,l3066809.3,672,4.59177973999,1.14188648567,0.0,0.0,0.0,1.0,0.0,0.0,1.0,0.0,0.0,0.99375,0.0,0.0,0.0
0,l2954338.2,687,4.43439879366,1.11161116838,0.0,0.0,1.0,0.0,0.0,1.00625,0.0,0.0,1.0125000000000002,0.0,0.0,0.0,0.0
0,l2841648.1,689,2.53050149076,0.59090790574,0.0,1.0,0.0,0.0,1.0124999999999995,0.0,0.0,1.025,0.0,0.0,0.0,0.0,0.0
0,l2954347.2,692,4.59125465911,1.0649284804,0.0,0.0,1.0,0.0,0.0,1.00625,0.0,0.0,1.0125000000000002,0.0,0.0,0.0,0.0
0,l3027124.3,694,4.44711494679,1.13880724151,0.0,0.0,0.0,1.0,0.0,0.0,0.0,0.0,0.0,0.0,0.0,0.0,0.0
0,l2691948.2,706,2.68264942504,0.639650232164,0.0,0.0,1.0,0.0,0.0,1.00625,0.0,0.0,1.0125000000000002,0.0,0.0,0.0,0.0
0,l2710542.2,711,4.35385704032,1.01979220147,0.0,0.0,1.0,0.0,0.0,1.00625,0.0,0.0,1.0125000000000002,0.0,0.0,0.0,0.0
0,l2917330.1,722,3.78040349619,0.923372834231,0.0,1.0,0.0,0.0,0.0,0.0,0.0,0.0,0.0,0.0,0.0,0.0,0.0
0,l2861222.1,723,5.90353587303,1.47762433436,0.0,1.0,0.0,0.0,0.0,0.0,0.0,0.0,0.0,0.0,0.0,0.0,0.0
0,l2878848.3,731,6.69828277447,1.76231034954,0.0,0.0,0.0,1.0,0.0,0.0,1.0,0.0,0.0,0.99375,0.0,0.0,0.0
0,l3177665.1,735,5.89181560806,1.52281883054,0.0,1.0,0.0,0.0,1.0124999999999995,0.0,0.0,1.025,0.0,0.0,0.0,0.0,0.0
0,l2805036.2,736,1.71832267225,0.43376747252,0.0,0.0,1.0,0.0,0.0,0.0,0.0,0.0,0.0,0.0,0.0,1.01875,0.0
0,l2692654.1,737,2.40150077817,0.626407084758,0.0,1.0,0.0,0.0,0.0,0.0,0.0,0.0,0.0,0.0,0.0,0.0,0.0
0,l3141400.1,760,1.43494730918,0.391717235802,0.0,1.0,0.0,0.0,0.0,0.0,0.0,0.0,0.0,0.0,0.0,0.0,0.0
0,l3048210.1,766,5.64248289824,1.47651754413,0.0,1.0,0.0,0.0,0.0,0.0,0.0,0.0,0.0,0.0,1.0125000000000002,0.0,0.0
0,l3214055.3,771,2.74915309334,0.686816714878,0.0,0.0,0.0,1.0,0.0,0.0,0.0,0.0,0.0,0.0,0.0,0.0,1.0
0,l2936279.3,777,4.45197176582,1.17905788186,0.0,0.0,0.0,1.0,0.0,0.0,0.0,0.0,0.0,0.0,0.0,0.0,0.0
0,l2841634.2,779,6.50870946573,1.5882523431,0.0,0.0,1.0,0.0,0.0,1.00625,0.0,0.0,1.0125000000000002,0.0,0.0,0.0,0.0
0,l3010570.1,787,2.41228572226,0.601611563912,0.0,1.0,0.0,0.0,0.0,0.0,0.0,0.0,0.0,0.0,1.0125000000000002,0.0,0.0
0,l2879061.2,796,1.63780531843,0.466230269419,0.0,0.0,1.0,0.0,0.0,1.00625,0.0,0.0,1.0125000000000002,0.0,0.0,0.0,0.0
0,l2891575.3,799,2.67151962842,0.689687063316,0.0,0.0,0.0,1.0,0.0,0.0,0.0,0.0,0.0,0.0,0.0,0.0,0.0
0,l2897793.1,802,1.60066309662,0.392653905133,0.0,1.0,0.0,0.0,0.0,0.0,0.0,1.025,0.0,0.0,0.0,0.0,0.0
0,l3197637.3,807,1.92213143606,0.466680418806,0.0,0.0,0.0,1.0,0.0,0.0,0.0,0.0,0.0,0.0,0.0,0.0,1.0
0,l3197635.2,808,2.61788079706,0.663014181784,0.0,0.0,1.0,0.0,0.0,1.00625,0.0,0.0,1.0125000000000002,0.0,0.0,0.0,0.0
0,l2804257.2,809,2.78352334751,0.643194805256,0.0,0.0,1.0,0.0,0.0,1.00625,0.0,0.0,1.0125000000000002,0.0,0.0,0.0,0.0
0,l2860485.2,810,2.70472640369,0.686609814044,0.0,0.0,1.0,0.0,0.0,1.00625,0.0,0.0,1.0125000000000002,0.0,0.0,0.0,0.0
0,l3235945.3,811,4.54814402213,1.18360916649,0.0,0.0,0.0,1.0,0.0,0.0,0.0,0.0,0.0,0.99375,0.0,0.0,0.0
0,l2842330.3,812,4.58080719973,1.10820085472,0.0,0.0,0.0,1.0,0.0,0.0,0.0,0.0,0.0,0.99375,0.0,0.0,0.0
0,l2804254.1,813,3.9677311106,0.972532439512,0.0,1.0,0.0,0.0,1.0124999999999995,0.0,0.0,1.025,0.0,0.0,0.0,0.0,0.0
0,l2710509.3,821,2.77673137214,0.688138265557,0.0,0.0,0.0,1.0,0.0,0.0,0.0,0.0,0.0,0.0,0.0,0.0,0.0
0,l2763072.2,822,4.23094807423,1.05023896722,0.0,0.0,1.0,0.0,0.0,0.0,0.0,0.0,0.0,0.0,0.0,1.01875,0.0
0,l3010560.2,831,4.38731981739,1.16674149298,0.0,0.0,1.0,0.0,0.0,1.00625,0.0,0.0,1.0125000000000002,0.0,0.0,0.0,0.0
0,l3254219.3,833,4.69253483613,1.16277222856,0.0,0.0,0.0,1.0,0.0,0.0,0.0,0.0,0.0,0.0,0.0,0.0,1.0
0,l3254220.3,834,4.44866857917,1.13633480259,0.0,0.0,0.0,1.0,0.0,0.0,0.0,0.0,0.0,0.0,0.0,0.0,1.0
0,l2691951.3,840,4.45315880188,1.18859775038,0.0,0.0,0.0,1.0,0.0,0.0,0.0,0.0,0.0,0.0,0.0,0.0,1.0
0,l2841636.2,844,2.55212190636,0.634542108276,0.0,0.0,1.0,0.0,0.0,0.0,0.0,0.0,0.0,0.0,0.0,1.01875,0.0
0,l2990826.1,845,3.96116316599,0.987379460555,0.0,1.0,0.0,0.0,0.0,0.0,0.0,0.0,0.0,0.0,0.0,0.0,0.0
0,l2990826.2,846,4.38373509365,1.11370994361,0.0,0.0,1.0,0.0,0.0,0.0,0.0,0.0,0.0,0.0,0.0,0.0,0.0
0,l2990826.3,847,4.53006490001,1.12682765104,0.0,0.0,0.0,1.0,0.0,0.0,0.0,0.0,0.0,0.0,0.0,0.0,0.0
0,l2911069.2,848,2.66986378643,0.654929000483,0.0,0.0,1.0,0.0,0.0,1.00625,0.0,0.0,1.0125000000000002,0.0,0.0,0.0,0.0
0,l2948732.2,849,2.64679240076,0.679119836214,0.0,0.0,1.0,0.0,0.0,1.00625,0.0,0.0,1.0125000000000002,0.0,0.0,0.0,0.0
0,l2876797.1,855,2.41194090656,0.579839159875,0.0,1.0,0.0,0.0,1.0124999999999995,0.0,0.0,1.025,0.0,0.0,0.0,0.0,0.0
0,l3254227.2,861,1.64440312322,0.42806527357,0.0,0.0,1.0,0.0,0.0,0.0,0.0,0.0,1.0125000000000002,0.0,0.0,0.0,0.0
0,l3217052.3,863,4.60394610741,1.09379123717,0.0,0.0,0.0,1.0,0.0,0.0,0.0,0.0,0.0,0.0,0.0,0.0,0.0
0,l2822861.1,865,3.97351923356,1.01516359015,0.0,1.0,0.0,0.0,1.0124999999999995,0.0,0.0,1.025,0.0,0.0,0.0,0.0,0.0
0,l2935554.1,886,1.65532749183,0.387680075188,0.0,1.0,0.0,0.0,1.0124999999999995,0.0,0.0,1.025,0.0,0.0,0.0,0.0,0.0
0,l2766750.3,892,6.70548695782,1.67086811586,0.0,0.0,0.0,1.0,0.0,0.0,0.0,0.0,0.0,0.0,0.0,0.0,1.0
0,l3649300.1,893,6.01228229586,1.4699927126,0.0,1.0,0.0,0.0,1.0124999999999995,0.0,0.0,1.025,0.0,0.0,0.0,0.0,0.0
0,l3066804.1,895,6.01316412508,1.5281102125,0.0,1.0,0.0,0.0,0.0,0.0,0.0,1.025,0.0,0.0,0.0,0.0,0.0
0,l2691943.2,897,2.45162328213,0.646605197828,0.0,0.0,1.0,0.0,0.0,1.00625,0.0,0.0,1.0125000000000002,0.0,0.0,0.0,0.0
0,l3085388.2,902,1.74996983039,0.461801685082,0.0,0.0,1.0,0.0,0.0,0.0,0.0,0.0,0.0,0.0,0.0,1.01875,0.0
0,l3233413.2,903,8.72290782667,2.20867731196,0.0,0.0,1.0,0.0,0.0,0.0,0.0,0.0,0.0,0.0,0.0,0.0,0.0
0,l3122827.1,904,3.86859079847,1.04893762901,0.0,1.0,0.0,0.0,1.0124999999999995,0.0,0.0,1.025,0.0,0.0,0.0,0.0,0.0
0,l2954355.1,905,2.38041110633,0.601875699712,0.0,1.0,0.0,0.0,1.0124999999999995,0.0,0.0,1.025,0.0,0.0,0.0,0.0,0.0
0,l2952003.2,909,4.55424673596,1.10306876206,0.0,0.0,1.0,0.0,0.0,0.0,0.0,0.0,0.0,0.0,0.0,0.0,0.0
0,l3008237.3,912,4.67117601148,1.11634205644,0.0,0.0,0.0,1.0,0.0,0.0,0.0,0.0,0.0,0.99375,0.0,0.0,0.0
0,l3141399.3,923,6.87793511279,1.67359273438,0.0,0.0,0.0,1.0,0.0,0.0,0.0,0.0,0.0,0.0,0.0,0.0,1.0
0,l3067507.3,932,6.88811849141,1.76929099134,0.0,0.0,0.0,1.0,0.0,0.0,0.0,0.0,0.0,0.0,0.0,0.0,0.0
0,l2692664.3,936,2.63672393642,0.68408841741,0.0,0.0,0.0,1.0,0.0,0.0,0.0,0.0,0.0,0.0,0.0,0.0,0.0
0,l2823544.1,937,3.83061210753,0.962508764795,0.0,1.0,0.0,0.0,0.0,0.0,0.0,0.0,0.0,0.0,0.0,0.0,0.0
0,l2973155.1,946,2.28554402176,0.60662172897,0.0,1.0,0.0,0.0,1.0124999999999995,0.0,0.0,1.025,0.0,0.0,0.0,0.0,0.0
0,l3216346.1,955,2.36679122267,0.597673661716,0.0,1.0,0.0,0.0,1.0124999999999995,0.0,0.0,1.025,0.0,0.0,0.0,0.0,0.0
0,l2858163.1,956,2.48235793985,0.596977762802,0.0,1.0,0.0,0.0,1.0124999999999995,0.0,0.0,1.025,0.0,0.0,0.0,0.0,0.0
0,l2973149.2,958,2.62353833946,0.642835046674,0.0,0.0,1.0,0.0,0.0,1.00625,0.0,0.0,1.0125000000000002,0.0,0.0,0.0,0.0
0,l3086079.2,959,1.83351231532,0.442147907551,0.0,0.0,1.0,0.0,0.0,0.0,0.0,0.0,0.0,0.0,0.0,0.0,0.0
0,l2710530.2,961,2.5426223559,0.623909313721,0.0,0.0,1.0,0.0,0.0,0.0,0.0,0.0,1.0125000000000002,0.0,0.0,0.0,0.0
0,l2879074.1,966,2.41665706159,0.563376554896,0.0,1.0,0.0,0.0,1.0124999999999995,0.0,0.0,1.025,0.0,0.0,0.0,0.0,0.0
0,l3027116.1,973,2.43378667939,0.621921270347,0.0,1.0,0.0,0.0,0.0,0.0,0.0,0.0,0.0,0.0,1.0125000000000002,0.0,0.0
0,l2929261.1,976,2.33446376615,0.621082075786,0.0,1.0,0.0,0.0,1.0124999999999995,0.0,0.0,1.025,0.0,0.0,0.0,0.0,0.0
0,l2973156.2,981,2.63860416687,0.625947059326,0.0,0.0,1.0,0.0,0.0,1.00625,0.0,0.0,1.0125000000000002,0.0,0.0,0.0,0.0
0,l2691945.3,986,4.42122264621,1.19554703527,0.0,0.0,0.0,1.0,0.0,0.0,0.0,0.0,0.0,0.0,0.0,0.0,1.0
0,l2989566.2,1013,2.5430654495,0.694591807852,0.0,0.0,1.0,0.0,0.0,0.0,0.0,0.0,0.0,0.0,0.0,0.0,0.0
0,l2972704.3,1022,2.66509690656,0.676992559454,0.0,0.0,0.0,1.0,0.0,0.0,0.0,0.0,0.0,0.0,0.0,0.0,1.0
0,l3263051.3,1023,4.89468936273,1.19915494504,0.0,0.0,0.0,1.0,0.0,0.0,0.0,0.0,0.0,0.0,0.0,0.0,1.0
0,l2897776.3,1025,4.31521447529,1.16764000711,0.0,0.0,0.0,1.0,0.0,0.0,0.0,0.0,0.0,0.0,0.0,0.0,1.0
0,l2767414.3,1034,2.71231225014,0.690848009319,0.0,0.0,0.0,1.0,0.0,0.0,0.0,0.0,0.0,0.0,0.0,0.0,0.0
0,l3066826.2,1039,6.74692301605,1.68767408062,0.0,0.0,1.0,0.0,0.0,0.0,0.0,0.0,1.0125000000000002,0.0,0.0,0.0,0.0
0,l2730187.1,1041,6.01761308543,1.49223580664,0.0,1.0,0.0,0.0,0.0,0.0,0.0,0.0,0.0,0.0,0.0,0.0,0.0
0,l3122825.1,1042,5.9732725832,1.4833323729,0.0,1.0,0.0,0.0,0.0,0.0,0.0,0.0,0.0,0.0,1.0125000000000002,0.0,0.0
0,l2991920.1,1043,2.33304707222,0.605544168026,0.0,1.0,0.0,0.0,0.0,0.0,0.0,0.0,0.0,0.0,1.0125000000000002,0.0,0.0
0,l3122826.1,1050,3.69093277205,0.976057595674,0.0,1.0,0.0,0.0,0.0,0.0,0.0,0.0,0.0,0.0,1.0125000000000002,0.0,0.0
0,l3142078.2,1052,1.76390312637,0.431437425183,0.0,0.0,1.0,0.0,0.0,0.0,0.0,0.0,0.0,0.0,0.0,1.01875,0.0
0,l2879752.2,1053,2.54155905211,0.659960988729,0.0,0.0,1.0,0.0,0.0,0.0,0.0,0.0,0.0,0.0,0.0,1.01875,0.0
0,l3122815.2,1063,2.72501324781,0.65231270339,0.0,0.0,1.0,0.0,0.0,1.00625,0.0,0.0,1.0125000000000002,0.0,0.0,0.0,0.0
0,l2724120.3,1064,4.30967982406,1.10523473794,0.0,0.0,0.0,1.0,0.0,0.0,0.0,0.0,0.0,0.0,0.0,0.0,1.0
0,l2729429.1,1066,4.05067635682,1.02937166939,0.0,1.0,0.0,0.0,1.0124999999999995,0.0,0.0,1.025,0.0,0.0,0.0,0.0,0.0
0,l3215549.2,1067,4.53681229918,1.09610547359,0.0,0.0,1.0,0.0,0.0,1.00625,0.0,0.0,1.0125000000000002,0.0,0.0,0.0,0.0
0,l2897800.2,1068,1.84917160697,0.438944869088,0.0,0.0,1.0,0.0,0.0,1.00625,0.0,0.0,1.0125000000000002,0.0,0.0,0.0,0.0
0,l2860481.3,1070,1.81325393336,0.421103473891,0.0,0.0,0.0,1.0,0.0,0.0,1.0,0.0,0.0,0.99375,0.0,0.0,0.0
0,l3195315.1,1082,3.95340990403,1.01208344264,0.0,1.0,0.0,0.0,0.0,0.0,0.0,0.0,0.0,0.0,1.0125000000000002,0.0,0.0
0,l2897765.2,1086,2.6221902838,0.674547503176,0.0,0.0,1.0,0.0,0.0,1.00625,0.0,0.0,1.0125000000000002,0.0,0.0,0.0,0.0
0,l2876814.1,1089,1.64542484327,0.407708563641,0.0,1.0,0.0,0.0,1.0124999999999995,0.0,0.0,1.025,0.0,0.0,0.0,0.0,0.0
0,l2897780.2,1114,4.3534561818,1.13398990351,0.0,0.0,1.0,0.0,0.0,0.0,0.0,0.0,0.0,0.0,0.0,1.01875,0.0
0,l2711226.2,1120,4.07884296565,1.09776333832,0.0,0.0,1.0,0.0,0.0,0.0,0.0,0.0,0.0,0.0,0.0,0.0,0.0
0,l3101789.1,1122,3.85589533085,0.990619601367,0.0,1.0,0.0,0.0,1.0124999999999995,0.0,0.0,1.025,0.0,0.0,0.0,0.0,0.0
0,l2841616.1,1123,4.30069025915,0.954309857116,0.0,1.0,0.0,0.0,1.0124999999999995,0.0,0.0,1.025,0.0,0.0,0.0,0.0,0.0
0,l2879062.3,1125,2.75934815661,0.676848643227,0.0,0.0,0.0,1.0,0.0,0.0,0.0,0.0,0.0,0.0,0.0,0.0,0.0
0,l3157718.1,1129,2.30164723389,0.592271072683,0.0,1.0,0.0,0.0,0.0,0.0,0.0,1.025,0.0,0.0,0.0,0.0,0.0
0,l2691944.1,1132,3.85261975476,0.981397653872,0.0,1.0,0.0,0.0,1.0124999999999995,0.0,0.0,1.025,0.0,0.0,0.0,0.0,0.0
0,l2804253.1,1149,2.32774668796,0.616258602388,0.0,1.0,0.0,0.0,0.0,0.0,0.0,0.0,0.0,0.0,1.0125000000000002,0.0,0.0
0,l3029500.1,1157,3.89258898788,0.984014474238,0.0,1.0,0.0,0.0,1.0124999999999995,0.0,0.0,1.025,0.0,0.0,0.0,0.0,0.0
0,l2954350.3,1161,2.80729697896,0.666721762527,0.0,0.0,0.0,1.0,0.0,0.0,0.0,0.0,0.0,0.0,0.0,0.0,1.0
0,l2802481.1,1162,11.8223852446,3.17104952344,0.0,1.0,0.0,0.0,0.0,0.0,0.0,0.0,0.0,0.0,0.0,0.0,0.0
0,l3214549.1,1163,7.91041430908,2.043085804,0.0,1.0,0.0,0.0,0.0,0.0,0.0,0.0,0.0,0.0,0.0,0.0,0.0
0,l2851933.1,1164,4.06563141755,0.989465659429,0.0,1.0,0.0,0.0,1.0124999999999995,0.0,0.0,1.025,0.0,0.0,0.0,0.0,0.0
0,l2851933.2,1165,4.28025050211,1.09412087247,0.0,0.0,1.0,0.0,0.0,1.00625,0.0,0.0,1.0125000000000002,0.0,0.0,0.0,0.0
0,l2851933.3,1166,7.05665883732,1.75780096991,0.0,0.0,0.0,1.0,0.0,0.0,1.0,0.0,0.0,0.99375,0.0,0.0,0.0
0,l3207907.1,1167,7.9986378426,2.0852093233,0.0,1.0,0.0,0.0,1.0124999999999995,0.0,0.0,1.025,0.0,0.0,0.0,0.0,0.0
0,l3207907.2,1168,13.4260810031,3.29074287126,0.0,0.0,1.0,0.0,0.0,1.00625,0.0,0.0,1.0125000000000002,0.0,0.0,0.0,0.0
0,l3207907.3,1169,9.08745145311,2.21839661811,0.0,0.0,0.0,1.0,0.0,0.0,1.0,0.0,0.0,0.99375,0.0,0.0,0.0
0,l2841619.3,1170,6.61414894616,1.69145277374,0.0,0.0,0.0,1.0,0.0,0.0,0.0,0.0,0.0,0.0,0.0,0.0,0.0
0,l2916625.2,1178,6.61411007912,1.62920757172,0.0,0.0,1.0,0.0,0.0,0.0,0.0,0.0,0.0,0.0,0.0,1.01875,0.0
0,l2822862.3,1181,2.9058226999,0.696660251214,0.0,0.0,0.0,1.0,0.0,0.0,0.0,0.0,0.0,0.0,0.0,0.0,0.0
0,l3176661.3,1194,1.84428724441,0.454425632815,0.0,0.0,0.0,1.0,0.0,0.0,0.0,0.0,0.0,0.0,0.0,0.0,0.0
0,l2970804.3,1195,4.38138191128,1.13422727784,0.0,0.0,0.0,1.0,0.0,0.0,0.0,0.0,0.0,0.0,0.0,0.0,0.0
0,l2936275.2,1198,1.75237078196,0.445316807271,0.0,0.0,1.0,0.0,0.0,0.0,0.0,0.0,0.0,0.0,0.0,0.0,0.0
0,l2766722.2,1199,4.34402854239,1.10291693969,0.0,0.0,1.0,0.0,0.0,1.00625,0.0,0.0,1.0125000000000002,0.0,0.0,0.0,0.0
0,l3142079.2,1200,2.7386801151,0.668369040518,0.0,0.0,1.0,0.0,0.0,0.0,0.0,0.0,0.0,0.0,0.0,0.0,0.0
0,l2710504.2,1208,6.47851692847,1.66999023017,0.0,0.0,1.0,0.0,0.0,1.00625,0.0,0.0,1.0125000000000002,0.0,0.0,0.0,0.0
0,l3197652.1,1213,4.12444691991,1.02508809418,0.0,1.0,0.0,0.0,0.0,0.0,0.0,1.025,0.0,0.0,0.0,0.0,0.0
0,l3270814.1,1217,3.88958583133,0.994664943848,0.0,1.0,0.0,0.0,1.0124999999999995,0.0,0.0,1.025,0.0,0.0,0.0,0.0,0.0
0,l2897778.1,1219,1.65161934182,0.408329426114,0.0,1.0,0.0,0.0,0.0,0.0,0.0,0.0,0.0,0.0,1.0125000000000002,0.0,0.0
0,l2785534.2,1221,4.44088931164,1.07389392422,0.0,0.0,1.0,0.0,0.0,0.0,0.0,0.0,1.0125000000000002,0.0,0.0,0.0,0.0
0,l3066801.3,1223,1.84069003441,0.452599256469,0.0,0.0,0.0,1.0,0.0,0.0,0.0,0.0,0.0,0.0,0.0,0.0,1.0
0,l2691967.2,1229,2.51591705203,0.668697523802,0.0,0.0,1.0,0.0,0.0,0.0,0.0,0.0,1.0125000000000002,0.0,0.0,0.0,0.0
0,l2766718.3,1238,6.61601865893,1.63373630993,0.0,0.0,0.0,1.0,0.0,0.0,0.0,0.0,0.0,0.0,0.0,0.0,1.0
0,l3048206.1,1239,3.94740576889,0.991926289852,0.0,1.0,0.0,0.0,0.0,0.0,0.0,0.0,0.0,0.0,1.0125000000000002,0.0,0.0
0,l2684420.2,1243,2.65977388877,0.682046610345,0.0,0.0,1.0,0.0,0.0,1.00625,0.0,0.0,1.0125000000000002,0.0,0.0,0.0,0.0
0,l3157167.1,1251,2.48951113564,0.624403298649,0.0,1.0,0.0,0.0,0.0,0.0,0.0,1.025,0.0,0.0,0.0,0.0,0.0
0,l2879075.1,1259,2.33640257749,0.604269495577,0.0,1.0,0.0,0.0,1.0124999999999995,0.0,0.0,1.025,0.0,0.0,0.0,0.0,0.0
0,l3231269.2,1261,2.48510537301,0.680004881171,0.0,0.0,1.0,0.0,0.0,1.00625,0.0,0.0,1.0125000000000002,0.0,0.0,0.0,0.0
0,l2914323.2,1279,1.72714844976,0.448221457455,0.0,0.0,1.0,0.0,0.0,1.00625,0.0,0.0,1.0125000000000002,0.0,0.0,0.0,0.0
0,l2954351.3,1281,2.82516514386,0.674685489869,0.0,0.0,0.0,1.0,0.0,0.0,0.0,0.0,0.0,0.0,0.0,0.0,1.0
0,l2897779.3,1293,4.69296881941,1.16485568431,0.0,0.0,0.0,1.0,0.0,0.0,0.0,0.0,0.0,0.0,0.0,0.0,1.0
0,l2841626.3,1294,1.80222714477,0.470724128283,0.0,0.0,0.0,1.0,0.0,0.0,0.0,0.0,0.0,0.0,0.0,0.0,1.0
0,l2711234.2,1295,4.28810632191,1.10781430763,0.0,0.0,1.0,0.0,0.0,0.0,0.0,0.0,0.0,0.0,0.0,0.0,0.0
0,l2973178.2,1296,2.64400773944,0.671766932491,0.0,0.0,1.0,0.0,0.0,1.00625,0.0,0.0,1.0125000000000002,0.0,0.0,0.0,0.0
0,l3160862.3,1301,2.87868454151,0.668787111159,0.0,0.0,0.0,1.0,0.0,0.0,0.0,0.0,0.0,0.0,0.0,0.0,0.0
0,l3104850.3,1302,4.53939056286,1.17490628527,0.0,0.0,0.0,1.0,0.0,0.0,0.0,0.0,0.0,0.0,0.0,0.0,0.0
0,l2748130.2,1303,4.31828545403,1.04950383425,0.0,0.0,1.0,0.0,0.0,0.0,0.0,0.0,0.0,0.0,0.0,1.01875,0.0
0,l3085389.2,1306,4.2883415729,1.13135479471,0.0,0.0,1.0,0.0,0.0,0.0,0.0,0.0,0.0,0.0,0.0,1.01875,0.0
0,l2729405.2,1307,4.43377816688,1.10513538213,0.0,0.0,1.0,0.0,0.0,0.0,0.0,0.0,0.0,0.0,0.0,1.01875,0.0
0,l3251799.1,1315,6.13055499321,1.52834554019,0.0,1.0,0.0,0.0,0.0,0.0,0.0,0.0,0.0,0.0,0.0,0.0,0.0
0,l2897764.2,1317,4.55833587048,1.07398311233,0.0,0.0,1.0,0.0,0.0,0.0,0.0,0.0,0.0,0.0,0.0,1.01875,0.0
0,l2991901.2,1319,4.59792786494,1.07312943349,0.0,0.0,1.0,0.0,0.0,1.00625,0.0,0.0,1.0125000000000002,0.0,0.0,0.0,0.0
0,l3251808.1,1321,2.34111182442,0.601266164049,0.0,1.0,0.0,0.0,1.0124999999999995,0.0,0.0,1.025,0.0,0.0,0.0,0.0,0.0
0,l3139086.2,1322,4.38928871989,1.08184571507,0.0,0.0,1.0,0.0,0.0,1.00625,0.0,0.0,1.0125000000000002,0.0,0.0,0.0,0.0
0,l3029501.2,1329,2.65408046392,0.655836826774,0.0,0.0,1.0,0.0,0.0,1.00625,0.0,0.0,1.0125000000000002,0.0,0.0,0.0,0.0
0,l2898526.3,1336,2.74629132383,0.716270266122,0.0,0.0,0.0,1.0,0.0,0.0,0.0,0.0,0.0,0.0,0.0,0.0,0.0
0,l3048965.2,1338,6.6747229987,1.67888315998,0.0,0.0,1.0,0.0,0.0,0.0,0.0,0.0,0.0,0.0,0.0,0.0,0.0
0,l3216123.1,1340,2.41917675468,0.605904710198,0.0,1.0,0.0,0.0,1.0124999999999995,0.0,0.0,1.025,0.0,0.0,0.0,0.0,0.0
0,l2879073.3,1347,2.91444151851,0.677924876924,0.0,0.0,0.0,1.0,0.0,0.0,0.0,0.0,0.0,0.0,0.0,0.0,1.0
0,l3048207.2,1350,2.64954268342,0.648179136408,0.0,0.0,1.0,0.0,0.0,1.00625,0.0,0.0,1.0125000000000002,0.0,0.0,0.0,0.0
0,l3160868.2,1351,4.47921768727,1.04171861152,0.0,0.0,1.0,0.0,0.0,0.0,0.0,0.0,0.0,0.0,0.0,0.0,0.0
0,l3082988.2,1352,2.51881859483,0.636207527782,0.0,0.0,1.0,0.0,0.0,0.0,0.0,0.0,0.0,0.0,0.0,0.0,0.0
0,l2936211.3,1353,2.78841856266,0.670808771872,0.0,0.0,0.0,1.0,0.0,0.0,0.0,0.0,0.0,0.0,0.0,0.0,0.0
0,l3645809.3,1355,9.52869408569,2.21471283381,0.0,0.0,0.0,1.0,0.0,0.0,1.0,0.0,0.0,0.99375,0.0,0.0,0.0
0,l3125349.3,1360,4.4434140066,1.19454952014,0.0,0.0,0.0,1.0,0.0,0.0,1.0,0.0,0.0,0.99375,0.0,0.0,0.0
0,l3254216.1,1370,3.87876530316,1.01248816691,0.0,1.0,0.0,0.0,1.0124999999999995,0.0,0.0,1.025,0.0,0.0,0.0,0.0,0.0
0,l2785511.1,1371,4.10504464668,0.980873508575,0.0,1.0,0.0,0.0,0.0,0.0,0.0,1.025,0.0,0.0,0.0,0.0,0.0
0,l2897784.2,1372,6.50386941133,1.67507287132,0.0,0.0,1.0,0.0,0.0,0.0,0.0,0.0,0.0,0.0,0.0,1.01875,0.0
0,l2673313.2,1379,4.28971828174,1.04374918783,0.0,0.0,1.0,0.0,0.0,1.00625,0.0,0.0,1.0125000000000002,0.0,0.0,0.0,0.0
0,l3122835.2,1389,2.69295414751,0.635249469526,0.0,0.0,1.0,0.0,0.0,0.0,0.0,0.0,1.0125000000000002,0.0,0.0,0.0,0.0
0,l3234185.2,1390,4.30931647538,1.05732359082,0.0,0.0,1.0,0.0,0.0,1.00625,0.0,0.0,1.0125000000000002,0.0,0.0,0.0,0.0
0,l3065750.2,1391,4.58339603736,1.09178578587,0.0,0.0,1.0,0.0,0.0,1.00625,0.0,0.0,1.0125000000000002,0.0,0.0,0.0,0.0
0,l2991943.3,1392,4.61290927331,1.15948184862,0.0,0.0,0.0,1.0,0.0,0.0,0.0,0.0,0.0,0.0,0.0,0.0,1.0
0,l2952013.1,1393,1.5573859873,0.391697016478,0.0,1.0,0.0,0.0,1.0124999999999995,0.0,0.0,1.025,0.0,0.0,0.0,0.0,0.0
0,l3159037.2,1401,6.23039451648,1.55745835917,0.0,0.0,1.0,0.0,0.0,1.00625,0.0,0.0,1.0125000000000002,0.0,0.0,0.0,0.0
0,l2841645.3,1408,4.83774210699,1.13396253662,0.0,0.0,0.0,1.0,0.0,0.0,1.0,0.0,0.0,0.99375,0.0,0.0,0.0
0,l2955078.1,1414,4.01958925542,0.99235288425,0.0,1.0,0.0,0.0,0.0,0.0,0.0,0.0,0.0,0.0,0.0,0.0,0.0
0,l2821010.1,1418,5.78675389786,1.48719287466,0.0,1.0,0.0,0.0,1.0124999999999995,0.0,0.0,1.025,0.0,0.0,0.0,0.0,0.0
0,l3141411.3,1425,13.5904983271,3.47999145399,0.0,0.0,0.0,1.0,0.0,0.0,1.0,0.0,0.0,0.99375,0.0,0.0,0.0
0,l2973160.2,1437,2.50257202713,0.650943258798,0.0,0.0,1.0,0.0,0.0,1.00625,0.0,0.0,1.0125000000000002,0.0,0.0,0.0,0.0
0,l2801896.2,1440,2.60751522864,0.688243108318,0.0,0.0,1.0,0.0,0.0,1.00625,0.0,0.0,1.0125000000000002,0.0,0.0,0.0,0.0
0,l3103822.3,1453,6.75013896308,1.72966676655,0.0,0.0,0.0,1.0,0.0,0.0,1.0,0.0,0.0,0.99375,0.0,0.0,0.0
0,l2729428.1,1459,2.40198946695,0.596174398884,0.0,1.0,0.0,0.0,1.0124999999999995,0.0,0.0,1.025,0.0,0.0,0.0,0.0,0.0
0,l3011293.1,1467,7.78249867075,2.00758850938,0.0,1.0,0.0,0.0,0.0,0.0,0.0,0.0,0.0,0.0,0.0,0.0,0.0
0,l3011293.2,1468,9.14150193292,2.08458518539,0.0,0.0,1.0,0.0,0.0,0.0,0.0,0.0,0.0,0.0,0.0,0.0,0.0
0,l3011293.3,1469,9.1730496562,2.24110625245,0.0,0.0,0.0,1.0,0.0,0.0,0.0,0.0,0.0,0.0,0.0,0.0,0.0
0,l3233353.1,1471,2.35300561523,0.569309618894,0.0,1.0,0.0,0.0,1.0124999999999995,0.0,0.0,1.025,0.0,0.0,0.0,0.0,0.0
0,l3029506.2,1472,1.71634266888,0.44407020759,0.0,0.0,1.0,0.0,0.0,1.00625,0.0,0.0,1.0125000000000002,0.0,0.0,0.0,0.0
0,l3010559.1,1473,2.30496049389,0.570148843311,0.0,1.0,0.0,0.0,1.0124999999999995,0.0,0.0,1.025,0.0,0.0,0.0,0.0,0.0
0,l3178977.3,1475,2.702166681,0.693455841906,0.0,0.0,0.0,1.0,0.0,0.0,0.0,0.0,0.0,0.0,0.0,0.0,1.0
0,l2691965.2,1482,0.905813147894,0.203243200502,0.0,0.0,1.0,0.0,0.0,0.0,0.0,0.0,1.0125000000000002,0.0,0.0,0.0,0.0
0,l2785538.1,1483,3.8974071543,0.95960186238,0.0,1.0,0.0,0.0,0.0,0.0,0.0,1.025,0.0,0.0,0.0,0.0,0.0
0,l2710543.3,1485,4.34805952608,1.09797821864,0.0,0.0,0.0,1.0,0.0,0.0,1.0,0.0,0.0,0.99375,0.0,0.0,0.0
0,l3160872.3,1491,7.20150293317,1.78350162713,0.0,0.0,0.0,1.0,0.0,0.0,0.0,0.0,0.0,0.0,0.0,0.0,0.0
0,l2879069.1,1495,1.68496909403,0.417576154094,0.0,1.0,0.0,0.0,1.0124999999999995,0.0,0.0,1.025,0.0,0.0,0.0,0.0,0.0
0,l2955006.3,1496,4.53322703662,1.14550478877,0.0,0.0,0.0,1.0,0.0,0.0,0.0,0.0,0.0,0.99375,0.0,0.0,0.0
0,l2692600.3,1497,4.37712004702,1.18387338652,0.0,0.0,0.0,1.0,0.0,0.0,0.0,0.0,0.0,0.99375,0.0,0.0,0.0
0,l3029505.3,1498,4.8978060847,1.16926247005,0.0,0.0,0.0,1.0,0.0,0.0,1.0,0.0,0.0,0.99375,0.0,0.0,0.0
0,l2673318.3,1499,4.5531348877,1.11627600708,0.0,0.0,0.0,1.0,0.0,0.0,1.0,0.0,0.0,0.99375,0.0,0.0,0.0
0,l2691949.2,1502,4.36136962163,1.11646321726,0.0,0.0,1.0,0.0,0.0,1.00625,0.0,0.0,1.0125000000000002,0.0,0.0,0.0,0.0
0,l3085403.1,1504,4.00059513671,0.982282010997,0.0,1.0,0.0,0.0,1.0124999999999995,0.0,0.0,1.025,0.0,0.0,0.0,0.0,0.0
0,l3235255.2,1507,0.878283647526,0.209896977352,0.0,0.0,1.0,0.0,0.0,0.0,0.0,0.0,0.0,0.0,0.0,1.01875,0.0
0,l3120484.3,1517,2.7836280935,0.672176715287,0.0,0.0,0.0,1.0,0.0,0.0,1.0,0.0,0.0,0.99375,0.0,0.0,0.0
0,l2879078.1,1518,2.33554123824,0.605790800678,0.0,1.0,0.0,0.0,1.0124999999999995,0.0,0.0,1.025,0.0,0.0,0.0,0.0,0.0
0,l3232902.1,1524,3.85629607785,0.97927637875,0.0,1.0,0.0,0.0,0.0,0.0,0.0,0.0,0.0,0.0,0.0,0.0,0.0
0,l3123509.3,1529,2.76515233409,0.704252338456,0.0,0.0,0.0,1.0,0.0,0.0,0.0,0.0,0.0,0.0,0.0,0.0,0.0
0,l2859403.1,1536,4.02937016876,1.07299199741,0.0,1.0,0.0,0.0,0.0,0.0,0.0,0.0,0.0,0.0,0.0,0.0,0.0
0,l2917328.2,1546,4.24656066278,1.03436852868,0.0,0.0,1.0,0.0,0.0,0.0,0.0,0.0,0.0,0.0,0.0,0.0,0.0
0,l2841635.1,1548,2.47074507138,0.568513978114,0.0,1.0,0.0,0.0,1.0124999999999995,0.0,0.0,1.025,0.0,0.0,0.0,0.0,0.0
0,l2766499.3,1551,8.92068082337,2.16568547951,0.0,0.0,0.0,1.0,0.0,0.0,1.0,0.0,0.0,0.99375,0.0,0.0,0.0
0,l2802480.2,1554,12.8467599311,3.19286111916,0.0,0.0,1.0,0.0,0.0,0.0,0.0,0.0,0.0,0.0,0.0,0.0,0.0
0,l2691954.2,1556,4.17764864494,1.10799598255,0.0,0.0,1.0,0.0,0.0,0.0,0.0,0.0,0.0,0.0,0.0,1.01875,0.0
0,l3122849.2,1559,2.65573716783,0.651926861777,0.0,0.0,1.0,0.0,0.0,0.0,0.0,0.0,0.0,0.0,0.0,1.01875,0.0
0,l2764411.3,1561,2.81187569556,0.672343024667,0.0,0.0,0.0,1.0,0.0,0.0,0.0,0.0,0.0,0.0,0.0,0.0,0.0
0,l2729206.3,1565,6.91489060739,1.65992702326,0.0,0.0,0.0,1.0,0.0,0.0,1.0,0.0,0.0,0.99375,0.0,0.0,0.0
0,l2804957.3,1566,1.72531576916,0.454862622068,0.0,0.0,0.0,1.0,0.0,0.0,0.0,0.0,0.0,0.0,0.0,0.0,0.0
0,l3048937.3,1567,2.67130338445,0.671490502932,0.0,0.0,0.0,1.0,0.0,0.0,0.0,0.0,0.0,0.0,0.0,0.0,0.0
0,l2822872.2,1569,4.2305903076,1.11883044676,0.0,0.0,1.0,0.0,0.0,1.00625,0.0,0.0,1.0125000000000002,0.0,0.0,0.0,0.0
0,l3235946.1,1571,3.96547115922,1.00626706266,0.0,1.0,0.0,0.0,0.0,0.0,0.0,0.0,0.0,0.0,0.0,0.0,0.0
0,l3156034.1,1574,1.66138090097,0.40779378184,0.0,1.0,0.0,0.0,1.0124999999999995,0.0,0.0,1.025,0.0,0.0,0.0,0.0,0.0
0,l3254205.3,1575,4.57068981363,1.12721230832,0.0,0.0,0.0,1.0,0.0,0.0,0.0,0.0,0.0,0.0,0.0,0.0,1.0
0,l3197647.1,1576,1.59714125777,0.416011839967,0.0,1.0,0.0,0.0,1.0124999999999995,0.0,0.0,1.025,0.0,0.0,0.0,0.0,0.0
0,l2973833.2,1583,2.6625280108,0.63090613771,0.0,0.0,1.0,0.0,0.0,0.0,0.0,0.0,0.0,0.0,0.0,0.0,0.0
0,l2991902.2,1588,4.13914361649,1.07153171201,0.0,0.0,1.0,0.0,0.0,0.0,0.0,0.0,0.0,0.0,0.0,1.01875,0.0
0,l3065696.1,1591,3.84538435534,0.996404451604,0.0,1.0,0.0,0.0,1.0124999999999995,0.0,0.0,1.025,0.0,0.0,0.0,0.0,0.0
0,l2748780.1,1592,4.13565044332,1.04640256817,0.0,1.0,0.0,0.0,0.0,0.0,0.0,0.0,0.0,0.0,0.0,0.0,0.0
0,l3027122.1,1600,3.87524195759,0.973992000907,0.0,1.0,0.0,0.0,0.0,0.0,0.0,0.0,0.0,0.0,0.0,0.0,0.0
0,l2841637.3,1602,4.57724515559,1.16495757214,0.0,0.0,0.0,1.0,0.0,0.0,0.0,0.0,0.0,0.0,0.0,0.0,1.0
0,l2710520.1,1604,2.30462428931,0.603427203485,0.0,1.0,0.0,0.0,0.0,0.0,0.0,0.0,0.0,0.0,1.0125000000000002,0.0,0.0
0,l3046854.2,1609,6.70246231209,1.62967051949,0.0,0.0,1.0,0.0,0.0,1.00625,0.0,0.0,1.0125000000000002,0.0,0.0,0.0,0.0
0,l2766716.3,1611,2.54845573804,0.669972019384,0.0,0.0,0.0,1.0,0.0,0.0,1.0,0.0,0.0,0.99375,0.0,0.0,0.0
0,l2973171.2,1613,4.35663154464,1.12567549823,0.0,0.0,1.0,0.0,0.0,0.0,0.0,0.0,1.0125000000000002,0.0,0.0,0.0,0.0
0,l3085392.3,1614,2.68312007727,0.657177786857,0.0,0.0,0.0,1.0,0.0,0.0,0.0,0.0,0.0,0.0,0.0,0.0,0.0
0,l3784018.1,1617,1.54374750124,0.405692304356,0.0,1.0,0.0,0.0,1.0124999999999995,0.0,0.0,1.025,0.0,0.0,0.0,0.0,0.0
0,l2973166.3,1621,4.60677948456,1.08847482376,0.0,0.0,0.0,1.0,0.0,0.0,1.0,0.0,0.0,0.99375,0.0,0.0,0.0
0,l3068944.2,1622,6.53359149831,1.58600958239,0.0,0.0,1.0,0.0,0.0,0.0,0.0,0.0,0.0,0.0,0.0,0.0,0.0
0,l2936270.1,1626,4.17267555885,0.964774296318,0.0,1.0,0.0,0.0,0.0,0.0,0.0,0.0,0.0,0.0,0.0,0.0,0.0
0,l3086078.1,1627,3.9702306684,0.984539623154,0.0,1.0,0.0,0.0,0.0,0.0,0.0,0.0,0.0,0.0,0.0,0.0,0.0
0,l2748139.2,1635,2.7210068685,0.612036773862,0.0,0.0,1.0,0.0,0.0,1.00625,0.0,0.0,1.0125000000000002,0.0,0.0,0.0,0.0
0,l2841631.3,1637,4.60548275057,1.15534426164,0.0,0.0,0.0,1.0,0.0,0.0,1.0,0.0,0.0,0.99375,0.0,0.0,0.0
0,l2916610.2,1639,4.31778920052,1.10794448685,0.0,0.0,1.0,0.0,0.0,1.00625,0.0,0.0,1.0125000000000002,0.0,0.0,0.0,0.0
0,l2879076.3,1640,1.92027006937,0.455641537757,0.0,0.0,0.0,1.0,0.0,0.0,0.0,0.0,0.0,0.0,0.0,0.0,1.0
0,l2691939.2,1642,4.11141875451,1.1128622473,0.0,0.0,1.0,0.0,0.0,1.00625,0.0,0.0,1.0125000000000002,0.0,0.0,0.0,0.0
0,l2933120.3,1644,6.84144113835,1.77839533141,0.0,0.0,0.0,1.0,0.0,0.0,1.0,0.0,0.0,0.99375,0.0,0.0,0.0
0,l3645810.3,1649,13.4279974568,3.44515082135,0.0,0.0,0.0,1.0,0.0,0.0,1.0,0.0,0.0,0.99375,0.0,0.0,0.0
0,l3649304.1,1651,5.87155825439,1.49619213126,0.0,1.0,0.0,0.0,1.0124999999999995,0.0,0.0,1.025,0.0,0.0,0.0,0.0,0.0
0,l3178969.2,1653,2.75510136708,0.66850974075,0.0,0.0,1.0,0.0,0.0,1.00625,0.0,0.0,1.0125000000000002,0.0,0.0,0.0,0.0
0,l2729401.2,1654,2.68120203142,0.638262841218,0.0,0.0,1.0,0.0,0.0,1.00625,0.0,0.0,1.0125000000000002,0.0,0.0,0.0,0.0
0,l3235249.1,1655,1.63126884473,0.396473994199,0.0,1.0,0.0,0.0,1.0124999999999995,0.0,0.0,1.025,0.0,0.0,0.0,0.0,0.0
0,l2954348.1,1656,3.9738398395,0.98925431927,0.0,1.0,0.0,0.0,1.0124999999999995,0.0,0.0,1.025,0.0,0.0,0.0,0.0,0.0
0,l3066812.1,1657,4.01940998126,1.02362280971,0.0,1.0,0.0,0.0,1.0124999999999995,0.0,0.0,1.025,0.0,0.0,0.0,0.0,0.0
0,l2841622.1,1658,2.47969369029,0.563093402288,0.0,1.0,0.0,0.0,1.0124999999999995,0.0,0.0,1.025,0.0,0.0,0.0,0.0,0.0
0,l2823611.1,1662,2.26344431403,0.621962993767,0.0,1.0,0.0,0.0,0.0,0.0,0.0,0.0,0.0,0.0,0.0,0.0,0.0
0,l2991923.1,1668,3.95266737687,0.980144303373,0.0,1.0,0.0,0.0,0.0,0.0,0.0,0.0,0.0,0.0,1.0125000000000002,0.0,0.0
0,l2730163.3,1676,4.41417608725,1.16824790494,0.0,0.0,0.0,1.0,0.0,0.0,0.0,0.0,0.0,0.0,0.0,0.0,0.0
0,l3048196.2,1678,2.53819892073,0.653582341105,0.0,0.0,1.0,0.0,0.0,0.0,0.0,0.0,0.0,0.0,0.0,1.01875,0.0
0,l2673306.3,1679,4.43917218446,1.13148897347,0.0,0.0,0.0,1.0,0.0,0.0,0.0,0.0,0.0,0.0,0.0,0.0,0.0
0,l2726973.1,1680,3.93118453658,1.00261787208,0.0,1.0,0.0,0.0,1.0124999999999995,0.0,0.0,1.025,0.0,0.0,0.0,0.0,0.0
0,l2991640.3,1686,1.78139953948,0.460292825771,0.0,0.0,0.0,1.0,0.0,0.0,0.0,0.0,0.0,0.0,0.0,0.0,0.0
0,l3160101.1,1688,4.05561129686,1.02131084558,0.0,1.0,0.0,0.0,1.0124999999999995,0.0,0.0,1.025,0.0,0.0,0.0,0.0,0.0
0,l2766741.1,1700,3.85218364275,0.987423947292,0.0,1.0,0.0,0.0,1.0124999999999995,0.0,0.0,1.025,0.0,0.0,0.0,0.0,0.0
0,l3178979.3,1723,6.66524549763,1.80935663028,0.0,0.0,0.0,1.0,0.0,0.0,1.0,0.0,0.0,0.99375,0.0,0.0,0.0
0,l3254231.1,1724,1.65430927389,0.397569873012,0.0,1.0,0.0,0.0,0.0,0.0,0.0,1.025,0.0,0.0,0.0,0.0,0.0
0,l3728042.1,1725,5.69428232267,1.51457255957,0.0,1.0,0.0,0.0,1.0124999999999995,0.0,0.0,1.025,0.0,0.0,0.0,0.0,0.0
0,l3728043.1,1726,5.92442801978,1.49426789137,0.0,1.0,0.0,0.0,1.0124999999999995,0.0,0.0,1.025,0.0,0.0,0.0,0.0,0.0
0,l2895461.1,1729,3.90633193711,0.987071519957,0.0,1.0,0.0,0.0,1.0124999999999995,0.0,0.0,1.025,0.0,0.0,0.0,0.0,0.0
0,l3029518.2,1730,4.44656194173,1.13044458334,0.0,0.0,1.0,0.0,0.0,1.00625,0.0,0.0,1.0125000000000002,0.0,0.0,0.0,0.0
0,l2897807.2,1731,2.50967110225,0.636722425868,0.0,0.0,1.0,0.0,0.0,1.00625,0.0,0.0,1.0125000000000002,0.0,0.0,0.0,0.0
0,l2785520.2,1732,1.81033283657,0.425338872559,0.0,0.0,1.0,0.0,0.0,0.0,0.0,0.0,0.0,0.0,0.0,1.01875,0.0
0,l3254869.2,1738,2.58199206437,0.654174951823,0.0,0.0,1.0,0.0,0.0,0.0,0.0,0.0,0.0,0.0,0.0,0.0,0.0
0,l2798067.2,1739,1.81212120537,0.441932251143,0.0,0.0,1.0,0.0,0.0,0.0,0.0,0.0,0.0,0.0,0.0,0.0,0.0
0,l3102793.2,1742,4.2736342146,1.12648861179,0.0,0.0,1.0,0.0,0.0,0.0,0.0,0.0,1.0125000000000002,0.0,0.0,0.0,0.0
0,l2688693.3,1751,2.70311277284,0.660248339946,0.0,0.0,0.0,1.0,0.0,0.0,0.0,0.0,0.0,0.0,0.0,0.0,0.0
0,l3048222.3,1752,6.59466093801,1.7238450584,0.0,0.0,0.0,1.0,0.0,0.0,1.0,0.0,0.0,0.99375,0.0,0.0,0.0
0,l3104117.3,1753,6.71924923871,1.72032097966,0.0,0.0,0.0,1.0,0.0,0.0,1.0,0.0,0.0,0.99375,0.0,0.0,0.0
0,l2690187.2,1756,13.626494563,3.22448179382,0.0,0.0,1.0,0.0,0.0,0.0,0.0,0.0,0.0,0.0,0.0,0.0,0.0
0,l2841628.1,1763,4.00863365632,0.973595600181,0.0,1.0,0.0,0.0,0.0,0.0,0.0,0.0,0.0,0.0,0.0,0.0,0.0
0,l2689678.2,1765,0.888582388152,0.225707204857,0.0,0.0,1.0,0.0,0.0,0.0,0.0,0.0,0.0,0.0,0.0,1.01875,0.0
0,l2692655.3,1769,4.61689670822,1.13054172087,0.0,0.0,0.0,1.0,0.0,0.0,0.0,0.0,0.0,0.0,0.0,0.0,0.0
0,l3029520.2,1776,2.5925844748,0.658805709323,0.0,0.0,1.0,0.0,0.0,1.00625,0.0,0.0,1.0125000000000002,0.0,0.0,0.0,0.0
0,l2991906.1,1779,1.64269557351,0.36695312379,0.0,1.0,0.0,0.0,0.0,0.0,0.0,0.0,0.0,0.0,0.0,0.0,0.0
0,l3066814.2,1782,1.72809164764,0.449528233087,0.0,0.0,1.0,0.0,0.0,0.0,0.0,0.0,1.0125000000000002,0.0,0.0,0.0,0.0
0,l2748133.3,1793,2.61902000357,0.657568304633,0.0,0.0,0.0,1.0,0.0,0.0,0.0,0.0,0.0,0.0,0.0,0.0,1.0
0,l3085399.3,1794,2.76761063052,0.698816032809,0.0,0.0,0.0,1.0,0.0,0.0,0.0,0.0,0.0,0.0,0.0,0.0,1.0
0,l2767342.1,1795,3.82224825276,0.943601232462,0.0,1.0,0.0,0.0,0.0,0.0,0.0,0.0,0.0,0.0,0.0,0.0,0.0
0,l2710511.1,1802,3.82407584888,0.939884749433,0.0,1.0,0.0,0.0,1.0124999999999995,0.0,0.0,1.025,0.0,0.0,0.0,0.0,0.0
0,l2766719.1,1803,4.02501458807,0.972695545116,0.0,1.0,0.0,0.0,1.0124999999999995,0.0,0.0,1.025,0.0,0.0,0.0,0.0,0.0
0,l3216342.2,1808,4.37725135696,1.03383091739,0.0,0.0,1.0,0.0,0.0,1.00625,0.0,0.0,1.0125000000000002,0.0,0.0,0.0,0.0
0,l2916607.3,1810,4.5410062369,1.15020090345,0.0,0.0,0.0,1.0,0.0,0.0,1.0,0.0,0.0,0.99375,0.0,0.0,0.0
0,l2710513.2,1811,1.77753374211,0.432209973099,0.0,0.0,1.0,0.0,0.0,1.00625,0.0,0.0,1.0125000000000002,0.0,0.0,0.0,0.0
0,l2973165.1,1813,4.25536416118,1.01897954907,0.0,1.0,0.0,0.0,1.0124999999999995,0.0,0.0,1.025,0.0,0.0,0.0,0.0,0.0
0,l2785546.1,1817,3.95879607202,1.01039990216,0.0,1.0,0.0,0.0,1.0124999999999995,0.0,0.0,1.025,0.0,0.0,0.0,0.0,0.0
0,l3085393.3,1820,4.49803015712,1.11284862939,0.0,0.0,0.0,1.0,0.0,0.0,0.0,0.0,0.0,0.0,0.0,0.0,0.0
0,l3178974.2,1821,2.62442433696,0.654028395752,0.0,0.0,1.0,0.0,0.0,1.00625,0.0,0.0,1.0125000000000002,0.0,0.0,0.0,0.0
0,l3189189.2,1828,2.69115047522,0.623439154013,0.0,0.0,1.0,0.0,0.0,1.00625,0.0,0.0,1.0125000000000002,0.0,0.0,0.0,0.0
0,l2821770.1,1829,5.83256417703,1.46267526482,0.0,1.0,0.0,0.0,1.0124999999999995,0.0,0.0,1.025,0.0,0.0,0.0,0.0,0.0
0,l3252336.2,1831,6.74831932226,1.67415357172,0.0,0.0,1.0,0.0,0.0,0.0,0.0,0.0,0.0,0.0,0.0,0.0,0.0
0,l2820556.1,1835,4.20441882839,0.963829301331,0.0,1.0,0.0,0.0,1.0124999999999995,0.0,0.0,1.025,0.0,0.0,0.0,0.0,0.0
0,l3029499.1,1839,1.590624005,0.413448632187,0.0,1.0,0.0,0.0,0.0,0.0,0.0,0.0,0.0,0.0,1.0125000000000002,0.0,0.0
0,l2991912.1,1848,2.42540784939,0.557013277858,0.0,1.0,0.0,0.0,0.0,0.0,0.0,0.0,0.0,0.0,0.0,0.0,0.0
0,l3010569.1,1849,6.19482198721,1.46469571036,0.0,1.0,0.0,0.0,0.0,0.0,0.0,0.0,0.0,0.0,1.0125000000000002,0.0,0.0
0,l3216368.3,1853,2.66685157795,0.689996460835,0.0,0.0,0.0,1.0,0.0,0.0,1.0,0.0,0.0,0.99375,0.0,0.0,0.0
0,l2879081.1,1854,2.24631785226,0.602515148834,0.0,1.0,0.0,0.0,1.0124999999999995,0.0,0.0,1.025,0.0,0.0,0.0,0.0,0.0
0,l3104144.1,1855,1.54435978096,0.393134646903,0.0,1.0,0.0,0.0,0.0,0.0,0.0,1.025,0.0,0.0,0.0,0.0,0.0
0,l2916619.2,1856,4.19662452414,1.0913122765,0.0,0.0,1.0,0.0,0.0,0.0,0.0,0.0,1.0125000000000002,0.0,0.0,0.0,0.0
0,l3179608.3,1858,6.80732119433,1.72214161418,0.0,0.0,0.0,1.0,0.0,0.0,0.0,0.0,0.0,0.99375,0.0,0.0,0.0
0,l2990098.1,1859,8.0463676129,2.08808588416,0.0,1.0,0.0,0.0,0.0,0.0,0.0,0.0,0.0,0.0,0.0,0.0,0.0
0,l2673326.2,1861,2.49862584027,0.643866376974,0.0,0.0,1.0,0.0,0.0,1.00625,0.0,0.0,1.0125000000000002,0.0,0.0,0.0,0.0
0,l3122812.2,1867,6.74087698777,1.61405501976,0.0,0.0,1.0,0.0,0.0,1.00625,0.0,0.0,1.0125000000000002,0.0,0.0,0.0,0.0
0,l2897806.3,1874,2.65753233079,0.692071912875,0.0,0.0,0.0,1.0,0.0,0.0,0.0,0.0,0.0,0.0,0.0,0.0,0.0
0,l2822865.3,1875,1.86077559805,0.454703941358,0.0,0.0,0.0,1.0,0.0,0.0,0.0,0.0,0.0,0.0,0.0,0.0,0.0
0,l3195321.1,1876,2.38366184544,0.612915491584,0.0,1.0,0.0,0.0,0.0,0.0,0.0,0.0,0.0,0.0,0.0,0.0,0.0
0,l3197646.2,1878,4.3684127576,1.0597079502,0.0,0.0,1.0,0.0,0.0,1.00625,0.0,0.0,1.0125000000000002,0.0,0.0,0.0,0.0
0,l2763153.1,1887,3.99321261785,0.932922739824,0.0,1.0,0.0,0.0,0.0,0.0,0.0,0.0,0.0,0.0,1.0125000000000002,0.0,0.0
0,l2766744.2,1891,4.43580029351,1.08954328562,0.0,0.0,1.0,0.0,0.0,1.00625,0.0,0.0,1.0125000000000002,0.0,0.0,0.0,0.0
0,l3216370.1,1892,1.59751640705,0.389213967119,0.0,1.0,0.0,0.0,0.0,0.0,0.0,0.0,0.0,0.0,1.0125000000000002,0.0,0.0
0,l3216370.2,1893,1.75634604891,0.438524961497,0.0,0.0,1.0,0.0,0.0,0.0,0.0,0.0,0.0,0.0,0.0,1.01875,0.0
0,l3216370.3,1894,1.81610473522,0.467299471839,0.0,0.0,0.0,1.0,0.0,0.0,0.0,0.0,0.0,0.0,0.0,0.0,1.0
0,l2674047.3,1901,2.79803365589,0.708682080428,0.0,0.0,0.0,1.0,0.0,0.0,0.0,0.0,0.0,0.0,0.0,0.0,0.0
0,l3727711.1,1903,2.23450245558,0.593285549747,0.0,1.0,0.0,0.0,1.0124999999999995,0.0,0.0,1.025,0.0,0.0,0.0,0.0,0.0
0,l3086002.3,1912,4.48957595989,1.18022239083,0.0,0.0,0.0,1.0,0.0,0.0,0.0,0.0,0.0,0.99375,0.0,0.0,0.0
0,l3029503.3,1925,2.65007356896,0.66359778971,0.0,0.0,0.0,1.0,0.0,0.0,0.0,0.0,0.0,0.0,0.0,0.0,1.0
0,l3216343.3,1930,4.60081101469,1.16531418475,0.0,0.0,0.0,1.0,0.0,0.0,0.0,0.0,0.0,0.0,0.0,0.0,0.0
0,l2748144.1,1931,4.03826850881,1.00025167212,0.0,1.0,0.0,0.0,0.0,0.0,0.0,1.025,0.0,0.0,0.0,0.0,0.0
0,l3010562.2,1934,2.67336148607,0.672307497479,0.0,0.0,1.0,0.0,0.0,1.00625,0.0,0.0,1.0125000000000002,0.0,0.0,0.0,0.0
0,l3197629.2,1937,2.60955261135,0.647269245554,0.0,0.0,1.0,0.0,0.0,0.0,0.0,0.0,0.0,0.0,0.0,1.01875,0.0
0,l2766720.1,1950,4.06439065314,1.00191433178,0.0,1.0,0.0,0.0,1.0124999999999995,0.0,0.0,1.025,0.0,0.0,0.0,0.0,0.0
0,l3011298.3,1961,1.83505987964,0.437518458295,0.0,0.0,0.0,1.0,0.0,0.0,0.0,0.0,0.0,0.0,0.0,0.0,0.0
0,l2991915.2,1965,4.29961886755,1.07714989781,0.0,0.0,1.0,0.0,0.0,1.00625,0.0,0.0,1.0125000000000002,0.0,0.0,0.0,0.0
0,l2673320.2,1966,4.32463406408,1.10583727732,0.0,0.0,1.0,0.0,0.0,1.00625,0.0,0.0,1.0125000000000002,0.0,0.0,0.0,0.0
0,l3729298.1,1978,6.34383629983,1.52978681225,0.0,1.0,0.0,0.0,1.0124999999999995,0.0,0.0,1.025,0.0,0.0,0.0,0.0,0.0
0,l3727707.1,1979,3.67833112595,0.994750661564,0.0,1.0,0.0,0.0,1.0124999999999995,0.0,0.0,1.025,0.0,0.0,0.0,0.0,0.0
0,l3160123.1,1980,2.4548524955,0.575522957995,0.0,1.0,0.0,0.0,1.0124999999999995,0.0,0.0,1.025,0.0,0.0,0.0,0.0,0.0
0,l2897805.1,1981,4.09286059593,0.986737598555,0.0,1.0,0.0,0.0,1.0124999999999995,0.0,0.0,1.025,0.0,0.0,0.0,0.0,0.0
0,l3197630.1,1989,3.97064722689,0.946110198784,0.0,1.0,0.0,0.0,0.0,0.0,0.0,0.0,0.0,0.0,1.0125000000000002,0.0,0.0
0,l2785523.3,1996,2.76060795932,0.680869961554,0.0,0.0,0.0,1.0,0.0,0.0,0.0,0.0,0.0,0.0,0.0,0.0,1.0
0,l3141388.3,1997,1.78027156101,0.457435071019,0.0,0.0,0.0,1.0,0.0,0.0,0.0,0.0,0.0,0.0,0.0,0.0,1.0
0,l2991911.3,2008,2.78606587243,0.703415971129,0.0,0.0,0.0,1.0,0.0,0.0,0.0,0.0,0.0,0.0,0.0,0.0,1.0
0,l2970258.3,2016,6.77109141154,1.64882028828,0.0,0.0,0.0,1.0,0.0,0.0,1.0,0.0,0.0,0.99375,0.0,0.0,0.0
0,l2841632.2,2018,4.3012432261,1.05800156077,0.0,0.0,1.0,0.0,0.0,0.0,0.0,0.0,1.0125000000000002,0.0,0.0,0.0,0.0
0,l2805031.3,2024,6.99076636004,1.66261248104,0.0,0.0,0.0,1.0,0.0,0.0,0.0,0.0,0.0,0.0,0.0,0.0,0.0
0,l2860506.2,2026,2.55023623729,0.671769712872,0.0,0.0,1.0,0.0,0.0,1.00625,0.0,0.0,1.0125000000000002,0.0,0.0,0.0,0.0
0,l2954346.2,2027,4.56856679919,1.04070763729,0.0,0.0,1.0,0.0,0.0,1.00625,0.0,0.0,1.0125000000000002,0.0,0.0,0.0,0.0
0,l2879077.2,2028,2.69120547361,0.632190704683,0.0,0.0,1.0,0.0,0.0,1.00625,0.0,0.0,1.0125000000000002,0.0,0.0,0.0,0.0
0,l3139366.1,2035,4.02208086848,1.0189603313,0.0,1.0,0.0,0.0,0.0,0.0,0.0,0.0,0.0,0.0,0.0,0.0,0.0
0,l2763812.3,2041,13.4831612192,3.24429830709,0.0,0.0,0.0,1.0,0.0,0.0,1.0,0.0,0.0,0.99375,0.0,0.0,0.0
0,l2951995.3,2042,13.7035923579,3.43526507683,0.0,0.0,0.0,1.0,0.0,0.0,1.0,0.0,0.0,0.99375,0.0,0.0,0.0
0,l3197638.1,2043,3.98504791815,0.995496381413,0.0,1.0,0.0,0.0,1.0124999999999995,0.0,0.0,1.025,0.0,0.0,0.0,0.0,0.0
0,l2860482.1,2046,3.95611453448,0.982576807141,0.0,1.0,0.0,0.0,1.0124999999999995,0.0,0.0,1.025,0.0,0.0,0.0,0.0,0.0
0,l2804277.3,2054,4.70944960288,1.13076025387,0.0,0.0,0.0,1.0,0.0,0.0,0.0,0.0,0.0,0.99375,0.0,0.0,0.0
0,l2991913.1,2055,2.35840614346,0.559668780098,0.0,1.0,0.0,0.0,0.0,0.0,0.0,0.0,0.0,0.0,1.0125000000000002,0.0,0.0
0,l3235273.2,2057,4.27050476043,1.0438834125,0.0,0.0,1.0,0.0,0.0,0.0,0.0,0.0,1.0125000000000002,0.0,0.0,0.0,0.0
0,l3029502.1,2058,7.84769578571,1.96104290223,0.0,1.0,0.0,0.0,0.0,0.0,0.0,0.0,0.0,0.0,0.0,0.0,0.0
0,l3066811.2,2062,4.41650668451,1.09337532712,0.0,0.0,1.0,0.0,0.0,1.00625,0.0,0.0,1.0125000000000002,0.0,0.0,0.0,0.0
0,l3197661.3,2067,2.53872754691,0.684927028368,0.0,0.0,0.0,1.0,0.0,0.0,1.0,0.0,0.0,0.99375,0.0,0.0,0.0
0,l3122848.3,2068,2.66583356036,0.685641202113,0.0,0.0,0.0,1.0,0.0,0.0,1.0,0.0,0.0,0.99375,0.0,0.0,0.0
0,l2860491.1,2079,1.54183735044,0.398736891934,0.0,1.0,0.0,0.0,0.0,0.0,0.0,0.0,0.0,0.0,1.0125000000000002,0.0,0.0
0,l2860491.2,2080,6.5491079284,1.59342738147,0.0,0.0,1.0,0.0,0.0,0.0,0.0,0.0,0.0,0.0,0.0,1.01875,0.0
0,l2897770.3,2082,4.80131458339,1.1202508846,0.0,0.0,0.0,1.0,0.0,0.0,0.0,0.0,0.0,0.0,0.0,0.0,0.0
0,l3104127.2,2083,4.47160038849,1.04430754389,0.0,0.0,1.0,0.0,0.0,1.00625,0.0,0.0,1.0125000000000002,0.0,0.0,0.0,0.0
0,l2767343.3,2084,6.55647021333,1.65424729575,0.0,0.0,0.0,1.0,0.0,0.0,0.0,0.0,0.0,0.0,0.0,0.0,0.0
0,l2786266.1,2085,2.33778839736,0.619037140979,0.0,1.0,0.0,0.0,0.0,0.0,0.0,0.0,0.0,0.0,0.0,0.0,0.0
0,l2785512.2,2088,4.3396416999,1.09401165957,0.0,0.0,1.0,0.0,0.0,1.00625,0.0,0.0,1.0125000000000002,0.0,0.0,0.0,0.0
0,l3195327.1,2092,2.39683879038,0.586439451122,0.0,1.0,0.0,0.0,1.0124999999999995,0.0,0.0,1.025,0.0,0.0,0.0,0.0,0.0
0,l3104157.3,2095,4.42267652146,1.10142159784,0.0,0.0,0.0,1.0,0.0,0.0,0.0,0.0,0.0,0.0,0.0,0.0,1.0
0,l2991927.2,2103,4.48592671022,1.13793017228,0.0,0.0,1.0,0.0,0.0,1.00625,0.0,0.0,1.0125000000000002,0.0,0.0,0.0,0.0
0,l2804258.2,2108,4.22411360333,1.12833370825,0.0,0.0,1.0,0.0,0.0,1.00625,0.0,0.0,1.0125000000000002,0.0,0.0,0.0,0.0
0,l2992656.1,2110,6.14388479514,1.48463884023,0.0,1.0,0.0,0.0,0.0,0.0,0.0,0.0,0.0,0.0,0.0,0.0,0.0
0,l2936271.1,2111,2.42069316897,0.614971063036,0.0,1.0,0.0,0.0,0.0,0.0,0.0,0.0,0.0,0.0,0.0,0.0,0.0
0,l2916598.1,2115,1.55186676756,0.409969224805,0.0,1.0,0.0,0.0,1.0124999999999995,0.0,0.0,1.025,0.0,0.0,0.0,0.0,0.0
0,l2954344.3,2116,4.61675971822,1.08443171976,0.0,0.0,0.0,1.0,0.0,0.0,1.0,0.0,0.0,0.99375,0.0,0.0,0.0
0,l2897767.3,2117,4.745249535,1.13982616684,0.0,0.0,0.0,1.0,0.0,0.0,1.0,0.0,0.0,0.99375,0.0,0.0,0.0
0,l2876796.1,2118,2.36208386186,0.574756468076,0.0,1.0,0.0,0.0,1.0124999999999995,0.0,0.0,1.025,0.0,0.0,0.0,0.0,0.0
0,l3122810.2,2120,4.23667538589,1.05786460498,0.0,0.0,1.0,0.0,0.0,1.00625,0.0,0.0,1.0125000000000002,0.0,0.0,0.0,0.0
0,l2860478.2,2125,2.61478020213,0.651909026519,0.0,0.0,1.0,0.0,0.0,1.00625,0.0,0.0,1.0125000000000002,0.0,0.0,0.0,0.0
0,l2822858.2,2126,4.34537466745,1.0961886401,0.0,0.0,1.0,0.0,0.0,1.00625,0.0,0.0,1.0125000000000002,0.0,0.0,0.0,0.0
0,l2841620.2,2127,2.61417411163,0.664476420187,0.0,0.0,1.0,0.0,0.0,0.0,0.0,0.0,0.0,0.0,0.0,1.01875,0.0
0,l3727709.1,2128,6.23518145325,1.49476824591,0.0,1.0,0.0,0.0,1.0124999999999995,0.0,0.0,1.025,0.0,0.0,0.0,0.0,0.0
0,l3727710.1,2129,5.70545291932,1.43275886783,0.0,1.0,0.0,0.0,1.0124999999999995,0.0,0.0,1.025,0.0,0.0,0.0,0.0,0.0
0,l3179674.2,2143,4.23739173953,1.07992502727,0.0,0.0,1.0,0.0,0.0,0.0,0.0,0.0,0.0,0.0,0.0,0.0,0.0
0,l2803194.3,2148,6.5416195171,1.70291641306,0.0,0.0,0.0,1.0,0.0,0.0,1.0,0.0,0.0,0.99375,0.0,0.0,0.0
0,l2804261.3,2163,2.74391010806,0.67459370818,0.0,0.0,0.0,1.0,0.0,0.0,0.0,0.0,0.0,0.0,0.0,0.0,1.0
0,l3178980.3,2164,2.76818527922,0.685071046182,0.0,0.0,0.0,1.0,0.0,0.0,0.0,0.0,0.0,0.0,0.0,0.0,1.0
0,l3123452.3,2172,4.5849683874,1.12424848626,0.0,0.0,0.0,1.0,0.0,0.0,0.0,0.0,0.0,0.0,0.0,0.0,0.0
0,l2841629.3,2176,6.39337804273,1.72798725359,0.0,0.0,0.0,1.0,0.0,0.0,0.0,0.0,0.0,0.0,0.0,0.0,1.0
0,l3254218.1,2177,4.10820385503,0.993884191859,0.0,1.0,0.0,0.0,0.0,0.0,0.0,0.0,0.0,0.0,1.0125000000000002,0.0,0.0
0,l3778577.3,2180,4.69779219031,1.12373457043,0.0,0.0,0.0,1.0,0.0,0.0,1.0,0.0,0.0,0.99375,0.0,0.0,0.0
0,l2820531.2,2182,4.46827268713,1.11868319034,0.0,0.0,1.0,0.0,0.0,1.00625,0.0,0.0,1.0125000000000002,0.0,0.0,0.0,0.0
0,l3626914.3,2184,2.70805634694,0.688896706459,0.0,0.0,0.0,1.0,0.0,0.0,0.0,0.0,0.0,0.0,0.0,0.0,1.0
0,l2955077.3,2187,4.59010388117,1.15275684605,0.0,0.0,0.0,1.0,0.0,0.0,0.0,0.0,0.0,0.0,0.0,0.0,0.0
0,l3160098.1,2196,2.55846037557,0.614899794496,0.0,1.0,0.0,0.0,0.0,0.0,0.0,1.025,0.0,0.0,0.0,0.0,0.0
0,l3104125.2,2204,4.38224532778,1.10235485855,0.0,0.0,1.0,0.0,0.0,0.0,0.0,0.0,0.0,0.0,0.0,0.0,0.0
0,l3118855.3,2211,7.45495432939,1.73115604085,0.0,0.0,0.0,1.0,0.0,0.0,0.0,0.0,0.0,0.99375,0.0,0.0,0.0
0,l3231255.3,2214,4.47782347063,1.09820259847,0.0,0.0,0.0,1.0,0.0,0.0,0.0,0.0,0.0,0.99375,0.0,0.0,0.0
0,l3235241.3,2219,4.56624940728,1.14960930064,0.0,0.0,0.0,1.0,0.0,0.0,1.0,0.0,0.0,0.99375,0.0,0.0,0.0
0,l2729409.2,2220,4.47724144721,1.11063700463,0.0,0.0,1.0,0.0,0.0,1.00625,0.0,0.0,1.0125000000000002,0.0,0.0,0.0,0.0
0,l2841624.2,2221,2.49603273381,0.653817522085,0.0,0.0,1.0,0.0,0.0,1.00625,0.0,0.0,1.0125000000000002,0.0,0.0,0.0,0.0
0,l3235254.3,2224,4.77582078994,1.13974533842,0.0,0.0,0.0,1.0,0.0,0.0,1.0,0.0,0.0,0.99375,0.0,0.0,0.0
0,l2766747.1,2235,4.15039026204,1.01727705751,0.0,1.0,0.0,0.0,1.0124999999999995,0.0,0.0,1.025,0.0,0.0,0.0,0.0,0.0
0,l2822877.2,2238,2.67395448651,0.652920556176,0.0,0.0,1.0,0.0,0.0,1.00625,0.0,0.0,1.0125000000000002,0.0,0.0,0.0,0.0
0,l3198347.3,2245,2.8121365802,0.655565157787,0.0,0.0,0.0,1.0,0.0,0.0,0.0,0.0,0.0,0.0,0.0,0.0,0.0
0,l3226771.1,2248,2.27928762459,0.583296928547,0.0,1.0,0.0,0.0,1.0124999999999995,0.0,0.0,1.025,0.0,0.0,0.0,0.0,0.0
0,l3189190.1,2249,4.00837994521,0.980975550134,0.0,1.0,0.0,0.0,1.0124999999999995,0.0,0.0,1.025,0.0,0.0,0.0,0.0,0.0
0,l2991918.2,2250,4.54500490867,1.09727586434,0.0,0.0,1.0,0.0,0.0,0.0,0.0,0.0,0.0,0.0,0.0,1.01875,0.0
0,l2954339.2,2251,4.21261348152,1.0908172898,0.0,0.0,1.0,0.0,0.0,0.0,0.0,0.0,0.0,0.0,0.0,1.01875,0.0
0,l3048200.2,2252,1.73274922761,0.437141350047,0.0,0.0,1.0,0.0,0.0,0.0,0.0,0.0,0.0,0.0,0.0,1.01875,0.0
0,l3160861.3,2253,1.86365966513,0.481965896287,0.0,0.0,0.0,1.0,0.0,0.0,0.0,0.0,0.0,0.0,0.0,0.0,0.0
0,l2804283.1,2259,3.99678832229,1.00044911392,0.0,1.0,0.0,0.0,0.0,0.0,0.0,0.0,0.0,0.0,1.0125000000000002,0.0,0.0
0,l2916627.1,2260,3.98316444654,1.02814433619,0.0,1.0,0.0,0.0,0.0,0.0,0.0,0.0,0.0,0.0,1.0125000000000002,0.0,0.0
0,l3029498.3,2263,1.74381934212,0.457945420905,0.0,0.0,0.0,1.0,0.0,0.0,0.0,0.0,0.0,0.0,0.0,0.0,0.0
0,l2973152.2,2265,4.41942473262,1.10937189064,0.0,0.0,1.0,0.0,0.0,1.00625,0.0,0.0,1.0125000000000002,0.0,0.0,0.0,0.0
0,l2822870.3,2266,2.69406908597,0.7058929554,0.0,0.0,0.0,1.0,0.0,0.0,1.0,0.0,0.0,0.99375,0.0,0.0,0.0
0,l2839305.1,2268,2.3756930742,0.571742439535,0.0,1.0,0.0,0.0,0.0,0.0,0.0,0.0,0.0,0.0,0.0,0.0,0.0
0,l2710508.2,2269,2.68714203655,0.666366914452,0.0,0.0,1.0,0.0,0.0,1.00625,0.0,0.0,1.0125000000000002,0.0,0.0,0.0,0.0
0,l3082992.1,2276,2.3455040651,0.546923674198,0.0,1.0,0.0,0.0,1.0124999999999995,0.0,0.0,1.025,0.0,0.0,0.0,0.0,0.0
0,l3214069.3,2280,4.41906826044,1.16473959108,0.0,0.0,0.0,1.0,0.0,0.0,0.0,0.0,0.0,0.0,0.0,0.0,0.0
0,l3197643.2,2285,4.51000310787,1.10337831289,0.0,0.0,1.0,0.0,0.0,0.0,0.0,0.0,0.0,0.0,0.0,1.01875,0.0
0,l2879087.1,2295,2.40444958923,0.57654085669,0.0,1.0,0.0,0.0,1.0124999999999995,0.0,0.0,1.025,0.0,0.0,0.0,0.0,0.0
0,l3552667.3,2300,4.66013385203,1.22429397289,0.0,0.0,0.0,1.0,0.0,0.0,0.0,0.0,0.0,0.0,0.0,0.0,0.0
0,l2954357.1,2302,6.0317829766,1.48092006752,0.0,1.0,0.0,0.0,1.0124999999999995,0.0,0.0,1.025,0.0,0.0,0.0,0.0,0.0
0,l2785530.1,2306,1.60860839893,0.385007627093,0.0,1.0,0.0,0.0,1.0124999999999995,0.0,0.0,1.025,0.0,0.0,0.0,0.0,0.0
0,l2822868.1,2307,2.41921245852,0.587240924107,0.0,1.0,0.0,0.0,1.0124999999999995,0.0,0.0,1.025,0.0,0.0,0.0,0.0,0.0
0,l2726983.1,2311,6.20533054403,1.44412253968,0.0,1.0,0.0,0.0,1.0124999999999995,0.0,0.0,1.025,0.0,0.0,0.0,0.0,0.0
0,l2821087.1,2312,12.1368419669,3.16856210191,0.0,1.0,0.0,0.0,0.0,0.0,0.0,0.0,0.0,0.0,0.0,0.0,0.0
0,l2673310.1,2313,3.96753967482,0.990857296858,0.0,1.0,0.0,0.0,0.0,0.0,0.0,0.0,0.0,0.0,1.0125000000000002,0.0,0.0
0,l2936212.1,2314,3.8892821865,1.03904661007,0.0,1.0,0.0,0.0,0.0,0.0,0.0,0.0,0.0,0.0,0.0,0.0,0.0
0,l2936213.2,2316,6.43435615411,1.60454443343,0.0,0.0,1.0,0.0,0.0,0.0,0.0,0.0,1.0125000000000002,0.0,0.0,0.0,0.0
0,l2746587.3,2321,4.62454761354,1.13476651104,0.0,0.0,0.0,1.0,0.0,0.0,1.0,0.0,0.0,0.99375,0.0,0.0,0.0
0,l3120502.1,2328,2.33863200088,0.582099798219,0.0,1.0,0.0,0.0,1.0124999999999995,0.0,0.0,1.025,0.0,0.0,0.0,0.0,0.0
0,l2673331.2,2330,9.09818902604,2.28848725294,0.0,0.0,1.0,0.0,0.0,0.0,0.0,0.0,1.0125000000000002,0.0,0.0,0.0,0.0
0,l3122816.2,2338,4.40294432841,1.1538706611,0.0,0.0,1.0,0.0,0.0,1.00625,0.0,0.0,1.0125000000000002,0.0,0.0,0.0,0.0
0,l3160103.3,2342,2.72004119528,0.723567064406,0.0,0.0,0.0,1.0,0.0,0.0,1.0,0.0,0.0,0.99375,0.0,0.0,0.0
0,l3027670.2,2348,12.6602806559,3.30355193688,0.0,0.0,1.0,0.0,0.0,0.0,0.0,0.0,0.0,0.0,0.0,0.0,0.0
0,l2691941.3,2349,4.53436200399,1.14401270804,0.0,0.0,0.0,1.0,0.0,0.0,1.0,0.0,0.0,0.99375,0.0,0.0,0.0
0,l3159645.1,2365,3.8763422962,0.985293155944,0.0,1.0,0.0,0.0,1.0124999999999995,0.0,0.0,1.025,0.0,0.0,0.0,0.0,0.0
0,l3160863.3,2368,2.78595445822,0.654813562035,0.0,0.0,0.0,1.0,0.0,0.0,0.0,0.0,0.0,0.0,0.0,0.0,0.0
0,l3048199.2,2372,2.76843321021,0.642419711216,0.0,0.0,1.0,0.0,0.0,1.00625,0.0,0.0,1.0125000000000002,0.0,0.0,0.0,0.0
0,l3067478.1,2373,5.88065711508,1.46798128943,0.0,1.0,0.0,0.0,0.0,0.0,0.0,0.0,0.0,0.0,0.0,0.0,0.0
0,l2841615.1,2385,2.38500311274,0.592463799026,0.0,1.0,0.0,0.0,1.0124999999999995,0.0,0.0,1.025,0.0,0.0,0.0,0.0,0.0
0,l2673305.2,2386,1.6688685313,0.435938254701,0.0,0.0,1.0,0.0,0.0,0.0,0.0,0.0,0.0,0.0,0.0,1.01875,0.0
0,l3104131.1,2389,4.04464249173,1.02800020818,0.0,1.0,0.0,0.0,0.0,0.0,0.0,0.0,0.0,0.0,1.0125000000000002,0.0,0.0
0,l2973167.2,2391,2.70149106805,0.651779901404,0.0,0.0,1.0,0.0,0.0,1.00625,0.0,0.0,1.0125000000000002,0.0,0.0,0.0,0.0
0,l3067447.1,2399,3.95944457868,0.99781589374,0.0,1.0,0.0,0.0,0.0,0.0,0.0,0.0,0.0,0.0,0.0,0.0,0.0
0,l3139598.2,2401,6.73771543932,1.57827886068,0.0,0.0,1.0,0.0,0.0,0.0,0.0,0.0,0.0,0.0,0.0,1.01875,0.0
0,l3085397.2,2403,4.45817685239,1.08990343418,0.0,0.0,1.0,0.0,0.0,1.00625,0.0,0.0,1.0125000000000002,0.0,0.0,0.0,0.0
0,l2748140.1,2405,3.80859519739,0.993480937041,0.0,1.0,0.0,0.0,1.0124999999999995,0.0,0.0,1.025,0.0,0.0,0.0,0.0,0.0
0,l3141412.1,2406,2.35500173213,0.600563844642,0.0,1.0,0.0,0.0,1.0124999999999995,0.0,0.0,1.025,0.0,0.0,0.0,0.0,0.0
0,l3197632.2,2409,2.48423139604,0.70824548584,0.0,0.0,1.0,0.0,0.0,1.00625,0.0,0.0,1.0125000000000002,0.0,0.0,0.0,0.0
0,l2785524.3,2410,2.62291282246,0.669449110263,0.0,0.0,0.0,1.0,0.0,0.0,0.0,0.0,0.0,0.0,0.0,0.0,1.0
0,l2991921.3,2412,4.37155778384,1.08907641653,0.0,0.0,0.0,1.0,0.0,0.0,0.0,0.0,0.0,0.0,0.0,0.0,1.0
0,l2710510.3,2413,1.83607312705,0.457662756274,0.0,0.0,0.0,1.0,0.0,0.0,0.0,0.0,0.0,0.0,0.0,0.0,1.0
0,l3197628.3,2414,4.51247688274,1.05572917613,0.0,0.0,0.0,1.0,0.0,0.0,0.0,0.0,0.0,0.0,0.0,0.0,1.0
0,l3104119.1,2417,4.2692187449,0.988469623524,0.0,1.0,0.0,0.0,1.0124999999999995,0.0,0.0,1.025,0.0,0.0,0.0,0.0,0.0
0,l2842329.3,2418,2.67752215531,0.68097207516,0.0,0.0,0.0,1.0,0.0,0.0,0.0,0.0,0.0,0.0,0.0,0.0,0.0
0,l2973791.1,2420,8.15331715082,2.06540113494,0.0,1.0,0.0,0.0,0.0,0.0,0.0,0.0,0.0,0.0,0.0,0.0,0.0
0,l3179650.2,2424,2.53364114084,0.656412228491,0.0,0.0,1.0,0.0,0.0,0.0,0.0,0.0,0.0,0.0,0.0,0.0,0.0
0,l2710516.1,2428,3.74599420092,1.00242487702,0.0,1.0,0.0,0.0,1.0124999999999995,0.0,0.0,1.025,0.0,0.0,0.0,0.0,0.0
0,l3160864.2,2429,2.56458636648,0.660286789211,0.0,0.0,1.0,0.0,0.0,0.0,0.0,0.0,0.0,0.0,0.0,0.0,0.0
0,l2748157.1,2431,6.22806193971,1.45674118348,0.0,1.0,0.0,0.0,0.0,0.0,0.0,1.025,0.0,0.0,0.0,0.0,0.0
0,l3048212.1,2432,1.6362026122,0.384345644493,0.0,1.0,0.0,0.0,1.0124999999999995,0.0,0.0,1.025,0.0,0.0,0.0,0.0,0.0
0,l3122824.1,2433,2.29958767291,0.60736022624,0.0,1.0,0.0,0.0,0.0,0.0,0.0,0.0,0.0,0.0,1.0125000000000002,0.0,0.0
0,l2879089.3,2434,6.6984107142,1.7843846696,0.0,0.0,0.0,1.0,0.0,0.0,1.0,0.0,0.0,0.99375,0.0,0.0,0.0
0,l2937757.3,2435,4.36783838623,1.10654948972,0.0,0.0,0.0,1.0,0.0,0.0,0.0,0.0,0.0,0.0,0.0,0.0,0.0
0,l3067448.3,2436,4.42046353213,1.18682130115,0.0,0.0,0.0,1.0,0.0,0.0,0.0,0.0,0.0,0.0,0.0,0.0,0.0
0,l2897801.1,2439,6.00629646127,1.55782028973,0.0,1.0,0.0,0.0,1.0124999999999995,0.0,0.0,1.025,0.0,0.0,0.0,0.0,0.0
0,l2973169.1,2448,2.44235377897,0.614615386923,0.0,1.0,0.0,0.0,1.0124999999999995,0.0,0.0,1.025,0.0,0.0,0.0,0.0,0.0
0,l3197631.1,2453,2.417743408,0.590835783211,0.0,1.0,0.0,0.0,1.0124999999999995,0.0,0.0,1.025,0.0,0.0,0.0,0.0,0.0
0,l2748127.1,2454,2.40885186804,0.583013378806,0.0,1.0,0.0,0.0,1.0124999999999995,0.0,0.0,1.025,0.0,0.0,0.0,0.0,0.0
0,l2729408.2,2461,4.43493675755,1.11885253372,0.0,0.0,1.0,0.0,0.0,1.00625,0.0,0.0,1.0125000000000002,0.0,0.0,0.0,0.0
0,l3048228.3,2462,4.73252679387,1.09106830419,0.0,0.0,0.0,1.0,0.0,0.0,0.0,0.0,0.0,0.0,0.0,0.0,0.0
0,l2991940.3,2463,2.6778099333,0.672182350046,0.0,0.0,0.0,1.0,0.0,0.0,0.0,0.0,0.0,0.0,0.0,0.0,0.0
0,l2728247.1,2467,1.62338155913,0.402070624346,0.0,1.0,0.0,0.0,0.0,0.0,0.0,0.0,0.0,0.0,0.0,0.0,0.0
0,l2728247.2,2468,4.43525345609,1.08366408354,0.0,0.0,1.0,0.0,0.0,0.0,0.0,0.0,0.0,0.0,0.0,0.0,0.0
0,l2728247.3,2469,1.77272058438,0.442275479096,0.0,0.0,0.0,1.0,0.0,0.0,0.0,0.0,0.0,0.0,0.0,0.0,0.0
0,l2916234.1,2471,1.48504269498,0.395917016493,0.0,1.0,0.0,0.0,1.0124999999999995,0.0,0.0,1.025,0.0,0.0,0.0,0.0,0.0
0,l2673316.1,2472,1.7004575735,0.400581668408,0.0,1.0,0.0,0.0,0.0,0.0,0.0,0.0,0.0,0.0,0.0,0.0,0.0
0,l3159448.1,2476,3.98612081877,0.974017167624,0.0,1.0,0.0,0.0,1.0124999999999995,0.0,0.0,1.025,0.0,0.0,0.0,0.0,0.0
0,l3048890.3,2479,4.52798137092,1.07613598866,0.0,0.0,0.0,1.0,0.0,0.0,0.0,0.0,0.0,0.0,0.0,0.0,0.0
0,l3010563.1,2481,2.48410382473,0.59686333192,0.0,1.0,0.0,0.0,1.0124999999999995,0.0,0.0,1.025,0.0,0.0,0.0,0.0,0.0
0,l2841623.1,2482,2.33104240417,0.606616557227,0.0,1.0,0.0,0.0,1.0124999999999995,0.0,0.0,1.025,0.0,0.0,0.0,0.0,0.0
0,l2991908.1,2484,2.35540936417,0.605164381261,0.0,1.0,0.0,0.0,1.0124999999999995,0.0,0.0,1.025,0.0,0.0,0.0,0.0,0.0
0,l3178973.1,2485,3.96368309569,1.04391413544,0.0,1.0,0.0,0.0,1.0124999999999995,0.0,0.0,1.025,0.0,0.0,0.0,0.0,0.0
0,l2879068.2,2488,4.4485897087,1.03059639393,0.0,0.0,1.0,0.0,0.0,1.00625,0.0,0.0,1.0125000000000002,0.0,0.0,0.0,0.0
0,l3066819.1,2489,3.97706258867,0.958253610043,0.0,1.0,0.0,0.0,0.0,0.0,0.0,0.0,0.0,0.0,1.0125000000000002,0.0,0.0
0,l3104853.3,2490,4.81259354467,1.14735107078,0.0,0.0,0.0,1.0,0.0,0.0,0.0,0.0,0.0,0.0,0.0,0.0,0.0
0,l3234149.1,2494,41.2196155072,10.6496507131,0.0,1.0,0.0,0.0,0.0,0.0,0.0,0.0,0.0,0.0,0.0,0.0,0.0
0,l3234149.2,2495,44.7460889214,10.9603695152,0.0,0.0,1.0,0.0,0.0,0.0,0.0,0.0,0.0,0.0,0.0,0.0,0.0
0,l3234149.3,2496,46.8957329888,11.3370920694,0.0,0.0,0.0,1.0,0.0,0.0,0.0,0.0,0.0,0.0,0.0,0.0,0.0
0,l2673346.3,2500,4.76588439085,1.18174512311,0.0,0.0,0.0,1.0,0.0,0.0,0.0,0.0,0.0,0.0,0.0,0.0,1.0
0,l3254210.3,2501,2.79582742192,0.714214940577,0.0,0.0,0.0,1.0,0.0,0.0,0.0,0.0,0.0,0.0,0.0,0.0,1.0
0,l2955005.2,2502,2.60420070617,0.634082360302,0.0,0.0,1.0,0.0,0.0,0.0,0.0,0.0,0.0,0.0,0.0,0.0,0.0
0,l2936268.3,2504,2.80637383934,0.728171854988,0.0,0.0,0.0,1.0,0.0,0.0,0.0,0.0,0.0,0.0,0.0,0.0,0.0
0,l2688692.2,2506,2.68822571656,0.630032090404,0.0,0.0,1.0,0.0,0.0,0.0,0.0,0.0,0.0,0.0,0.0,0.0,0.0
0,l2804247.2,2511,4.54006587084,1.14321873119,0.0,0.0,1.0,0.0,0.0,0.0,0.0,0.0,0.0,0.0,0.0,1.01875,0.0
0,l3178971.1,2513,2.27223135033,0.586442550716,0.0,1.0,0.0,0.0,1.0124999999999995,0.0,0.0,1.025,0.0,0.0,0.0,0.0,0.0
0,l3728040.1,2514,5.79620454268,1.42245949725,0.0,1.0,0.0,0.0,1.0124999999999995,0.0,0.0,1.025,0.0,0.0,0.0,0.0,0.0
0,l3728041.1,2515,3.87922575963,1.00743818429,0.0,1.0,0.0,0.0,1.0124999999999995,0.0,0.0,1.025,0.0,0.0,0.0,0.0,0.0
0,l2766738.3,2521,4.50308194316,1.18044425064,0.0,0.0,0.0,1.0,0.0,0.0,0.0,0.0,0.0,0.99375,0.0,0.0,0.0
0,l3104128.1,2522,2.31482219598,0.620206109169,0.0,1.0,0.0,0.0,0.0,0.0,0.0,0.0,0.0,0.0,0.0,0.0,0.0
0,l2673315.1,2523,1.57384784375,0.382224195444,0.0,1.0,0.0,0.0,0.0,0.0,0.0,0.0,0.0,0.0,0.0,0.0,0.0
0,l3047289.1,2524,7.89843874644,1.96321563435,0.0,1.0,0.0,0.0,0.0,0.0,0.0,0.0,0.0,0.0,0.0,0.0,0.0
0,l3047289.2,2525,9.13861992542,2.17200998555,0.0,0.0,1.0,0.0,0.0,0.0,0.0,0.0,0.0,0.0,0.0,0.0,0.0
0,l3047289.3,2526,9.38658893128,2.30631981511,0.0,0.0,0.0,1.0,0.0,0.0,0.0,0.0,0.0,0.0,0.0,0.0,0.0
0,l2785516.2,2527,2.50444830489,0.626982595201,0.0,0.0,1.0,0.0,0.0,0.0,0.0,0.0,0.0,0.0,0.0,1.01875,0.0
0,l3048963.2,2528,2.8382627434,0.662907622364,0.0,0.0,1.0,0.0,0.0,0.0,0.0,0.0,0.0,0.0,0.0,0.0,0.0
0,l2785525.3,2533,4.65077817515,1.10730352665,0.0,0.0,0.0,1.0,0.0,0.0,0.0,0.0,0.0,0.0,0.0,0.0,1.0
0,l3198356.3,2534,2.63475826,0.679700317707,0.0,0.0,0.0,1.0,0.0,0.0,0.0,0.0,0.0,0.0,0.0,0.0,0.0
0,l3197641.1,2535,2.25950025444,0.591636085849,0.0,1.0,0.0,0.0,1.0124999999999995,0.0,0.0,1.025,0.0,0.0,0.0,0.0,0.0
0,l2973161.1,2536,5.9465758809,1.5471398317,0.0,1.0,0.0,0.0,1.0124999999999995,0.0,0.0,1.025,0.0,0.0,0.0,0.0,0.0
0,l3085402.1,2543,5.68330599909,1.47767982977,0.0,1.0,0.0,0.0,0.0,0.0,0.0,0.0,0.0,0.0,1.0125000000000002,0.0,0.0
0,l2991909.1,2547,3.94713993977,0.962581597136,0.0,1.0,0.0,0.0,1.0124999999999995,0.0,0.0,1.025,0.0,0.0,0.0,0.0,0.0
0,l3082981.3,2562,2.65357897658,0.699554909304,0.0,0.0,0.0,1.0,0.0,0.0,0.0,0.0,0.0,0.0,0.0,0.0,0.0
0,l3235275.2,2564,4.55171937972,1.10062931105,0.0,0.0,1.0,0.0,0.0,0.0,0.0,0.0,0.0,0.0,0.0,1.01875,0.0
0,l2915534.1,2569,5.66206516089,1.43336172759,0.0,1.0,0.0,0.0,1.0124999999999995,0.0,0.0,1.025,0.0,0.0,0.0,0.0,0.0
0,l2710519.1,2570,1.66767892078,0.398983292451,0.0,1.0,0.0,0.0,0.0,0.0,0.0,0.0,0.0,0.0,1.0125000000000002,0.0,0.0
0,l3141403.1,2572,3.95134179675,1.03437265997,0.0,1.0,0.0,0.0,1.0124999999999995,0.0,0.0,1.025,0.0,0.0,0.0,0.0,0.0
0,l3197633.1,2573,4.15030710473,0.946160240072,0.0,1.0,0.0,0.0,1.0124999999999995,0.0,0.0,1.025,0.0,0.0,0.0,0.0,0.0
0,l2710537.2,2581,4.52623871351,1.05671013265,0.0,0.0,1.0,0.0,0.0,0.0,0.0,0.0,0.0,0.0,0.0,1.01875,0.0
0,l2897789.2,2584,2.67550211334,0.665371189311,0.0,0.0,1.0,0.0,0.0,0.0,0.0,0.0,1.0125000000000002,0.0,0.0,0.0,0.0
0,l3160878.3,2586,2.76803531887,0.671823004387,0.0,0.0,0.0,1.0,0.0,0.0,0.0,0.0,0.0,0.0,0.0,0.0,0.0
0,l2917336.3,2587,2.83489521404,0.704046964204,0.0,0.0,0.0,1.0,0.0,0.0,0.0,0.0,0.0,0.0,0.0,0.0,0.0
0,l3214112.2,2592,2.6150747849,0.658429769898,0.0,0.0,1.0,0.0,0.0,1.00625,0.0,0.0,1.0125000000000002,0.0,0.0,0.0,0.0
0,l3160104.2,2593,4.38916301194,1.02252285305,0.0,0.0,1.0,0.0,0.0,1.00625,0.0,0.0,1.0125000000000002,0.0,0.0,0.0,0.0
0,l2973144.3,2594,4.25947230622,1.11384936004,0.0,0.0,0.0,1.0,0.0,0.0,0.0,0.0,0.0,0.0,0.0,0.0,1.0
0,l2748152.2,2595,2.8075579271,0.680928383109,0.0,0.0,1.0,0.0,0.0,1.00625,0.0,0.0,1.0125000000000002,0.0,0.0,0.0,0.0
0,l2955055.2,2599,4.28724699635,1.0922574622,0.0,0.0,1.0,0.0,0.0,0.0,0.0,0.0,0.0,0.0,0.0,0.0,0.0
0,l2991907.1,2600,3.81570291475,0.989293299437,0.0,1.0,0.0,0.0,0.0,0.0,0.0,0.0,0.0,0.0,1.0125000000000002,0.0,0.0
0,l3104830.3,2608,1.8377863478,0.465367977671,0.0,0.0,0.0,1.0,0.0,0.0,0.0,0.0,0.0,0.0,0.0,0.0,0.0
0,l3197626.3,2609,2.59066285726,0.672283129283,0.0,0.0,0.0,1.0,0.0,0.0,0.0,0.0,0.0,0.0,0.0,0.0,0.0
0,l3160102.2,2617,4.16220820895,1.11513483082,0.0,0.0,1.0,0.0,0.0,1.00625,0.0,0.0,1.0125000000000002,0.0,0.0,0.0,0.0
0,l3160793.3,2622,2.85021874601,0.693630919392,0.0,0.0,0.0,1.0,0.0,0.0,0.0,0.0,0.0,0.0,0.0,0.0,0.0
0,l3177881.3,2624,4.40242198448,1.1235804619,0.0,0.0,0.0,1.0,0.0,0.0,1.0,0.0,0.0,0.99375,0.0,0.0,0.0
0,l3048221.1,2631,3.9784720203,1.02635000243,0.0,1.0,0.0,0.0,1.0124999999999995,0.0,0.0,1.025,0.0,0.0,0.0,0.0,0.0
0,l2748128.3,2634,4.46489510017,1.15070326719,0.0,0.0,0.0,1.0,0.0,0.0,0.0,0.0,0.0,0.0,0.0,0.0,0.0
0,l2913406.2,2635,6.61413554394,1.63363087929,0.0,0.0,1.0,0.0,0.0,1.00625,0.0,0.0,1.0125000000000002,0.0,0.0,0.0,0.0
0,l2991922.1,2646,2.35663482862,0.560001453749,0.0,1.0,0.0,0.0,0.0,0.0,0.0,0.0,0.0,0.0,1.0125000000000002,0.0,0.0
0,l3104145.2,2649,2.70799161137,0.703780286281,0.0,0.0,1.0,0.0,0.0,0.0,0.0,0.0,1.0125000000000002,0.0,0.0,0.0,0.0
0,l3649298.1,2653,6.143728697,1.46981431719,0.0,1.0,0.0,0.0,1.0124999999999995,0.0,0.0,1.025,0.0,0.0,0.0,0.0,0.0
0,l3048211.1,2655,3.9451927612,0.942952558426,0.0,1.0,0.0,0.0,0.0,0.0,0.0,0.0,0.0,0.0,1.0125000000000002,0.0,0.0
0,l2766725.3,2656,2.74947913355,0.699456086785,0.0,0.0,0.0,1.0,0.0,0.0,1.0,0.0,0.0,0.99375,0.0,0.0,0.0
0,l2673311.1,2657,3.85488468434,1.00955174081,0.0,1.0,0.0,0.0,1.0124999999999995,0.0,0.0,1.025,0.0,0.0,0.0,0.0,0.0
0,l2785537.1,2659,2.30674909567,0.61074060425,0.0,1.0,0.0,0.0,0.0,0.0,0.0,1.025,0.0,0.0,0.0,0.0,0.0
0,l3066817.1,2664,7.82740201675,1.91223973943,0.0,1.0,0.0,0.0,1.0124999999999995,0.0,0.0,1.025,0.0,0.0,0.0,0.0,0.0
0,l2673319.3,2667,2.69389981788,0.674554012451,0.0,0.0,0.0,1.0,0.0,0.0,1.0,0.0,0.0,0.99375,0.0,0.0,0.0
0,l3104121.1,2669,3.94422739235,1.04144830152,0.0,1.0,0.0,0.0,0.0,0.0,0.0,0.0,0.0,0.0,1.0125000000000002,0.0,0.0
0,l3104113.1,2670,4.07256506159,1.05045287861,0.0,1.0,0.0,0.0,0.0,0.0,0.0,0.0,0.0,0.0,1.0125000000000002,0.0,0.0
0,l3104856.1,2671,2.27909261253,0.581294837529,0.0,1.0,0.0,0.0,0.0,0.0,0.0,0.0,0.0,0.0,0.0,0.0,0.0
0,l2785518.3,2672,2.71678329822,0.666687931122,0.0,0.0,0.0,1.0,0.0,0.0,0.0,0.0,0.0,0.0,0.0,0.0,1.0
0,l2745806.3,2675,4.6528943686,1.18942790695,0.0,0.0,0.0,1.0,0.0,0.0,1.0,0.0,0.0,0.99375,0.0,0.0,0.0
0,l3157710.2,2677,2.73189624988,0.615397312624,0.0,0.0,1.0,0.0,0.0,1.00625,0.0,0.0,1.0125000000000002,0.0,0.0,0.0,0.0
0,l2916605.3,2682,2.85194783108,0.681239988969,0.0,0.0,0.0,1.0,0.0,0.0,0.0,0.0,0.0,0.0,0.0,0.0,0.0
0,l2804245.2,2684,4.1432044811,1.04087170122,0.0,0.0,1.0,0.0,0.0,1.00625,0.0,0.0,1.0125000000000002,0.0,0.0,0.0,0.0
0,l3254915.2,2686,0.82450205799,0.219620930068,0.0,0.0,1.0,0.0,0.0,0.0,0.0,0.0,0.0,0.0,0.0,0.0,0.0
0,l3727708.1,2687,2.42506186302,0.61296765471,0.0,1.0,0.0,0.0,1.0124999999999995,0.0,0.0,1.025,0.0,0.0,0.0,0.0,0.0
0,l3160105.3,2688,2.77804109793,0.683275645124,0.0,0.0,0.0,1.0,0.0,0.0,0.0,0.0,0.0,0.0,0.0,0.0,1.0
0,l3235251.3,2689,2.8822125686,0.702980273607,0.0,0.0,0.0,1.0,0.0,0.0,0.0,0.0,0.0,0.0,0.0,0.0,1.0
0,l3251807.1,2693,4.01257674884,1.05276136225,0.0,1.0,0.0,0.0,1.0124999999999995,0.0,0.0,1.025,0.0,0.0,0.0,0.0,0.0
0,l2992657.1,2694,3.92911360162,1.04374318252,0.0,1.0,0.0,0.0,0.0,0.0,0.0,0.0,0.0,0.0,0.0,0.0,0.0
0,l3197653.2,2696,4.27529041992,1.08587838729,0.0,0.0,1.0,0.0,0.0,0.0,0.0,0.0,1.0125000000000002,0.0,0.0,0.0,0.0
0,l2991929.2,2697,4.36266195597,1.07291033274,0.0,0.0,1.0,0.0,0.0,0.0,0.0,0.0,1.0125000000000002,0.0,0.0,0.0,0.0
0,l2895449.3,2701,4.60821188759,1.13982399486,0.0,0.0,0.0,1.0,0.0,0.0,1.0,0.0,0.0,0.99375,0.0,0.0,0.0
0,l3086074.3,2703,2.74990132869,0.696577040626,0.0,0.0,0.0,1.0,0.0,0.0,0.0,0.0,0.0,0.0,0.0,0.0,0.0
0,l3143999.1,2706,3.90367230631,1.00734821233,0.0,1.0,0.0,0.0,1.0124999999999995,0.0,0.0,1.025,0.0,0.0,0.0,0.0,0.0
0,l3160115.2,2710,8.80496974906,2.15723037336,0.0,0.0,1.0,0.0,0.0,0.0,0.0,0.0,1.0125000000000002,0.0,0.0,0.0,0.0
0,l2935567.2,2711,2.5834867579,0.659104672935,0.0,0.0,1.0,0.0,0.0,0.0,0.0,0.0,1.0125000000000002,0.0,0.0,0.0,0.0
0,l3253570.3,2712,4.43362555134,1.1598243274,0.0,0.0,0.0,1.0,0.0,0.0,0.0,0.0,0.0,0.0,0.0,0.0,0.0
0,l3122814.3,2714,2.70736813372,0.72629280829,0.0,0.0,0.0,1.0,0.0,0.0,1.0,0.0,0.0,0.99375,0.0,0.0,0.0
0,l2935556.2,2715,4.23011722948,1.10209436333,0.0,0.0,1.0,0.0,0.0,1.00625,0.0,0.0,1.0125000000000002,0.0,0.0,0.0,0.0
0,l2692661.1,2725,4.27143309151,1.00196729777,0.0,1.0,0.0,0.0,0.0,0.0,0.0,0.0,0.0,0.0,0.0,0.0,0.0
0,l2879079.2,2731,2.60924262184,0.65596235301,0.0,0.0,1.0,0.0,0.0,0.0,0.0,0.0,0.0,0.0,0.0,1.01875,0.0
0,l3216361.2,2735,4.31725020139,1.11839583529,0.0,0.0,1.0,0.0,0.0,1.00625,0.0,0.0,1.0125000000000002,0.0,0.0,0.0,0.0
0,l3048209.2,2737,4.29751730745,1.0836802765,0.0,0.0,1.0,0.0,0.0,1.00625,0.0,0.0,1.0125000000000002,0.0,0.0,0.0,0.0
0,l2896685.1,2738,2.3842345784,0.598117308878,0.0,1.0,0.0,0.0,0.0,0.0,0.0,0.0,0.0,0.0,0.0,0.0,0.0
0,l2896685.2,2739,2.55561687761,0.664819753803,0.0,0.0,1.0,0.0,0.0,0.0,0.0,0.0,0.0,0.0,0.0,0.0,0.0
0,l2896685.3,2740,2.52419828519,0.73689774766,0.0,0.0,0.0,1.0,0.0,0.0,0.0,0.0,0.0,0.0,0.0,0.0,0.0
0,l2748135.1,2741,3.98390057194,0.953148478051,0.0,1.0,0.0,0.0,0.0,0.0,0.0,0.0,0.0,0.0,1.0125000000000002,0.0,0.0
0,l2767409.2,2742,4.213507221,1.09784922986,0.0,0.0,1.0,0.0,0.0,0.0,0.0,0.0,0.0,0.0,0.0,0.0,0.0
0,l3091052.1,2746,6.00190724497,1.5506281512,0.0,1.0,0.0,0.0,1.0124999999999995,0.0,0.0,1.025,0.0,0.0,0.0,0.0,0.0
0,l3215340.1,2753,4.1348572852,0.946808199722,0.0,1.0,0.0,0.0,1.0124999999999995,0.0,0.0,1.025,0.0,0.0,0.0,0.0,0.0
0,l3142050.3,2757,2.53152090885,0.656441402132,0.0,0.0,0.0,1.0,0.0,0.0,0.0,0.0,0.0,0.0,0.0,0.0,0.0
0,l2989432.2,2764,4.45443194304,1.08994135815,0.0,0.0,1.0,0.0,0.0,1.00625,0.0,0.0,1.0125000000000002,0.0,0.0,0.0,0.0
0,l3066830.2,2765,4.45818723102,1.08844400534,0.0,0.0,1.0,0.0,0.0,1.00625,0.0,0.0,1.0125000000000002,0.0,0.0,0.0,0.0
0,l2991916.2,2770,4.40209941007,1.09304028059,0.0,0.0,1.0,0.0,0.0,1.00625,0.0,0.0,1.0125000000000002,0.0,0.0,0.0,0.0
0,l3235243.3,2772,4.43342672758,1.18326436257,0.0,0.0,0.0,1.0,0.0,0.0,1.0,0.0,0.0,0.99375,0.0,0.0,0.0
0,l3727712.1,2777,3.94952090713,0.980077941342,0.0,1.0,0.0,0.0,1.0124999999999995,0.0,0.0,1.025,0.0,0.0,0.0,0.0,0.0
0,l3236011.2,2778,2.59980510202,0.667001272294,0.0,0.0,1.0,0.0,0.0,0.0,0.0,0.0,0.0,0.0,0.0,0.0,0.0
0,l3198358.2,2779,6.39875453254,1.67196208617,0.0,0.0,1.0,0.0,0.0,0.0,0.0,0.0,0.0,0.0,0.0,0.0,0.0
0,l2860486.3,2781,2.62020559682,0.701977972472,0.0,0.0,0.0,1.0,0.0,0.0,0.0,0.0,0.0,0.0,0.0,0.0,1.0
0,l2916608.3,2787,1.81172751242,0.455259693679,0.0,0.0,0.0,1.0,0.0,0.0,1.0,0.0,0.0,0.99375,0.0,0.0,0.0
0,l2673300.2,2789,4.4463852688,0.997174791863,0.0,0.0,1.0,0.0,0.0,0.0,0.0,0.0,0.0,0.0,0.0,1.01875,0.0
0,l3030126.3,2800,4.57579947042,1.14743382054,0.0,0.0,0.0,1.0,0.0,0.0,0.0,0.0,0.0,0.0,0.0,0.0,0.0
0,l3254870.3,2801,4.56172368127,1.0766775695,0.0,0.0,0.0,1.0,0.0,0.0,0.0,0.0,0.0,0.0,0.0,0.0,0.0
0,l2915542.1,2802,8.08710136058,1.97754561621,0.0,1.0,0.0,0.0,0.0,0.0,0.0,0.0,0.0,0.0,0.0,0.0,0.0
0,l2915542.2,2803,9.3445877242,2.22177431679,0.0,0.0,1.0,0.0,0.0,0.0,0.0,0.0,0.0,0.0,0.0,0.0,0.0
0,l2915542.3,2804,9.20231059809,2.31406926063,0.0,0.0,0.0,1.0,0.0,0.0,0.0,0.0,0.0,0.0,0.0,0.0,0.0
0,l3085401.1,2805,5.68218642194,1.5140385633,0.0,1.0,0.0,0.0,1.0124999999999995,0.0,0.0,1.025,0.0,0.0,0.0,0.0,0.0
0,l3010557.1,2806,2.4487420585,0.576254460928,0.0,1.0,0.0,0.0,0.0,0.0,0.0,1.025,0.0,0.0,0.0,0.0,0.0
0,l3254213.2,2808,4.37488208655,1.12684074569,0.0,0.0,1.0,0.0,0.0,1.00625,0.0,0.0,1.0125000000000002,0.0,0.0,0.0,0.0
0,l2690941.2,2811,4.28103718882,1.11171837944,0.0,0.0,1.0,0.0,0.0,1.00625,0.0,0.0,1.0125000000000002,0.0,0.0,0.0,0.0
0,l2748839.2,2812,1.7736289853,0.440803324048,0.0,0.0,1.0,0.0,0.0,0.0,0.0,0.0,0.0,0.0,0.0,0.0,0.0
0,l2876812.1,2815,2.43754649599,0.575705936502,0.0,1.0,0.0,0.0,1.0124999999999995,0.0,0.0,1.025,0.0,0.0,0.0,0.0,0.0
0,l3178972.3,2820,9.11728006778,2.30174468375,0.0,0.0,0.0,1.0,0.0,0.0,1.0,0.0,0.0,0.99375,0.0,0.0,0.0
0,l3448661.2,2823,2.49720847349,0.654109819734,0.0,0.0,1.0,0.0,0.0,1.00625,0.0,0.0,1.0125000000000002,0.0,0.0,0.0,0.0
0,l2766715.2,2825,2.64330891855,0.64827527556,0.0,0.0,1.0,0.0,0.0,1.00625,0.0,0.0,1.0125000000000002,0.0,0.0,0.0,0.0
0,l2972930.1,2829,3.77236759778,1.01068032925,0.0,1.0,0.0,0.0,1.0124999999999995,0.0,0.0,1.025,0.0,0.0,0.0,0.0,0.0
0,l2879067.1,2830,3.83332797953,1.03656703652,0.0,1.0,0.0,0.0,1.0124999999999995,0.0,0.0,1.025,0.0,0.0,0.0,0.0,0.0
0,l3235252.2,2831,4.25182517082,1.06726794716,0.0,0.0,1.0,0.0,0.0,1.00625,0.0,0.0,1.0125000000000002,0.0,0.0,0.0,0.0
0,l2785517.3,2835,1.79062090081,0.424822046184,0.0,0.0,0.0,1.0,0.0,0.0,1.0,0.0,0.0,0.99375,0.0,0.0,0.0
0,l3082993.1,2837,3.95821175187,0.998574663724,0.0,1.0,0.0,0.0,1.0124999999999995,0.0,0.0,1.025,0.0,0.0,0.0,0.0,0.0
0,l3122821.2,2840,4.37115792106,1.11413035196,0.0,0.0,1.0,0.0,0.0,1.00625,0.0,0.0,1.0125000000000002,0.0,0.0,0.0,0.0
0,l2730108.3,2845,2.80460605903,0.695883039422,0.0,0.0,0.0,1.0,0.0,0.0,0.0,0.0,0.0,0.0,0.0,0.0,0.0
0,l2804260.2,2851,4.46944159538,1.06487957148,0.0,0.0,1.0,0.0,0.0,0.0,0.0,0.0,0.0,0.0,0.0,1.01875,0.0
0,l3085395.1,2852,2.27442837543,0.574394506751,0.0,1.0,0.0,0.0,0.0,0.0,0.0,0.0,0.0,0.0,1.0125000000000002,0.0,0.0
0,l3141401.1,2854,3.85341667508,0.902538495526,0.0,1.0,0.0,0.0,1.0124999999999995,0.0,0.0,1.025,0.0,0.0,0.0,0.0,0.0
0,l3104120.2,2855,2.59377034187,0.635072328954,0.0,0.0,1.0,0.0,0.0,0.0,0.0,0.0,0.0,0.0,0.0,1.01875,0.0
0,l2763811.3,2862,13.7264004376,3.3688011062,0.0,0.0,0.0,1.0,0.0,0.0,1.0,0.0,0.0,0.99375,0.0,0.0,0.0
0,l3235256.1,2863,2.29583157218,0.589081042336,0.0,1.0,0.0,0.0,0.0,0.0,0.0,0.0,0.0,0.0,1.0125000000000002,0.0,0.0
0,l3254230.1,2868,0.78170543328,0.195841269096,0.0,1.0,0.0,0.0,0.0,0.0,0.0,1.025,0.0,0.0,0.0,0.0,0.0
0,l2814529.1,2869,7.66893840519,2.03983039666,0.0,1.0,0.0,0.0,1.0124999999999995,0.0,0.0,1.025,0.0,0.0,0.0,0.0,0.0
0,l2814529.2,2870,8.53008859377,2.20344994371,0.0,0.0,1.0,0.0,0.0,1.00625,0.0,0.0,1.0125000000000002,0.0,0.0,0.0,0.0
0,l2814529.3,2871,8.90004786869,2.25167386934,0.0,0.0,0.0,1.0,0.0,0.0,1.0,0.0,0.0,0.99375,0.0,0.0,0.0
0,l2860484.2,2873,2.6322246087,0.645425906574,0.0,0.0,1.0,0.0,0.0,1.00625,0.0,0.0,1.0125000000000002,0.0,0.0,0.0,0.0
0,l3150961.3,2875,6.89016920346,1.63491582171,0.0,0.0,0.0,1.0,0.0,0.0,0.0,0.0,0.0,0.0,0.0,0.0,0.0
0,l2711225.3,2876,2.76864572003,0.690239417794,0.0,0.0,0.0,1.0,0.0,0.0,0.0,0.0,0.0,0.0,0.0,0.0,0.0
0,l3030200.3,2877,2.70120114511,0.690650491943,0.0,0.0,0.0,1.0,0.0,0.0,0.0,0.0,0.0,0.0,0.0,0.0,0.0
0,l2879054.1,2881,3.84635200393,0.996759624234,0.0,1.0,0.0,0.0,0.0,0.0,0.0,0.0,0.0,0.0,0.0,0.0,0.0
0,l2689691.1,2883,3.84619670619,1.02080729461,0.0,1.0,0.0,0.0,1.0124999999999995,0.0,0.0,1.025,0.0,0.0,0.0,0.0,0.0
0,l2820535.2,2887,4.44812422737,1.0467733203,0.0,0.0,1.0,0.0,0.0,0.0,0.0,0.0,1.0125000000000002,0.0,0.0,0.0,0.0
0,l2727795.3,2888,2.75895427139,0.667340545801,0.0,0.0,0.0,1.0,0.0,0.0,0.0,0.0,0.0,0.0,0.0,0.0,1.0
0,l3086098.1,2892,7.76455496243,2.0185165935,0.0,1.0,0.0,0.0,0.0,0.0,0.0,0.0,0.0,0.0,0.0,0.0,0.0
0,l2822867.2,2896,2.49309816496,0.661132954893,0.0,0.0,1.0,0.0,0.0,1.00625,0.0,0.0,1.0125000000000002,0.0,0.0,0.0,0.0
0,l3104859.2,2901,2.49012091178,0.681932659067,0.0,0.0,1.0,0.0,0.0,0.0,0.0,0.0,0.0,0.0,0.0,0.0,0.0
0,l3101194.3,2902,13.1758337161,3.54467088753,0.0,0.0,0.0,1.0,0.0,0.0,1.0,0.0,0.0,0.99375,0.0,0.0,0.0
0,l2862616.3,2903,13.6534427869,3.49697439669,0.0,0.0,0.0,1.0,0.0,0.0,1.0,0.0,0.0,0.99375,0.0,0.0,0.0
0,l3066813.2,2909,2.57330062667,0.657152774143,0.0,0.0,1.0,0.0,0.0,1.00625,0.0,0.0,1.0125000000000002,0.0,0.0,0.0,0.0
0,l2991910.2,2910,2.7263869616,0.670262262305,0.0,0.0,1.0,0.0,0.0,1.00625,0.0,0.0,1.0125000000000002,0.0,0.0,0.0,0.0
0,l2785531.1,2912,2.29194439198,0.607781871608,0.0,1.0,0.0,0.0,1.0124999999999995,0.0,0.0,1.025,0.0,0.0,0.0,0.0,0.0
0,l3179646.2,2914,6.59598531934,1.62988939033,0.0,0.0,1.0,0.0,0.0,0.0,0.0,0.0,0.0,0.0,0.0,0.0,0.0
0,l3066818.2,2916,4.23454853679,1.09599518907,0.0,0.0,1.0,0.0,0.0,0.0,0.0,0.0,0.0,0.0,0.0,1.01875,0.0
0,l2954345.3,2917,2.73397868744,0.697292059758,0.0,0.0,0.0,1.0,0.0,0.0,1.0,0.0,0.0,0.99375,0.0,0.0,0.0
0,l2804255.2,2918,4.34245812691,1.12897419722,0.0,0.0,1.0,0.0,0.0,1.00625,0.0,0.0,1.0125000000000002,0.0,0.0,0.0,0.0
0,l2842390.3,2920,2.75312724404,0.700871951238,0.0,0.0,0.0,1.0,0.0,0.0,0.0,0.0,0.0,0.0,0.0,0.0,0.0
0,l3160871.3,2922,4.31478025353,1.13846236642,0.0,0.0,0.0,1.0,0.0,0.0,0.0,0.0,0.0,0.0,0.0,0.0,0.0
0,l2691953.1,2924,2.34729838147,0.59161189622,0.0,1.0,0.0,0.0,0.0,0.0,0.0,0.0,0.0,0.0,1.0125000000000002,0.0,0.0
0,l2767408.3,2925,2.64302894249,0.679096935939,0.0,0.0,0.0,1.0,0.0,0.0,0.0,0.0,0.0,0.0,0.0,0.0,0.0
0,l3728037.1,2926,3.78020508102,0.96950258939,0.0,1.0,0.0,0.0,1.0124999999999995,0.0,0.0,1.025,0.0,0.0,0.0,0.0,0.0
0,l3108449.1,2931,2.41936738825,0.605126094801,0.0,1.0,0.0,0.0,0.0,0.0,0.0,0.0,0.0,0.0,0.0,0.0,0.0
0,l3160109.2,2933,4.5317065596,1.08429671221,0.0,0.0,1.0,0.0,0.0,1.00625,0.0,0.0,1.0125000000000002,0.0,0.0,0.0,0.0
0,l2729412.1,2938,3.88294502959,1.05149598666,0.0,1.0,0.0,0.0,0.0,0.0,0.0,0.0,0.0,0.0,1.0125000000000002,0.0,0.0
0,l3160107.1,2939,4.11330267855,0.989100751972,0.0,1.0,0.0,0.0,0.0,0.0,0.0,0.0,0.0,0.0,0.0,0.0,0.0
0,l2897766.3,2942,4.35024752708,1.14839425027,0.0,0.0,0.0,1.0,0.0,0.0,0.0,0.0,0.0,0.0,0.0,0.0,0.0
0,l2952014.1,2944,2.39119859883,0.596697080172,0.0,1.0,0.0,0.0,1.0124999999999995,0.0,0.0,1.025,0.0,0.0,0.0,0.0,0.0
0,l2748125.3,2945,4.42414491821,1.19711777409,0.0,0.0,0.0,1.0,0.0,0.0,1.0,0.0,0.0,0.99375,0.0,0.0,0.0
0,l2673303.3,2946,2.62301736381,0.649684846599,0.0,0.0,0.0,1.0,0.0,0.0,1.0,0.0,0.0,0.99375,0.0,0.0,0.0
0,l2879753.2,2947,4.23964608032,1.15075900974,0.0,0.0,1.0,0.0,0.0,0.0,0.0,0.0,0.0,0.0,0.0,0.0,0.0
0,l2914324.1,2948,0.775831510308,0.197808284842,0.0,1.0,0.0,0.0,1.0124999999999995,0.0,0.0,1.025,0.0,0.0,0.0,0.0,0.0
0,l2691942.2,2951,2.64293245428,0.676531331585,0.0,0.0,1.0,0.0,0.0,0.0,0.0,0.0,0.0,0.0,0.0,1.01875,0.0
0,l3189188.3,2954,9.0245165652,2.29380954602,0.0,0.0,0.0,1.0,0.0,0.0,1.0,0.0,0.0,0.99375,0.0,0.0,0.0
0,l3254228.2,2961,4.48090309787,1.12769138386,0.0,0.0,1.0,0.0,0.0,0.0,0.0,0.0,1.0125000000000002,0.0,0.0,0.0,0.0
0,l3217053.3,2966,1.84980649299,0.449006295087,0.0,0.0,0.0,1.0,0.0,0.0,0.0,0.0,0.0,0.0,0.0,0.0,0.0
0,l3178997.3,2970,2.77631197754,0.681684407817,0.0,0.0,0.0,1.0,0.0,0.0,0.0,0.0,0.0,0.0,0.0,0.0,1.0
0,l2764412.1,2973,4.11972381895,1.02036301616,0.0,1.0,0.0,0.0,1.0124999999999995,0.0,0.0,1.025,0.0,0.0,0.0,0.0,0.0
0,l2785513.1,2975,3.96155927102,0.986888500048,0.0,1.0,0.0,0.0,1.0124999999999995,0.0,0.0,1.025,0.0,0.0,0.0,0.0,0.0
0,l3217056.1,2977,7.63367321592,2.00385026217,0.0,1.0,0.0,0.0,0.0,0.0,0.0,0.0,0.0,0.0,0.0,0.0,0.0
0,l2691947.1,2981,1.60962207511,0.403606105403,0.0,1.0,0.0,0.0,1.0124999999999995,0.0,0.0,1.025,0.0,0.0,0.0,0.0,0.0
0,l3216344.2,2983,9.09139268038,2.24989726535,0.0,0.0,1.0,0.0,0.0,1.00625,0.0,0.0,1.0125000000000002,0.0,0.0,0.0,0.0
0,l2729207.3,2993,9.29598948231,2.20338186759,0.0,0.0,0.0,1.0,0.0,0.0,1.0,0.0,0.0,0.99375,0.0,0.0,0.0
0,l3010580.2,2997,2.78564680526,0.615446898709,0.0,0.0,1.0,0.0,0.0,1.00625,0.0,0.0,1.0125000000000002,0.0,0.0,0.0,0.0
0,l3141394.2,3000,4.33169319589,1.04424674479,0.0,0.0,1.0,0.0,0.0,0.0,0.0,0.0,1.0125000000000002,0.0,0.0,0.0,0.0
0,l3104154.3,3002,6.50314787612,1.78038787682,0.0,0.0,0.0,1.0,0.0,0.0,0.0,0.0,0.0,0.0,0.0,0.0,0.0
0,l3104155.3,3003,4.71777974557,1.07838921895,0.0,0.0,0.0,1.0,0.0,0.0,0.0,0.0,0.0,0.0,0.0,0.0,0.0
0,l3104130.2,3006,4.4630610162,1.13515102998,0.0,0.0,1.0,0.0,0.0,0.0,0.0,0.0,0.0,0.0,0.0,1.01875,0.0
0,l2841625.3,3007,1.75049939778,0.449857765696,0.0,0.0,0.0,1.0,0.0,0.0,0.0,0.0,0.0,0.0,0.0,0.0,1.0
0,l3010566.3,3008,2.89825865586,0.644922042873,0.0,0.0,0.0,1.0,0.0,0.0,0.0,0.0,0.0,0.0,0.0,0.0,1.0
0,l2935568.2,3010,2.61357279159,0.635371492182,0.0,0.0,1.0,0.0,0.0,1.00625,0.0,0.0,1.0125000000000002,0.0,0.0,0.0,0.0
0,l2897777.3,3017,4.45723335526,1.1242031182,0.0,0.0,0.0,1.0,0.0,0.0,1.0,0.0,0.0,0.99375,0.0,0.0,0.0
0,l2860488.2,3018,4.35628670902,1.09511671028,0.0,0.0,1.0,0.0,0.0,0.0,0.0,0.0,0.0,0.0,0.0,1.01875,0.0
0,l3122811.1,3019,3.97078055484,0.970292206301,0.0,1.0,0.0,0.0,1.0124999999999995,0.0,0.0,1.025,0.0,0.0,0.0,0.0,0.0
0,l2897774.2,3020,2.68493634581,0.656367050453,0.0,0.0,1.0,0.0,0.0,1.00625,0.0,0.0,1.0125000000000002,0.0,0.0,0.0,0.0
0,l3254211.2,3021,4.35309853908,1.121710364,0.0,0.0,1.0,0.0,0.0,0.0,0.0,0.0,0.0,0.0,0.0,1.01875,0.0
0,l2691938.2,3025,4.47848064878,1.13077413719,0.0,0.0,1.0,0.0,0.0,1.00625,0.0,0.0,1.0125000000000002,0.0,0.0,0.0,0.0
0,l2804256.2,3027,1.76889391266,0.424097282739,0.0,0.0,1.0,0.0,0.0,1.00625,0.0,0.0,1.0125000000000002,0.0,0.0,0.0,0.0
0,l2822863.3,3032,1.8169597463,0.456767420252,0.0,0.0,0.0,1.0,0.0,0.0,0.0,0.0,0.0,0.0,0.0,0.0,0.0
0,l2748158.1,3037,2.3840131553,0.602541388998,0.0,1.0,0.0,0.0,0.0,0.0,0.0,0.0,0.0,0.0,1.0125000000000002,0.0,0.0
0,l3254234.2,3038,4.43557156944,1.06522575434,0.0,0.0,1.0,0.0,0.0,1.00625,0.0,0.0,1.0125000000000002,0.0,0.0,0.0,0.0
0,l2766724.3,3042,2.72201515999,0.735658516042,0.0,0.0,0.0,1.0,0.0,0.0,1.0,0.0,0.0,0.99375,0.0,0.0,0.0
0,l3011229.1,3048,2.32575440151,0.609430141754,0.0,1.0,0.0,0.0,0.0,0.0,0.0,0.0,0.0,0.0,0.0,0.0,0.0
0,l3197639.1,3050,3.90528460622,0.994035051854,0.0,1.0,0.0,0.0,1.0124999999999995,0.0,0.0,1.025,0.0,0.0,0.0,0.0,0.0
0,l3085391.2,3051,8.40835189593,2.14901047696,0.0,0.0,1.0,0.0,0.0,1.00625,0.0,0.0,1.0125000000000002,0.0,0.0,0.0,0.0
0,l2691952.1,3052,2.25327937396,0.581544513706,0.0,1.0,0.0,0.0,1.0124999999999995,0.0,0.0,1.025,0.0,0.0,0.0,0.0,0.0
0,l2897781.1,3055,1.62292799838,0.397025236553,0.0,1.0,0.0,0.0,0.0,0.0,0.0,0.0,0.0,0.0,1.0125000000000002,0.0,0.0
0,l2691950.3,3062,4.77323796124,1.19711016015,0.0,0.0,0.0,1.0,0.0,0.0,0.0,0.0,0.0,0.0,0.0,0.0,1.0
0,l2916609.3,3063,2.6389399807,0.691434150052,0.0,0.0,0.0,1.0,0.0,0.0,0.0,0.0,0.0,0.0,0.0,0.0,1.0
0,l3104132.1,3070,2.37145764656,0.586335045682,0.0,1.0,0.0,0.0,0.0,0.0,0.0,0.0,0.0,0.0,1.0125000000000002,0.0,0.0
0,l2805034.1,3071,1.59407425337,0.394000566617,0.0,1.0,0.0,0.0,0.0,0.0,0.0,0.0,0.0,0.0,0.0,0.0,0.0
0,l2822866.2,3073,4.30736682348,1.10044717625,0.0,0.0,1.0,0.0,0.0,1.00625,0.0,0.0,1.0125000000000002,0.0,0.0,0.0,0.0
0,l3160100.2,3076,2.57973835988,0.687952911743,0.0,0.0,1.0,0.0,0.0,1.00625,0.0,0.0,1.0125000000000002,0.0,0.0,0.0,0.0
0,l3085390.2,3077,2.57317819438,0.645018180112,0.0,0.0,1.0,0.0,0.0,1.00625,0.0,0.0,1.0125000000000002,0.0,0.0,0.0,0.0
0,l2954361.2,3078,4.32033884935,1.0712944638,0.0,0.0,1.0,0.0,0.0,0.0,0.0,0.0,1.0125000000000002,0.0,0.0,0.0,0.0
0,l2801895.2,3080,4.13935147372,1.08260833046,0.0,0.0,1.0,0.0,0.0,0.0,0.0,0.0,0.0,0.0,0.0,1.01875,0.0
0,l2691973.1,3081,2.47317688997,0.566434644769,0.0,1.0,0.0,0.0,1.0124999999999995,0.0,0.0,1.025,0.0,0.0,0.0,0.0,0.0
0,l3066829.3,3088,4.56439137946,1.10426032833,0.0,0.0,0.0,1.0,0.0,0.0,1.0,0.0,0.0,0.99375,0.0,0.0,0.0
0,l2879063.2,3089,4.29033826901,1.12349124441,0.0,0.0,1.0,0.0,0.0,1.00625,0.0,0.0,1.0125000000000002,0.0,0.0,0.0,0.0
0,l3649297.1,3091,5.920527464,1.51195894967,0.0,1.0,0.0,0.0,1.0124999999999995,0.0,0.0,1.025,0.0,0.0,0.0,0.0,0.0
0,l2820528.3,3104,4.65917411395,1.14947841538,0.0,0.0,0.0,1.0,0.0,0.0,1.0,0.0,0.0,0.99375,0.0,0.0,0.0
0,l3048230.3,3106,4.58899489146,1.10604660351,0.0,0.0,0.0,1.0,0.0,0.0,0.0,0.0,0.0,0.0,0.0,0.0,1.0
0,l2925506.3,3112,4.78935952684,1.17968829972,0.0,0.0,0.0,1.0,0.0,0.0,1.0,0.0,0.0,0.99375,0.0,0.0,0.0
0,l2729434.2,3113,2.60575284897,0.675215142014,0.0,0.0,1.0,0.0,0.0,1.00625,0.0,0.0,1.0125000000000002,0.0,0.0,0.0,0.0
0,l2970811.1,3117,3.92901216455,0.992214178057,0.0,1.0,0.0,0.0,1.0124999999999995,0.0,0.0,1.025,0.0,0.0,0.0,0.0,0.0
0,l2841621.3,3122,4.55910848103,1.16196889571,0.0,0.0,0.0,1.0,0.0,0.0,1.0,0.0,0.0,0.99375,0.0,0.0,0.0
0,l3198348.1,3127,8.20818359803,1.97405534883,0.0,1.0,0.0,0.0,0.0,0.0,0.0,0.0,0.0,0.0,0.0,0.0,0.0
0,l2876813.1,3128,4.02631209211,0.988023672165,0.0,1.0,0.0,0.0,1.0124999999999995,0.0,0.0,1.025,0.0,0.0,0.0,0.0,0.0
0,l3104118.3,3129,6.9211542788,1.75435145153,0.0,0.0,0.0,1.0,0.0,0.0,1.0,0.0,0.0,0.99375,0.0,0.0,0.0
0,l2748126.3,3130,4.60138634172,1.1399168865,0.0,0.0,0.0,1.0,0.0,0.0,1.0,0.0,0.0,0.99375,0.0,0.0,0.0
0,l0247171.2,3132,0.0,0.0,0.0,0.0,1.0,0.0,0.0,0.0,0.0,0.0,0.0,0.0,0.0,1.01875,0.0
0,l3179607.2,3133,4.16865955666,1.1340771407,0.0,0.0,1.0,0.0,0.0,0.0,0.0,0.0,0.0,0.0,0.0,0.0,0.0
0,l2861197.3,3134,2.76811364397,0.692355636931,0.0,0.0,0.0,1.0,0.0,0.0,0.0,0.0,0.0,0.0,0.0,0.0,0.0
0,l3160896.3,3135,2.67836920373,0.711104207791,0.0,0.0,0.0,1.0,0.0,0.0,0.0,0.0,0.0,0.0,0.0,0.0,0.0
0,l3067506.3,3136,1.68659237646,0.45406973486,0.0,0.0,0.0,1.0,0.0,0.0,0.0,0.0,0.0,0.0,0.0,0.0,0.0
0,l3029497.3,3137,1.78704637213,0.473746158818,0.0,0.0,0.0,1.0,0.0,0.0,0.0,0.0,0.0,0.0,0.0,0.0,0.0
0,l3047073.3,3138,4.68340639029,1.18703400967,0.0,0.0,0.0,1.0,0.0,0.0,1.0,0.0,0.0,0.99375,0.0,0.0,0.0
0,l3104133.1,3140,3.83192226948,0.999290305922,0.0,1.0,0.0,0.0,0.0,0.0,0.0,0.0,0.0,0.0,1.0125000000000002,0.0,0.0
0,l3122819.3,3141,7.02697103313,1.72845854387,0.0,0.0,0.0,1.0,0.0,0.0,0.0,0.0,0.0,0.0,0.0,0.0,1.0
0,l3048889.3,3142,4.66088991922,1.14041263909,0.0,0.0,0.0,1.0,0.0,0.0,0.0,0.0,0.0,0.0,0.0,0.0,0.0
0,l3235268.3,3144,4.57582781943,1.15547558666,0.0,0.0,0.0,1.0,0.0,0.0,1.0,0.0,0.0,0.99375,0.0,0.0,0.0
0,l3008232.2,3145,1.8348406579,0.411714905422,0.0,0.0,1.0,0.0,0.0,1.00625,0.0,0.0,1.0125000000000002,0.0,0.0,0.0,0.0
0,l3140238.1,3149,4.00983709141,0.987436874923,0.0,1.0,0.0,0.0,1.0124999999999995,0.0,0.0,1.025,0.0,0.0,0.0,0.0,0.0
0,l3010564.3,3153,2.57066942556,0.709829572993,0.0,0.0,0.0,1.0,0.0,0.0,1.0,0.0,0.0,0.99375,0.0,0.0,0.0
0,l2691946.2,3154,2.57510897246,0.641783143456,0.0,0.0,1.0,0.0,0.0,0.0,0.0,0.0,0.0,0.0,0.0,1.01875,0.0
0,l3139103.1,3155,3.81437094102,0.96208474006,0.0,1.0,0.0,0.0,1.0124999999999995,0.0,0.0,1.025,0.0,0.0,0.0,0.0,0.0
0,l3119793.2,3158,2.57640286652,0.666690935597,0.0,0.0,1.0,0.0,0.0,0.0,0.0,0.0,0.0,0.0,0.0,1.01875,0.0
0,l3066807.3,3166,1.81056361762,0.461281677425,0.0,0.0,0.0,1.0,0.0,0.0,0.0,0.0,0.0,0.0,0.0,0.0,0.0
0,l2804956.1,3170,4.06820464909,1.01403216464,0.0,1.0,0.0,0.0,0.0,0.0,0.0,0.0,0.0,0.0,0.0,0.0,0.0
0,l3254212.2,3172,6.56882990831,1.64107942838,0.0,0.0,1.0,0.0,0.0,0.0,0.0,0.0,0.0,0.0,0.0,1.01875,0.0
0,l2820533.1,3173,3.98917624966,0.978336543918,0.0,1.0,0.0,0.0,0.0,0.0,0.0,1.025,0.0,0.0,0.0,0.0,0.0
0,l2879055.3,3174,1.86613046448,0.47057611297,0.0,0.0,0.0,1.0,0.0,0.0,0.0,0.0,0.0,0.0,0.0,0.0,1.0
0,l3104115.2,3178,1.7527137857,0.43750936831,0.0,0.0,1.0,0.0,0.0,0.0,0.0,0.0,0.0,0.0,0.0,1.01875,0.0
0,l3086075.2,3179,2.46112047806,0.626032808855,0.0,0.0,1.0,0.0,0.0,0.0,0.0,0.0,0.0,0.0,0.0,0.0,0.0
0,l2822857.2,3183,2.66187383564,0.709772063306,0.0,0.0,1.0,0.0,0.0,1.00625,0.0,0.0,1.0125000000000002,0.0,0.0,0.0,0.0
0,l3104126.3,3184,1.90215821595,0.46742932071,0.0,0.0,0.0,1.0,0.0,0.0,0.0,0.0,0.0,0.0,0.0,0.0,1.0
0,l2989565.1,3192,3.87330129974,0.946304819048,0.0,1.0,0.0,0.0,0.0,0.0,0.0,0.0,0.0,0.0,0.0,0.0,0.0
0,l2806553.3,3196,4.39046053213,1.1996287548,0.0,0.0,0.0,1.0,0.0,0.0,0.0,0.0,0.0,0.0,0.0,0.0,0.0
0,l3122813.1,3197,2.4560020974,0.604929870399,0.0,1.0,0.0,0.0,0.0,0.0,0.0,0.0,0.0,0.0,1.0125000000000002,0.0,0.0
0,l2729411.1,3198,1.54894278459,0.389322016627,0.0,1.0,0.0,0.0,0.0,0.0,0.0,0.0,0.0,0.0,1.0125000000000002,0.0,0.0
0,l2935555.1,3199,2.47023291728,0.616321062275,0.0,1.0,0.0,0.0,1.0124999999999995,0.0,0.0,1.025,0.0,0.0,0.0,0.0,0.0
0,l3215203.1,3201,7.8446470649,1.93905033303,0.0,1.0,0.0,0.0,0.0,0.0,0.0,0.0,0.0,0.0,0.0,0.0,0.0
0,l3215203.2,3202,8.58520810745,2.14174967638,0.0,0.0,1.0,0.0,0.0,0.0,0.0,0.0,0.0,0.0,0.0,0.0,0.0
0,l3215203.3,3203,9.1197266522,2.21282433462,0.0,0.0,0.0,1.0,0.0,0.0,0.0,0.0,0.0,0.0,0.0,0.0,0.0
0,l3122847.1,3205,2.43655627495,0.621646845747,0.0,1.0,0.0,0.0,1.0124999999999995,0.0,0.0,1.025,0.0,0.0,0.0,0.0,0.0
0,l3141396.3,3208,2.80134404962,0.677677266754,0.0,0.0,0.0,1.0,0.0,0.0,1.0,0.0,0.0,0.99375,0.0,0.0,0.0
0,l3066808.3,3209,2.8771335702,0.63894969134,0.0,0.0,0.0,1.0,0.0,0.0,1.0,0.0,0.0,0.99375,0.0,0.0,0.0
0,l3195751.1,3215,3.89900239135,0.991022206236,0.0,1.0,0.0,0.0,1.0124999999999995,0.0,0.0,1.025,0.0,0.0,0.0,0.0,0.0
0,l3085410.2,3217,2.50458668825,0.639939298655,0.0,0.0,1.0,0.0,0.0,0.0,0.0,0.0,1.0125000000000002,0.0,0.0,0.0,0.0
0,l3178982.1,3221,4.07169231869,1.02881655201,0.0,1.0,0.0,0.0,1.0124999999999995,0.0,0.0,1.025,0.0,0.0,0.0,0.0,0.0
0,l3197636.2,3225,4.36270713115,1.04652554121,0.0,0.0,1.0,0.0,0.0,1.00625,0.0,0.0,1.0125000000000002,0.0,0.0,0.0,0.0
0,l2876798.2,3228,4.35225744999,1.13548751273,0.0,0.0,1.0,0.0,0.0,1.00625,0.0,0.0,1.0125000000000002,0.0,0.0,0.0,0.0
0,l3104136.2,3232,2.60895642136,0.635814338742,0.0,0.0,1.0,0.0,0.0,1.00625,0.0,0.0,1.0125000000000002,0.0,0.0,0.0,0.0
0,l3048888.3,3234,2.71459681061,0.673204333441,0.0,0.0,0.0,1.0,0.0,0.0,0.0,0.0,0.0,0.0,0.0,0.0,0.0
0,l3197644.1,3241,2.50733842308,0.64175519372,0.0,1.0,0.0,0.0,0.0,0.0,0.0,0.0,0.0,0.0,1.0125000000000002,0.0,0.0
0,l3251806.2,3243,2.55659939821,0.633531598726,0.0,0.0,1.0,0.0,0.0,1.00625,0.0,0.0,1.0125000000000002,0.0,0.0,0.0,0.0
0,l2804249.3,3250,2.64911621699,0.629636721519,0.0,0.0,0.0,1.0,0.0,0.0,0.0,0.0,0.0,0.0,0.0,0.0,0.0
0,l2935557.1,3251,6.19519159604,1.56464620788,0.0,1.0,0.0,0.0,1.0124999999999995,0.0,0.0,1.025,0.0,0.0,0.0,0.0,0.0
0,l2690868.3,3253,9.11353046123,2.33969777229,0.0,0.0,0.0,1.0,0.0,0.0,1.0,0.0,0.0,0.99375,0.0,0.0,0.0
0,l3030204.1,3254,4.17749696571,1.02517821311,0.0,1.0,0.0,0.0,0.0,0.0,0.0,0.0,0.0,0.0,0.0,0.0,0.0
0,l3179637.3,3257,6.82669240111,1.7592526656,0.0,0.0,0.0,1.0,0.0,0.0,0.0,0.0,0.0,0.0,0.0,0.0,0.0
0,l3181545.3,3271,2.81827531325,0.710476830178,0.0,0.0,0.0,1.0,0.0,0.0,1.0,0.0,0.0,0.99375,0.0,0.0,0.0
0,l3178976.1,3275,2.31655038648,0.54213763234,0.0,1.0,0.0,0.0,1.0124999999999995,0.0,0.0,1.025,0.0,0.0,0.0,0.0,0.0
0,l3065665.1,3276,4.10559771078,1.01468968403,0.0,1.0,0.0,0.0,0.0,0.0,0.0,0.0,0.0,0.0,0.0,0.0,0.0
0,l2785514.1,3277,4.05747624951,1.02012065824,0.0,1.0,0.0,0.0,1.0124999999999995,0.0,0.0,1.025,0.0,0.0,0.0,0.0,0.0
0,l2710536.1,3278,3.97830228591,0.933127061585,0.0,1.0,0.0,0.0,1.0124999999999995,0.0,0.0,1.025,0.0,0.0,0.0,0.0,0.0
0,l2936216.3,3279,1.85435497507,0.427798783784,0.0,0.0,0.0,1.0,0.0,0.0,0.0,0.0,0.0,0.0,0.0,0.0,0.0
0,l3048231.2,3281,8.31116422923,2.18341939579,0.0,0.0,1.0,0.0,0.0,0.0,0.0,0.0,0.0,0.0,0.0,1.01875,0.0
0,l2879071.2,3289,4.34774375572,1.11108730212,0.0,0.0,1.0,0.0,0.0,1.00625,0.0,0.0,1.0125000000000002,0.0,0.0,0.0,0.0
0,l3029504.2,3290,4.06381852462,1.06975171018,0.0,0.0,1.0,0.0,0.0,1.00625,0.0,0.0,1.0125000000000002,0.0,0.0,0.0,0.0
0,l2804251.1,3295,1.60358444239,0.377418889078,0.0,1.0,0.0,0.0,0.0,0.0,0.0,0.0,0.0,0.0,1.0125000000000002,0.0,0.0
0,l2764399.2,3297,2.66021205314,0.653121385731,0.0,0.0,1.0,0.0,0.0,1.00625,0.0,0.0,1.0125000000000002,0.0,0.0,0.0,0.0
0,l2842383.1,3299,2.31181379416,0.572178082744,0.0,1.0,0.0,0.0,0.0,0.0,0.0,0.0,0.0,0.0,0.0,0.0,0.0
0,l2745811.3,3302,4.56311883523,1.17669844482,0.0,0.0,0.0,1.0,0.0,0.0,0.0,0.0,0.0,0.0,0.0,0.0,0.0
0,l2804252.1,3303,3.92486133147,0.951797693282,0.0,1.0,0.0,0.0,0.0,0.0,0.0,0.0,0.0,0.0,1.0125000000000002,0.0,0.0
0,l3066815.3,3306,4.51703069213,1.13958915609,0.0,0.0,0.0,1.0,0.0,0.0,1.0,0.0,0.0,0.99375,0.0,0.0,0.0
0,l2710544.1,3308,2.28834306217,0.605282175808,0.0,1.0,0.0,0.0,1.0124999999999995,0.0,0.0,1.025,0.0,0.0,0.0,0.0,0.0
0,l3160117.2,3312,4.47347464004,1.05079039893,0.0,0.0,1.0,0.0,0.0,1.00625,0.0,0.0,1.0125000000000002,0.0,0.0,0.0,0.0
0,l3029510.2,3313,2.60640972379,0.666036895415,0.0,0.0,1.0,0.0,0.0,1.00625,0.0,0.0,1.0125000000000002,0.0,0.0,0.0,0.0
0,l2730149.3,3320,2.71210939809,0.659470505969,0.0,0.0,0.0,1.0,0.0,0.0,0.0,0.0,0.0,0.0,0.0,0.0,0.0
0,l2860500.2,3321,2.73414777971,0.640999032349,0.0,0.0,1.0,0.0,0.0,1.00625,0.0,0.0,1.0125000000000002,0.0,0.0,0.0,0.0
0,l3216347.3,3322,2.73712460523,0.696432767499,0.0,0.0,0.0,1.0,0.0,0.0,0.0,0.0,0.0,0.0,0.0,0.0,1.0
0,l2767341.3,3325,6.83015715169,1.75982140825,0.0,0.0,0.0,1.0,0.0,0.0,0.0,0.0,0.0,0.0,0.0,0.0,0.0
0,l3030203.3,3332,4.74168265095,1.18954795552,0.0,0.0,0.0,1.0,0.0,0.0,0.0,0.0,0.0,0.0,0.0,0.0,0.0
0,l2879773.1,3333,3.84446083926,1.01644500286,0.0,1.0,0.0,0.0,0.0,0.0,0.0,0.0,0.0,0.0,0.0,0.0,0.0
0,l2804282.3,3336,2.93509221548,0.67794836823,0.0,0.0,0.0,1.0,0.0,0.0,0.0,0.0,0.0,0.0,0.0,0.0,0.0
0,l3225319.2,3343,6.26964193708,1.58538456627,0.0,0.0,1.0,0.0,0.0,0.0,0.0,0.0,0.0,0.0,0.0,1.01875,0.0
0,l3048201.2,3344,4.41315276661,1.09128433656,0.0,0.0,1.0,0.0,0.0,0.0,0.0,0.0,0.0,0.0,0.0,1.01875,0.0
0,l2823545.1,3346,3.94532393653,1.05709431041,0.0,1.0,0.0,0.0,0.0,0.0,0.0,0.0,0.0,0.0,0.0,0.0,0.0
0,l3160108.2,3347,6.42640614172,1.63181096206,0.0,0.0,1.0,0.0,0.0,1.00625,0.0,0.0,1.0125000000000002,0.0,0.0,0.0,0.0
0,l3029055.2,3351,6.75829627134,1.69084113837,0.0,0.0,1.0,0.0,0.0,0.0,0.0,0.0,0.0,0.0,0.0,0.0,0.0
0,l3645811.3,3358,14.3088728766,3.39113147358,0.0,0.0,0.0,1.0,0.0,0.0,1.0,0.0,0.0,0.99375,0.0,0.0,0.0
0,l3254229.2,3359,4.48740245073,1.05578080335,0.0,0.0,1.0,0.0,0.0,0.0,0.0,0.0,1.0125000000000002,0.0,0.0,0.0,0.0
0,l2710521.1,3360,3.76398216428,0.988269321088,0.0,1.0,0.0,0.0,0.0,0.0,0.0,0.0,0.0,0.0,1.0125000000000002,0.0,0.0
0,l3253995.3,3365,2.52771748509,0.665145802835,0.0,0.0,0.0,1.0,0.0,0.0,1.0,0.0,0.0,0.99375,0.0,0.0,0.0
0,l2841638.3,3366,2.91271944106,0.687687514406,0.0,0.0,0.0,1.0,0.0,0.0,0.0,0.0,0.0,0.0,0.0,0.0,1.0
0,l2860492.3,3367,2.67983991962,0.683474068651,0.0,0.0,0.0,1.0,0.0,0.0,0.0,0.0,0.0,0.0,0.0,0.0,1.0
0,l2691959.2,3368,16.5345786497,4.46077206454,0.0,0.0,1.0,0.0,0.0,0.0,0.0,0.0,0.0,0.0,0.0,1.01875,0.0
0,l2973159.1,3369,2.24588850201,0.60539763867,0.0,1.0,0.0,0.0,1.0124999999999995,0.0,0.0,1.025,0.0,0.0,0.0,0.0,0.0
0,l2822859.2,3370,4.38427024121,1.10627103903,0.0,0.0,1.0,0.0,0.0,0.0,0.0,0.0,0.0,0.0,0.0,1.01875,0.0
0,l2973158.3,3371,2.78184872649,0.694129005973,0.0,0.0,0.0,1.0,0.0,0.0,0.0,0.0,0.0,0.0,0.0,0.0,1.0
0,l2674052.3,3372,2.62980596517,0.704943762218,0.0,0.0,0.0,1.0,0.0,0.0,0.0,0.0,0.0,0.0,0.0,0.0,0.0
0,l2916620.1,3379,1.55622983195,0.406152989654,0.0,1.0,0.0,0.0,0.0,0.0,0.0,1.025,0.0,0.0,0.0,0.0,0.0
0,l2916620.2,3380,1.69639274349,0.438514047777,0.0,0.0,1.0,0.0,0.0,0.0,0.0,0.0,1.0125000000000002,0.0,0.0,0.0,0.0
0,l2916620.3,3381,1.86125245016,0.450541768891,0.0,0.0,0.0,1.0,0.0,0.0,0.0,0.0,0.0,0.99375,0.0,0.0,0.0
0,l3104124.2,3384,2.71007101607,0.666740503888,0.0,0.0,1.0,0.0,0.0,1.00625,0.0,0.0,1.0125000000000002,0.0,0.0,0.0,0.0
0,l3233412.1,3385,8.08150260426,1.93069083051,0.0,1.0,0.0,0.0,0.0,0.0,0.0,0.0,0.0,0.0,0.0,0.0,0.0
0,l3235266.3,3386,4.72560725975,1.07145806057,0.0,0.0,0.0,1.0,0.0,0.0,0.0,0.0,0.0,0.0,0.0,0.0,1.0
0,l3235267.3,3387,4.72507904381,1.13548531787,0.0,0.0,0.0,1.0,0.0,0.0,1.0,0.0,0.0,0.99375,0.0,0.0,0.0
0,l3235248.3,3388,2.61147799009,0.663312693152,0.0,0.0,0.0,1.0,0.0,0.0,1.0,0.0,0.0,0.99375,0.0,0.0,0.0
0,l3217064.2,3389,4.48648001715,1.06036629604,0.0,0.0,1.0,0.0,0.0,0.0,0.0,0.0,0.0,0.0,0.0,0.0,0.0
0,l3729297.1,3391,3.692315398,1.04722440887,0.0,1.0,0.0,0.0,1.0124999999999995,0.0,0.0,1.025,0.0,0.0,0.0,0.0,0.0
0,l3197625.3,3392,2.79120519622,0.700954418185,0.0,0.0,0.0,1.0,0.0,0.0,0.0,0.0,0.0,0.99375,0.0,0.0,0.0
0,l2917333.1,3393,4.13984600071,0.972057556159,0.0,1.0,0.0,0.0,0.0,0.0,0.0,0.0,0.0,0.0,0.0,0.0,0.0
0,l3142099.2,3396,4.29348472636,1.07664214452,0.0,0.0,1.0,0.0,0.0,0.0,0.0,0.0,0.0,0.0,0.0,0.0,0.0
0,l2898457.1,3397,1.55161483966,0.398532320992,0.0,1.0,0.0,0.0,0.0,0.0,0.0,0.0,0.0,0.0,0.0,0.0,0.0
0,l2842384.3,3403,1.80834200086,0.462619365825,0.0,0.0,0.0,1.0,0.0,0.0,0.0,0.0,0.0,0.0,0.0,0.0,0.0
0,l2763407.3,3404,4.55432725208,1.11356177267,0.0,0.0,0.0,1.0,0.0,0.0,0.0,0.0,0.0,0.0,0.0,0.0,0.0
0,l3176656.1,3410,4.02149866231,0.982797110774,0.0,1.0,0.0,0.0,1.0124999999999995,0.0,0.0,1.025,0.0,0.0,0.0,0.0,0.0
0,l2748781.1,3417,5.95920668322,1.46327646407,0.0,1.0,0.0,0.0,0.0,0.0,0.0,0.0,0.0,0.0,0.0,0.0,0.0
0,l2860501.2,3424,4.35383796092,1.10615096153,0.0,0.0,1.0,0.0,0.0,1.00625,0.0,0.0,1.0125000000000002,0.0,0.0,0.0,0.0
0,l2954353.1,3429,3.88958763951,1.01680178147,0.0,1.0,0.0,0.0,1.0124999999999995,0.0,0.0,1.025,0.0,0.0,0.0,0.0,0.0
0,l2726974.2,3430,4.32707687806,1.08670216048,0.0,0.0,1.0,0.0,0.0,0.0,0.0,0.0,1.0125000000000002,0.0,0.0,0.0,0.0
0,l2785527.1,3431,2.36861706067,0.575806140409,0.0,1.0,0.0,0.0,0.0,0.0,0.0,0.0,0.0,0.0,1.0125000000000002,0.0,0.0
0,l2766729.1,3432,3.9797290284,1.03836837855,0.0,1.0,0.0,0.0,0.0,0.0,0.0,0.0,0.0,0.0,1.0125000000000002,0.0,0.0
0,l3176660.2,3437,2.65537868076,0.664892932093,0.0,0.0,1.0,0.0,0.0,0.0,0.0,0.0,1.0125000000000002,0.0,0.0,0.0,0.0
0,l2673343.2,3443,2.61722634125,0.689620334369,0.0,0.0,1.0,0.0,0.0,1.00625,0.0,0.0,1.0125000000000002,0.0,0.0,0.0,0.0
0,l3029495.2,3446,2.74601388317,0.691901231433,0.0,0.0,1.0,0.0,0.0,0.0,0.0,0.0,0.0,0.0,0.0,1.01875,0.0
0,l2823592.1,3450,0.831606162303,0.199672030579,430.287590022,1.0,0.0,0.0,0.0,0.0,0.0,0.0,0.0,0.0,0.0,0.0,0.0
0,l2992624.1,3456,2.38866288848,0.603476593386,0.0,1.0,0.0,0.0,0.0,0.0,0.0,0.0,0.0,0.0,0.0,0.0,0.0
0,l3232301.3,3459,13.9125315213,3.33187132739,0.0,0.0,0.0,1.0,0.0,0.0,1.0,0.0,0.0,0.99375,0.0,0.0,0.0
0,l2858175.1,3461,2.39457454303,0.586046739565,0.0,1.0,0.0,0.0,1.0124999999999995,0.0,0.0,1.025,0.0,0.0,0.0,0.0,0.0
0,l3045895.3,3463,4.36353044623,1.12509469207,0.0,0.0,0.0,1.0,0.0,0.0,0.0,0.0,0.0,0.0,0.0,0.0,0.0
0,l2841618.1,3464,3.7352589466,1.0006628456,0.0,1.0,0.0,0.0,1.0124999999999995,0.0,0.0,1.025,0.0,0.0,0.0,0.0,0.0
0,l2785547.2,3468,4.21166336162,1.04143200103,0.0,0.0,1.0,0.0,0.0,1.00625,0.0,0.0,1.0125000000000002,0.0,0.0,0.0,0.0
0,l0247160.2,3471,0.0,0.0,0.0,0.0,1.0,0.0,0.0,0.0,0.0,0.0,0.0,0.0,0.0,1.01875,0.0
0,l3122823.2,3472,4.26730967314,1.16150316918,0.0,0.0,1.0,0.0,0.0,0.0,0.0,0.0,0.0,0.0,0.0,1.01875,0.0
0,l3048966.3,3473,2.81386884703,0.695867212161,0.0,0.0,0.0,1.0,0.0,0.0,0.0,0.0,0.0,0.0,0.0,0.0,0.0
0,l3101788.1,3478,3.96197070338,0.995831939234,0.0,1.0,0.0,0.0,1.0124999999999995,0.0,0.0,1.025,0.0,0.0,0.0,0.0,0.0
0,l2916603.2,3480,2.51839406414,0.645671080952,0.0,0.0,1.0,0.0,0.0,1.00625,0.0,0.0,1.0125000000000002,0.0,0.0,0.0,0.0
0,l3160106.1,3481,3.73326575301,1.0179081819,0.0,1.0,0.0,0.0,1.0124999999999995,0.0,0.0,1.025,0.0,0.0,0.0,0.0,0.0
0,l3178988.2,3494,1.64346972676,0.422004757027,0.0,0.0,1.0,0.0,0.0,0.0,0.0,0.0,1.0125000000000002,0.0,0.0,0.0,0.0
0,l3010568.1,3495,3.92908929982,1.0160730817,0.0,1.0,0.0,0.0,1.0124999999999995,0.0,0.0,1.025,0.0,0.0,0.0,0.0,0.0
0,l2804248.2,3502,1.72072648875,0.421611589564,0.0,0.0,1.0,0.0,0.0,1.00625,0.0,0.0,1.0125000000000002,0.0,0.0,0.0,0.0
0,l2729413.1,3503,2.34770313551,0.596218651938,0.0,1.0,0.0,0.0,1.0124999999999995,0.0,0.0,1.025,0.0,0.0,0.0,0.0,0.0
0,l2673314.3,3504,1.81623209273,0.46009884305,0.0,0.0,0.0,1.0,0.0,0.0,1.0,0.0,0.0,0.99375,0.0,0.0,0.0
0,l2785528.2,3505,2.58848556253,0.649875621975,0.0,0.0,1.0,0.0,0.0,0.0,0.0,0.0,0.0,0.0,0.0,1.01875,0.0
0,l2897773.1,3506,1.59270173309,0.386617537889,0.0,1.0,0.0,0.0,1.0124999999999995,0.0,0.0,1.025,0.0,0.0,0.0,0.0,0.0
0,l3010567.3,3507,2.67945645924,0.685636234506,0.0,0.0,0.0,1.0,0.0,0.0,0.0,0.0,0.0,0.0,0.0,0.0,1.0
0,l2991917.2,3508,1.81756906182,0.448048153465,0.0,0.0,1.0,0.0,0.0,0.0,0.0,0.0,0.0,0.0,0.0,1.01875,0.0
0,l2766730.2,3509,2.56711830623,0.682912664276,0.0,0.0,1.0,0.0,0.0,1.00625,0.0,0.0,1.0125000000000002,0.0,0.0,0.0,0.0
0,l3217057.1,3523,1.52091241035,0.401827782556,0.0,1.0,0.0,0.0,0.0,0.0,0.0,0.0,0.0,0.0,0.0,0.0,0.0
0,l2785515.3,3525,4.66646947371,1.16142351636,0.0,0.0,0.0,1.0,0.0,0.0,0.0,0.0,0.0,0.0,0.0,0.0,0.0
0,l2729424.1,3527,2.37405105097,0.637439386907,0.0,1.0,0.0,0.0,0.0,0.0,0.0,1.025,0.0,0.0,0.0,0.0,0.0
0,l2917359.1,3528,2.34151808549,0.598989140736,0.0,1.0,0.0,0.0,0.0,0.0,0.0,0.0,0.0,0.0,0.0,0.0,0.0
0,l3027133.1,3530,3.72440924494,0.996747453264,0.0,1.0,0.0,0.0,1.0124999999999995,0.0,0.0,1.025,0.0,0.0,0.0,0.0,0.0
0,l3197627.3,3531,4.47506298521,1.13862055799,0.0,0.0,0.0,1.0,0.0,0.0,0.0,0.0,0.0,0.0,0.0,0.0,0.0
0,l2748129.1,3533,5.86223393939,1.60713502318,0.0,1.0,0.0,0.0,0.0,0.0,0.0,0.0,0.0,0.0,1.0125000000000002,0.0,0.0
0,l3027671.1,3543,5.76293908266,1.5044871275,0.0,1.0,0.0,0.0,0.0,0.0,0.0,0.0,0.0,0.0,0.0,0.0,0.0
0,l2710532.3,3546,1.88040902143,0.454713281286,0.0,0.0,0.0,1.0,0.0,0.0,1.0,0.0,0.0,0.99375,0.0,0.0,0.0
0,l2785526.2,3547,2.47938472624,0.648045452603,0.0,0.0,1.0,0.0,0.0,0.0,0.0,0.0,0.0,0.0,0.0,1.01875,0.0
0,l2857591.1,3548,2.38048313315,0.604877059016,0.0,1.0,0.0,0.0,1.0124999999999995,0.0,0.0,1.025,0.0,0.0,0.0,0.0,0.0
0,l2841630.3,3549,4.38461204168,1.13002695463,0.0,0.0,0.0,1.0,0.0,0.0,0.0,0.0,0.0,0.0,0.0,0.0,1.0
0,l3312692.1,3550,3.90333555394,1.00138036901,0.0,1.0,0.0,0.0,1.0124999999999995,0.0,0.0,1.025,0.0,0.0,0.0,0.0,0.0
0,l3179678.2,3555,2.538424177,0.670047666289,0.0,0.0,1.0,0.0,0.0,0.0,0.0,0.0,0.0,0.0,0.0,0.0,0.0
0,l3632979.1,3561,2.37659808696,0.592966435636,0.0,1.0,0.0,0.0,1.0124999999999995,0.0,0.0,1.025,0.0,0.0,0.0,0.0,0.0
0,l3104796.3,3563,4.56861702353,1.22532985016,0.0,0.0,0.0,1.0,0.0,0.0,0.0,0.0,0.0,0.0,0.0,0.0,0.0
0,l2785519.1,3565,4.04190629231,1.0211428054,0.0,1.0,0.0,0.0,0.0,0.0,0.0,0.0,0.0,0.0,1.0125000000000002,0.0,0.0
0,l3104122.1,3566,3.95039776438,0.979150110665,0.0,1.0,0.0,0.0,0.0,0.0,0.0,0.0,0.0,0.0,1.0125000000000002,0.0,0.0
0,l3197618.1,3567,2.42983574285,0.620206729077,0.0,1.0,0.0,0.0,1.0124999999999995,0.0,0.0,1.025,0.0,0.0,0.0,0.0,0.0
0,l2841633.1,3574,4.03401901009,0.980272944173,0.0,1.0,0.0,0.0,1.0124999999999995,0.0,0.0,1.025,0.0,0.0,0.0,0.0,0.0
0,l3254206.2,3577,4.3489307661,1.04269527789,0.0,0.0,1.0,0.0,0.0,1.00625,0.0,0.0,1.0125000000000002,0.0,0.0,0.0,0.0
0,l2955074.1,3584,6.01488595452,1.52228360192,0.0,1.0,0.0,0.0,0.0,0.0,0.0,0.0,0.0,0.0,0.0,0.0,0.0
0,l3010585.1,3588,6.22992022262,1.4090299844,0.0,1.0,0.0,0.0,1.0124999999999995,0.0,0.0,1.025,0.0,0.0,0.0,0.0,0.0
0,l2861219.2,3589,4.19520672747,1.05992302946,0.0,0.0,1.0,0.0,0.0,0.0,0.0,0.0,0.0,0.0,0.0,0.0,0.0
0,l3104135.1,3590,2.30699406518,0.572298581461,0.0,1.0,0.0,0.0,0.0,0.0,0.0,0.0,0.0,0.0,1.0125000000000002,0.0,0.0
0,l3254203.2,3591,2.71652798425,0.654233639824,0.0,0.0,1.0,0.0,0.0,1.00625,0.0,0.0,1.0125000000000002,0.0,0.0,0.0,0.0
0,l2954352.3,3592,4.73022527405,1.19414921765,0.0,0.0,0.0,1.0,0.0,0.0,0.0,0.0,0.0,0.0,0.0,0.0,1.0
0,l2842379.1,3594,6.08745729008,1.51515705868,0.0,1.0,0.0,0.0,0.0,0.0,0.0,0.0,0.0,0.0,0.0,0.0,0.0
0,l2916617.2,3595,4.32143743789,1.09981390563,0.0,0.0,1.0,0.0,0.0,0.0,0.0,0.0,1.0125000000000002,0.0,0.0,0.0,0.0
0,l2766727.2,3599,2.60273299206,0.621130822219,0.0,0.0,1.0,0.0,0.0,0.0,0.0,0.0,0.0,0.0,0.0,1.01875,0.0
0,l2801909.3,3603,1.88244287626,0.47226514538,0.0,0.0,0.0,1.0,0.0,0.0,0.0,0.0,0.0,0.0,0.0,0.0,0.0
0,l2748131.2,3605,2.70600448123,0.715803431298,0.0,0.0,1.0,0.0,0.0,1.00625,0.0,0.0,1.0125000000000002,0.0,0.0,0.0,0.0
0,l2729427.2,3606,2.56637209762,0.624150503565,0.0,0.0,1.0,0.0,0.0,1.00625,0.0,0.0,1.0125000000000002,0.0,0.0,0.0,0.0
0,l2766717.3,3607,1.86733520898,0.44637074339,0.0,0.0,0.0,1.0,0.0,0.0,0.0,0.0,0.0,0.0,0.0,0.0,1.0
0,l2879064.1,3608,4.08075296885,1.01209642908,0.0,1.0,0.0,0.0,0.0,0.0,0.0,0.0,0.0,0.0,1.0125000000000002,0.0,0.0
0,l3195318.2,3609,2.65809837238,0.651185844169,0.0,0.0,1.0,0.0,0.0,0.0,0.0,0.0,0.0,0.0,0.0,1.01875,0.0
0,l3254204.1,3610,2.47135258985,0.6001953959,0.0,1.0,0.0,0.0,1.0124999999999995,0.0,0.0,1.025,0.0,0.0,0.0,0.0,0.0
0,l2973148.1,3611,4.04577749833,1.0271012313,0.0,1.0,0.0,0.0,0.0,0.0,0.0,1.025,0.0,0.0,0.0,0.0,0.0
0,l2801902.2,3612,6.5513896669,1.58922948354,0.0,0.0,1.0,0.0,0.0,0.0,0.0,0.0,1.0125000000000002,0.0,0.0,0.0,0.0
0,l2748146.1,3613,2.48065367045,0.64051703877,0.0,1.0,0.0,0.0,0.0,0.0,0.0,0.0,0.0,0.0,1.0125000000000002,0.0,0.0
0,l3197624.2,3616,0.87233652769,0.222929216662,0.0,0.0,1.0,0.0,0.0,1.00625,0.0,0.0,1.0125000000000002,0.0,0.0,0.0,0.0
0,l3197654.1,3618,3.93785245821,0.967179844253,0.0,1.0,0.0,0.0,0.0,0.0,0.0,1.025,0.0,0.0,0.0,0.0,0.0
0,l2710505.2,3619,2.59948945387,0.642434617532,0.0,0.0,1.0,0.0,0.0,1.00625,0.0,0.0,1.0125000000000002,0.0,0.0,0.0,0.0
0,l2879065.2,3620,1.70742246659,0.438118031163,0.0,0.0,1.0,0.0,0.0,0.0,0.0,0.0,0.0,0.0,0.0,1.01875,0.0
0,l2898522.1,3622,4.03346797661,1.02036867861,0.0,1.0,0.0,0.0,0.0,0.0,0.0,0.0,0.0,0.0,0.0,0.0,0.0
0,l2992556.3,3623,2.83012911535,0.680432947862,0.0,0.0,0.0,1.0,0.0,0.0,0.0,0.0,0.0,0.0,0.0,0.0,0.0
0,l3064514.3,3627,2.65046588677,0.718302514208,0.0,0.0,0.0,1.0,0.0,0.0,0.0,0.0,0.0,0.0,0.0,0.0,0.0
0,l3141402.3,3628,4.45636881788,1.10029439493,0.0,0.0,0.0,1.0,0.0,0.0,1.0,0.0,0.0,0.99375,0.0,0.0,0.0
0,l2859391.2,3629,4.24447582459,1.0771171135,0.0,0.0,1.0,0.0,0.0,1.00625,0.0,0.0,1.0125000000000002,0.0,0.0,0.0,0.0
0,l2860489.1,3630,2.35905446774,0.608927351586,0.0,1.0,0.0,0.0,0.0,0.0,0.0,0.0,0.0,0.0,1.0125000000000002,0.0,0.0
0,l2710514.2,3633,4.29527557462,1.11121812227,0.0,0.0,1.0,0.0,0.0,1.00625,0.0,0.0,1.0125000000000002,0.0,0.0,0.0,0.0
0,l2726975.2,3634,2.66323089703,0.675356403425,0.0,0.0,1.0,0.0,0.0,1.00625,0.0,0.0,1.0125000000000002,0.0,0.0,0.0,0.0
0,l3649306.1,3635,5.6278205544,1.49197210127,0.0,1.0,0.0,0.0,1.0124999999999995,0.0,0.0,1.025,0.0,0.0,0.0,0.0,0.0
0,l2767407.2,3636,1.70899944308,0.437771265748,0.0,0.0,1.0,0.0,0.0,0.0,0.0,0.0,0.0,0.0,0.0,0.0,0.0
0,l2730107.3,3637,4.55888921751,1.14914154606,0.0,0.0,0.0,1.0,0.0,0.0,0.0,0.0,0.0,0.99375,0.0,0.0,0.0
0,l3216339.2,3641,4.16959275121,1.0808810712,0.0,0.0,1.0,0.0,0.0,0.0,0.0,0.0,0.0,0.0,0.0,1.01875,0.0
0,l2897792.1,3644,2.46351981024,0.622944969419,0.0,1.0,0.0,0.0,0.0,0.0,0.0,1.025,0.0,0.0,0.0,0.0,0.0
0,l2729407.2,3651,2.60610004203,0.64988743781,0.0,0.0,1.0,0.0,0.0,0.0,0.0,0.0,0.0,0.0,0.0,1.01875,0.0
0,l3342743.3,3652,1.8205354316,0.437251307624,0.0,0.0,0.0,1.0,0.0,0.0,1.0,0.0,0.0,0.99375,0.0,0.0,0.0
0,l3122818.3,3653,4.52817453999,1.12699667577,0.0,0.0,0.0,1.0,0.0,0.0,1.0,0.0,0.0,0.99375,0.0,0.0,0.0
0,l3048203.2,3655,4.30959944276,1.15529887036,0.0,0.0,1.0,0.0,0.0,1.00625,0.0,0.0,1.0125000000000002,0.0,0.0,0.0,0.0
0,l2936276.2,3656,1.77720244052,0.416883818853,0.0,0.0,1.0,0.0,0.0,0.0,0.0,0.0,0.0,0.0,0.0,0.0,0.0
0,l2860499.2,3657,8.46692384388,2.12622499184,0.0,0.0,1.0,0.0,0.0,0.0,0.0,0.0,1.0125000000000002,0.0,0.0,0.0,0.0
0,l3030205.3,3659,4.53998919281,1.1275182445,0.0,0.0,0.0,1.0,0.0,0.0,0.0,0.0,0.0,0.0,0.0,0.0,0.0
0,l3008248.1,3660,2.49709537644,0.636600083998,0.0,1.0,0.0,0.0,1.0124999999999995,0.0,0.0,1.025,0.0,0.0,0.0,0.0,0.0
0,l2804250.3,3661,4.40556076321,1.1337929945,0.0,0.0,0.0,1.0,0.0,0.0,0.0,0.0,0.0,0.0,0.0,0.0,0.0
0,l2954354.1,3662,3.86260009529,0.964475577716,0.0,1.0,0.0,0.0,0.0,0.0,0.0,0.0,0.0,0.0,1.0125000000000002,0.0,0.0
0,l2673321.1,3663,3.89375755483,1.00153057118,0.0,1.0,0.0,0.0,0.0,0.0,0.0,0.0,0.0,0.0,1.0125000000000002,0.0,0.0
0,l3197634.2,3664,6.7263289297,1.5618921414,0.0,0.0,1.0,0.0,0.0,1.00625,0.0,0.0,1.0125000000000002,0.0,0.0,0.0,0.0
0,l3141389.1,3665,2.44196337433,0.583736606833,0.0,1.0,0.0,0.0,1.0124999999999995,0.0,0.0,1.025,0.0,0.0,0.0,0.0,0.0
0,l2935559.1,3666,3.77792841817,1.00062784261,0.0,1.0,0.0,0.0,0.0,0.0,0.0,0.0,0.0,0.0,1.0125000000000002,0.0,0.0
0,l3254217.3,3670,4.62113113621,1.18652450758,0.0,0.0,0.0,1.0,0.0,0.0,1.0,0.0,0.0,0.99375,0.0,0.0,0.0
0,l3101782.1,3671,5.75664705854,1.43875350944,0.0,1.0,0.0,0.0,0.0,0.0,0.0,0.0,0.0,0.0,0.0,0.0,0.0
0,l2745799.3,3672,4.65547366819,1.13567172645,0.0,0.0,0.0,1.0,0.0,0.0,1.0,0.0,0.0,0.99375,0.0,0.0,0.0
0,l3082983.2,3673,4.26102437694,1.03921475638,0.0,0.0,1.0,0.0,0.0,0.0,0.0,0.0,1.0125000000000002,0.0,0.0,0.0,0.0
0,l2691966.2,3674,8.70914211171,2.15791696356,0.0,0.0,1.0,0.0,0.0,0.0,0.0,0.0,1.0125000000000002,0.0,0.0,0.0,0.0
0,l3197642.3,3676,2.71234305531,0.682206164737,0.0,0.0,0.0,1.0,0.0,0.0,1.0,0.0,0.0,0.99375,0.0,0.0,0.0
0,l2973157.1,3677,3.81722762098,0.926173322786,0.0,1.0,0.0,0.0,1.0124999999999995,0.0,0.0,1.025,0.0,0.0,0.0,0.0,0.0
0,l2935550.3,3678,4.61721088756,1.13744666539,0.0,0.0,0.0,1.0,0.0,0.0,0.0,0.0,0.0,0.0,0.0,0.0,0.0
0,l3066821.1,3680,4.30411624912,0.928158647539,0.0,1.0,0.0,0.0,1.0124999999999995,0.0,0.0,1.025,0.0,0.0,0.0,0.0,0.0
0,l3178975.2,3682,4.22548941767,1.10509562798,0.0,0.0,1.0,0.0,0.0,1.00625,0.0,0.0,1.0125000000000002,0.0,0.0,0.0,0.0
0,l2916618.2,3686,6.95935177835,1.64468311528,0.0,0.0,1.0,0.0,0.0,0.0,0.0,0.0,1.0125000000000002,0.0,0.0,0.0,0.0
0,l2710515.3,3687,6.97509566485,1.72968896417,0.0,0.0,0.0,1.0,0.0,0.0,1.0,0.0,0.0,0.99375,0.0,0.0,0.0
0,l3235258.1,3688,2.39155807855,0.591215854245,0.0,1.0,0.0,0.0,1.0124999999999995,0.0,0.0,1.025,0.0,0.0,0.0,0.0,0.0
0,l3235258.2,3689,6.61663655844,1.74591866328,0.0,0.0,1.0,0.0,0.0,1.00625,0.0,0.0,1.0125000000000002,0.0,0.0,0.0,0.0
0,l3235258.3,3690,2.77132685854,0.72801034114,0.0,0.0,0.0,1.0,0.0,0.0,1.0,0.0,0.0,0.99375,0.0,0.0,0.0
0,l3141395.3,3691,4.42611745013,1.09844191003,0.0,0.0,0.0,1.0,0.0,0.0,1.0,0.0,0.0,0.99375,0.0,0.0,0.0
0,l3104123.3,3693,2.8190464224,0.691097417738,0.0,0.0,0.0,1.0,0.0,0.0,1.0,0.0,0.0,0.99375,0.0,0.0,0.0
0,l3645812.3,3697,6.78125272249,1.7729731043,0.0,0.0,0.0,1.0,0.0,0.0,1.0,0.0,0.0,0.99375,0.0,0.0,0.0
0,l3254214.2,3699,4.19618576171,1.1610392999,0.0,0.0,1.0,0.0,0.0,1.00625,0.0,0.0,1.0125000000000002,0.0,0.0,0.0,0.0
0,l2766749.2,3704,4.3382162647,1.09260684309,0.0,0.0,1.0,0.0,0.0,1.00625,0.0,0.0,1.0125000000000002,0.0,0.0,0.0,0.0
0,l2692660.1,3706,8.41602273038,1.99892804971,0.0,1.0,0.0,0.0,0.0,0.0,0.0,0.0,0.0,0.0,0.0,0.0,0.0
0,l2955076.1,3707,2.33529655227,0.557427662658,0.0,1.0,0.0,0.0,0.0,0.0,0.0,0.0,0.0,0.0,0.0,0.0,0.0
0,l3160114.1,3709,2.40242116632,0.58404000058,0.0,1.0,0.0,0.0,0.0,0.0,0.0,1.025,0.0,0.0,0.0,0.0,0.0
0,l3235245.3,3710,2.66114885791,0.67787094503,0.0,0.0,0.0,1.0,0.0,0.0,1.0,0.0,0.0,0.99375,0.0,0.0,0.0
0,l2785535.2,3714,6.77919530565,1.64638146542,0.0,0.0,1.0,0.0,0.0,0.0,0.0,0.0,1.0125000000000002,0.0,0.0,0.0,0.0
0,l2973150.1,3715,2.36653106623,0.589862687286,0.0,1.0,0.0,0.0,0.0,0.0,0.0,1.025,0.0,0.0,0.0,0.0,0.0
0,l3160113.2,3716,4.37249609669,1.0760184214,0.0,0.0,1.0,0.0,0.0,0.0,0.0,0.0,1.0125000000000002,0.0,0.0,0.0,0.0
0,l2710518.1,3717,4.00689837049,1.01122591819,0.0,1.0,0.0,0.0,1.0124999999999995,0.0,0.0,1.025,0.0,0.0,0.0,0.0,0.0
0,l3195310.1,3718,4.0212527291,0.993435518269,0.0,1.0,0.0,0.0,0.0,0.0,0.0,0.0,0.0,0.0,1.0125000000000002,0.0,0.0
0,l3142098.2,3719,4.42697086943,1.13344531399,0.0,0.0,1.0,0.0,0.0,0.0,0.0,0.0,0.0,0.0,0.0,0.0,0.0
0,l2897771.2,3721,2.65106995748,0.662498560629,0.0,0.0,1.0,0.0,0.0,0.0,0.0,0.0,0.0,0.0,0.0,0.0,0.0
0,l2917255.3,3722,4.59900527214,1.09949939619,0.0,0.0,0.0,1.0,0.0,0.0,0.0,0.0,0.0,0.0,0.0,0.0,0.0
0,l3254215.3,3723,2.66011972826,0.671825412938,0.0,0.0,0.0,1.0,0.0,0.0,0.0,0.0,0.0,0.0,0.0,0.0,1.0
0,l2989571.1,3724,2.41188402306,0.587555212364,0.0,1.0,0.0,0.0,1.0124999999999995,0.0,0.0,1.025,0.0,0.0,0.0,0.0,0.0
0,l3179699.2,3725,6.59877249256,1.71091074125,0.0,0.0,1.0,0.0,0.0,0.0,0.0,0.0,0.0,0.0,0.0,1.01875,0.0
0,l3029507.2,3726,4.25405788288,1.08061781501,0.0,0.0,1.0,0.0,0.0,0.0,0.0,0.0,0.0,0.0,0.0,1.01875,0.0
0,l2748124.2,3727,4.33464448782,1.08455013466,0.0,0.0,1.0,0.0,0.0,1.00625,0.0,0.0,1.0125000000000002,0.0,0.0,0.0,0.0
0,l2861218.3,3733,4.75223169415,1.16321719542,0.0,0.0,0.0,1.0,0.0,0.0,0.0,0.0,0.0,0.0,0.0,0.0,0.0
0,l0247162.2,3734,0.0,0.0,0.0,0.0,1.0,0.0,0.0,0.0,0.0,0.0,0.0,0.0,0.0,1.01875,0.0
0,l2935552.3,3735,2.62716595295,0.686785172451,0.0,0.0,0.0,1.0,0.0,0.0,0.0,0.0,0.0,0.0,0.0,0.0,0.0
0,l3216350.1,3736,3.843385706,0.972685588602,0.0,1.0,0.0,0.0,1.0124999999999995,0.0,0.0,1.025,0.0,0.0,0.0,0.0,0.0
0,l3197660.2,3737,4.31536303598,1.06540022724,0.0,0.0,1.0,0.0,0.0,1.00625,0.0,0.0,1.0125000000000002,0.0,0.0,0.0,0.0
0,l2822860.2,3739,4.60130982197,1.05961888392,0.0,0.0,1.0,0.0,0.0,1.00625,0.0,0.0,1.0125000000000002,0.0,0.0,0.0,0.0
0,l3101787.1,3740,4.00138564853,0.972375499897,0.0,1.0,0.0,0.0,1.0124999999999995,0.0,0.0,1.025,0.0,0.0,0.0,0.0,0.0
0,l3027132.1,3741,2.43208288109,0.604935462399,0.0,1.0,0.0,0.0,1.0124999999999995,0.0,0.0,1.025,0.0,0.0,0.0,0.0,0.0
0,l3179673.3,3742,2.77601665528,0.663636841742,0.0,0.0,0.0,1.0,0.0,0.0,0.0,0.0,0.0,0.0,0.0,0.0,0.0
0,l2879092.3,3743,4.35535433111,1.1585513551,0.0,0.0,0.0,1.0,0.0,0.0,1.0,0.0,0.0,0.99375,0.0,0.0,0.0
0,l2803199.1,3744,7.45343911302,1.98449513063,0.0,1.0,0.0,0.0,0.0,0.0,0.0,0.0,0.0,0.0,0.0,0.0,0.0
0,l2803199.2,3745,8.86274235759,2.12228489944,0.0,0.0,1.0,0.0,0.0,0.0,0.0,0.0,0.0,0.0,0.0,0.0,0.0
0,l2803199.3,3746,9.15962674734,2.35884765856,0.0,0.0,0.0,1.0,0.0,0.0,0.0,0.0,0.0,0.0,0.0,0.0,0.0
0,l3254208.3,3747,4.69855268265,1.12377655953,0.0,0.0,0.0,1.0,0.0,0.0,1.0,0.0,0.0,0.99375,0.0,0.0,0.0
0,l2991905.1,3750,5.84110270489,1.52905635303,0.0,1.0,0.0,0.0,1.0124999999999995,0.0,0.0,1.025,0.0,0.0,0.0,0.0,0.0
0,l2935560.3,3751,2.80437635496,0.709016291191,0.0,0.0,0.0,1.0,0.0,0.0,1.0,0.0,0.0,0.99375,0.0,0.0,0.0
0,l3085400.3,3752,4.47707566688,1.1085621268,0.0,0.0,0.0,1.0,0.0,0.0,0.0,0.0,0.0,0.0,0.0,0.0,1.0
0,l2764403.1,3753,3.80494264267,0.975862210671,0.0,1.0,0.0,0.0,0.0,0.0,0.0,1.025,0.0,0.0,0.0,0.0,0.0
0,l2785521.3,3757,6.760584013,1.7372736038,0.0,0.0,0.0,1.0,0.0,0.0,1.0,0.0,0.0,0.99375,0.0,0.0,0.0
0,l3216988.2,3758,4.3470596866,1.12689996835,0.0,0.0,1.0,0.0,0.0,0.0,0.0,0.0,0.0,0.0,0.0,0.0,0.0
0,l3649305.1,3759,2.4596843181,0.598239565679,0.0,1.0,0.0,0.0,1.0124999999999995,0.0,0.0,1.025,0.0,0.0,0.0,0.0,0.0
0,l2983432.1,3760,4.05708465884,0.978142987981,0.0,1.0,0.0,0.0,1.0124999999999995,0.0,0.0,1.025,0.0,0.0,0.0,0.0,0.0
0,l3315860.2,3761,2.56281956957,0.666312284244,0.0,0.0,1.0,0.0,0.0,1.00625,0.0,0.0,1.0125000000000002,0.0,0.0,0.0,0.0
0,l2729423.3,3763,2.7422051656,0.653123015604,0.0,0.0,0.0,1.0,0.0,0.0,0.0,0.0,0.0,0.99375,0.0,0.0,0.0
0,l2673307.3,3765,2.74683972066,0.696374631838,0.0,0.0,0.0,1.0,0.0,0.0,0.0,0.0,0.0,0.0,0.0,0.0,0.0
0,l2685809.1,3766,2.33254552095,0.601167555023,0.0,1.0,0.0,0.0,1.0124999999999995,0.0,0.0,1.025,0.0,0.0,0.0,0.0,0.0
0,l3254209.3,3767,7.05861866171,1.77111981929,0.0,0.0,0.0,1.0,0.0,0.0,1.0,0.0,0.0,0.99375,0.0,0.0,0.0
0,l2860477.1,3768,2.20055771161,0.607242841166,0.0,1.0,0.0,0.0,1.0124999999999995,0.0,0.0,1.025,0.0,0.0,0.0,0.0,0.0
0,l3048946.3,3770,2.74090089416,0.694405616162,0.0,0.0,0.0,1.0,0.0,0.0,0.0,0.0,0.0,0.0,0.0,0.0,0.0
0,l2973180.2,3772,4.46487988798,1.07897389806,0.0,0.0,1.0,0.0,0.0,1.00625,0.0,0.0,1.0125000000000002,0.0,0.0,0.0,0.0
0,l3066806.3,3773,2.91592020833,0.6760028935,0.0,0.0,0.0,1.0,0.0,0.0,0.0,0.0,0.0,0.0,0.0,0.0,0.0
0,l2785529.3,3774,4.45068863462,1.13643427714,0.0,0.0,0.0,1.0,0.0,0.0,1.0,0.0,0.0,0.99375,0.0,0.0,0.0
0,l3177894.1,3775,3.9338047989,1.02140047109,0.0,1.0,0.0,0.0,1.0124999999999995,0.0,0.0,1.025,0.0,0.0,0.0,0.0,0.0
0,l2731712.2,3776,4.50159466127,1.08479231539,0.0,0.0,1.0,0.0,0.0,1.00625,0.0,0.0,1.0125000000000002,0.0,0.0,0.0,0.0
0,l2917310.2,3777,2.69144263636,0.673378816095,0.0,0.0,1.0,0.0,0.0,0.0,0.0,0.0,0.0,0.0,0.0,0.0,0.0
0,l3085394.3,3781,2.59912402764,0.706854909201,0.0,0.0,0.0,1.0,0.0,0.0,0.0,0.0,0.0,0.0,0.0,0.0,0.0
0,l3236004.3,3782,2.83932125103,0.663541516607,0.0,0.0,0.0,1.0,0.0,0.0,0.0,0.0,0.0,0.0,0.0,0.0,0.0
0,l2879066.2,3783,2.65434536697,0.666594202858,0.0,0.0,1.0,0.0,0.0,1.00625,0.0,0.0,1.0125000000000002,0.0,0.0,0.0,0.0
0,l3048214.1,3784,3.96533650295,1.01765495065,0.0,1.0,0.0,0.0,0.0,0.0,0.0,0.0,0.0,0.0,1.0125000000000002,0.0,0.0
0,l3120504.1,3785,2.38285557334,0.602698092033,0.0,1.0,0.0,0.0,1.0124999999999995,0.0,0.0,1.025,0.0,0.0,0.0,0.0,0.0
0,l2785543.2,3788,4.37090579942,1.00669698476,0.0,0.0,1.0,0.0,0.0,1.00625,0.0,0.0,1.0125000000000002,0.0,0.0,0.0,0.0
0,l2916602.1,3790,3.95265643775,0.986100496354,0.0,1.0,0.0,0.0,0.0,0.0,0.0,1.025,0.0,0.0,0.0,0.0,0.0
0,l2766748.1,3792,2.26426504553,0.589383959665,0.0,1.0,0.0,0.0,1.0124999999999995,0.0,0.0,1.025,0.0,0.0,0.0,0.0,0.0
0,l3104129.1,3796,6.07710526071,1.46679730898,0.0,1.0,0.0,0.0,1.0124999999999995,0.0,0.0,1.025,0.0,0.0,0.0,0.0,0.0
0,l3047058.1,3798,6.2019369183,1.52683230728,0.0,1.0,0.0,0.0,1.0124999999999995,0.0,0.0,1.025,0.0,0.0,0.0,0.0,0.0
0,l2710525.3,3800,4.44460691229,1.13937616271,0.0,0.0,0.0,1.0,0.0,0.0,1.0,0.0,0.0,0.99375,0.0,0.0,0.0
0,l3197640.3,3801,1.84677105685,0.484673216248,0.0,0.0,0.0,1.0,0.0,0.0,1.0,0.0,0.0,0.99375,0.0,0.0,0.0
0,l3010561.1,3802,2.32229001842,0.547892065412,0.0,1.0,0.0,0.0,1.0124999999999995,0.0,0.0,1.025,0.0,0.0,0.0,0.0,0.0
0,l3141390.2,3803,4.27686274801,1.14032521608,0.0,0.0,1.0,0.0,0.0,0.0,0.0,0.0,0.0,0.0,0.0,1.01875,0.0
