node,bus,phase,electrical_distance_ohm,reachable
sourcebus.1,sourcebus,1,nan,False
sourcebus.2,sourcebus,2,nan,False
sourcebus.3,sourcebus,3,nan,False
_hvmv_sub_lsb.1,_hvmv_sub_lsb,1,0.0,True
_hvmv_sub_lsb.2,_hvmv_sub_lsb,2,0.0,True
_hvmv_sub_lsb.3,_hvmv_sub_lsb,3,0.0,True
hvmv_sub_48332.1,hvmv_sub_48332,1,1.0049875621120892e-05,True
hvmv_sub_48332.2,hvmv_sub_48332,2,1.0049875621120892e-05,True
hvmv_sub_48332.3,hvmv_sub_48332,3,1.0049875621120892e-05,True
m1009763.2,m1009763,2,13.265049971792982,True
m1009763.1,m1009763,1,13.173636345373785,True
m1009763.3,m1009763,3,13.145696072728963,True
l2673322.2,l2673322,2,13.326755789196646,True
m1069148.3,m1069148,3,9.623704051173856,True
l2673309.3,l2673309,3,9.829355659425422,True
m1069588.2,m1069588,2,7.880508265848364,True
l2804270.2,l2804270,2,7.902459854701887,True
m3036164.2,m3036164,2,12.844181187371872,True
l2935553.2,l2935553,2,12.935758420362914,True
m1209749.2,m1209749,2,2.661769833906143,True
l2748840.2,l2748840,2,2.953604144815932,True
m1108264.2,m1108264,2,12.120672276927522,True
m1108263.2,m1108263,2,12.31255951015282,True
l3085398.1,l3085398,1,10.395198012530658,True
l3085398.2,l3085398,2,10.491195791522227,True
l3085398.3,l3085398,3,10.365810485767167,True
m1026891.1,m1026891,1,10.55992126406153,True
m1026891.2,m1026891,2,10.655653935506756,True
m1026891.3,m1026891,3,10.530617495092667,True
l3216367.1,l3216367,1,10.123522763452131,True
l3216367.2,l3216367,2,10.216254123463097,True
l3216367.3,l3216367,3,10.095124846255628,True
m1069468.1,m1069468,1,10.168694177353514,True
m1069468.2,m1069468,2,10.261538351787996,True
m1069468.3,m1069468,3,10.14026276595199,True
m1142800.2,m1142800,2,4.527360858148902,True
m1142799.2,m1142799,2,4.661374036427919,True
m1047592.3,m1047592,3,8.184774113330416,True
m1047592.1,m1047592,1,8.21267910210871,True
m1047592.2,m1047592,2,8.303672303744243,True
p827512.3,p827512,3,8.191785814583978,True
m1047339.1,m1047339,1,10.694549025391337,True
m1047339.2,m1047339,2,10.7347856395707,True
m1047339.3,m1047339,3,10.68228431979617,True
p895104.1,p895104,1,10.708823739715804,True
m1026915.1,m1026915,1,10.429778106205902,True
m1026915.2,m1026915,2,10.491990385338537,True
m1026915.3,m1026915,3,10.366542122014257,True
m1026920.1,m1026920,1,10.50833776610022,True
m1026920.2,m1026920,2,10.55181130584055,True
m1026920.3,m1026920,3,10.426454270314704,True
n1138596.1,n1138596,1,11.817352047744837,True
l3254207.1,l3254207,1,11.864321124379837,True
m1069464.2,m1069464,2,10.341624221293117,True
m1069464.1,m1069464,1,10.248580532777588,True
m1069464.3,m1069464,3,10.22008988634807,True
p873787.2,p873787,2,10.350580487555037,True
n1144665.1,n1144665,1,7.868368341623317,True
n1144665.2,n1144665,2,7.957125794458622,True
n1144665.3,n1144665,3,7.841137809041643,True
m1047515.1,m1047515,1,7.921044340360266,True
m1047515.2,m1047515,2,8.009713237751638,True
m1047515.3,m1047515,3,7.893841821837781,True
n1137002.1,n1137002,1,9.2446436726928,True
m1047707.1,m1047707,1,9.37747633028193,True
l2729406.3,l2729406,3,8.572885464023548,True
l2897768.3,l2897768,3,8.946416905612407,True
l3649301.1,l3649301,1,8.991690284524694,True
l3649302.1,l3649302,1,9.082265608921464,True
l2970842.2,l2970842,2,6.906743997257994,True
m1089113.2,m1089113,2,7.044589430371133,True
m1047312.1,m1047312,1,11.586750560782448,True
m1047312.2,m1047312,2,11.62551775120932,True
m1047312.3,m1047312,3,11.574950443790684,True
p893163.1,p893163,1,11.594470191245463,True
l2822871.1,l2822871,1,9.521222828968906,True
l2822871.2,l2822871,2,9.61548408430132,True
l2822871.3,l2822871,3,9.492347566557783,True
m1026872.1,m1026872,1,9.586930697816388,True
m1026872.2,m1026872,2,9.681356056830852,True
m1026872.3,m1026872,3,9.558006713600022,True
m1026312.2,m1026312,2,15.977374186174412,True
l2973163.2,l2973163,2,16.080014827260296,True
l3728038.1,l3728038,1,9.488408176615387,True
l3728039.1,l3728039,1,9.602034090176916,True
m1069567.2,m1069567,2,7.4495145192287975,True
m1069582.2,m1069582,2,7.742849660452199,True
n1140830.1,n1140830,1,12.20514541864696,True
l3216351.1,l3216351,1,12.221906163720316,True
l2952007.3,l2952007,3,6.706514160801173,True
l2861158.3,l2861158,3,6.949202745722819,True
n1140827.1,n1140827,1,11.853345868820023,True
n1140827.2,n1140827,2,11.935872804464939,True
n1140827.3,n1140827,3,11.828089080290866,True
m1026726.1,m1026726,1,11.886535245735084,True
m1026726.2,m1026726,2,11.969008766004837,True
m1026726.3,m1026726,3,11.861295333202422,True
l2730106.1,l2730106,1,3.958680314102329,True
l2730106.2,l2730106,2,4.013941092604891,True
l2730106.3,l2730106,3,3.941697664517531,True
n1142099.1,n1142099,1,3.975379213286821,True
n1142099.2,n1142099,2,4.030863793104365,True
n1142099.3,n1142099,3,3.9583278456130326,True
m1026658.1,m1026658,1,13.19947049210418,True
m1026658.2,m1026658,2,13.281130181752454,True
m1026658.3,m1026658,3,13.174506438547064,True
l3172805.1,l3172805,1,13.352698085818899,True
p895112.1,p895112,1,2.3173504071005557,True
l3048962.1,l3048962,1,2.3548188608026073,True
l2991914.1,l2991914,1,8.491459496620728,True
l2991914.2,l2991914,2,8.579210361123195,True
l2991914.3,l2991914,3,8.464547020427226,True
m1047503.1,m1047503,1,8.55997553816318,True
m1047503.2,m1047503,2,8.647616132139236,True
m1047503.3,m1047503,3,8.533097900721845,True
m1047751.1,m1047751,1,11.838652798764924,True
l2973154.1,l2973154,1,11.856502978364126,True
l3010565.3,l3010565,3,8.30983498825887,True
l2897775.3,l2897775,3,8.512106737092164,True
m1125955.3,m1125955,3,3.008515924231121,True
m1125957.3,m1125957,3,3.021238302753439,True
m1069640.2,m1069640,2,9.27112800799703,True
l2804269.2,l2804269,2,9.465102144634868,True
m1026702.1,m1026702,1,10.949742490535545,True
m1026702.2,m1026702,2,11.033779790232813,True
m1026702.3,m1026702,3,10.924007985488265,True
n1139551.1,n1139551,1,11.197336255644489,True
n1139551.2,n1139551,2,11.280957316897114,True
n1139551.3,n1139551,3,11.171733425488178,True
n1136355.2,n1136355,2,6.545337307481226,True
l2783231.2,l2783231,2,6.680377037823093,True
l2748143.1,l2748143,1,6.784586715257337,True
l3251854.1,l3251854,1,6.880900989748786,True
m1069610.2,m1069610,2,8.71831048707253,True
m1069600.2,m1069600,2,8.805868392864273,True
m1069424.1,m1069424,1,10.907516972462938,True
m1069424.2,m1069424,2,11.002202805522629,True
m1069424.3,m1069424,3,10.878538779101731,True
l2935549.1,l2935549,1,11.004308463641415,True
l2935549.2,l2935549,2,11.09923603091608,True
l2935549.3,l2935549,3,10.975258500243148,True
p895089.3,p895089,3,5.523752015664232,True
l3235242.3,l3235242,3,5.610659744842733,True
m1026795.3,m1026795,3,9.225088027957074,True
m1026795.1,m1026795,1,9.251695276634045,True
m1026795.2,m1026795,2,9.338492609504627,True
n1140522.3,n1140522,3,9.244561007621144,True
l3030199.1,l3030199,1,2.7863016186728427,True
l3030199.2,l3030199,2,2.8258407717838763,True
l3030199.3,l3030199,3,2.7741463317173003,True
m1125934.1,m1125934,1,2.8081707088268146,True
m1125934.2,m1125934,2,2.8480029549782846,True
m1125934.3,m1125934,3,2.795925427790421,True
m1069189.3,m1069189,3,7.498348479644407,True
m1069189.1,m1069189,1,7.512273690263769,True
m1069189.2,m1069189,2,7.557766345732915,True
l2860487.3,l2860487,3,7.660473256488017,True
221-312488.1,221-312488,1,5.514559785846206,True
221-312488.2,221-312488,2,5.5271972323079535,True
221-312488.3,221-312488,3,5.465382363066067,True
m1089183.1,m1089183,1,5.526223850283363,True
m1089183.2,m1089183,2,5.53886129674511,True
m1089183.3,m1089183,3,5.477046427503224,True
m1108464.2,m1108464,2,5.107951779808877,True
l3102286.2,l3102286,2,5.226279237606824,True
f739845.1,f739845,1,12.272727649899053,True
f739845.2,f739845,2,12.310362537705972,True
f739845.3,f739845,3,12.261285583799868,True
293471.1,293471,1,12.33130733032464,True
293471.2,293471,2,12.368847939302075,True
293471.3,293471,3,12.319895050578,True
p827499.1,p827499,1,11.123949195308578,True
n1139254.1,n1139254,1,11.136177076162754,True
m1026657.1,m1026657,1,12.208373900450963,True
m1026656.1,m1026656,1,12.219900666987245,True
m1108299.2,m1108299,2,3.7410356719661664,True
m1108300.2,m1108300,2,3.7540706476173464,True
l3198355.2,l3198355,2,4.111927136040756,True
l2805037.2,l2805037,2,4.3184631197092855,True
n1137994.3,n1137994,3,9.795046663868302,True
m1069484.3,m1069484,3,9.900040580276361,True
l2860504.1,l2860504,1,12.097442206283892,True
l2860493.1,l2860493,1,12.396745259936555,True
m1026783.1,m1026783,1,9.458211147601956,True
m1026783.2,m1026783,2,9.544661299496928,True
m1026783.3,m1026783,3,9.431713727840835,True
m1026780.1,m1026780,1,9.49266941113101,True
m1026780.2,m1026780,2,9.579061634046994,True
m1026780.3,m1026780,3,9.466190316904424,True
p895111.3,p895111,3,2.494861242231655,True
l2895496.3,l2895496,3,2.5951961690729815,True
n1140819.1,n1140819,1,11.515601518825214,True
n1140819.2,n1140819,2,11.598687533332736,True
n1140819.3,n1140819,3,11.490167947954614,True
m1026700.1,m1026700,1,11.567396830743247,True
m1026700.2,m1026700,2,11.650395770359916,True
m1026700.3,m1026700,3,11.541990805566483,True
m1089173.3,m1089173,3,8.042382472806201,True
l2935551.3,l2935551,3,8.155807681376151,True
m1026344.1,m1026344,1,14.025293292214464,True
m1026364.1,m1026364,1,14.448506032628005,True
l2879070.1,l2879070,1,8.359782581698836,True
l2879070.2,l2879070,2,8.451143170423107,True
l2879070.3,l2879070,3,8.331768516987799,True
l3216345.1,l3216345,1,8.45734379834471,True
l3216345.2,l3216345,2,8.548948043653157,True
l3216345.3,l3216345,3,8.429257392851966,True
m1069428.2,m1069428,2,10.918241564170295,True
m1069428.1,m1069428,1,10.823764899719441,True
m1069428.3,m1069428,3,10.794848807781527,True
n1139257.2,n1139257,2,10.939771533097215,True
l2991919.1,l2991919,1,14.26585325303438,True
m1026361.1,m1026361,1,14.424712641016562,True
n1147857.1,n1147857,1,12.922097512571572,True
m1009742.1,m1009742,1,13.027101807945959,True
q14412.1,q14412,1,10.921253027233185,True
q14412.2,q14412,2,10.961127057366692,True
q14412.3,q14412,3,10.909102876053641,True
m1047325.1,m1047325,1,10.986492075711277,True
m1047325.2,m1047325,2,11.026261109349713,True
m1047325.3,m1047325,3,10.974375097012082,True
n1139263.1,n1139263,1,10.214405800647652,True
l3048227.1,l3048227,1,10.264243006840555,True
p827506.1,p827506,1,10.185022470215275,True
m1069469.1,m1069469,1,10.198543156807109,True
m1027019.2,m1027019,2,14.375673387778244,True
l2785522.2,l2785522,2,14.462413924498911,True
l3216338.2,l3216338,2,14.008324868233625,True
l2973146.2,l2973146,2,14.09246637756444,True
m3037452.1,m3037452,1,15.122248279588634,True
l2973164.1,l2973164,1,15.259277241867666,True
l3120376.1,l3120376,1,10.028196975711985,True
m1026925.1,m1026925,1,10.199624500093462,True
m1047612.3,m1047612,3,8.52959866232432,True
p828360.3,p828360,3,8.535513785930435,True
m1089195.3,m1089195,3,5.808325345268919,True
l3141393.3,l3141393,3,5.970247886147178,True
m1026946.2,m1026946,2,12.393239940879004,True
m1026940.2,m1026940,2,12.639808889562543,True
m1047471.2,m1047471,2,15.352468980414017,True
l3216349.2,l3216349,2,15.378896916690879,True
m1047401.1,m1047401,1,16.5602469476414,True
l2748132.1,l2748132,1,16.667750594566204,True
l3122820.1,l3122820,1,13.554958450897258,True
l3141398.1,l3141398,1,13.640288646421622,True
m1108360.3,m1108360,3,6.167522389278425,True
l3048968.3,l3048968,3,6.272955705952078,True
l2801950.3,l2801950,3,9.161157373175191,True
m1069224.3,m1069224,3,9.219492545125052,True
l2766746.3,l2766746,3,14.743194823815802,True
m1027073.3,m1027073,3,14.90187928645902,True
m1142873.3,m1142873,3,2.6678185413437037,True
m1069181.1,m1069181,1,8.639523232598307,True
l2973151.1,l2973151,1,8.784186613430855,True
l3179682.3,l3179682,3,3.5632242935002645,True
l2786274.3,l2786274,3,3.6164024699554815,True
l3066816.1,l3066816,1,12.495476559367189,True
m1026667.1,m1026667,1,12.6699359276545,True
m1108529.1,m1108529,1,4.515780257332238,True
m1108529.2,m1108529,2,4.578488354946676,True
m1108529.3,m1108529,3,4.49651091190068,True
m1108532.1,m1108532,1,4.534300582849655,True
m1108532.2,m1108532,2,4.597256892825812,True
m1108532.3,m1108532,3,4.514955023928635,True
l2766723.1,l2766723,1,12.407194050998744,True
l3122822.1,l3122822,1,12.516810919373265,True
l2673312.1,l2673312,1,13.150146678395123,True
l3235247.1,l3235247,1,13.388940290539885,True
m1166391.3,m1166391,3,5.485828396259261,True
l3254873.3,l3254873,3,5.683584502090577,True
l2861157.3,l2861157,3,3.6588907736228222,True
p901951.3,p901951,3,3.8331870185590478,True
m1047346.1,m1047346,1,10.377238287408836,True
m1047346.2,m1047346,2,10.41800953141976,True
m1047346.3,m1047346,3,10.3648051979906,True
m1047345.1,m1047345,1,10.457780305588644,True
m1047345.2,m1047345,2,10.498415846137759,True
m1047345.3,m1047345,3,10.445389956523366,True
l2989596.2,l2989596,2,7.740746529370316,True
l2822873.2,l2822873,2,7.905797329757822,True
m1108328.3,m1108328,3,3.9015471534098545,True
l2875754.3,l2875754,3,3.9320936950450824,True
l2786204.3,l2786204,3,1.5378277134496585,True
m1209819.3,m1209819,3,1.6759915674456698,True
p901972.1,p901972,1,13.049401266605095,True
m1009726.1,m1009726,1,13.21729653221211,True
m1047702.1,m1047702,1,9.217440625442178,True
n1137001.1,n1137001,1,9.278718567959396,True
l2767340.1,l2767340,1,3.5413219687909088,True
l2767340.2,l2767340,2,3.588663440235766,True
l2767340.3,l2767340,3,3.5267734456877693,True
m3037449.1,m3037449,1,3.5449414061460627,True
m3037449.2,m3037449,2,3.59227652714408,True
m3037449.3,m3037449,3,3.530394891598257,True
m1047457.2,m1047457,2,14.734883089865821,True
l2710546.2,l2710546,2,14.792507771681313,True
l2674027.1,l2674027,1,4.386194027721004,True
l2674027.2,l2674027,2,4.447184413320641,True
l2674027.3,l2674027,3,4.367452104959426,True
l2692633.1,l2692633,1,4.436869039075415,True
l2692633.2,l2692633,2,4.49853857927396,True
l2692633.3,l2692633,3,4.417918582212195,True
n1142108.1,n1142108,1,3.38658104943068,True
l2674051.1,l2674051,1,3.4924074390713415,True
m1069135.1,m1069135,1,9.826324138397307,True
m1069135.2,m1069135,2,9.868007826515957,True
m1069135.3,m1069135,3,9.813602835699022,True
r18242.1,r18242,1,9.958944168402928,True
r18242.2,r18242,2,10.00039516940259,True
r18242.3,r18242,3,9.946296461305959,True
m1047534.1,m1047534,1,7.246539630394601,True
m1047534.2,m1047534,2,7.335129776452048,True
m1047534.3,m1047534,3,7.219347955937557,True
n1136663.1,n1136663,1,7.371888375161629,True
n1136663.2,n1136663,2,7.460791576427187,True
n1136663.3,n1136663,3,7.344603755715847,True
m1108508.3,m1108508,3,5.261752507004997,True
l3097861.3,l3097861,3,5.393089676656822,True
m1069560.2,m1069560,2,7.29335293339005,True
l2973153.1,l2973153,1,8.79091357838731,True
l2973153.2,l2973153,2,8.879722673482583,True
l2973153.3,l2973153,3,8.763683285619244,True
n1136998.1,n1136998,1,8.810582399169608,True
n1136998.2,n1136998,2,8.899356984536286,True
n1136998.3,n1136998,3,8.783363021334171,True
l2898515.3,l2898515,3,2.385267742282027,True
m1166387.3,m1166387,3,2.4995788140553903,True
m1047442.2,m1047442,2,13.608846838677815,True
l3235250.2,l3235250,2,13.729061113553168,True
m1142871.1,m1142871,1,2.465747855934648,True
m1142871.2,m1142871,2,2.5010380221277786,True
m1142871.3,m1142871,3,2.454897173510006,True
m1142874.1,m1142874,1,2.494229549162512,True
m1142874.2,m1142874,2,2.529901431559022,True
m1142874.3,m1142874,3,2.483261660956327,True
l2955081.1,l2955081,1,3.408977354758016,True
l2955081.2,l2955081,2,3.456842754057637,True
l2955081.3,l2955081,3,3.3942654978082887,True
m1108315.1,m1108315,1,3.4796613737056328,True
m1108315.2,m1108315,2,3.52847409152092,True
m1108315.3,m1108315,3,3.4646586430491677,True
l2973162.1,l2973162,1,14.106907151360389,True
l2973162.2,l2973162,2,14.141549972610978,True
l2973162.3,l2973162,3,14.096410656656952,True
m1026333.1,m1026333,1,14.206125723779104,True
m1026333.2,m1026333,2,14.240601373855478,True
m1026333.3,m1026333,3,14.195681880311643,True
m1009832.2,m1009832,2,13.116725933453752,True
l2860479.2,l2860479,2,13.185855817471968,True
m1026854.1,m1026854,1,9.003723587890287,True
m1026854.2,m1026854,2,9.096692402417535,True
m1026854.3,m1026854,3,8.975232046602367,True
p901894.1,p901894,1,9.015085710908203,True
m1026485.2,m1026485,2,13.18268828031864,True
m1026492.2,m1026492,2,13.277352460924813,True
d6413567-3_int.1,d6413567-3_int,1,7.7923804978977715,True
d6413567-3_int.2,d6413567-3_int,2,7.837398267851799,True
d6413567-3_int.3,d6413567-3_int,3,7.778605230432737,True
e182724.1,e182724,1,7.793794711460144,True
e182724.2,e182724,2,7.8388124814141715,True
e182724.3,e182724,3,7.780019443995109,True
n1139541.1,n1139541,1,7.763595065153242,True
n1139541.2,n1139541,2,7.808661227294159,True
n1139541.3,n1139541,3,7.749804489068798,True
m4122658.1,m4122658,1,3.8238230713094095,True
m4122658.2,m4122658,2,3.877276471496881,True
m4122658.3,m4122658,3,3.807395376390117,True
l2933135.1,l2933135,1,3.825069146027335,True
l2933135.2,l2933135,2,3.878539246307271,True
l2933135.3,l2933135,3,3.8086363233524696,True
l2729414.1,l2729414,1,11.02141652283134,True
l2729414.2,l2729414,2,11.105449666150347,True
l2729414.3,l2729414,3,10.99568496584167,True
l2729430.2,l2729430,2,11.815933611278469,True
l2766742.2,l2766742,2,12.024283865087337,True
m1026972.2,m1026972,2,12.881607862265891,True
l2860483.2,l2860483,2,12.968759910208323,True
l2860490.1,l2860490,1,10.168683106046416,True
l2860490.2,l2860490,2,10.209796550722885,True
l2860490.3,l2860490,3,10.156142046133144,True
l3104134.1,l3104134,1,10.290450981094976,True
l3104134.2,l3104134,2,10.331368451115303,True
l3104134.3,l3104134,3,10.27797183720495,True
m1089144.1,m1089144,1,5.465264955196376,True
p827522.1,p827522,1,5.46898753578161,True
m1089118.1,m1089118,1,6.816833707245419,True
m1089118.2,m1089118,2,6.8635107915594755,True
m1089118.3,m1089118,3,6.802533830298776,True
l3048208.1,l3048208,1,6.903757867140291,True
m1108505.1,m1108505,1,4.252135369502872,True
m1108505.2,m1108505,2,4.3113290795454855,True
m1108505.3,m1108505,3,4.233945115129945,True
l2955047.1,l2955047,1,4.292866538418258,True
l2955047.2,l2955047,2,4.352606134094608,True
l2955047.3,l2955047,3,4.274508670117054,True
m1089148.1,m1089148,1,6.236859262416989,True
l2766721.1,l2766721,1,6.322689369115066,True
m1026745.2,m1026745,2,16.17283036601871,True
l3029183.2,l3029183,2,16.30355961571829,True
l2710512.2,l2710512,2,13.970811387734424,True
m1047828.2,m1047828,2,14.24930569480772,True
m1047342.1,m1047342,1,10.765029521039413,True
l3197645.1,l3197645,1,10.870883832824523,True
m1069192.1,m1069192,1,8.281577083272612,True
l3235253.1,l3235253,1,8.398697227709047,True
l3214071.1,l3214071,1,2.9043832996983583,True
l3214071.2,l3214071,2,2.9455521281929724,True
l3214071.3,l3214071,3,2.8917275767662045,True
m1125952.1,m1125952,1,2.9446411653493225,True
m1125952.2,m1125952,2,2.9863495361917,True
m1125952.3,m1125952,3,2.9318197761918805,True
m1027101.2,m1027101,2,16.032463988478142,True
l2860480.2,l2860480,2,16.267886274582278,True
l2710517.1,l2710517,1,13.217399637397795,True
m1026646.1,m1026646,1,13.311005293263682,True
m1069662.2,m1069662,2,9.824791322878344,True
l2935547.2,l2935547,2,9.912660144046647,True
m1026931.1,m1026931,1,10.817853232526444,True
l3216336.1,l3216336,1,10.912181986247413,True
l3142049.1,l3142049,1,4.044268534254639,True
l3142049.2,l3142049,2,4.100676379758772,True
l3142049.3,l3142049,3,4.026933678284021,True
m1108493.1,m1108493,1,4.107476394543932,True
m1108493.2,m1108493,2,4.164731361890868,True
m1108493.3,m1108493,3,4.089881430208069,True
m1069169.1,m1069169,1,7.9726517095791385,True
m1069169.2,m1069169,2,8.017368796845629,True
m1069169.3,m1069169,3,7.9589715615356935,True
l3010556.1,l3010556,1,8.113736079326458,True
l3010556.2,l3010556,2,8.158215984777804,True
l3010556.3,l3010556,3,8.10013096253025,True
l2991933.3,l2991933,3,12.004051455947693,True
l3122837.3,l3122837,3,12.163751415122405,True
l2691936.1,l2691936,1,11.040576498616984,True
l2897772.1,l2897772,1,12.66531055306465,True
l3101814.1,l3101814,1,12.773560295888498,True
l2766732.2,l2766732,2,13.162963132378325,True
l2989564.2,l2989564,2,9.58414372917718,True
m1126016.1,m1126016,1,5.595658117027015,True
l3120534.1,l3120534,1,5.663814015089139,True
m1026330.2,m1026330,2,14.432337700975566,True
m1026330.1,m1026330,1,14.398185648410601,True
m1026330.3,m1026330,3,14.38784372328531,True
l2766726.2,l2766726,2,14.488415183456144,True
p901912.2,p901912,2,8.609986932456165,True
l3195365.2,l3195365,2,8.663740046639127,True
m1108381.1,m1108381,1,4.753073425911068,True
m1108381.2,m1108381,2,4.801091332520156,True
m1108381.3,m1108381,3,4.7383319875322085,True
l3254237.1,l3254237,1,4.89905165249451,True
l3254237.2,l3254237,2,4.91228111359369,True
l3254237.3,l3254237,3,4.849681596683404,True
l2804262.1,l2804262,1,9.15729141935056,True
l2841639.1,l2841639,1,9.300506239847511,True
n1230123.2,n1230123,2,4.20096914549171,True
l2708744.2,l2708744,2,4.262418351250842,True
m1069519.2,m1069519,2,6.27934882664759,True
m1069519.1,m1069519,1,6.194184395632347,True
m1069519.3,m1069519,3,6.16801984354325,True
p901927.2,p901927,2,6.291182287481814,True
l2897790.3,l2897790,3,6.583239829166734,True
l2935566.3,l2935566,3,6.68440540820629,True
l3216337.1,l3216337,1,10.898763395674226,True
p901931.3,p901931,3,6.49203256947537,True
m1069548.3,m1069548,3,6.499005776024756,True
m1010013.1,m1010013,1,17.632844272436103,True
l3120503.1,l3120503,1,17.71159621037731,True
m1089145.1,m1089145,1,5.534724321505473,True
m1089145.2,m1089145,2,5.58359950267221,True
m1089145.3,m1089145,3,5.519731083779979,True
l3215385.1,l3215385,1,5.5863860091470485,True
l3215385.2,l3215385,2,5.635258194451707,True
l3215385.3,l3215385,3,5.571394896342206,True
m1026852.1,m1026852,1,9.147089880638127,True
m1026852.2,m1026852,2,9.240416748727824,True
m1026852.3,m1026852,3,9.118492034508547,True
m1069420.1,m1069420,1,11.109213026039003,True
m1069420.2,m1069420,2,11.204402589711592,True
m1069420.3,m1069420,3,11.08008527683292,True
l3157708.3,l3157708,3,8.166839207684639,True
n1137991.3,n1137991,3,8.19394065155969,True
m1108413.1,m1108413,1,4.214538212311371,True
m1108460.1,m1108460,1,4.37541466800309,True
p827532.1,p827532,1,11.000325046480278,True
m1047326.1,m1047326,1,11.010799740214946,True
e182732.1,e182732,1,10.146514316003566,True
e182732.2,e182732,2,10.231844340610792,True
e182732.3,e182732,3,10.120371388830945,True
m1026760.1,m1026760,1,10.164158115991404,True
m1026760.2,m1026760,2,10.24945974445856,True
m1026760.3,m1026760,3,10.138024160264901,True
l3048205.3,l3048205,3,5.471493290017649,True
m1108361.3,m1108361,3,5.847487414056177,True
m3036169.1,m3036169,1,13.021098239662784,True
l2673317.1,l2673317,1,13.026083903787018,True
l3178981.2,l3178981,2,10.088648348551262,True
m1047368.2,m1047368,2,10.50441882769837,True
n1136354.1,n1136354,1,6.3071024232970085,True
n1136354.2,n1136354,2,6.393780199760796,True
n1136354.3,n1136354,3,6.280473199196424,True
l2879794.1,l2879794,1,3.2028047782560303,True
m1142811.1,m1142811,1,3.2675414183514833,True
m1069565.2,m1069565,2,7.543134956477939,True
l2785536.2,l2785536,2,7.897945372755197,True
l3104114.2,l3104114,2,12.491818321782153,True
m1009824.2,m1009824,2,12.595342078133045,True
l2745848.1,l2745848,1,9.835190466889246,True
l2745848.2,l2745848,2,9.927201724538808,True
l2745848.3,l2745848,3,9.80700634554771,True
l2673308.1,l2673308,1,9.898068740254173,True
l2673308.2,l2673308,2,9.990237034745153,True
l2673308.3,l2673308,3,9.86983799522749,True
l2991939.1,l2991939,1,10.021094840275119,True
l2991939.2,l2991939,2,10.11357038922977,True
l2991939.3,l2991939,3,9.992772872480293,True
l2916606.3,l2916606,3,5.248587471539978,True
l2822864.3,l2822864,3,5.366911694313726,True
m1142851.1,m1142851,1,2.1464782059169556,True
m1142851.2,m1142851,2,2.177508422764503,True
m1142851.3,m1142851,3,2.136935538944535,True
196-31070.1,196-31070,1,2.156822020348589,True
196-31070.2,196-31070,2,2.18799086664986,True
196-31070.3,196-31070,3,2.1472367872673033,True
m1209822.3,m1209822,3,2.9506144018023157,True
m1209823.3,m1209823,3,3.0598954396672897,True
m1069550.2,m1069550,2,7.052001216127826,True
m1069551.2,m1069551,2,7.059732830841979,True
l3141397.2,l3141397,2,13.077993340093402,True
l3649299.1,l3649299,1,8.810686551598804,True
m3772794.1,m3772794,1,8.816258036334029,True
p895106.2,p895106,2,3.318584996878734,True
l3048887.2,l3048887,2,3.3956055419993345,True
m1047824.2,m1047824,2,14.788505860309709,True
m1047834.2,m1047834,2,15.585820236659067,True
m1069350.1,m1069350,1,12.210105274712433,True
m1069350.2,m1069350,2,12.308044287951962,True
m1069350.3,m1069350,3,12.180161223613226,True
n1144668.1,n1144668,1,12.239327559463131,True
n1144668.2,n1144668,2,12.337339554593711,True
n1144668.3,n1144668,3,12.209361840297506,True
l2879072.2,l2879072,2,13.101300510020618,True
m1047441.2,m1047441,2,13.53033720256315,True
m1108274.2,m1108274,2,9.227696477184523,True
m1108269.2,m1108269,2,9.315725998624812,True
l3235244.1,l3235244,1,12.461886929603375,True
m1069398.1,m1069398,1,12.582507456820917,True
n1147862.1,n1147862,1,11.075276597299025,True
l2685805.1,l2685805,1,11.203635376149782,True
m1069247.1,m1069247,1,12.740319304136786,True
m1069248.1,m1069248,1,12.875538212876437,True
l2786273.2,l2786273,2,9.408423932277994,True
m1108278.2,m1108278,2,9.61553305499018,True
l3254238.1,l3254238,1,12.045970397820804,True
l3254238.2,l3254238,2,12.083967955375137,True
l3254238.3,l3254238,3,12.034413750229533,True
m1047303.1,m1047303,1,12.236842002371109,True
m1047303.2,m1047303,2,12.274532368910947,True
m1047303.3,m1047303,3,12.225382408380383,True
m1047633.3,m1047633,3,8.89771816930686,True
l2897554.3,l2897554,3,9.095747785095092,True
m1069627.2,m1069627,2,9.442954773233641,True
l2897791.2,l2897791,2,9.708670533229501,True
m1089097.2,m1089097,2,8.541550173583841,True
m1108270.2,m1108270,2,8.7010616544773,True
n1142101.1,n1142101,1,4.04562633950732,True
l2936214.1,l2936214,1,4.098694525210533,True
l3066810.3,l3066810,3,10.721509019730984,True
l2897769.3,l2897769,3,10.970126811834072,True
m1209758.2,m1209758,2,2.021657760505164,True
m1209753.2,m1209753,2,2.1955837641258196,True
m1047528.1,m1047528,1,7.62694923196871,True
m1047528.2,m1047528,2,7.716479588589444,True
m1047528.3,m1047528,3,7.599478556723305,True
l2858166.1,l2858166,1,7.632229566766857,True
l2858166.2,l2858166,2,7.721773110885498,True
l2858166.3,l2858166,3,7.60475497619977,True
m1142843.1,m1142843,1,2.0457290299274793,True
m1142843.2,m1142843,2,2.075408990220944,True
m1142843.3,m1142843,3,2.0366009585978526,True
l3081380.1,l3081380,1,2.12828577900423,True
l3081380.2,l3081380,2,2.1590721780395485,True
l3081380.3,l3081380,3,2.118817976176908,True
l2804272.2,l2804272,2,7.245897332517744,True
l2841641.2,l2841641,2,7.360031806861541,True
m1069393.2,m1069393,2,12.436225034126714,True
m1069408.2,m1069408,2,12.570090112232615,True
n1142104.1,n1142104,1,4.199199270413299,True
n1142104.2,n1142104,2,4.257683522397906,True
n1142104.3,n1142104,3,4.181226854804942,True
m1108500.1,m1108500,1,4.2331527332079,True
m1108500.2,m1108500,2,4.292092034925886,True
m1108500.3,m1108500,3,4.215040594791946,True
l3216348.1,l3216348,1,15.945724917014424,True
l2841627.1,l2841627,1,16.296709022395884,True
l2916599.1,l2916599,1,10.229496939776526,True
m1047447.2,m1047447,2,14.028261685482107,True
l2954349.2,l2954349,2,14.127889469214194,True
l3235246.2,l3235246,2,13.822754274616088,True
m1125911.2,m1125911,2,3.2668041910788794,True
l2711224.2,l2711224,2,3.4690141282433777,True
n1147863.3,n1147863,3,10.548707468422938,True
l3122817.3,l3122817,3,10.557137033990443,True
m1186061.2,m1186061,2,1.343953230451642,True
m1186061.1,m1186061,1,1.3263474442888252,True
m1186061.3,m1186061,3,1.3550885262136798,True
l2861223.2,l2861223,2,1.413896336580942,True
m1069130.1,m1069130,1,10.216804701941314,True
l3085396.1,l3085396,1,10.36789937875582,True
e182730.1,e182730,1,9.942683951215367,True
n1142109.1,n1142109,1,9.988757216449482,True
m1069417.1,m1069417,1,11.519682972961132,True
m1069417.2,m1069417,2,11.61589767457903,True
m1069417.3,m1069417,3,11.490250863909528,True
n1138597.1,n1138597,1,11.554395775368207,True
n1138597.2,n1138597,2,11.650697171301246,True
n1138597.3,n1138597,3,11.524937927079765,True
m1026987.2,m1026987,2,13.187193284800136,True
m1026990.2,m1026990,2,13.296610419995652,True
m1142832.1,m1142832,1,2.2995487405246617,True
m1142832.2,m1142832,2,2.3326114796181563,True
m1142832.3,m1142832,3,2.2893819885481697,True
l3160865.1,l3160865,1,2.3496249842141195,True
l3160865.2,l3160865,2,2.3833588531266074,True
l3160865.3,l3160865,3,2.339252162140902,True
l2673323.3,l2673323,3,12.357502030795104,True
m1009809.3,m1009809,3,12.49478817849086,True
l2822869.1,l2822869,1,8.719942213816864,True
l2822869.2,l2822869,2,8.807325355535967,True
l2822869.3,l2822869,3,8.693145915566216,True
m1026808.1,m1026808,1,8.902106602319785,True
m1026808.2,m1026808,2,8.989196566520729,True
m1026808.3,m1026808,3,8.875402930260638,True
m1047825.2,m1047825,2,14.923197061983611,True
m1069731.2,m1069731,2,15.088247361129474,True
n1140520.3,n1140520,3,8.882163276420975,True
l2729410.3,l2729410,3,8.914806603054396,True
l3178978.1,l3178978,1,13.688166118459879,True
m1069384.1,m1069384,1,12.188792046218472,True
l3066805.1,l3066805,1,12.2635998637838,True
m4362181.2,m4362181,2,14.829704950153971,True
m1047319.3,m1047319,3,13.047875565664105,True
m1047318.3,m1047318,3,13.189926242512408,True
l3216358.1,l3216358,1,9.882346363060416,True
m1026826.1,m1026826,1,9.969185599371656,True
m1108276.2,m1108276,2,9.329049877188803,True
m1089198.1,m1089198,1,5.21282475024553,True
m1089198.2,m1089198,2,5.284874749526158,True
m1089198.3,m1089198,3,5.1906869782808815,True
m1089201.1,m1089201,1,5.344994343810018,True
m1089201.2,m1089201,2,5.41881570110135,True
m1089201.3,m1089201,3,5.322312677197462,True
m1047763.1,m1047763,1,11.429885968103983,True
m1047763.2,m1047763,2,11.514625265111258,True
m1047763.3,m1047763,3,11.403944526891435,True
n1136027.1,n1136027,1,11.464675917743513,True
l3101827.3,l3101827,3,4.7730422269917225,True
m1108540.3,m1108540,3,5.061710771290837,True
m1026335.1,m1026335,1,14.245487345306246,True
l2804259.1,l2804259,1,14.345865525617631,True
n1136357.3,n1136357,3,6.5258104084586055,True
m1047513.1,m1047513,1,8.137618857886297,True
m1047513.2,m1047513,2,8.225939197691488,True
m1047513.3,m1047513,3,8.11052646227477,True
m1047507.1,m1047507,1,8.271229299531257,True
m1047507.2,m1047507,2,8.359334605113768,True
m1047507.3,m1047507,3,8.24420484160204,True
m1142863.3,m1142863,3,2.2444642132027237,True
m1142863.1,m1142863,1,2.254445359041453,True
m1142863.2,m1142863,2,2.2869036154097953,True
n1141480.3,n1141480,3,2.253295933858865,True
m1125916.2,m1125916,2,3.1187622393684524,True
l2879767.2,l2879767,2,3.2517739926199978,True
l3066809.3,l3066809,3,10.323846532233171,True
m1069487.3,m1069487,3,10.44243104986606,True
m1142818.1,m1142818,1,2.6502023457999497,True
m1142818.2,m1142818,2,2.6879174747103125,True
m1142818.3,m1142818,3,2.6386071246212874,True
p829965.1,p829965,1,2.7799732478880355,True
p829965.2,p829965,2,2.817470214445153,True
p829965.3,p829965,3,2.7684470412476667,True
q14733.1,q14733,1,6.962381845272858,True
q14733.2,q14733,2,7.050262314701927,True
q14733.3,q14733,3,6.935400871307365,True
m1047568.1,m1047568,1,6.978728995231042,True
m1047568.2,m1047568,2,7.066650291239122,True
m1047568.3,m1047568,3,6.951735899998028,True
m1047322.1,m1047322,1,11.066760402981046,True
l2954338.2,l2954338,2,12.648123198761628,True
m1047409.1,m1047409,1,15.650117274296267,True
l2841648.1,l2841648,1,15.89474583014282,True
m1089177.3,m1089177,3,8.30873026092511,True
m1026951.2,m1026951,2,12.171753181026906,True
l2954347.2,l2954347,2,12.267384868247218,True
m4122657.3,m4122657,3,6.002447578447246,True
l3027124.3,l3027124,3,6.319564098463926,True
m1069419.1,m1069419,1,11.37081693311425,True
m1069419.2,m1069419,2,11.466659845695315,True
m1069419.3,m1069419,3,11.341495206918275,True
m1069418.1,m1069418,1,11.423794107728451,True
m1069418.2,m1069418,2,11.51976932941604,True
m1069418.3,m1069418,3,11.39443309942473,True
m1026824.3,m1026824,3,11.815407718960245,True
m1026824.1,m1026824,1,11.844058535144189,True
m1026824.2,m1026824,2,11.937724500900089,True
p859694.3,p859694,3,11.827991167359816,True
m1047453.2,m1047453,2,14.567701539477092,True
l2691948.2,l2691948,2,14.667673634999927,True
p860892.3,p860892,3,7.650418678534542,True
n1139543.3,n1139543,3,7.665833043797407,True
m1089205.1,m1089205,1,5.4231140825968716,True
n1134472.1,n1134472,1,5.450819445670898,True
l2710542.2,l2710542,2,11.748102207715398,True
m3032980.1,m3032980,1,0.9927479958718126,True
m3032980.2,m3032980,2,1.0088124219437251,True
m3032980.3,m3032980,3,0.9877991972467494,True
m3032977.1,m3032977,1,1.1849350299027481,True
m3032977.2,m3032977,2,1.203575177311945,True
m3032977.3,m3032977,3,1.1791953572469227,True
m3763618.3,m3763618,3,8.257044306989329,True
m3763618.1,m3763618,1,8.284980600572494,True
m3763618.2,m3763618,2,8.376081538103929,True
p1121282.3,p1121282,3,8.261211321949592,True
l2917330.1,l2917330,1,3.420182577459953,True
l2861222.1,l2861222,1,3.5918891552870273,True
m1047490.1,m1047490,1,8.792250733222541,True
m1047490.2,m1047490,2,8.88165727619405,True
m1047490.3,m1047490,3,8.764839942495366,True
p1164481.1,p1164481,1,8.844552216194465,True
m1069356.3,m1069356,3,12.55404997848953,True
m1069363.3,m1069363,3,12.650059140354601,True
p828359.3,p828359,3,8.534029451896108,True
l2878848.3,l2878848,3,8.729496015274194,True
m1047486.1,m1047486,1,9.329556554913877,True
m1047486.2,m1047486,2,9.420305005107046,True
m1047486.3,m1047486,3,9.30174735665866,True
l3177665.1,l3177665,1,9.356318151295877,True
l2805036.2,l2805036,2,9.742736971741428,True
l2692654.1,l2692654,1,3.0982956364818253,True
m1125929.1,m1125929,1,3.1017682108328657,True
m1047669.1,m1047669,1,8.935426840445695,True
m1047669.2,m1047669,2,9.023982381273168,True
m1047669.3,m1047669,3,8.908276743259089,True
m1047672.1,m1047672,1,8.941768438146454,True
m1047672.2,m1047672,2,9.030312852388457,True
m1047672.3,m1047672,3,8.914621860139386,True
m1125919.1,m1125919,1,2.9566979216246105,True
m1125919.2,m1125919,2,2.998520753213333,True
m1125919.3,m1125919,3,2.9438414322616224,True
p829961.1,p829961,1,2.97199234211923,True
m1142819.2,m1142819,2,2.631189733767939,True
m1142819.1,m1142819,1,2.594224824541442,True
m1142819.3,m1142819,3,2.5828599579654874,True
p829960.2,p829960,2,2.636002565419399,True
p829979.2,p829979,2,1.191952527993089,True
m3036172.2,m3036172,2,1.2387299450403249,True
m1026883.3,m1026883,3,9.114624707788138,True
m1026898.3,m1026898,3,9.232811544481715,True
m1089143.1,m1089143,1,5.428334186155427,True
m1089143.2,m1089143,2,5.477215536887787,True
m1089143.3,m1089143,3,5.413336572448309,True
l3141400.1,l3141400,1,5.61082623674633,True
m1069481.3,m1069481,3,9.777672498986991,True
m1069481.1,m1069481,1,9.805834853400025,True
m1069481.2,m1069481,2,9.8977727961735,True
p827507.3,p827507,3,9.791756398484365,True
m1026377.1,m1026377,1,14.843302333698071,True
l3048210.1,l3048210,1,15.080315954564826,True
e182722.1,e182722,1,11.791737124785953,True
m1026331.3,m1026331,3,14.281823340997077,True
m1026331.1,m1026331,1,14.292221496961082,True
m1026331.2,m1026331,2,14.326552086176903,True
l3214055.3,l3214055,3,14.398730230682546,True
m1108295.1,m1108295,1,4.0092661855561085,True
m1108295.2,m1108295,2,4.06049861687413,True
m1108295.3,m1108295,3,3.993525134429822,True
l2936279.1,l2936279,1,4.170203702176609,True
l2936279.2,l2936279,2,4.2211771187547615,True
l2936279.3,l2936279,3,4.154544483890192,True
m1026704.2,m1026704,2,15.85942506238938,True
l2841634.2,l2841634,2,16.094897533664664,True
m1047386.2,m1047386,2,11.459461027254727,True
m1047379.2,m1047379,2,11.636672065603442,True
m1089115.1,m1089115,1,7.127845243458191,True
m1089115.2,m1089115,2,7.173999475518508,True
m1089115.3,m1089115,3,7.113710768132639,True
m1026486.2,m1026486,2,13.199965410261019,True
m1026488.2,m1026488,2,13.215482263008196,True
l3010570.1,l3010570,1,14.534335922504715,True
p904451.1,p904451,1,4.043459626245555,True
221-282819.1,221-282819,1,4.0495172166545315,True
m1125968.3,m1125968,3,3.213701521335748,True
m1125968.1,m1125968,1,3.227681839111191,True
m1125968.2,m1125968,2,3.2731646127707905,True
p895107.3,p895107,3,3.2299096843214388,True
n1136999.1,n1136999,1,8.964788114739566,True
m1069412.2,m1069412,2,12.730868584163632,True
l2879061.2,l2879061,2,12.888713777558138,True
m1026947.2,m1026947,2,12.12734419702508,True
m1142880.3,m1142880,3,7.888807271879166,True
l2891575.3,l2891575,3,8.078512210581534,True
m1026848.1,m1026848,1,10.415488581369429,True
m1026847.1,m1026847,1,10.513057167711827,True
l2897793.1,l2897793,1,6.728686946003831,True
m1069521.1,m1069521,1,6.777786522101739,True
m1069175.3,m1069175,3,7.665931230214715,True
m1069175.1,m1069175,1,7.679766387922326,True
m1069175.2,m1069175,2,7.724973477352796,True
l3197637.3,l3197637,3,7.808529896154328,True
l3197635.2,l3197635,2,13.646904533570503,True
l2804257.2,l2804257,2,13.631483560523328,True
l2860485.2,l2860485,2,13.716836485879787,True
l3235945.3,l3235945,3,5.2257267894087125,True
l2842330.3,l2842330,3,5.287064663040141,True
l2804254.1,l2804254,1,12.376617579381815,True
m1047752.1,m1047752,1,12.402129333330272,True
m1166370.3,m1166370,3,1.4410624825101404,True
m1166364.3,m1166364,3,1.5093047206207684,True
m3763619.1,m3763619,1,8.256478845811275,True
m3763619.2,m3763619,2,8.347581436159919,True
m3763619.3,m3763619,3,8.228541379909316,True
m3037540.3,m3037540,3,6.231612722734126,True
l2710509.3,l2710509,3,6.2364140460691395,True
l2763072.2,l2763072,2,15.577733235544002,True
m4118754.2,m4118754,2,15.717481026120051,True
m1089196.1,m1089196,1,5.133051343634669,True
m1089196.2,m1089196,2,5.204032206973887,True
m1089196.3,m1089196,3,5.111241849360303,True
m1047484.1,m1047484,1,9.438508948971005,True
m1047484.2,m1047484,2,9.529529504915686,True
m1047484.3,m1047484,3,9.410618963476496,True
l3010560.1,l3010560,1,9.503064274777984,True
l3010560.2,l3010560,2,9.594246055958648,True
l3010560.3,l3010560,3,9.47512642207873,True
l3254219.3,l3254219,3,10.418288459093093,True
l3254220.3,l3254220,3,10.510456329605617,True
m1026648.1,m1026648,1,12.719091512595691,True
m1026647.1,m1026647,1,12.819241960711027,True
m1089112.3,m1089112,3,7.289792105186145,True
m1089112.1,m1089112,1,7.303832987012144,True
m1089112.2,m1089112,2,7.349691359988042,True
l2691951.3,l2691951,3,7.411013683604845,True
m1108433.2,m1108433,2,5.269277777248098,True
228-1048090-1_int.2,228-1048090-1_int,2,5.4163256250033,True
m1026327.2,m1026327,2,14.66037367267883,True
l2841636.2,l2841636,2,14.861220450266211,True
l2990826.1,l2990826,1,5.571163832879325,True
l2990826.2,l2990826,2,5.583801279341072,True
l2990826.3,l2990826,3,5.521986410099186,True
l2911069.2,l2911069,2,14.608894556479417,True
l2948732.2,l2948732,2,14.92650494224442,True
m1108260.2,m1108260,2,12.663823158142298,True
m1108259.2,m1108259,2,12.730281320722824,True
m1069312.3,m1069312,3,12.377985403978546,True
p873800.3,p873800,3,12.386062981100519,True
m1186078.3,m1186078,3,4.16018225779476,True
l2876797.1,l2876797,1,11.202118300855455,True
l2876797.2,l2876797,2,11.287240505968326,True
l2876797.3,l2876797,3,11.176055728633253,True
r18241.1,r18241,1,11.297083772553918,True
r18241.2,r18241,2,11.382046327926751,True
r18241.3,r18241,3,11.271071704705792,True
l3254227.2,l3254227,2,6.963558785995473,True
m3037455.3,m3037455,3,2.522874069546479,True
l3217052.3,l3217052,3,2.659631381814567,True
p827500.1,p827500,1,10.928223550745185,True
l2822861.1,l2822861,1,11.069266470734476,True
m1047724.1,m1047724,1,9.842572005737724,True
m1047724.2,m1047724,2,9.929903005857458,True
m1047724.3,m1047724,3,9.815811391991424,True
m1047722.1,m1047722,1,9.92406644275635,True
m1047722.2,m1047722,2,10.011260439758512,True
m1047722.3,m1047722,3,9.897349169241597,True
d5534969-2_int.1,d5534969-2_int,1,5.99130473095393,True
d5534969-2_int.2,d5534969-2_int,2,6.073788043319752,True
d5534969-2_int.3,d5534969-2_int,3,5.965963415090941,True
e182729.1,e182729,1,5.9927189445163025,True
e182729.2,e182729,2,6.0752022568821245,True
e182729.3,e182729,3,5.967377628653313,True
n1134477.1,n1134477,1,5.9744251653020894,True
n1134477.2,n1134477,2,6.056682255032068,True
n1134477.3,n1134477,3,5.949153310993528,True
m1166355.1,m1166355,1,2.293001443377608,True
l2858200.1,l2858200,1,2.5078163299761553,True
m1047699.1,m1047699,1,9.197429845742004,True
m1047699.2,m1047699,2,9.285832791794654,True
m1047699.3,m1047699,3,9.170330421499889,True
l2935554.1,l2935554,1,9.347277116459766,True
l2935554.2,l2935554,2,9.435417149514207,True
l2935554.3,l2935554,3,9.320260847831427,True
m1047292.3,m1047292,3,12.979897266815705,True
m1047292.1,m1047292,1,12.990973403204617,True
m1047292.2,m1047292,2,13.027450061761906,True
l2766750.3,l2766750,3,13.091564549273386,True
l3649300.1,l3649300,1,8.903823749984682,True
m1047733.1,m1047733,1,7.818508258756047,True
l3066804.1,l3066804,1,7.967541052980779,True
m3327098.2,m3327098,2,14.916725333399846,True
l2691943.2,l2691943,2,15.299905961807907,True
p829986.1,p829986,1,3.334696160832231,True
m1125904.1,m1125904,1,3.3655208998127235,True
n1139550.1,n1139550,1,13.065952917329803,True
m1026307.2,m1026307,2,18.188604057193437,True
l3085388.2,l3085388,2,18.42869492943418,True
l3233413.2,l3233413,2,5.056944629676973,True
l3122827.1,l3122827,1,11.696940635281596,True
l2954355.1,l2954355,1,11.809141421729766,True
p827576.2,p827576,2,10.931901029836148,True
n1139256.2,n1139256,2,10.945714469467276,True
l2952003.1,l2952003,1,4.552869666296015,True
l2952003.2,l2952003,2,4.601224891783629,True
l2952003.3,l2952003,3,4.538021987975038,True
n1136359.3,n1136359,3,6.549960458403603,True
l3008237.3,l3008237,3,6.605191689728048,True
m1089102.3,m1089102,3,8.16454450151833,True
m1089096.3,m1089096,3,8.489671235824085,True
p895102.2,p895102,2,3.243953481810633,True
m1125978.2,m1125978,2,3.2629844322300268,True
m1026706.1,m1026706,1,11.731838471549278,True
m1026706.2,m1026706,2,11.814560962634323,True
m1026706.3,m1026706,3,11.706519899443533,True
n1140825.1,n1140825,1,11.760900738928765,True
n1140825.2,n1140825,2,11.843576456857473,True
n1140825.3,n1140825,3,11.735596944284003,True
l3141399.3,l3141399,3,9.64924327668012,True
m1069210.3,m1069210,3,9.796761440530668,True
m3763624.3,m3763624,3,8.249206958370813,True
m3763624.1,m3763624,1,8.277143574302313,True
m3763624.2,m3763624,2,8.368244966303026,True
p1121283.3,p1121283,3,8.260179190434137,True
m1142839.3,m1142839,3,2.2351161437311453,True
m1142839.1,m1142839,1,2.2450586621210125,True
m1142839.2,m1142839,2,2.2773911164774416,True
l3067507.3,l3067507,3,2.2757522402382726,True
n1141478.2,n1141478,2,2.6699123930341018,True
m1142826.2,m1142826,2,2.9088310976255354,True
m1108334.3,m1108334,3,4.4227088629539395,True
l2692664.3,l2692664,3,4.497852140955955,True
l2823544.1,l2823544,1,5.536362714024936,True
226-23751.1,226-23751,1,3.377668696247958,True
226-23751.2,226-23751,2,3.425114491903802,True
226-23751.3,226-23751,3,3.3630856784006102,True
p827536.1,p827536,1,9.380460922126332,True
n1137999.1,n1137999,1,9.404243055585141,True
l3027157.1,l3027157,1,10.75894045526502,True
l3027157.2,l3027157,2,10.84477591603637,True
l3027157.3,l3027157,3,10.732652537812982,True
l2973155.1,l2973155,1,10.971241154597166,True
l2973155.2,l2973155,2,11.05673493611581,True
l2973155.3,l2973155,3,10.945061186922766,True
m1186052.1,m1186052,1,1.7885334767885033,True
m1186052.2,m1186052,2,1.806112460776022,True
m1186052.3,m1186052,3,1.8172935690997827,True
198-5320.1,198-5320,1,1.793572217255618,True
198-5320.2,198-5320,2,1.8111512012431368,True
198-5320.3,198-5320,3,1.8223323095668975,True
l3216346.1,l3216346,1,13.955142180516818,True
l2858163.1,l2858163,1,14.199969632443672,True
m1047813.2,m1047813,2,15.212201952893261,True
l2973149.2,l2973149,2,15.340955675455,True
l3086079.2,l3086079,2,1.2439142204165092,True
m1069574.2,m1069574,2,7.75622983283027,True
l2710530.2,l2710530,2,7.828396509671019,True
m1069285.1,m1069285,1,12.48891463771596,True
m1069285.3,m1069285,3,12.45885689591099,True
m4113348.1,m4113348,1,12.491384559874097,True
m4113348.3,m4113348,3,12.461326919660634,True
l2879074.1,l2879074,1,13.448588577685229,True
m1026916.2,m1026916,2,10.496369712284373,True
e193509.1,e193509,1,2.19846975708235,True
e193509.2,e193509,2,2.230177819489583,True
e193509.3,e193509,3,2.188718957948168,True
m1047794.2,m1047794,2,12.478606950471105,True
m1047796.2,m1047796,2,12.66913736574729,True
l3027116.1,l3027116,1,12.375614774509762,True
l3027116.2,l3027116,2,12.413081798511259,True
l3027116.3,l3027116,3,12.364225743121711,True
l2929261.1,l2929261,1,9.350008500955035,True
m1166375.1,m1166375,1,1.6379456790771718,True
m1166375.2,m1166375,2,1.662657147587603,True
m1166375.3,m1166375,3,1.6303418101195661,True
p895080.1,p895080,1,1.6519664420671605,True
l2973156.2,l2973156,2,12.213145215890117,True
m1069311.3,m1069311,3,12.339964596933498,True
m1069311.1,m1069311,1,12.370027228751203,True
m1069311.2,m1069311,2,12.468365642883784,True
m1069208.3,m1069208,3,8.365000892340122,True
l2691945.3,l2691945,3,8.409938982025496,True
n1140820.2,n1140820,2,11.69282683544835,True
m1026468.2,m1026468,2,13.028155661014482,True
p901909.2,p901909,2,13.041997860167129,True
m1026662.1,m1026662,1,12.870661103559106,True
m1026662.3,m1026662,3,12.845522564315639,True
m1026662.2,m1026662,2,12.95287479686049,True
n1141473.1,n1141473,1,12.897371191377006,True
m1026941.1,m1026941,1,11.18090088574922,True
m1026942.1,m1026942,1,11.219039260078434,True
n1137985.1,n1137985,1,9.942531741402489,True
m1047713.1,m1047713,1,9.429270202686403,True
m1047713.2,m1047713,2,9.517266375608932,True
m1047713.3,m1047713,3,9.402299434956266,True
m1047720.1,m1047720,1,9.641057791681279,True
m1047720.2,m1047720,2,9.728713111156935,True
m1047720.3,m1047720,3,9.614194712824567,True
m1108298.1,m1108298,1,3.669053746555169,True
m1108298.2,m1108298,2,3.720404731212063,True
m1108298.3,m1108298,3,3.6532716422533054,True
196-36167.1,196-36167,1,3.698367504225462,True
196-36167.2,196-36167,2,3.7501113565463378,True
196-36167.3,196-36167,3,3.682464770091298,True
e183472.1,e183472,1,3.5742701195480837,True
e183472.2,e183472,2,3.624280494315949,True
e183472.3,e183472,3,3.5588996978248955,True
l2989566.1,l2989566,1,3.874355083789487,True
l2989566.2,l2989566,2,3.923882498271995,True
l2989566.3,l2989566,3,3.859137248022275,True
m1010007.1,m1010007,1,17.818085943416097,True
m1010004.1,m1010004,1,18.04770484735365,True
p862322.1,p862322,1,4.759454561936415,True
p862322.2,p862322,2,4.807472468545503,True
p862322.3,p862322,3,4.744713123557555,True
m1089188.3,m1089188,3,9.387755408970452,True
m1089189.3,m1089189,3,9.511358263156767,True
l2972704.3,l2972704,3,7.783171949043124,True
l3263051.3,l3263051,3,7.8595840428786214,True
n1139544.3,n1139544,3,9.497219428162127,True
l2897776.3,l2897776,3,9.546800645868514,True
n1230122.1,n1230122,1,4.055695985938585,True
l2689726.1,l2689726,1,17.15924573889141,True
m1142868.1,m1142868,1,2.403181172287316,True
m1142868.2,m1142868,2,2.4376328097894446,True
m1142868.3,m1142868,3,2.39258795970468,True
m1142869.1,m1142869,1,2.443464374034157,True
m1142869.2,m1142869,2,2.478455893442454,True
m1142869.3,m1142869,3,2.4327053909649834,True
l2767414.3,l2767414,3,3.953899350120266,True
m1027027.3,m1027027,3,14.574856179186567,True
l3270853.3,l3270853,3,14.636787248527144,True
m1125982.2,m1125982,2,3.411860875595707,True
m1069572.2,m1069572,2,7.699333956329334,True
l3066826.2,l3066826,2,7.863284119724758,True
m1166356.1,m1166356,1,1.7957693852987036,True
l2730187.1,l2730187,1,1.8934783912144826,True
l3122825.1,l3122825,1,14.448844615387747,True
l2991920.1,l2991920,1,14.536268137241382,True
n1134474.1,n1134474,1,5.703894389959052,True
n1134474.2,n1134474,2,5.782525783013098,True
n1134474.3,n1134474,3,5.679735804117426,True
m1069496.1,m1069496,1,5.7462997396326845,True
m1069496.2,m1069496,2,5.825499455958486,True
m1069496.3,m1069496,3,5.721966650396532,True
l3122826.1,l3122826,1,10.928146092457355,True
m1047358.1,m1047358,1,11.121371321238119,True
l3142078.2,l3142078,2,13.741361238463679,True
l2879752.2,l2879752,2,13.999761867626443,True
p850072.1,p850072,1,5.146885329048001,True
p850072.2,p850072,2,5.160100572243036,True
p850072.3,p850072,3,5.097525357785963,True
221-311609.1,221-311609,1,5.150390736631074,True
221-311609.2,221-311609,2,5.16360597982611,True
221-311609.3,221-311609,3,5.101030765369036,True
m1027023.2,m1027023,2,13.724380694763836,True
m1027023.1,m1027023,1,14.392080050014453,True
m1027023.3,m1027023,3,13.602575136718128,True
l3122815.2,l3122815,2,13.86867861918764,True
l2724120.3,l2724120,3,9.49518517638293,True
m1069149.3,m1069149,3,9.50497779413175,True
l2729429.1,l2729429,1,10.122975718798697,True
l3215549.2,l3215549,2,12.763308752137302,True
l2897800.2,l2897800,2,13.038710539548138,True
l3027156.3,l3027156,3,10.352088922265366,True
l2860481.3,l2860481,3,10.570352825056752,True
n1140828.1,n1140828,1,11.903187619125676,True
n1140828.2,n1140828,2,11.985900173670956,True
n1140828.3,n1140828,3,11.877876094860584,True
m1026708.1,m1026708,1,11.920672027943386,True
m1026708.2,m1026708,2,12.003383568567523,True
m1026708.3,m1026708,3,11.89536122283756,True
m1126020.1,m1126020,1,5.863339613351435,True
m1126023.1,m1126023,1,5.9046076638169005,True
m1026906.1,m1026906,1,9.823188764635422,True
m1209824.3,m1209824,3,3.1922255675999014,True
m1209828.3,m1209828,3,3.553048904715148,True
l3195315.1,l3195315,1,8.478098395195214,True
m1069590.2,m1069590,2,8.092305905735211,True
m1069595.2,m1069595,2,8.35183179359504,True
m1027004.2,m1027004,2,13.961557120651396,True
l2897765.2,l2897765,2,14.241368023550356,True
m1047314.1,m1047314,1,11.601782736331653,True
n1137961.1,n1137961,1,11.637767164839937,True
l2876814.1,l2876814,1,11.323386377939995,True
l2876814.2,l2876814,2,11.41789031961467,True
l2876814.3,l2876814,3,11.294470812540581,True
m1026834.1,m1026834,1,11.476864354595671,True
m1026834.2,m1026834,2,11.571121287002192,True
m1026834.3,m1026834,3,11.448026829040234,True
m1008743.2,m1008743,2,18.11995001701097,True
m1008742.2,m1008742,2,18.27338813409406,True
p827525.1,p827525,1,9.932706023265059,True
p827525.2,p827525,2,10.027991415140223,True
p827525.3,p827525,3,9.903526698321306,True
m1026902.1,m1026902,1,10.040966173069677,True
m1026902.2,m1026902,2,10.136521941834456,True
m1026902.3,m1026902,3,10.01170657417964,True
n1144663.1,n1144663,1,5.650793806686533,True
n1144663.2,n1144663,2,5.728713537239271,True
n1144663.3,n1144663,3,5.626853736482761,True
m1089215.1,m1089215,1,5.669804278421764,True
m1089215.2,m1089215,2,5.747978790354147,True
m1089215.3,m1089215,3,5.645785977714651,True
m1069467.1,m1069467,1,10.229205595450342,True
m1047324.1,m1047324,1,11.004142314082626,True
m1047324.2,m1047324,2,11.043882941218984,True
m1047324.3,m1047324,3,10.992034310103314,True
l2897780.1,l2897780,1,11.182232534009428,True
l2897780.2,l2897780,2,11.221673767515595,True
l2897780.3,l2897780,3,11.170219241665043,True
m1069411.1,m1069411,1,11.606705040081929,True
m1069411.2,m1069411,2,11.703137077034004,True
m1069411.3,m1069411,3,11.57720840493504,True
l2711226.1,l2711226,1,2.535870904547165,True
l2711226.2,l2711226,2,2.572053745214243,True
l2711226.3,l2711226,3,2.524746171756246,True
l3101789.1,l3101789,1,13.274797515190697,True
l2841616.1,l2841616,1,11.365510167985114,True
m1089170.3,m1089170,3,7.543061447697017,True
l2879062.3,l2879062,3,7.869337653679942,True
n1139545.3,n1139545,3,7.310958026623019,True
m1069174.3,m1069174,3,7.5087053997098945,True
n1140517.1,n1140517,1,4.8607302542252535,True
l3157718.1,l3157718,1,5.006157185013932,True
l2727008.2,l2727008,2,8.631568975029026,True
m1069629.2,m1069629,2,8.990552236029215,True
l2691944.1,l2691944,1,12.976302853143116,True
n1230121.3,n1230121,3,3.4821274448119275,True
m1069533.1,m1069533,1,6.403587128020333,True
m1069533.2,m1069533,2,6.491558007912927,True
m1069533.3,m1069533,3,6.3765608571173145,True
n1136356.1,n1136356,1,6.492235118276533,True
n1136356.2,n1136356,2,6.5813940726985125,True
n1136356.3,n1136356,3,6.464844049645477,True
m1142865.1,m1142865,1,2.30457538417277,True
m1142865.2,m1142865,2,2.337705491147582,True
m1142865.3,m1142865,3,2.294387946919858,True
m1047526.1,m1047526,1,7.582211706752691,True
m1047526.2,m1047526,2,7.67163033257554,True
m1047526.3,m1047526,3,7.554774203987674,True
n1136666.1,n1136666,1,7.594421847528069,True
n1136666.2,n1136666,2,7.683870967857811,True
n1136666.3,n1136666,3,7.566975291051353,True
l2804253.1,l2804253,1,8.665927481014766,True
m1209790.1,m1209790,1,0.5943431705754898,True
m1209790.2,m1209790,2,0.6050681115225749,True
m1209790.3,m1209790,3,0.5910338583582683,True
m1209788.1,m1209788,1,0.6384741450993887,True
m1209788.2,m1209788,2,0.6497905364181886,True
m1209788.3,m1209788,3,0.6349832283224259,True
p850400.3,p850400,3,12.470464799000718,True
l3029500.1,l3029500,1,14.09174196352695,True
m1026764.1,m1026764,1,14.222798282942524,True
m1108375.3,m1108375,3,3.5567805482329375,True
m1069217.3,m1069217,3,8.821662298305169,True
l2954350.3,l2954350,3,8.991131668146481,True
l2802481.1,l2802481,1,4.9079163796495,True
l3214549.1,l3214549,1,5.005935360261346,True
l2851933.1,l2851933,1,11.754714184294235,True
l2851933.2,l2851933,2,11.83741165314994,True
l2851933.3,l2851933,3,11.729403405467233,True
l3207907.1,l3207907,1,11.788642608167363,True
l3207907.2,l3207907,2,11.871338109513236,True
l3207907.3,l3207907,3,11.76333322486598,True
l2841619.3,l2841619,3,9.659257348588477,True
m1108380.2,m1108380,2,4.1796310525495075,True
m1108380.1,m1108380,1,4.130553147763185,True
m1108380.3,m1108380,3,4.115477485471379,True
p904452.2,p904452,2,4.186834459174523,True
n1136995.3,n1136995,3,8.510894460880158,True
m1047613.3,m1047613,3,8.529047220079988,True
221-306687.2,221-306687,2,11.777859500787736,True
l2916625.2,l2916625,2,11.924307934586288,True
m1009724.1,m1009724,1,13.352866289592956,True
m1009720.1,m1009720,1,13.437739158162879,True
l2822862.3,l2822862,3,6.343540154262989,True
d6019477-1_int.3,d6019477-1_int,3,13.81855745905962,True
e182727.3,e182727,3,13.819971672621994,True
m1027043.3,m1027043,3,13.80100531068286,True
m1027043.1,m1027043,1,14.652271136824867,True
m1027043.2,m1027043,2,13.922508720526125,True
m1026948.2,m1026948,2,12.033579048803775,True
m1026949.2,m1026949,2,12.046544808612063,True
m1089131.1,m1089131,1,6.183570674524824,True
m1089131.2,m1089131,2,6.231309972990672,True
m1089131.3,m1089131,3,6.168934771594943,True
l3270854.1,l3270854,1,6.280415368612109,True
m1209763.2,m1209763,2,1.473720609804746,True
l3176661.3,l3176661,3,8.598878757798262,True
l2970804.3,l2970804,3,8.709533094481216,True
p827504.1,p827504,1,9.649106272708288,True
n1137957.1,n1137957,1,9.666290674007243,True
l2936275.2,l2936275,2,1.6753181607619219,True
l2766722.2,l2766722,2,14.217146948736337,True
l3142079.2,l3142079,2,3.9490791075642404,True
m3036162.2,m3036162,2,3.9526851347412637,True
m1026724.1,m1026724,1,10.709075355485234,True
m1026724.2,m1026724,2,10.793499987711854,True
m1026724.3,m1026724,3,10.683218477012925,True
r18243.1,r18243,1,10.721731628052664,True
r18243.2,r18243,2,10.806135891124747,True
r18243.3,r18243,3,10.695881184989252,True
l2710504.2,l2710504,2,15.194997666774137,True
m1142860.1,m1142860,1,2.2166861935273423,True
m1142860.2,m1142860,2,2.2486383955263918,True
m1142860.3,m1142860,3,2.2068604314457896,True
p895114.1,p895114,1,2.2255265860444307,True
l3197652.1,l3197652,1,6.740740510066791,True
p827575.3,p827575,3,10.639631404549387,True
m1069437.3,m1069437,3,10.646934755985102,True
m1069620.2,m1069620,2,8.68971578951376,True
l3270814.1,l3270814,1,11.27749379613923,True
m1026378.1,m1026378,1,14.951452982888641,True
l2897778.1,l2897778,1,15.118551359599625,True
m1069532.2,m1069532,2,6.511313202321336,True
l2785534.2,l2785534,2,6.595451754260411,True
m1069147.3,m1069147,3,8.884405023422666,True
l3066801.3,l3066801,3,8.95420699037206,True
m1069556.3,m1069556,3,6.5280336492136914,True
m1069556.1,m1069556,1,6.55568582555617,True
m1069556.2,m1069556,2,6.645695156495118,True
p901932.3,p901932,3,6.54041446936156,True
l2691967.1,l2691967,1,6.51567481106796,True
l2691967.2,l2691967,2,6.602443186347834,True
l2691967.3,l2691967,3,6.489024013938674,True
m1069504.1,m1069504,1,6.565630867246769,True
m1069504.2,m1069504,2,6.652524006468975,True
m1069504.3,m1069504,3,6.538943028142412,True
m1166393.3,m1166393,3,5.7467635982778065,True
m1166395.3,m1166395,3,5.841057302011225,True
l2766718.1,l2766718,1,8.317831299111589,True
l2766718.2,l2766718,2,8.361982731305915,True
l2766718.3,l2766718,3,8.304329959804866,True
l3048206.1,l3048206,1,8.49425750425575,True
l3048206.2,l3048206,2,8.53812499403198,True
l3048206.3,l3048206,3,8.480845873412893,True
m1047821.2,m1047821,2,14.590535751000255,True
l2684420.2,l2684420,2,14.628462111829379,True
p850080.1,p850080,1,5.10328070531528,True
p850080.2,p850080,2,5.116498487426187,True
p850080.3,p850080,3,5.053918933237775,True
221-311905.1,221-311905,1,5.1076692306058735,True
221-311905.2,221-311905,2,5.120887012716781,True
221-311905.3,221-311905,3,5.058307458528369,True
m1089204.1,m1089204,1,5.325830202166898,True
l3157167.1,l3157167,1,5.428957146040285,True
m1186072.1,m1186072,1,0.9238333828527168,True
m1186072.2,m1186072,2,0.9389742042699292,True
m1186072.3,m1186072,3,0.919168176604484,True
m1186067.1,m1186067,1,0.9553169320154615,True
m1186067.2,m1186067,2,0.9708797009889221,True
m1186067.3,m1186067,3,0.950522166967622,True
m1047432.1,m1047432,1,14.00682601452644,True
l2879075.1,l2879075,1,14.096968574465501,True
m3037537.2,m3037537,2,14.604728598381431,True
l3231269.2,l3231269,2,14.849891906638941,True
r42247.1,r42247,1,1.8996188240783651,True
r42247.2,r42247,2,1.9277804173392672,True
r42247.3,r42247,3,1.8909555959313398,True
m1149233.1,m1149233,1,1.929291754258431,True
m1149233.2,m1149233,2,1.9578510288706787,True
m1149233.3,m1149233,3,1.9205064182386538,True
m1108266.2,m1108266,2,9.997717871663554,True
m1108265.2,m1108265,2,10.262097052543382,True
m1069543.2,m1069543,2,7.231244271122071,True
m1069535.2,m1069535,2,7.357090367328557,True
m1126017.1,m1126017,1,6.014895374412556,True
m1047711.1,m1047711,1,7.104363986092143,True
m1047718.1,m1047718,1,7.229322405042815,True
m1069136.1,m1069136,1,9.681737604397371,True
m1069136.2,m1069136,2,9.723664361940656,True
m1069136.3,m1069136,3,9.668939407936872,True
m1009771.2,m1009771,2,13.014995315414534,True
l2914323.2,l2914323,2,13.158172666283154,True
m1069218.3,m1069218,3,9.448914507403172,True
l2954351.3,l2954351,3,9.622009360082858,True
m1026744.1,m1026744,1,10.385435613215224,True
m1026744.2,m1026744,2,10.470381115065134,True
m1026744.3,m1026744,3,10.35941417175126,True
m1008752.2,m1008752,2,17.82775494968853,True
m1008746.2,m1008746,2,17.975496859367414,True
m1069457.1,m1069457,1,10.500708774927531,True
m1069457.2,m1069457,2,10.59438214712648,True
m1069457.3,m1069457,3,10.472031177630091,True
e182745.1,e182745,1,10.52169368649287,True
n1139546.2,n1139546,2,6.742642214003022,True
m1026363.3,m1026363,3,13.610730439726288,True
l2897779.3,l2897779,3,13.782230662272472,True
l2841626.3,l2841626,3,8.82946434444613,True
l2711234.2,l2711234,2,3.8904395265283327,True
l2973178.2,l2973178,2,11.03713433675461,True
m1149236.1,m1149236,1,1.838597793663729,True
m1149236.2,m1149236,2,1.8659794803574599,True
m1149236.3,m1149236,3,1.8301740354630323,True
p829974.1,p829974,1,1.8468137969248923,True
l3160862.3,l3160862,3,3.033249471808307,True
l3104850.3,l3104850,3,3.2230812589435396,True
l2748130.2,l2748130,2,10.626447333062691,True
l3083019.1,l3083019,1,14.991359913098806,True
m1027080.1,m1027080,1,15.046442562330684,True
l3085389.2,l3085389,2,17.8855911256505,True
l2729405.2,l2729405,2,9.419898131912369,True
p828362.1,p828362,1,8.173830615066016,True
p828362.2,p828362,2,8.263411657993222,True
p828362.3,p828362,3,8.146354705278615,True
n1136671.1,n1136671,1,8.185807649704433,True
n1136671.2,n1136671,2,8.275369416650646,True
n1136671.3,n1136671,3,8.158337829949847,True
p901941.1,p901941,1,2.743625446425129,True
l3251799.1,l3251799,1,2.8140889615065827,True
m1026308.2,m1026308,2,17.097803356851028,True
l2897764.2,l2897764,2,17.30069792307776,True
m1009840.2,m1009840,2,13.829757946276377,True
l2991901.2,l2991901,2,13.934907492555675,True
n1134470.1,n1134470,1,15.636164354585706,True
l3251808.1,l3251808,1,15.80884799832706,True
l3139086.2,l3139086,2,14.831171408540792,True
n1137992.1,n1137992,1,8.355667249435424,True
n1137992.2,n1137992,2,8.443983436587024,True
n1137992.3,n1137992,3,8.328580181511049,True
196-29520.1,196-29520,1,8.360626664450848,True
196-29520.2,196-29520,2,8.4489552376116,True
196-29520.3,196-29520,3,8.333535919163978,True
l3029501.2,l3029501,2,12.647944236722195,True
m3036165.2,m3036165,2,12.651522327327212,True
m1026857.1,m1026857,1,9.02945216245702,True
m1026859.1,m1026859,1,9.045830127795154,True
m1108311.3,m1108311,3,3.5183376081354325,True
m1108311.1,m1108311,1,3.533562147314518,True
m1108311.2,m1108311,2,3.583097251909853,True
l2898526.3,l2898526,3,3.553777607564411,True
l3048965.1,l3048965,1,2.00199940605495,True
l3048965.2,l3048965,2,2.0315331202336364,True
l3048965.3,l3048965,3,1.9929148688224925,True
l3216123.1,l3216123,1,8.522642489975079,True
l3216123.2,l3216123,2,8.61166215095145,True
l3216123.3,l3216123,3,8.495343942600764,True
n1136996.1,n1136996,1,8.7230133835752,True
n1136996.2,n1136996,2,8.811710565269095,True
n1136996.3,n1136996,3,8.695816719960463,True
m1069202.3,m1069202,3,7.95226297714187,True
l2879073.3,l2879073,3,8.17884407077354,True
m1089093.3,m1089093,3,8.657380029839425,True
m1047786.2,m1047786,2,12.705277453008877,True
l3048207.2,l3048207,2,12.838578503703033,True
l3160868.2,l3160868,2,4.158006044811683,True
l3082988.2,l3082988,2,4.196338723825276,True
l2936211.3,l2936211,3,3.0918011606896005,True
n1140525.3,n1140525,3,8.278442570798754,True
l3645809.3,l3645809,3,8.348801158645799,True
p829962.3,p829962,3,2.298177969415511,True
m1142835.3,m1142835,3,2.309931619173192,True
l3125349.1,l3125349,1,12.055650586645822,True
l3125349.2,l3125349,2,12.153203853345914,True
l3125349.3,l3125349,3,12.02582106233561,True
n1138604.1,n1138604,1,12.121528751165007,True
n1138604.2,n1138604,2,12.219246546856132,True
n1138604.3,n1138604,3,12.091650378776814,True
d5710794-3_int.1,d5710794-3_int,1,0.013034164232828719,True
d5710794-3_int.2,d5710794-3_int,2,0.01334312522035217,True
d5710794-3_int.3,d5710794-3_int,3,0.01293852364204016,True
e192860.1,e192860,1,0.014448377795201814,True
e192860.2,e192860,2,0.014757338782725265,True
e192860.3,e192860,3,0.014352737204413255,True
l3254216.1,l3254216,1,16.495955058494694,True
l2785511.1,l2785511,1,5.6694572729993125,True
l2897784.2,l2897784,2,13.23222478299075,True
m1026496.2,m1026496,2,13.297721023263552,True
p859135.1,p859135,1,9.207689846337814,True
m1027002.1,m1027002,1,13.705636654398965,True
m1027002.2,m1027002,2,13.201673801003267,True
m1027002.3,m1027002,3,13.079071107127088,True
l2673313.1,l2673313,1,13.881965183345491,True
l2673313.2,l2673313,2,13.335942902047451,True
l2673313.3,l2673313,3,13.213544970558463,True
m1047725.2,m1047725,2,9.936469405758785,True
m1047728.2,m1047728,2,10.104621401154867,True
m1047300.1,m1047300,1,12.508009153496154,True
m1047300.2,m1047300,2,12.545263100420575,True
m1047300.3,m1047300,3,12.496687441451925,True
m1047299.1,m1047299,1,12.628805042122202,True
m1047299.2,m1047299,2,12.66586457871691,True
m1047299.3,m1047299,3,12.617544751869602,True
l3122835.2,l3122835,2,8.247801283165362,True
l3234185.2,l3234185,2,15.76559209019263,True
l3065750.2,l3065750,2,15.956270123082373,True
l2991943.3,l2991943,3,12.899272901047595,True
l2952013.1,l2952013,1,10.127760359037865,True
m1026701.1,m1026701,1,12.005913923801847,True
m1026701.2,m1026701,2,12.088620521247103,True
m1026701.3,m1026701,3,11.980606624819671,True
m1026697.1,m1026697,1,12.093761695037978,True
m1026697.2,m1026697,2,12.176463198189598,True
m1026697.3,m1026697,3,12.068458009362914,True
m1069730.2,m1069730,2,15.418491006794381,True
l3159037.2,l3159037,2,15.487219757901865,True
m1142833.3,m1142833,3,2.3307109406527324,True
p901913.3,p901913,3,8.122521936694854,True
n1140823.1,n1140823,1,11.638523148635546,True
n1140823.2,n1140823,2,11.721407616716219,True
n1140823.3,n1140823,3,11.613153289473424,True
m1027066.3,m1027066,3,15.415425488619958,True
l2841645.3,l2841645,3,15.431436444109016,True
m1125959.3,m1125959,3,3.0161457245322376,True
m1125974.3,m1125974,3,3.1008406569045803,True
m1069191.1,m1069191,1,8.387233798557434,True
m1108258.2,m1108258,2,12.81893625831593,True
p829976.1,p829976,1,2.064688431729114,True
l2955078.1,l2955078,1,2.169785584199118,True
n1147867.3,n1147867,3,9.677212933502982,True
d5837361-8_int.3,d5837361-8_int,3,9.688559510978505,True
m1026792.1,m1026792,1,11.300274887765807,True
l2821010.1,l2821010,1,11.631749097547559,True
m1125976.1,m1125976,1,3.257529332968782,True
m1125976.2,m1125976,2,3.303412127510025,True
m1125976.3,m1125976,3,3.2434261889689044,True
n1142112.2,n1142112,2,12.5326098665555,True
p827496.2,p827496,2,12.555735387441242,True
221-240988.3,221-240988,3,13.349002362824361,True
l3141411.3,l3141411,3,13.394239986795402,True
p829956.3,p829956,3,2.4659673269350493,True
d5535139-1_int.1,d5535139-1_int,1,3.648270942193417,True
d5535139-1_int.2,d5535139-1_int,2,3.699390518213284,True
d5535139-1_int.3,d5535139-1_int,3,3.632559846892183,True
e183473.1,e183473,1,3.6496851557557903,True
e183473.2,e183473,2,3.700804731775657,True
e183473.3,e183473,3,3.6339740604545563,True
m1125997.1,m1125997,1,3.6457769033189065,True
m1125997.2,m1125997,2,3.696863053831285,True
m1125997.3,m1125997,3,3.630076071304098,True
m1047518.2,m1047518,2,8.217166807071813,True
l2973160.2,l2973160,2,8.341466198778889,True
n1134471.1,n1134471,1,15.089218316164581,True
m1009838.2,m1009838,2,13.299644128670643,True
l2801896.2,l2801896,2,13.390299163495719,True
p827520.3,p827520,3,7.298674349813951,True
m1009784.1,m1009784,1,12.793158298283782,True
m1009784.2,m1009784,2,12.88520040350319,True
m1009784.3,m1009784,3,12.765019753402056,True
m1009770.1,m1009770,1,12.906670498707703,True
m1009770.2,m1009770,2,12.998521349735782,True
m1009770.3,m1009770,3,12.878592190105383,True
n1136669.1,n1136669,1,7.906063788728311,True
n1136669.2,n1136669,2,7.996291226646634,True
n1136669.3,n1136669,3,7.878386152500709,True
l3103822.1,l3103822,1,7.972238114788067,True
l3103822.2,l3103822,2,8.062630821353114,True
l3103822.3,l3103822,3,7.944511410881312,True
m3768670.1,m3768670,1,8.540160518202955,True
m3768670.2,m3768670,2,8.631971596100898,True
m3768670.3,m3768670,3,8.512012704842833,True
p1123251.1,p1123251,1,8.546580255854417,True
n1136994.3,n1136994,3,8.222618890541344,True
l2729428.1,l2729428,1,12.577717743818543,True
m1026926.1,m1026926,1,10.688975368808972,True
m1026926.2,m1026926,2,10.689361642563634,True
m1026926.3,m1026926,3,10.56421437335846,True
n1138000.1,n1138000,1,10.700111421745135,True
221-242079.1,221-242079,1,1.38786547170267,True
221-242079.2,221-242079,2,1.4091751911347006,True
221-242079.3,221-242079,3,1.381306108207022,True
l3011293.1,l3011293,1,1.4368312128222591,True
l3011293.2,l3011293,2,1.4581409322542898,True
l3011293.3,l3011293,3,1.4302718493266111,True
m1026777.1,m1026777,1,11.885099969053899,True
l3233353.1,l3233353,1,11.973607782178096,True
l3029506.2,l3029506,2,8.047495508190893,True
l3010559.1,l3010559,1,12.780960362795842,True
m1069213.3,m1069213,3,8.63648578223844,True
l3178977.3,l3178977,3,8.71497274224678,True
m1108534.1,m1108534,1,4.831040500145271,True
m1108534.2,m1108534,2,4.897973765905445,True
m1108534.3,m1108534,3,4.810473818812623,True
p901934.1,p901934,1,4.840181368551902,True
p829796.3,p829796,3,4.508204985754784,True
n1142107.3,n1142107,3,4.559829954253913,True
l2691965.2,l2691965,2,6.643180298509016,True
l2785538.1,l2785538,1,6.606731264210156,True
n1139259.3,n1139259,3,10.712057047789308,True
l2710543.3,l2710543,3,10.763234189023807,True
q1301.1,q1301,1,2.162820542873609,True
q1301.2,q1301,2,2.1940508288160676,True
q1301.3,q1301,3,2.15321644477926,True
l3160872.1,l3160872,1,2.173367172980424,True
l3160872.2,l3160872,2,2.2047388065446905,True
l3160872.3,l3160872,3,2.1637196741649722,True
p827509.2,p827509,2,11.523526014419367,True
m1047793.2,m1047793,2,12.458436845061305,True
p827555.2,p827555,2,12.467193631731384,True
l2879069.1,l2879069,1,11.979412940529675,True
l2955006.3,l2955006,3,5.096998340803165,True
l2692600.3,l2692600,3,5.183044917436865,True
l3029505.3,l3029505,3,7.269761623297798,True
l2673318.3,l2673318,3,7.412788138748588,True
m1026682.1,m1026682,1,12.363456384473855,True
m1047424.2,m1047424,2,13.203378461558877,True
l2691949.2,l2691949,2,13.327887434072439,True
m1026699.2,m1026699,2,15.783963494942112,True
l3085403.1,l3085403,1,12.522581020243248,True
m4113345.3,m4113345,3,8.27716606779079,True
l3235255.1,l3235255,1,11.265973991847092,True
l3235255.2,l3235255,2,11.305280450862057,True
l3235255.3,l3235255,3,11.254003280011302,True
m1047316.1,m1047316,1,11.364462660870503,True
m1047316.2,m1047316,2,11.403603547176514,True
m1047316.3,m1047316,3,11.35254432710954,True
m1026886.1,m1026886,1,9.80189595245009,True
m1026886.2,m1026886,2,9.896854649598328,True
m1026886.3,m1026886,3,9.772813622020173,True
l3120484.1,l3120484,1,9.803881701781332,True
l3120484.2,l3120484,2,9.898845358286534,True
l3120484.3,l3120484,3,9.7747978989358,True
l2879078.1,l2879078,1,12.321008134941538,True
l2879078.2,l2879078,2,12.40369646006853,True
l2879078.3,l2879078,3,12.295713796244383,True
m1026681.1,m1026681,1,12.406608396120781,True
m1026681.2,m1026681,2,12.489291757287281,True
m1026681.3,m1026681,3,12.381317578287367,True
l3232902.1,l3232902,1,3.7947869693002683,True
l3232902.2,l3232902,2,3.847851223009292,True
l3232902.3,l3232902,3,3.778478761625,True
l3123509.1,l3123509,1,1.4308055722527317,True
l3123509.2,l3123509,2,1.452740915955132,True
l3123509.3,l3123509,3,1.4240541111177594,True
m1209772.1,m1209772,1,1.4988585885522878,True
m1209772.2,m1209772,2,1.5217059896524892,True
m1209772.3,m1209772,3,1.49182708062031,True
r20703.1,r20703,1,3.6544950536910292,True
r20703.2,r20703,2,3.705679092731539,True
r20703.3,r20703,3,3.638764165049486,True
l2859403.1,l2859403,1,3.6864198065635065,True
l2859403.2,l2859403,2,3.7380317062428765,True
l2859403.3,l2859403,3,3.670557543513109,True
m1026927.1,m1026927,1,10.71602785987509,True
m1026927.2,m1026927,2,10.709961336091137,True
m1026927.3,m1026927,3,10.584845481726676,True
m1125914.1,m1125914,1,3.0544543977302374,True
m1125914.2,m1125914,2,3.0975873772310325,True
m1125914.3,m1125914,3,3.041195628064207,True
l2917328.1,l2917328,1,3.0858088163394455,True
l2917328.2,l2917328,2,3.129362012768178,True
l2917328.3,l2917328,3,3.072421019262421,True
l2841635.1,l2841635,1,8.60565227136901,True
l2841635.2,l2841635,2,8.693219352671216,True
l2841635.3,l2841635,3,8.57879785944322,True
l2766499.3,l2766499,3,8.888615787465225,True
m1047444.2,m1047444,2,13.737045463439296,True
m1108459.2,m1108459,2,4.690532039758554,True
l2802480.2,l2802480,2,4.781504828593809,True
l2691954.1,l2691954,1,13.161385366985646,True
l2691954.2,l2691954,2,13.1975755400948,True
l2691954.3,l2691954,3,13.150399858794666,True
l3122849.1,l3122849,1,13.284785060905635,True
l3122849.2,l3122849,2,13.320776633090084,True
l3122849.3,l3122849,3,13.273862298478381,True
l2764411.3,l2764411,3,8.123058190521357,True
m1026907.1,m1026907,1,10.287409640082117,True
m1026907.2,m1026907,2,10.383580894953251,True
m1026907.3,m1026907,3,10.257967305534788,True
l2729206.3,l2729206,3,8.570198505528,True
l2804957.3,l2804957,3,8.357833262048104,True
l3048937.3,l3048937,3,8.443497510697224,True
l2822872.1,l2822872,1,8.690840573507092,True
l2822872.2,l2822872,2,8.779993847259883,True
l2822872.3,l2822872,3,8.663504977518963,True
l3235946.1,l3235946,1,4.841043224314054,True
m1126005.1,m1126005,1,5.176301064924285,True
m1009698.1,m1009698,1,13.728865895778412,True
l3156034.1,l3156034,1,13.80137947797378,True
l3254205.3,l3254205,3,13.74416736583383,True
l3197647.1,l3197647,1,10.293063590980271,True
m1026778.1,m1026778,1,10.295391515030591,True
m1026844.3,m1026844,3,11.288759391149714,True
m1026844.1,m1026844,1,11.317677859193026,True
m1026844.2,m1026844,2,11.41219098822519,True
n1147861.3,n1147861,3,11.299663011538321,True
l2973833.1,l2973833,1,1.5237582024496747,True
l2973833.2,l2973833,2,1.5469393121537323,True
l2973833.3,l2973833,3,1.5166242294471124,True
m1166373.1,m1166373,1,1.5546649734003128,True
m1166373.2,m1166373,2,1.5782603005868634,True
m1166373.3,m1166373,3,1.5474038151136713,True
l2991902.2,l2991902,2,17.279441509170702,True
m1008758.2,m1008758,2,17.451925565484498,True
m1026734.1,m1026734,1,14.663737396273854,True
l3065696.1,l3065696,1,14.760099813483288,True
l2748780.1,l2748780,1,5.403620405334822,True
m1125987.1,m1125987,1,3.3866209182326625,True
m1125987.2,m1125987,2,3.434233818825568,True
m1125987.3,m1125987,3,3.3719865459795892,True
p901945.1,p901945,1,3.3956203598192727,True
p901945.2,p901945,2,3.443217470533868,True
p901945.3,p901945,3,3.3809909816784387,True
p901910.2,p901910,2,11.621535979387065,True
l3027122.1,l3027122,1,4.288185250257845,True
m1108506.1,m1108506,1,4.301988514383514,True
l2841637.3,l2841637,3,13.330387052998157,True
n1139539.1,n1139539,1,9.881767361367782,True
l2710520.1,l2710520,1,10.10822334001617,True
m1089119.2,m1089119,2,6.712049229032964,True
m1089119.1,m1089119,1,6.665117088662395,True
m1089119.3,m1089119,3,6.6507365260441995,True
p827521.2,p827521,2,6.725112198550699,True
l3046854.2,l3046854,2,14.49225829952793,True
m1047478.3,m1047478,3,9.70466685350091,True
l2766716.3,l2766716,3,9.786199261207981,True
n1137003.1,n1137003,1,9.447711619190992,True
l2973171.2,l2973171,2,7.780517933187683,True
l3085392.3,l3085392,3,7.69321332169376,True
p875742.2,p875742,2,10.501904139097613,True
m1010008.1,m1010008,1,17.814817406487887,True
l3784018.1,l3784018,1,11.094258116406943,True
l3784018.2,l3784018,2,11.179553912974459,True
l3784018.3,l3784018,3,11.068140699886236,True
m1026703.3,m1026703,3,11.932475218254524,True
l2973166.3,l2973166,3,12.072531037251785,True
l3068944.2,l3068944,2,3.262587099571012,True
m1047550.1,m1047550,1,7.1375709777477745,True
m1047550.2,m1047550,2,7.225888977448309,True
m1047550.3,m1047550,3,7.110460102585624,True
l2936270.1,l2936270,1,0.6430398841654192,True
l3086078.1,l3086078,1,0.7592547383138568,True
m1047593.1,m1047593,1,8.267915608925238,True
m1047593.2,m1047593,2,8.357345230352212,True
m1047593.3,m1047593,3,8.240487539084656,True
m1047615.1,m1047615,1,8.518833444272587,True
m1047615.2,m1047615,2,8.607859235572095,True
m1047615.3,m1047615,3,8.491532960090536,True
m1009855.2,m1009855,2,13.622939448112076,True
l2748139.2,l2748139,2,13.71705111497599,True
n1140832.3,n1140832,3,12.858276039700925,True
l2841631.3,l2841631,3,12.8957996803244,True
m1047819.2,m1047819,2,14.460418964972654,True
l2916610.2,l2916610,2,12.095286728684973,True
l2879076.3,l2879076,3,7.560208840893544,True
m1089122.3,m1089122,3,7.605394459040018,True
l2691939.2,l2691939,2,12.718746547964166,True
m1069489.3,m1069489,3,10.801610696620664,True
l2933120.3,l2933120,3,10.907671076417193,True
m1069225.3,m1069225,3,9.474444903440418,True
m1089120.1,m1089120,1,6.553692737810505,True
m1089120.2,m1089120,2,6.600812197512291,True
m1089120.3,m1089120,3,6.5392529176853875,True
l3645810.3,l3645810,3,8.511379029832025,True
m3763623.3,m3763623,3,8.522177957769413,True
l3649304.1,l3649304,1,9.172410171041836,True
m1027042.3,m1027042,3,13.831707523728848,True
l3178969.2,l3178969,2,13.207841646408623,True
l2729401.2,l2729401,2,13.354765317653312,True
l3235249.1,l3235249,1,10.411315296265494,True
l2954348.1,l2954348,1,10.590945478857329,True
l3066812.1,l3066812,1,11.728505864983372,True
l2841622.1,l2841622,1,11.861296311924113,True
m1209787.1,m1209787,1,0.7185085346242579,True
m1209787.2,m1209787,2,0.7308975596191807,True
m1209787.3,m1209787,3,0.7146882661792066,True
l2823611.1,l2823611,1,0.8113408513992361,True
l2823611.2,l2823611,2,0.824974029936111,True
l2823611.3,l2823611,3,0.807138566191592,True
196-35541.3,196-35541,3,3.527102967687771,True
m1108317.3,m1108317,3,3.670801190115625,True
m1047340.1,m1047340,1,10.624732534531992,True
l2991923.1,l2991923,1,10.748998044597165,True
m1026661.1,m1026661,1,12.749351177394697,True
p827530.1,p827530,1,12.754938944602939,True
p827503.3,p827503,3,9.737548467089272,True
n1147865.1,n1147865,1,14.761331721733416,True
l2895489.1,l2895489,1,14.934514154625681,True
l2730163.1,l2730163,1,2.855482303623466,True
l2730163.2,l2730163,2,2.8959486273277384,True
l2730163.3,l2730163,3,2.8430423293713343,True
m1089103.2,m1089103,2,7.8905903129178645,True
l3048196.2,l3048196,2,8.01338546129956,True
l2673306.3,l2673306,3,9.49652900824789,True
l2726973.1,l2726973,1,8.87140599071288,True
l2726973.2,l2726973,2,8.961010221867486,True
l2726973.3,l2726973,3,8.84393650706038,True
m1047485.1,m1047485,1,8.963872128931632,True
m1047485.2,m1047485,2,9.053707291845445,True
m1047485.3,m1047485,3,8.936334082453145,True
l2991640.3,l2991640,3,6.850471186415941,True
m1089160.3,m1089160,3,7.047297391185884,True
l3160101.1,l3160101,1,12.76002137060714,True
m1125905.2,m1125905,2,3.599811473453191,True
m1026950.1,m1026950,1,11.924870259567653,True
m1026950.2,m1026950,2,11.630460039735617,True
m1026950.3,m1026950,3,11.50674795966098,True
m1026954.1,m1026954,1,12.127580533057321,True
m1026954.2,m1026954,2,11.784818080130389,True
m1026954.3,m1026954,3,11.661341398375898,True
m1047558.1,m1047558,1,7.077666398472037,True
m1047558.2,m1047558,2,7.1658347880542825,True
m1047558.3,m1047558,3,7.050599942027095,True
n1136659.1,n1136659,1,7.10888596315537,True
l2766741.1,l2766741,1,11.701924106481085,True
l2766741.2,l2766741,2,11.798593950558418,True
l2766741.3,l2766741,3,11.672356867236243,True
m1069564.1,m1069564,1,6.623257495599555,True
m1069564.2,m1069564,2,6.714172432856871,True
m1069564.3,m1069564,3,6.595327253260991,True
n1136361.1,n1136361,1,6.654070159401632,True
m1047566.1,m1047566,1,7.103606993896685,True
m1047566.2,m1047566,2,7.191327309778944,True
m1047566.3,m1047566,3,7.076677396109653,True
n1137995.1,n1137995,1,7.115296185077345,True
n1145955.1,n1145955,1,14.225904851659374,True
m1069461.1,m1069461,1,10.336348045638767,True
m1069461.2,m1069461,2,10.429610931219692,True
m1069461.3,m1069461,3,10.307792320372522,True
p827574.1,p827574,1,10.348825347459732,True
m1069156.1,m1069156,1,8.609449421498441,True
m1069156.2,m1069156,2,8.653123258157246,True
m1069156.3,m1069156,3,8.596099051823193,True
l3195356.1,l3195356,1,7.377234208353026,True
l3195356.2,l3195356,2,7.422963795965784,True
l3195356.3,l3195356,3,7.363234059491888,True
n1137996.3,n1137996,3,7.0593295046063345,True
l3178979.3,l3178979,3,7.069794586458767,True
l3254231.1,l3254231,1,6.873494891888753,True
l3728042.1,l3728042,1,9.58811439845548,True
l3728043.1,l3728043,1,9.683082241000484,True
m1047723.1,m1047723,1,7.444490707270508,True
m1047729.1,m1047729,1,7.577223701188906,True
l2895461.1,l2895461,1,11.37890966042465,True
l3029518.2,l3029518,2,10.975390182376824,True
l2897807.2,l2897807,2,11.108000058884947,True
l2785520.2,l2785520,2,11.201815639894248,True
n1139542.3,n1139542,3,7.454100088420813,True
221-308718.1,221-308718,1,4.763944900159793,True
221-308718.2,221-308718,2,4.811962806768881,True
221-308718.3,221-308718,3,4.749203461780934,True
m1209750.2,m1209750,2,2.649523875095356,True
l3254869.2,l3254869,2,3.45520150572048,True
l2798067.2,l2798067,2,3.5584895340008735,True
m1047403.1,m1047403,1,16.62372559034748,True
m1047404.1,m1047404,1,16.722229200829904,True
l3102793.2,l3102793,2,8.889049004109069,True
m1089141.1,m1089141,1,5.692322843326398,True
m1089141.2,m1089141,2,5.740779327596286,True
m1089141.3,m1089141,3,5.677459461474993,True
n1139547.1,n1139547,1,4.7288759954492585,True
n1139547.2,n1139547,2,4.778910208706543,True
n1139547.3,n1139547,3,4.713513889302447,True
l2688693.1,l2688693,1,4.892405167110087,True
l2688693.2,l2688693,2,4.942164465819197,True
l2688693.3,l2688693,3,4.87713002876652,True
l3048222.3,l3048222,3,12.452911448639899,True
l3104117.3,l3104117,3,11.267443555582677,True
221-311583.1,221-311583,1,12.50820417678779,True
n1139250.1,n1139250,1,12.51261874594613,True
l2690187.2,l2690187,2,4.367366540243452,True
m1108412.2,m1108412,2,4.466000658499142,True
m1026690.1,m1026690,1,12.182590240452997,True
m1026690.2,m1026690,2,12.26528659243587,True
m1026690.3,m1026690,3,12.157290208425717,True
p873801.3,p873801,3,12.38574282749261,True
m1089138.1,m1089138,1,5.80597040804047,True
l2841628.1,l2841628,1,5.947517944665492,True
m1069364.3,m1069364,3,12.78310096697932,True
l2689678.2,l2689678,2,12.399306955532321,True
m1026463.2,m1026463,2,12.969344127191576,True
l2692655.1,l2692655,1,2.4927751576735995,True
l2692655.2,l2692655,2,2.528427548082997,True
l2692655.3,l2692655,3,2.4818132544729323,True
m1142821.1,m1142821,1,2.5327316044822945,True
m1142821.2,m1142821,2,2.5689194975759713,True
m1142821.3,m1142821,3,2.5216052754331204,True
p827508.1,p827508,1,7.994197002852289,True
n1144667.1,n1144667,1,14.81100940576493,True
m1089162.3,m1089162,3,6.632193955038371,True
l3029520.2,l3029520,2,14.927765109871107,True
m1009655.3,m1009655,3,13.334163313903444,True
p827528.3,p827528,3,13.341966324988496,True
l2991906.1,l2991906,1,6.5388527682937,True
m1027056.1,m1027056,1,14.75010928893062,True
l3066814.1,l3066814,1,5.963773612747961,True
l3066814.2,l3066814,2,6.045887948668728,True
l3066814.3,l3066814,3,5.938545590929685,True
m1108398.1,m1108398,1,5.144230136470289,True
m1108398.2,m1108398,2,5.157445379665324,True
m1108398.3,m1108398,3,5.094870165208251,True
m1108483.1,m1108483,1,3.902220936022755,True
m1108486.1,m1108486,1,3.9478421766407155,True
m1026341.1,m1026341,1,13.978813258637533,True
m1026341.2,m1026341,2,14.013680825719172,True
m1026341.3,m1026341,3,13.968245680048355,True
p827531.1,p827531,1,13.99620369940787,True
l2748133.3,l2748133,3,9.654451511028551,True
l3085399.3,l3085399,3,9.813350038719232,True
l2767342.1,l2767342,1,5.3098625005768305,True
m1125944.1,m1125944,1,2.731037880860076,True
m1125944.2,m1125944,2,2.769883506354687,True
m1125944.3,m1125944,3,2.7190954963214407,True
m1125947.1,m1125947,1,2.860554302412666,True
m1125947.2,m1125947,2,2.9011357276827607,True
m1125947.3,m1125947,3,2.8480789413656016,True
l2710511.1,l2710511,1,9.064874662328158,True
l2766719.1,l2766719,1,9.161513438387749,True
p827549.1,p827549,1,6.690963398224944,True
n1140518.1,n1140518,1,6.733280219110835,True
l2766728.3,l2766728,3,11.41853086064848,True
m1069462.2,m1069462,2,10.375150154847454,True
l3216342.2,l3216342,2,10.418284596711297,True
m1027041.3,m1027041,3,13.936850902660357,True
l2916607.3,l2916607,3,14.070853667938232,True
l2710513.2,l2710513,2,14.43662401111429,True
m1009839.2,m1009839,2,13.535481166328998,True
l2973165.1,l2973165,1,9.18946574614136,True
m1108501.1,m1108501,1,4.453343545471894,True
m1108499.1,m1108499,1,4.563363491388283,True
m1069227.3,m1069227,3,9.468401325754511,True
l2785546.1,l2785546,1,10.321975620622922,True
m1026810.1,m1026810,1,10.493018978820544,True
m1108368.3,m1108368,3,7.868927974151775,True
l3085393.3,l3085393,3,8.003847331918289,True
l3178974.2,l3178974,2,14.778762240514093,True
m1026774.1,m1026774,1,9.69860236442388,True
m1026774.2,m1026774,2,9.784648386327325,True
m1026774.3,m1026774,3,9.672232789106868,True
m1026769.1,m1026769,1,9.928015407993271,True
m1026769.2,m1026769,2,10.013675755692061,True
m1026769.3,m1026769,3,9.901767838727121,True
l3189189.2,l3189189,2,11.772143483645616,True
l2821770.1,l2821770,1,12.657590238907675,True
m1069555.2,m1069555,2,7.167964780482714,True
l3252336.2,l3252336,2,4.870039244531405,True
p829977.1,p829977,1,1.2167825906189704,True
p829977.2,p829977,2,1.2345072279012823,True
p829977.3,p829977,3,1.2113265996443368,True
l2820556.1,l2820556,1,15.395003725716418,True
m1047410.1,m1047410,1,15.470735701480207,True
m1027001.2,m1027001,2,13.785380530080692,True
m1047344.1,m1047344,1,12.529130493234254,True
l3029499.1,l3029499,1,12.673494322242847,True
221-282818.2,221-282818,2,4.193824038409457,True
m1026830.3,m1026830,3,8.274481667912179,True
m1026830.1,m1026830,1,8.302453223409657,True
m1026830.2,m1026830,2,8.393670633562628,True
p827511.3,p827511,3,8.279770809536023,True
p895105.1,p895105,1,5.702236863560438,True
n1142110.1,n1142110,1,5.716435897377611,True
n1142111.1,n1142111,1,5.484013281959449,True
l2991912.1,l2991912,1,5.559107757950344,True
l3010569.1,l3010569,1,12.179591586051874,True
m1047335.1,m1047335,1,12.270242037817084,True
l3216368.1,l3216368,1,11.800115207025188,True
l3216368.2,l3216368,2,11.882727812725832,True
l3216368.3,l3216368,3,11.774831351990256,True
l2879081.1,l2879081,1,12.282695557400174,True
l3104144.1,l3104144,1,6.678400026606376,True
l2916619.2,l2916619,2,8.447861894356977,True
m1126031.3,m1126031,3,5.561611629726516,True
l3179608.3,l3179608,3,5.625496220292766,True
l2990098.1,l2990098,1,4.529980433567153,True
m1108462.1,m1108462,1,4.58427272984335,True
l2673326.2,l2673326,2,13.659987377236213,True
m1142815.1,m1142815,1,3.102078473848432,True
m1142815.2,m1142815,2,3.139033938166162,True
m1142815.3,m1142815,3,3.090723568656185,True
n1141477.1,n1141477,1,3.148482149939642,True
n1139252.2,n1139252,2,11.630381307996803,True
l3122812.2,l3122812,2,11.638535837232391,True
m1166386.3,m1166386,3,2.0017068368444977,True
m1089163.3,m1089163,3,7.208045368462377,True
n1142100.1,n1142100,1,4.001413805745727,True
n1142100.2,n1142100,2,4.0572473053311535,True
n1142100.3,n1142100,3,3.984255302420561,True
m1069456.3,m1069456,3,9.633736483427707,True
l2897806.3,l2897806,3,9.754691180355426,True
l2822865.3,l2822865,3,5.1002346766821365,True
l3195321.1,l3195321,1,5.69155571383818,True
l3197646.1,l3197646,1,9.259873757424787,True
l3197646.2,l3197646,2,9.353482300293793,True
l3197646.3,l3197646,3,9.23119228304526,True
m1026829.2,m1026829,2,11.674742283038366,True
m1026829.1,m1026829,1,11.580652388319024,True
m1026829.3,m1026829,3,11.551867636471808,True
n1147859.2,n1147859,2,11.694728977469707,True
l3139121.1,l3139121,1,12.71527108932848,True
l3139121.2,l3139121,2,12.752191466445678,True
l3139121.3,l3139121,3,12.704054764972359,True
l2763153.1,l2763153,1,12.859435408023359,True
l2763153.2,l2763153,2,12.896123765383514,True
l2763153.3,l2763153,3,12.848292387741106,True
e182726.2,e182726,2,13.890877659025398,True
l2766744.2,l2766744,2,13.99840198507754,True
l3216370.1,l3216370,1,11.392728065518643,True
l3216370.2,l3216370,2,11.43182143387499,True
l3216370.3,l3216370,3,11.38082476381664,True
226-23745.3,226-23745,3,1.9514470067309129,True
m1142828.1,m1142828,1,2.4471212731946004,True
m1142828.2,m1142828,2,2.482161802949738,True
m1142828.3,m1142828,3,2.436347241521375,True
l2674047.1,l2674047,1,2.4473488120738613,True
l2674047.2,l2674047,2,2.4823923913414143,True
l2674047.3,l2674047,3,2.4365738440492763,True
m3949157.1,m3949157,1,9.182662648297546,True
l3727711.1,l3727711,1,9.25313992623847,True
m1026329.1,m1026329,1,14.467487853095994,True
m1026329.2,m1026329,2,14.5015283698743,True
m1026329.3,m1026329,3,14.457181166467837,True
m1026328.1,m1026328,1,14.533154821527024,True
m1026328.2,m1026328,2,14.56708965311083,True
m1026328.3,m1026328,3,14.522881524966174,True
m1108355.3,m1108355,3,6.085651125249766,True
m1108352.3,m1108352,3,6.211083532656732,True
l3086002.3,l3086002,3,5.396651913186598,True
n1134476.1,n1134476,1,5.933986329350693,True
n1134476.2,n1134476,2,6.0157014513400275,True
n1134476.3,n1134476,3,5.9088808859831685,True
m1069284.1,m1069284,1,12.493474197113258,True
m1069284.3,m1069284,3,12.463416642849625,True
p850401.1,p850401,1,12.503601912238867,True
d5502543-2_int.1,d5502543-2_int,1,9.686579622477964,True
d5502543-2_int.2,d5502543-2_int,2,9.781253852072712,True
d5502543-2_int.3,d5502543-2_int,3,9.65758174946281,True
q14413.1,q14413,1,9.687993836040338,True
q14413.2,q14413,2,9.782668065635086,True
q14413.3,q14413,3,9.658995963025184,True
l3029503.3,l3029503,3,7.834793036575294,True
n1140524.1,n1140524,1,9.500327216862797,True
m1047792.2,m1047792,2,12.642904008233778,True
l2876846.2,l2876846,2,13.332192409184785,True
m1089165.3,m1089165,3,7.126973646556228,True
l3216343.3,l3216343,3,7.420419079433091,True
l2748144.1,l2748144,1,6.3154193134790875,True
l2748144.2,l2748144,2,6.402208554233948,True
l2748144.3,l2748144,3,6.2887558643201125,True
l3010562.2,l3010562,2,12.84466517259383,True
m1069557.2,m1069557,2,7.248303191461819,True
m1047374.2,m1047374,2,12.271440465345805,True
l3197629.2,l3197629,2,12.588111509379926,True
m1089202.1,m1089202,1,5.347989501979725,True
m1089202.2,m1089202,2,5.421851000859407,True
m1089202.3,m1089202,3,5.325295509911259,True
m1089203.1,m1089203,1,5.395029246044112,True
m1089203.2,m1089203,2,5.469521179089647,True
m1089203.3,m1089203,3,5.3721416794601655,True
m1026866.1,m1026866,1,11.059163211778674,True
m1026866.2,m1026866,2,11.154092397337362,True
m1026866.3,m1026866,3,11.03011329528139,True
m1149235.1,m1149235,1,1.8696224503577383,True
m1149235.2,m1149235,2,1.8974199344575307,True
m1149235.3,m1149235,3,1.8610710217581705,True
l2766720.1,l2766720,1,10.795979642512835,True
m1209791.1,m1209791,1,0.5531032954960425,True
m1209791.2,m1209791,2,0.5632755330481005,True
m1209791.3,m1209791,3,0.5499636905975102,True
p903354.1,p903354,1,0.5593839648890248,True
m1026960.1,m1026960,1,12.636682683065619,True
m1026960.2,m1026960,2,12.172484718249999,True
m1026960.3,m1026960,3,12.049599233916492,True
m3729981.1,m3729981,1,12.673895024813943,True
l3011298.1,l3011298,1,3.855103277953106,True
l3011298.2,l3011298,2,3.9065948778687454,True
l3011298.3,l3011298,3,3.8392802401740407,True
m1108524.3,m1108524,3,4.927641886186157,True
n1136031.3,n1136031,3,4.995319082801513,True
m1026722.2,m1026722,2,15.917091031346962,True
l2991915.2,l2991915,2,15.93836013742451,True
l2673320.2,l2673320,2,16.02398816772001,True
m1047497.2,m1047497,2,8.598547053207433,True
m1047497.1,m1047497,1,8.509845809139753,True
m1047497.3,m1047497,3,8.482644419173129,True
m1047755.1,m1047755,1,11.698150335967899,True
m3037441.1,m3037441,1,11.792124790585152,True
m3037441.2,m3037441,2,11.874820089999211,True
m3037441.3,m3037441,3,11.766815550511017,True
n1140824.1,n1140824,1,11.838715654959273,True
m1026709.1,m1026709,1,11.921723344158146,True
m1026709.2,m1026709,2,12.004434823816439,True
m1026709.3,m1026709,3,11.89641258229449,True
l3729298.1,l3729298,1,9.010677026885412,True
l3727707.1,l3727707,1,9.096262395476463,True
l3160123.1,l3160123,1,10.436340671981188,True
l2897805.1,l2897805,1,10.568152298331032,True
m1089094.3,m1089094,3,8.770358039569125,True
m1125917.1,m1125917,1,2.9865562952447555,True
m1125917.2,m1125917,2,3.0287792935274376,True
m1125917.3,m1125917,3,2.9735769348857293,True
m1069154.1,m1069154,1,9.042863641074948,True
m1069154.2,m1069154,2,9.085839935770284,True
m1069154.3,m1069154,3,9.029733652061543,True
l3197630.1,l3197630,1,9.38440043666774,True
l3197630.2,l3197630,2,9.426827058010808,True
l3197630.3,l3197630,3,9.371444110865312,True
m1026343.1,m1026343,1,14.007763340566347,True
m1069155.1,m1069155,1,8.849616463277606,True
m1069155.2,m1069155,2,8.892903772263075,True
m1069155.3,m1069155,3,8.836388212742039,True
l2785523.3,l2785523,3,7.815047680562597,True
l3141388.3,l3141388,3,8.006345669349642,True
m1026786.1,m1026786,1,9.393566320982963,True
m1026786.2,m1026786,2,9.480125149532512,True
m1026786.3,m1026786,3,9.367034521921164,True
m1026785.1,m1026785,1,9.401009085958078,True
m1026785.2,m1026785,2,9.487555402217927,True
m1026785.3,m1026785,3,9.374481245094767,True
n1137958.3,n1137958,3,9.534520322441194,True
m1026877.1,m1026877,1,9.38551684855671,True
l2820583.3,l2820583,3,5.2660846508013694,True
m1108354.3,m1108354,3,5.5616379564334375,True
l2991911.3,l2991911,3,7.25152872898248,True
n1136363.1,n1136363,1,6.650076927732182,True
n1136363.2,n1136363,2,6.741351303304087,True
n1136363.3,n1136363,3,6.622036320027398,True
r18245.1,r18245,1,6.691979029039477,True
r18245.2,r18245,2,6.783814983268123,True
r18245.3,r18245,3,6.66376598887105,True
221-306686.3,221-306686,3,12.391337368032314,True
l2970258.3,l2970258,3,12.429231631458325,True
l2841632.1,l2841632,1,6.924741932959773,True
l2841632.2,l2841632,2,7.012531942666169,True
l2841632.3,l2841632,3,6.897787816167352,True
regxfmr_190-8593.1,regxfmr_190-8593,1,6.952191786713362,True
regxfmr_190-8593.2,regxfmr_190-8593,2,7.040050351710803,True
regxfmr_190-8593.3,regxfmr_190-8593,3,6.925217316096475,True
p1197121.3,p1197121,3,2.984343011098081,True
l2805031.3,l2805031,3,3.0472793175058213,True
m1069226.3,m1069226,3,9.448924155914321,True
l2860506.2,l2860506,2,14.016124817208345,True
l2954346.2,l2954346,2,14.288440882446357,True
l2879077.2,l2879077,2,15.489608753744653,True
d5860423-3_int.1,d5860423-3_int,1,6.960967631710485,True
d5860423-3_int.2,d5860423-3_int,2,7.048848101139554,True
d5860423-3_int.3,d5860423-3_int,3,6.933986657744993,True
190-8593.1,190-8593,1,6.952196996568884,True
190-8593.2,190-8593,2,7.040055561566325,True
190-8593.3,190-8593,3,6.925222525951997,True
l3139366.1,l3139366,1,1.528384675723568,True
l3139366.2,l3139366,2,1.5459787457441543,True
l3139366.3,l3139366,3,1.5571340677347767,True
m4362177.1,m4362177,1,1.6944422944002095,True
m4362177.2,m4362177,2,1.7120267347368756,True
m4362177.3,m4362177,3,1.7231985166037604,True
l2763812.3,l2763812,3,12.824936285574694,True
l2951995.3,l2951995,3,13.028897196834727,True
l3197638.1,l3197638,1,10.325849655675043,True
m1026849.1,m1026849,1,10.413790808698918,True
n1137993.1,n1137993,1,9.393851290049344,True
l2860482.1,l2860482,1,9.517212214860137,True
p901946.1,p901946,1,4.25919414655573,True
n1142105.1,n1142105,1,4.2659824453625586,True
m1026905.1,m1026905,1,10.149559250327988,True
m1026905.2,m1026905,2,10.24538622745998,True
m1026905.3,m1026905,3,10.120219130628895,True
p827515.1,p827515,1,10.160144920872652,True
m1108520.3,m1108520,3,4.9815653987027995,True
l2804277.3,l2804277,3,5.058974440927997,True
l2991913.1,l2991913,1,8.459003379344148,True
l2933165.2,l2933165,2,7.863814510118805,True
l3235273.2,l3235273,2,8.109760217947855,True
l3029502.1,l3029502,1,6.36776386079709,True
l3029502.2,l3029502,2,6.415193505724877,True
l3029502.3,l3029502,3,6.353225915171218,True
m1047780.2,m1047780,2,12.433497991132915,True
l3066811.2,l3066811,2,12.609983065037639,True
m1047732.3,m1047732,3,10.254189231266931,True
m1047732.1,m1047732,1,10.280720312110693,True
m1047732.2,m1047732,2,10.367325426028062,True
n1137987.3,n1137987,3,10.277109666420289,True
l3197661.3,l3197661,3,9.236991867259054,True
l3122848.3,l3122848,3,9.33459228398433,True
m1047580.1,m1047580,1,8.160452132683924,True
m1047580.2,m1047580,2,8.25005470709867,True
m1047580.3,m1047580,3,8.132969420261377,True
m1108345.3,m1108345,3,5.8985141841349575,True
m1108347.3,m1108347,3,5.954123046553215,True
d5655682-1_int.2,d5655682-1_int,2,11.793589298594156,True
e182725.2,e182725,2,11.79500351215653,True
d5926308-3_int.1,d5926308-3_int,1,10.919838813670811,True
d5926308-3_int.2,d5926308-3_int,2,10.959712843804319,True
d5926308-3_int.3,d5926308-3_int,3,10.907688662491267,True
l2860491.1,l2860491,1,10.853832400207725,True
l2860491.2,l2860491,2,10.893812661842574,True
l2860491.3,l2860491,3,10.841648686361275,True
l2897770.3,l2897770,3,7.970021280225055,True
l3104127.2,l3104127,2,13.293412848370979,True
l2767343.3,l2767343,3,8.228389743918926,True
l2786266.1,l2786266,1,1.612142570101982,True
l2786266.2,l2786266,2,1.6365082212231665,True
l2786266.3,l2786266,3,1.6046448842118466,True
l2785512.2,l2785512,2,14.986005949562038,True
p827529.2,p827529,2,7.977494951104493,True
n1136668.2,n1136668,2,7.98414112046064,True
m1027114.1,m1027114,1,16.369471992985883,True
l3195327.1,l3195327,1,16.474541543134244,True
m1027121.1,m1027121,1,16.647845760527826,True
m1027123.1,m1027123,1,16.692551509579953,True
l3104157.3,l3104157,3,12.696613662166955,True
p895409.3,p895409,3,9.786711079441403,True
d6138608-3_int.1,d6138608-3_int,1,6.532237435869121,True
d6138608-3_int.2,d6138608-3_int,2,6.579390578579485,True
d6138608-3_int.3,d6138608-3_int,3,6.517786960297495,True
q14404.1,q14404,1,6.533651649431493,True
q14404.2,q14404,2,6.5808047921418575,True
q14404.3,q14404,3,6.519201173859868,True
l2991927.2,l2991927,2,13.847505950276327,True
m1089155.3,m1089155,3,6.091718517159379,True
m1089158.3,m1089158,3,6.287128020177088,True
m1026324.2,m1026324,2,14.957611555971567,True
m1026323.2,m1026323,2,15.064236210445252,True
l2804258.2,l2804258,2,13.641773248433871,True
p829978.1,p829978,1,1.581564894470059,True
l2992656.1,l2992656,1,1.6849063490140088,True
l2936271.1,l2936271,1,2.8336714681725783,True
l2936271.2,l2936271,2,2.8710781607937528,True
l2936271.3,l2936271,3,2.8221738192275057,True
m1069544.2,m1069544,2,7.225291547647765,True
l2916598.1,l2916598,1,10.054408785346936,True
l2954344.3,l2954344,3,10.573898587642184,True
l2897767.3,l2897767,3,10.671553794014326,True
l2876796.1,l2876796,1,11.58949661616234,True
m1047756.1,m1047756,1,11.687416890716968,True
l3122810.2,l3122810,2,14.900684730280023,True
m1108379.1,m1108379,1,4.0555473084662745,True
m1108379.2,m1108379,2,4.104756813981782,True
m1108379.3,m1108379,3,4.040430022749673,True
n1140822.3,n1140822,3,11.722501551044116,True
l2860478.2,l2860478,2,12.834790261537053,True
l2822858.2,l2822858,2,12.953399906637266,True
l2841620.2,l2841620,2,10.742080617845737,True
l3727709.1,l3727709,1,9.273248799706913,True
l3727710.1,l3727710,1,9.37709051089755,True
n1136667.1,n1136667,1,7.729307956175727,True
n1136667.2,n1136667,2,7.819093951030162,True
n1136667.3,n1136667,3,7.701761382839072,True
196-29519.1,196-29519,1,7.76772632191095,True
196-29519.2,196-29519,2,7.85760826562792,True
196-29519.3,196-29519,3,7.7401512616949315,True
n1144666.3,n1144666,3,13.876673311975557,True
m1125989.1,m1125989,1,3.436965901911241,True
m1125989.2,m1125989,2,3.485253534019413,True
m1125989.3,m1125989,3,3.422124353662288,True
l2898495.1,l2898495,1,4.290289636479166,True
l2898495.2,l2898495,2,4.339087277240856,True
l2898495.3,l2898495,3,4.275302617682153,True
l3179674.2,l3179674,2,1.8494367025585878,True
regxfmr_190-7361.1,regxfmr_190-7361,1,6.542493127179604,True
regxfmr_190-7361.2,regxfmr_190-7361,2,6.589631406175832,True
regxfmr_190-7361.3,regxfmr_190-7361,3,6.528047353667491,True
m1069249.3,m1069249,3,12.674657530861053,True
l2803194.3,l2803194,3,12.740088635143248,True
m1186065.1,m1186065,1,1.1124969601683672,True
m1186065.2,m1186065,2,1.130166280992996,True
m1186065.3,m1186065,3,1.1070553793608309,True
m1186064.1,m1186064,1,1.1640738302317377,True
m1186064.2,m1186064,2,1.1824343925097893,True
m1186064.3,m1186064,3,1.1584200040595398,True
d6231996-1_int.2,d6231996-1_int,2,7.790182559545519,True
e206614.2,e206614,2,7.791596773107892,True
m1209776.1,m1209776,1,1.2135083299250742,True
m1209776.2,m1209776,2,1.2325314212665461,True
m1209776.3,m1209776,3,1.207651074514123,True
m1209775.1,m1209775,1,1.2631360398383447,True
m1209775.2,m1209775,2,1.2828242496774755,True
m1209775.3,m1209775,3,1.2570745601040696,True
l2804261.3,l2804261,3,13.967405266310363,True
l3178980.3,l3178980,3,14.153921295699867,True
m1047835.2,m1047835,2,15.691873570395357,True
m1047836.2,m1047836,2,16.063429945645325,True
m1125962.1,m1125962,1,3.001337125688724,True
m1125962.2,m1125962,2,3.0438053448503206,True
m1125962.3,m1125962,3,2.988282425460597,True
l3123452.1,l3123452,1,3.0934488130971394,True
l3123452.2,l3123452,2,3.1371515278107776,True
l3123452.3,l3123452,3,3.0800150615877007,True
p893610.2,p893610,2,3.7399230150158402,True
m1108302.2,m1108302,2,3.90890040085097,True
p829797.1,p829797,1,3.8938379326439776,True
l2841629.3,l2841629,3,7.6204366344501,True
l3254218.1,l3254218,1,10.031719490845868,True
l3254218.2,l3254218,2,10.073053366382137,True
l3254218.3,l3254218,3,10.019108788242525,True
l3778577.3,l3778577,3,11.049300662857647,True
l2820531.1,l2820531,1,8.314785438605938,True
l2820531.2,l2820531,2,8.402999524505379,True
l2820531.3,l2820531,3,8.287728684183737,True
l3626914.3,l3626914,3,8.081617605440947,True
l2955077.1,l2955077,1,2.1014888738178645,True
l2955077.2,l2955077,2,2.1319161364483277,True
l2955077.3,l2955077,3,2.0921313436555202,True
m1166374.1,m1166374,1,1.5616429809215244,True
m1166374.2,m1166374,2,1.5853318284798041,True
m1166374.3,m1166374,3,1.554353107248526,True
n1139552.1,n1139552,1,10.781236442687854,True
n1139552.2,n1139552,2,10.86554493800853,True
n1139552.3,n1139552,3,10.755416256385388,True
p827533.2,p827533,2,9.889325943147034,True
n1139538.2,n1139538,2,9.907281251730055,True
l3160098.1,l3160098,1,5.454366249707185,True
l3160098.2,l3160098,2,5.529653426756542,True
l3160098.3,l3160098,3,5.431234503824167,True
m1089213.1,m1089213,1,5.533778699628741,True
m1089213.2,m1089213,2,5.610130175020285,True
m1089213.3,m1089213,3,5.510320161438017,True
l2820590.3,l2820590,3,3.795248610125606,True
l3104125.1,l3104125,1,6.1100108909579784,True
l3104125.2,l3104125,2,6.157873853320963,True
l3104125.3,l3104125,3,6.095335867590324,True
q14411.1,q14411,1,10.774211068289347,True
q14411.2,q14411,2,10.868563973343647,True
q14411.3,q14411,3,10.7453317200804,True
l3118855.1,l3118855,1,5.59390288180841,True
l3118855.2,l3118855,2,5.671060151096031,True
l3118855.3,l3118855,3,5.570196924979138,True
l3231255.1,l3231255,1,5.63159097501609,True
l3231255.2,l3231255,2,5.7092533461505965,True
l3231255.3,l3231255,3,5.6077299269012,True
d5861005-2_int.1,d5861005-2_int,1,2.161406329311236,True
d5861005-2_int.2,d5861005-2_int,2,2.1926366152536945,True
d5861005-2_int.3,d5861005-2_int,3,2.151802231216887,True
m1027071.3,m1027071,3,15.039516825158461,True
l3235241.3,l3235241,3,15.060679921884507,True
l2729409.2,l2729409,2,13.893533539692143,True
l2841624.2,l2841624,2,14.05992722224523,True
l3235254.1,l3235254,1,8.621356217775338,True
l3235254.2,l3235254,2,8.713370079807056,True
l3235254.3,l3235254,3,8.593148198520085,True
m1026855.1,m1026855,1,8.731952362679895,True
m1026855.2,m1026855,2,8.824242435687829,True
m1026855.3,m1026855,3,8.703662337358594,True
m1026851.1,m1026851,1,9.367703825907642,True
m1026851.2,m1026851,2,9.461581671549423,True
m1026851.3,m1026851,3,9.338942396483336,True
m1069466.1,m1069466,1,10.251812798484405,True
m1069524.1,m1069524,1,6.966140386144503,True
m1027091.1,m1027091,1,15.284343705119218,True
m1027092.1,m1027092,1,15.323976892482317,True
l2766747.1,l2766747,1,14.500678898021789,True
p827560.1,p827560,1,12.01333297977811,True
l2822877.1,l2822877,1,11.811030627205247,True
l2822877.2,l2822877,2,11.907972961961404,True
l2822877.3,l2822877,3,11.781382486437545,True
n1138598.1,n1138598,1,11.836456179476455,True
n1138598.2,n1138598,2,11.933462013883704,True
n1138598.3,n1138598,3,11.806789185885984,True
m1009715.1,m1009715,1,13.490975220227256,True
m1009705.1,m1009705,1,13.640762196281056,True
l3198347.3,l3198347,3,2.7236754787621322,True
m1108489.1,m1108489,1,4.024914021673159,True
m1108492.1,m1108492,1,4.060224430178229,True
l3226771.1,l3226771,1,12.124855356541941,True
l3189190.1,l3189190,1,12.357364432241877,True
l2991918.2,l2991918,2,17.133796101121362,True
l2954339.2,l2954339,2,18.047474732466025,True
l3048200.2,l3048200,2,18.167814112815243,True
l3160861.3,l3160861,3,2.580462038942051,True
n1142098.1,n1142098,1,3.911881399054949,True
m1047795.2,m1047795,2,12.470987657422054,True
m1047552.2,m1047552,2,7.964902697376916,True
m1047552.1,m1047552,1,7.874753456194313,True
m1047552.3,m1047552,3,7.8470990363021444,True
l2804283.1,l2804283,1,9.259236435970216,True
l2916627.1,l2916627,1,9.452415361444812,True
l3029498.1,l3029498,1,5.259757308401489,True
l3029498.2,l3029498,2,5.3089099687517445,True
l3029498.3,l3029498,3,5.244673977423888,True
m1047773.2,m1047773,2,12.139294458840983,True
l2973152.2,l2973152,2,12.268824273332921,True
l2822870.3,l2822870,3,9.267187175881302,True
m1166369.1,m1166369,1,1.5737918162664004,True
l2839305.1,l2839305,1,1.6848382763529437,True
l2710508.2,l2710508,2,16.037666850635286,True
m1026861.1,m1026861,1,8.77240001716144,True
m1026861.2,m1026861,2,8.864791107127422,True
m1026861.3,m1026861,3,8.744080000261068,True
m1026858.1,m1026858,1,8.95041638859573,True
m1026858.2,m1026858,2,9.043252069788457,True
m1026858.3,m1026858,3,8.921964374125947,True
l3082992.1,l3082992,1,15.776943177001023,True
m1010011.1,m1010011,1,17.69836538266421,True
l3214069.1,l3214069,1,2.9541735199993098,True
l3214069.2,l3214069,2,2.9960096449817644,True
l3214069.3,l3214069,3,2.9413129039929666,True
m1026655.3,m1026655,3,13.307870484035814,True
m1026655.1,m1026655,1,13.33276380428703,True
m1026655.2,m1026655,2,13.414198910987077,True
n1141475.3,n1141475,3,13.322719381347529,True
l3197643.2,l3197643,2,15.148331122562965,True
m1026339.2,m1026339,2,15.22642436955985,True
m1108268.2,m1108268,2,8.815665263393278,True
m1069310.1,m1069310,1,12.370639725943173,True
m1069310.2,m1069310,2,12.468979669771453,True
m1069310.3,m1069310,3,12.340576639964201,True
m1047423.1,m1047423,1,15.04191044749864,True
m1047420.1,m1047420,1,15.138691753131363,True
m1069613.2,m1069613,2,9.714210839114989,True
m1026823.1,m1026823,1,10.184971679045288,True
l2879087.1,l2879087,1,10.278713328660222,True
d5806920-1_int.2,d5806920-1_int,2,13.889463445463024,True
m1027039.2,m1027039,2,13.882895415945228,True
m1027039.1,m1027039,1,14.600249073154673,True
m1027039.3,m1027039,3,13.761331595220032,True
l3552667.3,l3552667,3,2.747274918793992,True
m1026890.1,m1026890,1,10.231503651639802,True
l2954357.1,l2954357,1,10.330028940447033,True
m1069438.3,m1069438,3,10.625189742521988,True
m1069438.1,m1069438,1,10.653980989814992,True
m1069438.2,m1069438,2,10.74803715535757,True
l2785530.1,l2785530,1,12.156835350906789,True
l2822868.1,l2822868,1,12.322696135028044,True
n1139264.1,n1139264,1,10.28871614809441,True
p827523.3,p827523,3,7.494349031486993,True
m1027087.1,m1027087,1,15.23991046967627,True
l2726983.1,l2726983,1,15.369934657938343,True
l2821087.1,l2821087,1,4.421819948908132,True
l2673310.1,l2673310,1,9.56398862538133,True
l2936212.1,l2936212,1,3.9863299887332966,True
n1142106.2,n1142106,2,4.635894197568715,True
l2936213.2,l2936213,2,4.672479223469491,True
m1027011.1,m1027011,1,14.007939458168332,True
m1027011.2,m1027011,2,13.431868687490176,True
m1027011.3,m1027011,3,13.309617044258633,True
m1209795.3,m1209795,3,0.7794426395951206,True
l2746587.3,l2746587,3,11.85885676890304,True
n1147858.3,n1147858,3,11.90262488104636,True
m1108378.1,m1108378,1,4.035747655959048,True
m1108378.2,m1108378,2,4.084991900752616,True
m1108378.3,m1108378,3,4.020619382706611,True
m1047809.2,m1047809,2,13.089547484913448,True
m1026805.1,m1026805,1,10.891106841906478,True
l3120502.1,l3120502,1,11.0647083668861,True
m1069526.2,m1069526,2,7.52206015352232,True
l2673331.2,l2673331,2,7.577362277395089,True
m1108490.1,m1108490,1,4.011337248070075,True
m1108490.2,m1108490,2,4.067303743215077,True
m1108490.3,m1108490,3,3.9941379085206044,True
m1009805.1,m1009805,1,12.314337001133833,True
m1009805.2,m1009805,2,12.407185861747244,True
m1009805.3,m1009805,3,12.285944365384925,True
l3122816.1,l3122816,1,10.899854198285585,True
l3122816.2,l3122816,2,10.849939803297122,True
l3122816.3,l3122816,3,10.725037418188638,True
l3160103.1,l3160103,1,11.878626949818921,True
l3160103.2,l3160103,2,11.595247089985705,True
l3160103.3,l3160103,3,11.471481309636063,True
m1069503.1,m1069503,1,5.998408395183755,True
m1069503.2,m1069503,2,6.080967958476469,True
m1069503.3,m1069503,3,5.973043666509361,True
n1134469.1,n1134469,1,16.660408168872713,True
m1089200.1,m1089200,1,5.537421900445687,True
l3027670.2,l3027670,2,4.531911727809866,True
l2691941.3,l2691941,3,15.282148848825544,True
m1125960.1,m1125960,1,2.9919460944811016,True
m1125960.2,m1125960,2,3.0342884535419765,True
m1125960.3,m1125960,3,2.9789300395379787,True
n1136367.1,n1136367,1,6.297900335773827,True
n1136367.2,n1136367,2,6.384131888926224,True
n1136367.3,n1136367,3,6.2714089192435525,True
m1069515.1,m1069515,1,6.339959778913567,True
m1069515.2,m1069515,2,6.426296374423984,True
m1069515.3,m1069515,3,6.313437175677145,True
m1069131.1,m1069131,1,10.19051007478485,True
p827534.1,p827534,1,10.207303750096104,True
m1069530.2,m1069530,2,7.483633719876176,True
m1069184.1,m1069184,1,7.560525339456066,True
m1069184.2,m1069184,2,7.605933335486992,True
m1069184.3,m1069184,3,7.546626905403838,True
l3159645.1,l3159645,1,9.380840428738662,True
m1069632.2,m1069632,2,9.178546507269195,True
p829957.3,p829957,3,0.46374097596642105,True
l3160863.3,l3160863,3,0.7800755611336404,True
p829963.2,p829963,2,3.1059588512583716,True
m1010014.1,m1010014,1,17.614407336472933,True
n1137998.3,n1137998,3,9.804055116242463,True
l3048199.2,l3048199,2,16.332883079563363,True
l3067478.1,l3067478,1,3.4881586314026474,True
l3067478.2,l3067478,2,3.5371323566509196,True
l3067478.3,l3067478,3,3.4731064185762284,True
m1125994.1,m1125994,1,3.566295840869815,True
m1125994.2,m1125994,2,3.6163167734839496,True
m1125994.3,m1125994,3,3.5509220835119693,True
m1047480.1,m1047480,1,9.62564255236454,True
m1047480.2,m1047480,2,9.717130469584069,True
m1047480.3,m1047480,3,9.597613808953529,True
m1069483.1,m1069483,1,9.750168294793779,True
m1069483.2,m1069483,2,9.841967211794627,True
m1069483.3,m1069483,3,9.722047216643004,True
l2841615.1,l2841615,1,10.740478887277222,True
l2673305.2,l2673305,2,8.094521572364748,True
m1047721.1,m1047721,1,7.307540691052506,True
m1026366.1,m1026366,1,14.55502499256726,True
l3104131.1,l3104131,1,14.729465836293482,True
l2973167.1,l2973167,1,11.382916218767393,True
l2973167.2,l2973167,2,11.466225295123417,True
l2973167.3,l2973167,3,11.357412083428375,True
m1027055.1,m1027055,1,14.737237190520414,True
m1027055.2,m1027055,2,13.987207925567601,True
m1027055.3,m1027055,3,13.86580318297965,True
n1134475.1,n1134475,1,5.790753242306231,True
n1134475.2,n1134475,2,5.870548731577541,True
n1134475.3,n1134475,3,5.766237221266078,True
l3067447.1,l3067447,1,3.968116366727453,True
m1108350.3,m1108350,3,5.711501075719927,True
l3139598.2,l3139598,2,12.077694050312278,True
n1140829.3,n1140829,3,11.924445883881509,True
l3085397.2,l3085397,2,13.167953967454999,True
n1139540.1,n1139540,1,8.011512734912168,True
l2748140.1,l2748140,1,14.03551116021871,True
l3141412.1,l3141412,1,14.185603546529856,True
m1069619.2,m1069619,2,8.684572508649563,True
m1047769.2,m1047769,2,11.721434795726063,True
l3197632.2,l3197632,2,12.03511518952703,True
l2785524.3,l2785524,3,7.992767371124852,True
p827495.2,p827495,2,12.999133481744021,True
l2991921.3,l2991921,3,13.099971480465467,True
l2710510.3,l2710510,3,8.636340481430747,True
l3197628.3,l3197628,3,8.752577531990193,True
n1140831.3,n1140831,3,12.906812184672482,True
n1136358.3,n1136358,3,6.528594767645914,True
l3104119.1,l3104119,1,9.74836008174611,True
l2842329.3,l2842329,3,3.2424640587835225,True
m1125961.3,m1125961,3,3.0037453585480547,True
l2973791.1,l2973791,1,3.714755892825091,True
l2973791.2,l2973791,2,3.7667475572600133,True
l2973791.3,l2973791,3,3.698777023184292,True
l3179650.1,l3179650,1,3.762986919379317,True
l3179650.2,l3179650,2,3.815624983738361,True
l3179650.3,l3179650,3,3.746809572944435,True
p860843.3,p860843,3,3.4869192901729367,True
m1026961.1,m1026961,1,12.657060186815448,True
l2710516.1,l2710516,1,12.816908413628637,True
l3160864.2,l3160864,2,3.040092173688439,True
m1047623.1,m1047623,1,6.923255684003786,True
l2748157.1,l2748157,1,7.044577319785875,True
l3048212.1,l3048212,1,10.005520438634607,True
l3122824.1,l3122824,1,14.67497040675777,True
l2879089.3,l2879089,3,14.968355382862317,True
l2937757.3,l2937757,3,3.738163088986337,True
l3067448.3,l3067448,3,3.854292872016324,True
193-46661.3,193-46661,3,9.22787687202598,True
m1069390.1,m1069390,1,12.000272199099557,True
l2897801.1,l2897801,1,12.084074020108625,True
m1108527.2,m1108527,2,4.797297866520622,True
m1009650.1,m1009650,1,13.459834434524815,True
m1009650.2,m1009650,2,13.541132770551,True
m1009650.3,m1009650,3,13.434984814528164,True
e203026.1,e203026,1,13.981575761226335,True
e203026.2,e203026,2,14.06203440059973,True
e203026.3,e203026,3,13.95699143409202,True
m1026779.1,m1026779,1,14.484328401780395,True
l2973169.1,l2973169,1,14.615577570714828,True
m1026953.2,m1026953,2,12.311163985602223,True
q14734.1,q14734,1,4.474361565658614,True
q14734.2,q14734,2,4.536514563349459,True
q14734.3,q14734,3,4.45526266339872,True
l3197631.1,l3197631,1,9.789418282394571,True
l2748127.1,l2748127,1,9.89085908340415,True
m1209814.1,m1209814,1,0.09091922057816947,True
m1209814.2,m1209814,2,0.09304224019992954,True
m1209814.3,m1209814,3,0.09026202805522873,True
m1209811.1,m1209811,1,0.16258565682356668,True
m1209811.2,m1209811,2,0.1664087638606688,True
m1209811.3,m1209811,3,0.1614021927926959,True
l2729408.2,l2729408,2,10.586622838698126,True
l3048228.3,l3048228,3,5.894657727562213,True
l2991940.3,l2991940,3,6.025008646567747,True
m1108395.1,m1108395,1,5.274969349276923,True
m1108395.2,m1108395,2,5.28797417923888,True
m1108395.3,m1108395,3,5.225675855746685,True
l2728247.1,l2728247,1,5.440444759676266,True
l2728247.2,l2728247,2,5.4531832715585145,True
l2728247.3,l2728247,3,5.391235406395275,True
l2804271.2,l2804271,2,7.551567806723034,True
l2916234.1,l2916234,1,14.544818466822477,True
l2673316.1,l2673316,1,5.729247957558566,True
n1138607.1,n1138607,1,12.297046031404737,True
n1138607.2,n1138607,2,12.395202176907777,True
n1138607.3,n1138607,3,12.26703751450121,True
l3159448.1,l3159448,1,12.367308522050687,True
l3159448.2,l3159448,2,12.465640146284466,True
l3159448.3,l3159448,3,12.337247906130022,True
l3048890.3,l3048890,3,6.068736645317759,True
m1166402.3,m1166402,3,6.1577942244958255,True
l3010563.1,l3010563,1,13.558258242196679,True
l2841623.1,l2841623,1,13.646634047063165,True
m1125940.2,m1125940,2,3.4585680787071817,True
l2991908.1,l2991908,1,10.560295595032388,True
l3178973.1,l3178973,1,10.705117388028993,True
m1047826.2,m1047826,2,14.809789808351754,True
m1047767.2,m1047767,2,11.745839554017206,True
l2879068.2,l2879068,2,11.953654861663383,True
l3066819.1,l3066819,1,12.637185141994202,True
l3104853.3,l3104853,3,2.3815791120282253,True
221-311359.1,221-311359,1,1.7969307694882046,True
221-311359.2,221-311359,2,1.8145097534757233,True
221-311359.3,221-311359,3,1.825690861799484,True
l3234149.1,l3234149,1,1.838507256118971,True
l3234149.2,l3234149,2,1.8560862401064897,True
l3234149.3,l3234149,3,1.8672673484302504,True
n1139537.1,n1139537,1,10.735070826856894,True
l2673346.1,l2673346,1,11.797518942641833,True
l2673346.2,l2673346,2,11.83593418053326,True
l2673346.3,l2673346,3,11.785830164024333,True
l3254210.3,l3254210,3,9.042851809970744,True
l2955005.2,l2955005,2,3.5825939407331786,True
m1108372.2,m1108372,2,3.644076278978823,True
l2936268.3,l2936268,3,0.8993558829894782,True
l2688692.1,l2688692,1,4.967757343095906,True
l2688692.2,l2688692,2,5.0173899646549724,True
l2688692.3,l2688692,3,4.95252227841717,True
m1108286.1,m1108286,1,4.977559756834751,True
m1108286.2,m1108286,2,5.0271758992169415,True
m1108286.3,m1108286,3,4.962329905258856,True
l2804247.2,l2804247,2,18.471632548769822,True
m1047744.1,m1047744,1,12.660058715596538,True
l3178971.1,l3178971,1,12.661268370688585,True
l3728040.1,l3728040,1,9.688712920969204,True
l3728041.1,l3728041,1,9.743423092507001,True
m1069509.1,m1069509,1,6.048207546087109,True
m1069509.2,m1069509,2,6.131434525557025,True
m1069509.3,m1069509,3,6.0226378875879645,True
l2766738.1,l2766738,1,6.098768767099368,True
l2766738.2,l2766738,2,6.182673376131845,True
l2766738.3,l2766738,3,6.072991042760278,True
l3104128.1,l3104128,1,5.774661604380426,True
l2673315.1,l2673315,1,5.998159338417223,True
l3047289.1,l3047289,1,5.641113327838207,True
l3047289.2,l3047289,2,5.689982339504793,True
l3047289.3,l3047289,3,5.626124466047898,True
l2785516.2,l2785516,2,8.937828321773031,True
l3048963.2,l3048963,2,3.5229130865848486,True
d5799561-2_int.1,d5799561-2_int,1,2.197055543519977,True
d5799561-2_int.2,d5799561-2_int,2,2.22876360592721,True
d5799561-2_int.3,d5799561-2_int,3,2.187304744385795,True
m1069199.3,m1069199,3,7.962181974784423,True
l2785525.3,l2785525,3,8.065279904106998,True
l3198356.3,l3198356,3,5.811087413315749,True
l3197641.1,l3197641,1,9.669173760128796,True
l2973161.1,l2973161,1,9.856441564750845,True
e183493.1,e183493,1,3.254397685409816,True
e183493.2,e183493,2,3.3001913832824483,True
e183493.3,e183493,3,3.240321943413356,True
m1125902.1,m1125902,1,3.321031225643432,True
m1125902.2,m1125902,2,3.3677179568688294,True
m1125902.3,m1125902,3,3.306681278174089,True
l3085402.1,l3085402,1,15.519951294889987,True
m1026394.1,m1026394,1,15.547302082716886,True
m1047768.2,m1047768,2,11.698390880331157,True
p827554.2,p827554,2,11.706325180567163,True
l2991909.1,l2991909,1,10.285912788899276,True
m1026736.2,m1026736,2,16.019341217648424,True
m1026986.1,m1026986,1,13.138083791730327,True
m1026986.2,m1026986,2,12.673856750656526,True
m1026986.3,m1026986,3,12.55102096594097,True
m1026997.1,m1026997,1,13.356491917830832,True
m1026997.2,m1026997,2,12.892252211266362,True
m1026997.3,m1026997,3,12.769438075486631,True
m4118755.1,m4118755,1,0.9007159464519486,True
m1026978.1,m1026978,1,12.92649779870303,True
m1026978.2,m1026978,2,12.462283027504295,True
m1026978.3,m1026978,3,12.339426270072813,True
m1026979.1,m1026979,1,12.933047868768618,True
m1026979.2,m1026979,2,12.468832717731216,True
m1026979.3,m1026979,3,12.345976609552347,True
l3082981.3,l3082981,3,7.563212896878092,True
l3235275.1,l3235275,1,13.715594698738371,True
l3235275.2,l3235275,2,13.750892920803969,True
l3235275.3,l3235275,3,13.704890992606051,True
m1026347.1,m1026347,1,13.880825919509231,True
m1026347.2,m1026347,2,13.915858216496792,True
m1026347.3,m1026347,3,13.87020622946163,True
l2915534.1,l2915534,1,13.151836597315148,True
l2710519.1,l2710519,1,12.433889239571828,True
m1026820.1,m1026820,1,10.056029627567323,True
l3141403.1,l3141403,1,10.141106771475995,True
l3197633.1,l3197633,1,12.213845530678254,True
m1069500.1,m1069500,1,6.6821942816504505,True
m1069500.2,m1069500,2,6.769378534948207,True
m1069500.3,m1069500,3,6.655420011802338,True
m1069382.1,m1069382,1,11.76871622398934,True
m1069382.2,m1069382,2,11.865552879631364,True
m1069382.3,m1069382,3,11.739099458978435,True
n1147866.1,n1147866,1,12.033199179073948,True
l2710537.2,l2710537,2,17.6748163152233,True
m1026935.2,m1026935,2,12.804779827688396,True
m1108364.3,m1108364,3,6.384575465429005,True
l2897789.2,l2897789,2,9.736912819447914,True
m1026466.2,m1026466,2,13.023182576274024,True
l3160878.3,l3160878,3,4.30187223675085,True
l2917336.3,l2917336,3,4.675080129307275,True
m1026977.1,m1026977,1,12.840607122957413,True
m1026977.2,m1026977,2,12.376397332560316,True
m1026977.3,m1026977,3,12.253532061518282,True
p895082.2,p895082,2,4.612498943475067,True
l3214112.2,l3214112,2,15.043629121197373,True
l3160104.2,l3160104,2,15.192208051305617,True
l2973144.3,l2973144,3,9.173285954427643,True
l2748152.2,l2748152,2,12.579469041471087,True
m1108387.1,m1108387,1,5.10044818815079,True
m1108387.2,m1108387,2,5.113665970261698,True
m1108387.3,m1108387,3,5.051086416073286,True
l2955055.2,l2955055,2,4.014536098839141,True
l2991907.1,l2991907,1,8.171904085249098,True
m1047812.2,m1047812,2,13.245868466840767,True
m4350438.2,m4350438,2,13.287747995207008,True
n1142103.1,n1142103,1,4.135251588509915,True
n1142103.2,n1142103,2,4.1928788034442395,True
n1142103.3,n1142103,3,4.117542325726616,True
l3104830.1,l3104830,1,4.143604008499801,True
l3104830.2,l3104830,2,4.2013431639013605,True
l3104830.3,l3104830,3,4.125860374448443,True
l3197626.3,l3197626,3,6.839475160346018,True
m1047483.1,m1047483,1,9.538692685312105,True
m1047483.2,m1047483,2,9.629963447515236,True
m1047483.3,m1047483,3,9.510728414460663,True
m4277837.1,m4277837,1,11.295468870978926,True
m4277837.2,m4277837,2,11.391123603747609,True
m4277837.3,m4277837,3,11.266203014706495,True
l3160102.1,l3160102,1,10.727651671199034,True
l3160102.2,l3160102,2,10.823114395346172,True
l3160102.3,l3160102,3,10.698433189090792,True
p827514.1,p827514,1,10.84541418366136,True
p827514.2,p827514,2,10.940687379430205,True
p827514.3,p827514,3,10.816255580946235,True
l3160793.3,l3160793,3,3.634115068208001,True
n1147860.3,n1147860,3,11.460833824741696,True
l3177881.3,l3177881,3,11.487428693501695,True
d5835167-6_int.1,d5835167-6_int,1,12.597046530304821,True
d5835167-6_int.2,d5835167-6_int,2,12.679718847960924,True
d5835167-6_int.3,d5835167-6_int,3,12.571763545469954,True
q14414.1,q14414,1,12.598460743867195,True
q14414.2,q14414,2,12.681133061523298,True
q14414.3,q14414,3,12.573177759032328,True
l3048221.1,l3048221,1,12.49924945201112,True
l3048221.2,l3048221,2,12.581927440921334,True
l3048221.3,l3048221,3,12.473962444639616,True
l2748128.3,l2748128,3,7.209491217053964,True
l2913406.2,l2913406,2,14.687218455296659,True
m1069563.1,m1069563,1,6.651620861247956,True
n1136360.1,n1136360,1,6.707356505139785,True
m1166366.1,m1166366,1,1.4145750605074645,True
m1166366.2,m1166366,2,1.4362928802981814,True
m1166366.3,m1166366,3,1.4078903899877386,True
196-29518.1,196-29518,1,10.725915254073055,True
196-29518.2,196-29518,2,10.717490302268995,True
196-29518.3,196-29518,3,10.592385929690558,True
l2805035.1,l2805035,1,2.418159239960007,True
m1026713.1,m1026713,1,12.07834384297922,True
l2991922.1,l2991922,1,10.559755370673283,True
l2991922.2,l2991922,2,10.600219095694769,True
l2991922.3,l2991922,3,10.547419135601833,True
l3104145.2,l3104145,2,8.072963398175386,True
m1027013.1,m1027013,1,14.20239698183653,True
m1027013.2,m1027013,2,13.57994249636387,True
m1027013.3,m1027013,3,13.457916667905417,True
l3649298.1,l3649298,1,8.717837950982469,True
m1047388.2,m1047388,2,11.715916584191975,True
l3048211.1,l3048211,1,11.173550069260774,True
l2766725.3,l2766725,3,9.358726897250095,True
l2673311.1,l2673311,1,10.600328717836264,True
l3008279.1,l3008279,1,7.036749479474525,True
l2785537.1,l2785537,1,7.214475636132947,True
p827498.1,p827498,1,5.0856776425443915,True
n1136032.1,n1136032,1,5.1472522893999475,True
m1009834.2,m1009834,2,13.207257106398627,True
221-240991.1,221-240991,1,12.762449504356065,True
l3066817.1,l3066817,1,12.984102201024667,True
l2673319.1,l2673319,1,13.137332362325584,True
l2673319.2,l2673319,2,13.219096747131886,True
l2673319.3,l2673319,3,13.112335334605927,True
n1136993.1,n1136993,1,8.286212151331467,True
l3104121.1,l3104121,1,9.676973063582247,True
l3104113.1,l3104113,1,9.724255024012676,True
l3104856.1,l3104856,1,1.9516845169488537,True
l2785518.3,l2785518,3,9.676485988898479,True
m1108393.1,m1108393,1,5.014746822506391,True
m1069494.3,m1069494,3,11.448085912186595,True
l2745806.3,l2745806,3,11.535644189986332,True
193-48013.1,193-48013,1,13.33820996045422,True
l3157710.2,l3157710,2,12.36030437364143,True
m1089176.3,m1089176,3,8.552566963585685,True
m1089179.3,m1089179,3,8.68177560252897,True
m1108257.2,m1108257,2,12.901919823035676,True
m1108340.3,m1108340,3,4.935295520685024,True
l2916605.3,l2916605,3,4.960726566688007,True
196-29521.2,196-29521,2,6.5262361139405565,True
l2804245.2,l2804245,2,13.377926221597068,True
n1140527.3,n1140527,3,8.30256646035595,True
l3254915.2,l3254915,2,3.799004698329855,True
l3727708.1,l3727708,1,9.17537276527482,True
l3160105.3,l3160105,3,8.829345171543372,True
l3235251.3,l3235251,3,8.94972798695956,True
m1142798.2,m1142798,2,4.8061251766320625,True
m1142801.2,m1142801,2,4.920224083277146,True
m1010016.1,m1010016,1,17.380627582006614,True
l3251807.1,l3251807,1,17.583607395631528,True
l2992657.1,l2992657,1,3.341571503345034,True
m1069597.2,m1069597,2,9.90380977240708,True
l3197653.2,l3197653,2,10.049847442652613,True
l2991929.2,l2991929,2,8.78411066793108,True
m3949154.1,m3949154,1,9.482969491552565,True
l2895449.1,l2895449,1,9.644746560692157,True
l2895449.2,l2895449,2,9.732395943419403,True
l2895449.3,l2895449,3,9.617885357485386,True
m1069463.2,m1069463,2,10.371799313664036,True
l3086074.3,l3086074,3,2.6911976163123574,True
n1138595.2,n1138595,2,11.981038682658152,True
m3036167.2,m3036167,2,12.207161848621988,True
l3143999.1,l3143999,1,12.206881602348517,True
l3143999.2,l3143999,2,12.304812564550721,True
l3143999.3,l3143999,3,12.176939941573936,True
m1069451.3,m1069451,3,8.900188534009207,True
l3160115.2,l3160115,2,7.4115746135517435,True
l2935567.2,l2935567,2,7.56572857102788,True
l3253570.3,l3253570,3,3.6107495465414017,True
n1137989.3,n1137989,3,10.443481844604147,True
l3122814.3,l3122814,3,10.512485929782153,True
l2935556.2,l2935556,2,12.936158011580691,True
m1009651.1,m1009651,1,13.450534139165308,True
m1009651.2,m1009651,2,13.531770817237636,True
m1009651.3,m1009651,3,13.425703314811196,True
n1141474.1,n1141474,1,13.3399424799006,True
m1047737.3,m1047737,3,10.420899035004462,True
m1047737.1,m1047737,1,10.44734539102031,True
m1047737.2,m1047737,2,10.533682336567892,True
m1026387.1,m1026387,1,15.343853735841808,True
m1166361.1,m1166361,1,1.8729138280801951,True
l2692661.1,l2692661,1,2.0016584308045196,True
m1047522.1,m1047522,1,7.423574188182717,True
m1047522.2,m1047522,2,7.512606473413031,True
m1047522.3,m1047522,3,7.39625124416242,True
n1136664.1,n1136664,1,7.4353392570983585,True
m1026320.2,m1026320,2,15.290077711739572,True
l2879079.2,l2879079,2,15.415425784272088,True
m1047649.1,m1047649,1,8.749692728340918,True
m1047649.2,m1047649,2,8.838346971982272,True
m1047649.3,m1047649,3,8.722509630528574,True
l3216361.2,l3216361,2,12.932750880669522,True
m1125913.2,m1125913,2,3.1871729243827684,True
l3048209.2,l3048209,2,16.118306581976736,True
l2896685.1,l2896685,1,5.4570571786732245,True
l2896685.2,l2896685,2,5.469768954332152,True
l2896685.3,l2896685,3,5.407856272406032,True
l2748135.1,l2748135,1,14.08398945625845,True
l2767409.2,l2767409,2,4.393411551775313,True
m1166400.3,m1166400,3,5.957195767621624,True
m1047435.1,m1047435,1,14.324507746828544,True
l2970841.1,l2970841,1,14.390668456577727,True
l3091052.1,l3091052,1,16.811538106598174,True
n1137960.1,n1137960,1,11.615925326543158,True
n1137960.2,n1137960,2,11.654643470261938,True
n1137960.3,n1137960,3,11.604140725225218,True
m1047309.1,m1047309,1,11.664300008136454,True
m1047309.2,m1047309,2,11.702936827504367,True
m1047309.3,m1047309,3,11.652541133358607,True
l3215340.1,l3215340,1,15.173300946512308,True
193-51796.1,193-51796,1,5.016725777212089,True
m1069607.2,m1069607,2,8.621642632246227,True
m1166398.3,m1166398,3,5.77797009971114,True
l3142050.3,l3142050,3,5.912628228695103,True
e184626.1,e184626,1,1.7511825781494932,True
e184626.2,e184626,2,1.7773927121579,True
e184626.3,e184626,3,1.74311854465235,True
m1166377.1,m1166377,1,1.7588849648003593,True
m1166377.2,m1166377,2,1.785198327425331,True
m1166377.3,m1166377,3,1.7507892350048277,True
l2989432.2,l2989432,2,13.23027177374025,True
l3066830.2,l3066830,2,13.387386340066817,True
m1209774.1,m1209774,1,1.3841247177675553,True
m1209774.2,m1209774,2,1.405434437199586,True
m1209774.3,m1209774,3,1.3775653542719073,True
m1026693.2,m1026693,2,15.661525698746567,True
l2991916.2,l2991916,2,15.807706757247264,True
m1069365.3,m1069365,3,12.849464590571753,True
l3235243.3,l3235243,3,12.96701142674151,True
p827502.1,p827502,1,9.34914868483847,True
m1026970.1,m1026970,1,12.75078485270182,True
m1026970.2,m1026970,2,12.286580271099588,True
m1026970.3,m1026970,3,12.16370609674155,True
l3727712.1,l3727712,1,9.314273835590914,True
l3236011.2,l3236011,2,3.9745129818483207,True
l3198358.2,l3198358,2,4.1924668367938525,True
m1108316.3,m1108316,3,3.511023902127647,True
l2860486.3,l2860486,3,9.455641208964,True
m1027000.1,m1027000,1,13.443127581251806,True
m1027000.2,m1027000,2,12.978882850683851,True
m1027000.3,m1027000,3,12.856077302358951,True
l2916608.1,l2916608,1,13.539147077807609,True
l2916608.2,l2916608,2,13.074896779067538,True
l2916608.3,l2916608,3,12.95210074833686,True
m1108514.3,m1108514,3,5.121658882474007,True
l2673300.2,l2673300,2,17.530953811843432,True
n1139255.1,n1139255,1,10.92283844345151,True
d6108141-1_int.1,d6108141-1_int,1,7.575240797289525,True
d6108141-1_int.2,d6108141-1_int,2,7.664488659497732,True
d6108141-1_int.3,d6108141-1_int,3,7.547855126225237,True
e206209.1,e206209,1,7.576655010851898,True
e206209.2,e206209,2,7.665902873060105,True
e206209.3,e206209,3,7.549269339787609,True
m1047521.1,m1047521,1,7.536183199368852,True
m1047521.2,m1047521,2,7.625496722656218,True
m1047521.3,m1047521,3,7.508776756759911,True
l3030126.3,l3030126,3,3.397944491719322,True
l3254870.3,l3254870,3,3.4899711013497425,True
l2915542.1,l2915542,1,5.186313410489651,True
l2915542.2,l2915542,2,5.199528653684687,True
l2915542.3,l2915542,3,5.1369534392276135,True
l3085401.1,l3085401,1,7.445967714148856,True
l3010557.1,l3010557,1,5.388915556297643,True
l3254213.1,l3254213,1,14.477425010584529,True
l3254213.2,l3254213,2,13.789368426487446,True
l3254213.3,l3254213,3,13.667661975704558,True
m1069738.2,m1069738,2,15.582007457995314,True
l2690941.2,l2690941,2,15.771223245255786,True
l2748839.2,l2748839,2,3.763980338272317,True
d5712486-1_int.3,d5712486-1_int,3,9.464452651152646,True
e206210.3,e206210,3,9.46586686471502,True
l2876812.1,l2876812,1,16.45907970878949,True
m1069497.1,m1069497,1,5.815631172076892,True
m1069497.2,m1069497,2,5.8957600793379275,True
m1069497.3,m1069497,3,5.791012775199087,True
n1144664.3,n1144664,3,9.07113082543836,True
l3178972.3,l3178972,3,9.19410545380226,True
n1147864.1,n1147864,1,10.05615379730543,True
m3327097.2,m3327097,2,15.03098839611319,True
l3448661.2,l3448661,2,15.092716471176354,True
m1009828.2,m1009828,2,12.81907313288764,True
l2766715.2,l2766715,2,12.949938460208715,True
p827561.3,p827561,3,11.904669821117302,True
m1026705.3,m1026705,3,11.914372345470383,True
p827573.2,p827573,2,11.707716610749866,True
l2972930.1,l2972930,1,8.326316783860094,True
l2879067.1,l2879067,1,12.718449269947874,True
l3235252.2,l3235252,2,12.745331864810325,True
p827527.1,p827527,1,7.009362314673044,True
p827527.2,p827527,2,7.097234309055045,True
p827527.3,p827527,3,6.982384795743041,True
l2785517.3,l2785517,3,10.132001632444078,True
221-559682.3,221-559682,3,8.263740894642112,True
l3082993.1,l3082993,1,18.53803049291344,True
m3016088.1,m3016088,1,18.625588132985186,True
l3122821.1,l3122821,1,9.178887094205932,True
l3122821.2,l3122821,2,9.269259251365886,True
l3122821.3,l3122821,3,9.151189616027008,True
d5867591-1_int.1,d5867591-1_int,1,3.5728559059857106,True
d5867591-1_int.2,d5867591-1_int,2,3.6228662807535756,True
d5867591-1_int.3,d5867591-1_int,3,3.5574854842625223,True
l2730108.3,l2730108,3,1.3760461474645465,True
m1008733.2,m1008733,2,18.292886674093534,True
m1026354.1,m1026354,1,13.577528332585244,True
m1026354.2,m1026354,2,13.613048760291047,True
m1026354.3,m1026354,3,13.566754423040631,True
m1026309.2,m1026309,2,16.244719003159624,True
l2804260.2,l2804260,2,16.66353041362842,True
l3085395.1,l3085395,1,8.928717670763236,True
m1026767.1,m1026767,1,13.87935875013931,True
l3141401.1,l3141401,1,7.164391428191812,True
l3104120.2,l3104120,2,9.20415618229927,True
m1026896.1,m1026896,1,9.916946165424061,True
m1026896.2,m1026896,2,10.0121921974669,True
m1026896.3,m1026896,3,9.887778526275904,True
p860847.1,p860847,1,9.961847836292733,True
m1108344.3,m1108344,3,5.069505471643476,True
m1108353.3,m1108353,3,5.308028230924989,True
l2763811.3,l2763811,3,12.71392691083459,True
l3235256.1,l3235256,1,9.614627011625673,True
l3235256.2,l3235256,2,9.656666591108324,True
l3235256.3,l3235256,3,9.601793124524974,True
m3019248.2,m3019248,2,13.168502274484934,True
m3021569.2,m3021569,2,13.29983943408249,True
l3254230.1,l3254230,1,6.968407927836643,True
l2814529.1,l2814529,1,11.943383437811036,True
l2814529.2,l2814529,2,12.025853661453237,True
l2814529.3,l2814529,3,11.918145863527528,True
l2689727.1,l2689727,1,15.432373876036928,True
l2860484.2,l2860484,2,11.95525477145124,True
221-703009.3,221-703009,3,4.182223207268113,True
l3150961.3,l3150961,3,4.219658843146285,True
l2711225.3,l2711225,3,2.397319003657694,True
l3030200.3,l3030200,3,2.587025156316185,True
m1186063.1,m1186063,1,1.1679157025255225,True
m1186063.2,m1186063,2,1.1863277541899007,True
m1186063.3,m1186063,3,1.162246066561358,True
l2879054.1,l2879054,1,6.662223255166468,True
n1136661.3,n1136661,3,7.230703451133491,True
l2689691.1,l2689691,1,13.013767460117064,True
l2689691.2,l2689691,2,13.105438381408192,True
l2689691.3,l2689691,3,12.985745898005609,True
n1136353.2,n1136353,2,6.314650166201011,True
l2820535.2,l2820535,2,6.3298831682304675,True
l2727795.3,l2727795,3,7.737125374018307,True
m1166368.1,m1166368,1,1.4453078732071882,True
m1166368.2,m1166368,2,1.467437579064125,True
m1166368.3,m1166368,3,1.4384967332636585,True
l3086098.1,l3086098,1,1.516270028378949,True
l3030197.1,l3030197,1,2.3505237538289774,True
l3030197.2,l3030197,2,2.3842696681954463,True
l3030197.3,l3030197,3,2.3401472332047537,True
l2822867.2,l2822867,2,12.723638815733375,True
d6049822-1_int.1,d6049822-1_int,1,11.79032291122358,True
m1047323.1,m1047323,1,12.104874720677087,True
m1089174.3,m1089174,3,8.099119229524783,True
p827501.3,p827501,3,8.302695035904916,True
l3104859.2,l3104859,2,4.396275628966006,True
l3101194.3,l3101194,3,13.195572487578573,True
l2862616.3,l2862616,3,13.441468502315852,True
m1069205.3,m1069205,3,8.295382332489995,True
e182746.1,e182746,1,6.7159069257607715,True
e182746.2,e182746,2,6.80806356548442,True
e182746.3,e182746,3,6.6875954192612355,True
m1010015.1,m1010015,1,17.49751764883458,True
l3066813.2,l3066813,2,12.849313032702558,True
l2991910.2,l2991910,2,13.014521071350922,True
m1108331.3,m1108331,3,4.233323819908945,True
l2785531.1,l2785531,1,9.708892003025836,True
l3179646.1,l3179646,1,4.328439751804554,True
l3179646.2,l3179646,2,4.388656105370514,True
l3179646.3,l3179646,3,4.309935495216546,True
l3066818.2,l3066818,2,9.974022754746208,True
l2954345.3,l2954345,3,9.789035065644468,True
l2804255.2,l2804255,2,10.286646759451045,True
m1108356.3,m1108356,3,6.3435403601924305,True
l2842390.3,l2842390,3,6.443270907620916,True
p829975.3,p829975,3,1.8730552618102148,True
l3160871.3,l3160871,3,1.8969387381367342,True
m1047338.1,m1047338,1,11.15777504296544,True
l2691953.1,l2691953,1,11.37484805628759,True
l2767408.3,l2767408,3,2.4308128592898766,True
l3728037.1,l3728037,1,9.334040385579263,True
p895113.3,p895113,3,2.265249872952386,True
m1166396.3,m1166396,3,5.852169399127107,True
m1166399.3,m1166399,3,5.948731370617247,True
m1108507.1,m1108507,1,4.6526732101161095,True
l3108449.1,l3108449,1,4.741982437621025,True
l3160109.1,l3160109,1,8.431255207160062,True
l3160109.2,l3160109,2,8.519760173256996,True
l3160109.3,l3160109,3,8.404112091431678,True
p901936.3,p901936,3,2.9420602143836456,True
m1108267.2,m1108267,2,9.631386129598072,True
n1145956.1,n1145956,1,13.895379904969769,True
l2729412.1,l2729412,1,13.951725646281488,True
l3160107.1,l3160107,1,5.902626894161951,True
l3160107.2,l3160107,2,5.95083849693691,True
l3160107.3,l3160107,3,5.8878415801932595,True
l2897766.3,l2897766,3,6.52266375573017,True
m1026798.1,m1026798,1,11.163803465218365,True
l2952014.1,l2952014,1,11.210865203335198,True
l2748125.3,l2748125,3,10.805536659819634,True
l2673303.3,l2673303,3,10.908983836880058,True
l2879753.2,l2879753,2,4.035683016808238,True
l2914324.1,l2914324,1,10.687673971691545,True
l2876847.2,l2876847,2,12.10877974832085,True
m1047787.2,m1047787,2,12.218276566100908,True
l2691942.2,l2691942,2,12.127804072215596,True
m1026393.1,m1026393,1,15.630346796594417,True
n1140821.3,n1140821,3,11.563142999374895,True
l3189188.3,l3189188,3,11.593219203840743,True
n1136365.1,n1136365,1,6.244289487335056,True
n1136365.2,n1136365,2,6.330144388311098,True
n1136365.3,n1136365,3,6.217912926767744,True
m1069517.1,m1069517,1,6.26655152100871,True
m1069517.2,m1069517,2,6.352704781317022,True
m1069517.3,m1069517,3,6.2400833493481045,True
l3254228.2,l3254228,2,9.538215613205521,True
n1137956.3,n1137956,3,9.807886025959935,True
m1142814.1,m1142814,1,3.385422949074356,True
m1142814.2,m1142814,2,3.4219223954474502,True
m1142814.3,m1142814,3,3.3742121177037756,True
l3217053.3,l3217053,3,2.5177848989066325,True
m1026357.3,m1026357,3,13.435348720008939,True
m1026357.1,m1026357,1,13.446189412222157,True
m1026357.2,m1026357,2,13.481921218337463,True
l3178997.3,l3178997,3,13.5475495505661,True
m1125903.1,m1125903,1,3.3928955878175464,True
m1069488.3,m1069488,3,10.696274103621576,True
l2764412.1,l2764412,1,15.36013972905464,True
n1136030.2,n1136030,2,11.548235163098916,True
l2785513.1,l2785513,1,12.710568963574099,True
m1209782.1,m1209782,1,0.9853500197247225,True
l3217056.1,l3217056,1,1.0911740839563373,True
m1009827.2,m1009827,2,12.949607010882882,True
m1069201.3,m1069201,3,8.032842381347736,True
m1047406.1,m1047406,1,15.891236307922044,True
l2691947.1,l2691947,1,16.017140712284146,True
m1047766.2,m1047766,2,11.60730158099032,True
l3216344.2,l3216344,2,11.71303564618401,True
p830058.3,p830058,3,1.4245346979777997,True
m1089199.1,m1089199,1,5.001907775730289,True
m1089199.2,m1089199,2,5.071131032018634,True
m1089199.3,m1089199,3,4.98063795387805,True
m1089197.1,m1089197,1,5.062566301763424,True
m1089197.2,m1089197,2,5.132602513309545,True
m1089197.3,m1089197,3,5.041046862379879,True
n1140526.3,n1140526,3,8.279233189165783,True
m3763620.3,m3763620,3,8.815053018357979,True
l2729207.3,l2729207,3,8.892934733737079,True
228-961799-3_int.3,228-961799-3_int,3,8.906361198931036,True
m1108335.3,m1108335,3,4.550681522694053,True
m1027036.2,m1027036,2,14.224281885497781,True
l3010580.2,l3010580,2,14.25509457946267,True
m1010003.1,m1010003,1,18.071782954198248,True
p901933.1,p901933,1,6.635797871389652,True
l3141394.2,l3141394,2,4.802847104028718,True
m1069465.1,m1069465,1,10.355824352151217,True
l3104154.3,l3104154,3,9.433978087503753,True
l3104155.3,l3104155,3,9.511500930463127,True
d6047588-1_int.2,d6047588-1_int,2,13.223328499068046,True
f739844.2,f739844,2,13.22474271263042,True
l3104130.2,l3104130,2,15.430943287415511,True
l2841625.3,l2841625,3,9.503023097233198,True
l3010566.3,l3010566,3,9.670059415172013,True
m1027038.2,m1027038,2,14.075098765571504,True
l2935568.2,l2935568,2,13.469353274822248,True
m1047293.1,m1047293,1,12.952354251110517,True
m1047293.2,m1047293,2,12.988893063787266,True
m1047293.3,m1047293,3,12.941258477815584,True
p901905.2,p901905,2,13.594425337809033,True
l2897777.1,l2897777,1,7.816215780971532,True
l2897777.2,l2897777,2,7.905060909280894,True
l2897777.3,l2897777,3,7.788957512704612,True
l2860488.2,l2860488,2,16.995024683411824,True
l3122811.1,l3122811,1,11.189127115167024,True
l2897774.2,l2897774,2,12.64140905064371,True
l3254211.2,l3254211,2,11.564964897331853,True
m1069513.1,m1069513,1,6.140170897257124,True
m1069513.2,m1069513,2,6.224630384253112,True
m1069513.3,m1069513,3,6.11422279789911,True
l2691938.2,l2691938,2,13.744893192573477,True
l2804256.1,l2804256,1,12.532896414729759,True
l2804256.2,l2804256,2,12.093454461300412,True
l2804256.3,l2804256,3,11.9704484546431,True
m1047688.3,m1047688,3,9.04228511918211,True
m1047688.1,m1047688,1,9.069455560935253,True
m1047688.2,m1047688,2,9.158083042962105,True
l2822863.3,l2822863,3,8.558260996217719,True
m1069505.1,m1069505,1,6.02481977052698,True
m1069505.2,m1069505,2,6.107733303291994,True
m1069505.3,m1069505,3,5.999346355691832,True
m1047311.1,m1047311,1,11.644583912286194,True
l2748158.1,l2748158,1,11.6647523990442,True
l3254234.2,l3254234,2,12.337394455758862,True
p903360.1,p903360,1,14.206314695481675,True
l3214064.2,l3214064,2,10.07906633298296,True
n1140523.3,n1140523,3,9.477472317620686,True
l2766724.3,l2766724,3,9.519391227469917,True
m1069554.2,m1069554,2,7.349469949629234,True
m1108526.1,m1108526,1,4.927008508715608,True
m1108526.2,m1108526,2,4.99522795306019,True
m1108526.3,m1108526,3,4.906046906850756,True
n1139251.3,n1139251,3,12.48243615416505,True
l3011229.1,l3011229,1,5.29195860319568,True
m1166362.1,m1166362,1,2.0948928560161826,True
l3197639.1,l3197639,1,13.112522487333363,True
l3085391.2,l3085391,2,12.312494722977455,True
l2691952.1,l2691952,1,12.746945025619038,True
l2691952.2,l2691952,2,12.829367165398882,True
l2691952.3,l2691952,3,12.721740835315947,True
l2897781.1,l2897781,1,11.29088569445488,True
d6049825-1_int.1,d6049825-1_int,1,11.673091626578868,True
d6049825-1_int.2,d6049825-1_int,2,11.71171366605285,True
d6049825-1_int.3,d6049825-1_int,3,11.661337427344444,True
e182748.1,e182748,1,11.674505840141242,True
e182748.2,e182748,2,11.713127879615223,True
e182748.3,e182748,3,11.662751640906817,True
l2691950.3,l2691950,3,7.801820638851974,True
l2916609.3,l2916609,3,7.903761972338577,True
m1069498.1,m1069498,1,5.835412731119591,True
m1069498.2,m1069498,2,5.915806753995569,True
m1069498.3,m1069498,3,5.810712930616336,True
m1069499.1,m1069499,1,5.908754726673026,True
m1069499.2,m1069499,2,5.990131690691826,True
m1069499.3,m1069499,3,5.883753114552041,True
l3104132.1,l3104132,1,15.479761171427908,True
l2805034.1,l2805034,1,1.9737012968756493,True
l2822866.1,l2822866,1,9.013732371184497,True
l2822866.2,l2822866,2,9.102150521842871,True
l2822866.3,l2822866,3,8.986625728539568,True
p827563.2,p827563,2,11.968157549576073,True
l3160100.2,l3160100,2,14.157328436261238,True
l3085390.2,l3085390,2,14.25337493681289,True
l2954361.2,l2954361,2,9.339029249516152,True
e182744.2,e182744,2,18.422699140640077,True
l2801895.2,l2801895,2,18.536314381971906,True
l2691973.1,l2691973,1,10.166208215842405,True
m1047671.1,m1047671,1,8.97745028155259,True
m1026984.1,m1026984,1,13.0346543965505,True
m1026984.2,m1026984,2,12.570433353348953,True
m1026984.3,m1026984,3,12.447587316559087,True
m1209751.2,m1209751,2,2.643993927422648,True
p827505.3,p827505,3,9.525741735858272,True
l3066829.3,l3066829,3,15.474550741524512,True
l2879063.2,l2879063,2,10.507165980550798,True
n1140528.1,n1140528,1,8.555657124522758,True
l3649297.1,l3649297,1,8.62641066795276,True
n1140817.1,n1140817,1,10.427862026865078,True
n1140817.2,n1140817,2,10.512805068406593,True
n1140817.3,n1140817,3,10.401842330461461,True
n1136029.2,n1136029,2,11.5362115202941,True
n1136028.1,n1136028,1,11.187122323563814,True
n1136028.2,n1136028,2,11.272268663379636,True
n1136028.3,n1136028,3,11.161052126249377,True
n1139258.3,n1139258,3,10.663107023620253,True
m1142875.1,m1142875,1,2.5352574719252314,True
m1142875.2,m1142875,2,2.5714792170979544,True
m1142875.3,m1142875,3,2.5241207486110344,True
m1026895.3,m1026895,3,9.838283304656615,True
l2820528.3,l2820528,3,9.925841035216793,True
n1138608.3,n1138608,3,12.393779872541032,True
l3048230.3,l3048230,3,12.76669775584164,True
n1139260.1,n1139260,1,10.508179284438487,True
n1139260.2,n1139260,2,10.601871314039341,True
n1139260.3,n1139260,3,10.479496147824129,True
l2925506.1,l2925506,1,10.619838596025225,True
l2925506.2,l2925506,2,10.713809491833247,True
l2925506.3,l2925506,3,10.5910726650161,True
l2729434.2,l2729434,2,13.112057581351296,True
m1069549.1,m1069549,1,6.511501770571408,True
m1069549.2,m1069549,2,6.600918939745824,True
m1069549.3,m1069549,3,6.484031417221503,True
l2970811.1,l2970811,1,16.561507720657602,True
n1137988.1,n1137988,1,10.4840648363156,True
p829798.1,p829798,1,4.02454081291158,True
l2841621.1,l2841621,1,10.131533775600667,True
l2841621.2,l2841621,2,10.21837899209174,True
l2841621.3,l2841621,3,10.104926837006584,True
n1137986.1,n1137986,1,10.19795760580299,True
n1137986.2,n1137986,2,10.284695918997292,True
n1137986.3,n1137986,3,10.171384442122145,True
n1141479.1,n1141479,1,2.2332687386605135,True
l3198348.1,l3198348,1,2.2468577194695123,True
l2876813.1,l2876813,1,9.557325400787363,True
l3104118.3,l3104118,3,15.01921195374829,True
l2748126.3,l2748126,3,15.13379606510615,True
m1166394.3,m1166394,3,5.651434432244483,True
l0247171.2,l0247171,2,13.268521877384126,True
l3179607.2,l3179607,2,3.773211759097876,True
l2861197.3,l2861197,3,3.144574776439923,True
l3160896.3,l3160896,3,3.281751595827392,True
l3067506.3,l3067506,3,1.8994764446359174,True
l3029497.3,l3029497,3,7.611088155291719,True
l3047073.3,l3047073,3,12.837360852382725,True
221-559681.3,221-559681,3,8.264619993574284,True
l3104133.1,l3104133,1,11.867166758326976,True
l3122819.3,l3122819,3,9.566992236470536,True
l3048889.3,l3048889,3,6.292259146876658,True
m1027068.3,m1027068,3,15.226823209451288,True
l3235268.3,l3235268,3,15.35746167340065,True
l3008232.2,l3008232,2,12.354942387667723,True
m1149249.3,m1149249,3,7.443520092055404,True
m1142808.2,m1142808,2,4.026137337497716,True
m1027100.1,m1027100,1,15.922905006152115,True
l3140238.1,l3140238,1,16.023596664242618,True
l3235257.1,l3235257,1,9.400524257170453,True
l3235257.2,l3235257,2,9.494484070979992,True
l3235257.3,l3235257,3,9.371738491685823,True
l3010564.3,l3010564,3,14.071965438873187,True
l2691946.2,l2691946,2,7.1537694778271685,True
l3139103.1,l3139103,1,16.573531335029973,True
m1026732.1,m1026732,1,14.566836466611463,True
e182723.3,e182723,3,8.216937962169846,True
l3119793.2,l3119793,2,11.711388815592825,True
m1047371.2,m1047371,2,11.773263704544616,True
m1026807.1,m1026807,1,8.90933102178547,True
m1026807.2,m1026807,2,8.996420567042215,True
m1026807.3,m1026807,3,8.882627646877243,True
n1140521.1,n1140521,1,8.935685257778765,True
n1140521.2,n1140521,2,9.02277327475295,True
n1140521.3,n1140521,3,8.908982966858748,True
l3066807.3,l3066807,3,7.382062547799436,True
n1138606.3,n1138606,3,12.263270317425661,True
m1069335.3,m1069335,3,12.309601946807966,True
n1142102.1,n1142102,1,4.074250222241956,True
l2804956.1,l2804956,1,4.17499391901619,True
m1047777.2,m1047777,2,12.302023457170053,True
l3254212.2,l3254212,2,10.764853370346374,True
l2820533.1,l2820533,1,7.053698230174301,True
l2879055.3,l2879055,3,8.998914564556575,True
m1047434.1,m1047434,1,14.204046477942605,True
m1026665.1,m1026665,1,11.854802703241548,True
l3232933.1,l3232933,1,12.134086770337927,True
l3104115.2,l3104115,2,18.242897477069636,True
l3086075.2,l3086075,2,2.8152022316668948,True
m1108484.1,m1108484,1,3.8811383711277267,True
m1108484.2,m1108484,2,3.9353599201210696,True
m1108484.3,m1108484,3,3.864474816477208,True
l2822857.2,l2822857,2,12.672386179079352,True
l3104126.3,l3104126,3,8.126087446218284,True
p827542.2,p827542,2,13.193271568788555,True
m1209807.1,m1209807,1,0.24474308512593565,True
m1209807.2,m1209807,2,0.25051514926557117,True
m1209807.3,m1209807,3,0.24295631059233125,True
m1209805.1,m1209805,1,0.2743347197284023,True
m1209805.2,m1209805,2,0.28080876331926635,True
m1209805.3,m1209805,3,0.2723306435543057,True
l2989565.1,l2989565,1,3.4152170686033214,True
e182733.1,e182733,1,13.332553205118787,True
e182733.2,e182733,2,13.423711068867153,True
e182733.3,e182733,3,13.30469373785862,True
l2806553.3,l2806553,3,4.314480274010643,True
l3122813.1,l3122813,1,10.815546562158652,True
l2729411.1,l2729411,1,11.306894259725404,True
l2935555.1,l2935555,1,9.460241633203944,True
m3037453.1,m3037453,1,10.317060350808307,True
l3215203.1,l3215203,1,5.119734509707783,True
l3215203.2,l3215203,2,5.1329522918186905,True
l3215203.3,l3215203,3,5.0703727376302785,True
m1026812.1,m1026812,1,10.326896046841783,True
l3122847.1,l3122847,1,10.451566386535987,True
n1138594.1,n1138594,1,11.277077915796793,True
m1026679.1,m1026679,1,11.546169739551171,True
l3141396.3,l3141396,3,9.88084462307776,True
l3066808.3,l3066808,3,10.111206824842087,True
m3036170.1,m3036170,1,12.75101413926261,True
m3036170.2,m3036170,2,12.833429423083038,True
m3036170.3,m3036170,3,12.725812108271604,True
n1136362.1,n1136362,1,6.688225619675869,True
m1026773.1,m1026773,1,11.840778553095076,True
l3195751.1,l3195751,1,12.060467112734916,True
m1026660.1,m1026660,1,12.017816756879036,True
l3085410.2,l3085410,2,7.237456959709438,True
m1026670.1,m1026670,1,12.781376822945036,True
m1026670.2,m1026670,2,12.863740949352495,True
m1026670.3,m1026670,3,12.756190904187703,True
l3178982.1,l3178982,1,13.577543420799797,True
m1125988.1,m1125988,1,3.406409190006974,True
m1125988.2,m1125988,2,3.453987371289767,True
m1125988.3,m1125988,3,3.3917857989741593,True
l3197636.2,l3197636,2,13.03019632102304,True
m1089132.3,m1089132,3,7.747189664799917,True
l2876798.1,l2876798,1,10.389898543661118,True
l2876798.2,l2876798,2,10.483295170208768,True
l2876798.3,l2876798,3,10.361303111172877,True
n1136660.1,n1136660,1,7.260809429037531,True
l3104136.1,l3104136,1,8.535118550114309,True
l3104136.2,l3104136,2,8.623882912190869,True
l3104136.3,l3104136,3,8.507898420633143,True
l3048888.3,l3048888,3,7.231479660943932,True
d5587291-3_int.1,d5587291-3_int,1,4.4729473520962415,True
d5587291-3_int.2,d5587291-3_int,2,4.535100349787086,True
d5587291-3_int.3,d5587291-3_int,3,4.4538484498363475,True
190-8581.1,190-8581,1,4.4667126875175125,True
190-8581.2,190-8581,2,4.528782127237513,True
190-8581.3,190-8581,3,4.447639441693448,True
l3197644.1,l3197644,1,11.160748776546843,True
m1009843.2,m1009843,2,13.464251721223569,True
l3251806.2,l3251806,2,13.530528232455994,True
m1069516.1,m1069516,1,6.205908989883799,True
m1069516.2,m1069516,2,6.291249509300651,True
m1069516.3,m1069516,3,6.179690369933423,True
l3251830.1,l3251830,1,14.207780729585837,True
l2804249.1,l2804249,1,4.592308037552087,True
l2804249.2,l2804249,2,4.642571839928299,True
l2804249.3,l2804249,3,4.576873302068433,True
l2935557.1,l2935557,1,10.501678365281428,True
m1069250.3,m1069250,3,13.071407611413596,True
l2690868.3,l2690868,3,13.094042340893225,True
l3030204.1,l3030204,1,0.8736676315791927,True
l3030204.2,l3030204,2,0.888136123582469,True
l3030204.3,l3030204,3,0.8692088637627509,True
l3179637.3,l3179637,3,6.063099208879517,True
m1108262.2,m1108262,2,12.564255511100658,True
m1108261.2,m1108261,2,12.572776039200098,True
d5513564-1_int.1,d5513564-1_int,1,0.4041123015727101,True
d5513564-1_int.2,d5513564-1_int,2,0.41230669153489224,True
d5513564-1_int.3,d5513564-1_int,3,0.40157999385069887,True
e192201.1,e192201,1,0.4055265151350832,True
e192201.2,e192201,2,0.41372090509726533,True
e192201.3,e192201,3,0.40299420741307196,True
r20185.1,r20185,1,0.3882260446553782,True
r20185.2,r20185,2,0.3962075244640846,True
r20185.3,r20185,3,0.38575911089631537,True
l3181545.1,l3181545,1,11.945717686665397,True
l3181545.2,l3181545,2,12.042996398826107,True
l3181545.3,l3181545,3,11.91596967663097,True
n1138603.1,n1138603,1,12.03152799941358,True
n1138603.2,n1138603,2,12.12902102058365,True
n1138603.3,n1138603,3,12.001716361789052,True
l3178976.1,l3178976,1,14.354244705166128,True
l3065665.1,l3065665,1,4.63286921468799,True
l2785514.1,l2785514,1,12.33656250651583,True
l2710536.1,l2710536,1,10.154784037011053,True
l2936216.3,l2936216,3,1.771834155136685,True
m1026969.2,m1026969,2,12.826373693768543,True
l3048231.2,l3048231,2,13.354342136670631,True
m1069328.3,m1069328,3,12.502558776347351,True
d6198039-1_int.1,d6198039-1_int,1,3.143123458129888,True
d6198039-1_int.2,d6198039-1_int,2,3.1874919203731555,True
d6198039-1_int.3,d6198039-1_int,3,3.1294852891531533,True
e206217.1,e206217,1,3.144537671692261,True
e206217.2,e206217,2,3.1889061339355287,True
e206217.3,e206217,3,3.1308995027155264,True
l2879071.2,l2879071,2,14.292764061487668,True
l3029504.2,l3029504,2,14.407477393197768,True
m1026796.1,m1026796,1,9.193245847589752,True
m1026796.2,m1026796,2,9.280137249661706,True
m1026796.3,m1026796,3,9.166608878789916,True
p827553.2,p827553,2,14.799521024464214,True
l2804251.1,l2804251,1,9.116035038388194,True
m1069133.1,m1069133,1,10.25394784895094,True
l2764399.2,l2764399,2,12.354943105829875,True
p895117.2,p895117,2,6.503871403586061,True
l2842383.1,l2842383,1,1.7102338030789792,True
l2842383.2,l2842383,2,1.7359140885773128,True
l2842383.3,l2842383,3,1.7023324593188,True
l2745811.3,l2745811,3,5.924261309542591,True
l2804252.1,l2804252,1,15.681508539206517,True
l3066815.1,l3066815,1,7.805103440890326,True
l3066815.2,l3066815,2,7.895078732983319,True
l3066815.3,l3066815,3,7.77750066587023,True
p895075.3,p895075,3,4.919863481977838,True
l2710544.1,l2710544,1,16.026379297698774,True
n1140519.1,n1140519,1,8.3836556163165,True
n1140519.2,n1140519,2,8.471579981657058,True
n1140519.3,n1140519,3,8.35668832445379,True
l3160117.2,l3160117,2,12.576469413438137,True
l3029510.2,l3029510,2,13.686133853801104,True
e182731.2,e182731,2,14.57757465805653,True
n1136658.1,n1136658,1,7.0211658262272545,True
n1136658.2,n1136658,2,7.1090188238983645,True
n1136658.3,n1136658,3,6.994194309097771,True
l2730149.1,l2730149,1,3.6089164077780835,True
l2730149.2,l2730149,2,3.6588656894826252,True
l2730149.3,l2730149,3,3.5935653168169392,True
l2860500.2,l2860500,2,12.780139901823091,True
l3216347.3,l3216347,3,7.650086702317365,True
l2767341.1,l2767341,1,3.2057904019219476,True
l2767341.2,l2767341,2,3.2509797830425735,True
l2767341.3,l2767341,3,3.1919001701882417,True
e206211.1,e206211,1,6.068258768268754,True
e206211.2,e206211,2,6.151735523905963,True
e206211.3,e206211,3,6.042612416114378,True
n1134480.1,n1134480,1,6.179966577251939,True
n1134480.2,n1134480,2,6.264940458793557,True
n1134480.3,n1134480,3,6.153860533289509,True
l3030203.3,l3030203,3,2.0685267356557446,True
l2879773.1,l2879773,1,3.599872813013841,True
l2879773.2,l2879773,2,3.650296623745844,True
l2879773.3,l2879773,3,3.584375397031549,True
l2804282.3,l2804282,3,9.282364989839001,True
n1137005.1,n1137005,1,9.815990353351786,True
n1137005.2,n1137005,2,9.903364134296792,True
n1137005.3,n1137005,3,9.78921622347731,True
m1047574.1,m1047574,1,6.911606008509408,True
m1047574.2,m1047574,2,6.999363211588421,True
m1047574.3,m1047574,3,6.884661631889116,True
l3225319.2,l3225319,2,18.31845822215393,True
l3048201.2,l3048201,2,18.413581485222576,True
m1126025.1,m1126025,1,6.106326451758497,True
l2823545.1,l2823545,1,6.211811433495547,True
l3160108.2,l3160108,2,13.573660721187057,True
n1134478.1,n1134478,1,6.0164268832550505,True
n1134478.2,n1134478,2,6.099227933203849,True
n1134478.3,n1134478,3,5.990988006215961,True
l3029055.2,l3029055,2,3.52876918252221,True
m1047577.1,m1047577,1,8.100144872569182,True
m1047577.2,m1047577,2,8.190857022912867,True
m1047577.3,m1047577,3,8.0723233269296,True
m1209797.1,m1209797,1,0.5033853344661475,True
m1209797.2,m1209797,2,0.5128912439606615,True
m1209797.3,m1209797,3,0.5004503252857356,True
l3645811.3,l3645811,3,8.679702699046077,True
l3254229.2,l3254229,2,7.457885443888604,True
l2710521.1,l2710521,1,10.288834158978814,True
m1009807.1,m1009807,1,12.199250686352302,True
m1009807.2,m1009807,2,12.292293453347444,True
m1009807.3,m1009807,3,12.170796979005916,True
n1136672.3,n1136672,3,8.148178740175727,True
l3253995.3,l3253995,3,8.165648185324324,True
l2841638.3,l2841638,3,9.762038226573553,True
l2860492.3,l2860492,3,9.893058682407606,True
l2691959.2,l2691959,2,13.363846600520283,True
l2973159.1,l2973159,1,12.858255744814246,True
l2822859.2,l2822859,2,17.515970720349497,True
l2973158.3,l2973158,3,6.968049426876558,True
l2674052.3,l2674052,3,6.433105315185215,True
m1125990.1,m1125990,1,3.440625884940157,True
m1125990.2,m1125990,2,3.488962568725666,True
m1125990.3,m1125990,3,3.4257692753966418,True
n1136366.1,n1136366,1,6.297161931527334,True
n1136366.2,n1136366,2,6.383725437448277,True
n1136366.3,n1136366,3,6.270567794143432,True
l2916620.1,l2916620,1,6.300704107943854,True
l2916620.2,l2916620,2,6.3873150866790915,True
l2916620.3,l2916620,3,6.274095394054547,True
m1026472.2,m1026472,2,13.071647180281659,True
m1026939.2,m1026939,2,12.766023706316298,True
l3104124.2,l3104124,2,12.813155708136826,True
l3233412.1,l3233412,1,4.19552954745329,True
l3235266.3,l3235266,3,9.008868635309954,True
l3235267.3,l3235267,3,15.135023190210694,True
l3235248.3,l3235248,3,13.964325368082985,True
l3217064.2,l3217064,2,5.064548620800073,True
l3200222.2,l3200222,2,5.394430602328347,True
l3729297.1,l3729297,1,8.920778930833803,True
l3197625.3,l3197625,3,5.10822026631704,True
l2917333.1,l2917333,1,1.7723016404600591,True
n1140516.3,n1140516,3,8.310952681888445,True
m1209748.2,m1209748,2,2.491478147305981,True
l3142099.2,l3142099,2,2.6067677193995027,True
l2898457.1,l2898457,1,3.4934010024765865,True
m1166376.1,m1166376,1,1.784087249451763,True
m1166376.2,m1166376,2,1.8107383771223957,True
m1166376.3,m1166376,3,1.7758878090570893,True
l2842384.1,l2842384,1,1.7880042207734832,True
l2842384.2,l2842384,2,1.8147078443196143,True
l2842384.3,l2842384,3,1.7797886615448144,True
l2763407.3,l2763407,3,4.219850492029744,True
d6023352-1_int.1,d6023352-1_int,1,1.74976836458712,True
d6023352-1_int.2,d6023352-1_int,2,1.775978498595527,True
d6023352-1_int.3,d6023352-1_int,3,1.741704331089977,True
m1047750.1,m1047750,1,12.538962361556807,True
l2708293.1,l2708293,1,12.90206511457954,True
l3176656.1,l3176656,1,10.417138914984186,True
m1047548.1,m1047548,1,7.853603623500989,True
m1047548.2,m1047548,2,7.943700043530196,True
m1047548.3,m1047548,3,7.8259648860232325,True
m1089185.1,m1089185,1,5.503241254577842,True
m1089185.2,m1089185,2,5.51587870103959,True
m1089185.3,m1089185,3,5.454063831797703,True
l2748781.1,l2748781,1,6.080909643717431,True
m1026695.1,m1026695,1,11.240781818658213,True
m1026695.2,m1026695,2,11.32432984207175,True
m1026695.3,m1026695,3,11.215202093646615,True
n1140818.1,n1140818,1,11.362358154218917,True
n1140818.2,n1140818,2,11.44570179144851,True
n1140818.3,n1140818,3,11.336843085725315,True
l2860501.2,l2860501,2,11.757680421833156,True
m1209800.3,m1209800,3,0.444390906591439,True
m1209800.1,m1209800,1,0.4470942709027747,True
m1209800.2,m1209800,2,0.45584575856935583,True
l2839332.3,l2839332,3,0.5494560915502007,True
l2954353.1,l2954353,1,7.558964683531777,True
l2726974.2,l2726974,2,9.249581046253379,True
l2785527.1,l2785527,1,11.492257710966896,True
l2766729.1,l2766729,1,11.630934142114192,True
m1069376.2,m1069376,2,11.949695006782935,True
m1069376.1,m1069376,1,11.852648731899972,True
m1069376.3,m1069376,3,11.822969731674688,True
m1027005.2,m1027005,2,14.101569321393974,True
l3176660.2,l3176660,2,7.419911348670634,True
m1125943.3,m1125943,3,4.176492723290137,True
m1026874.1,m1026874,1,10.17635216744858,True
m1125969.2,m1125969,2,3.2312382483942517,True
m1125969.1,m1125969,1,3.1863099474371728,True
m1125969.3,m1125969,3,3.1724998802454567,True
l2673343.2,l2673343,2,13.650118773400647,True
l2764436.2,l2764436,2,13.857666953166273,True
d5565090-1_int.2,d5565090-1_int,2,18.421284927077703,True
l3029495.2,l3029495,2,18.32521089074396,True
n1134479.1,n1134479,1,6.019549373614908,True
n1134479.2,n1134479,2,6.102392271678414,True
n1134479.3,n1134479,3,5.99409764713179,True
l2823592.1,l2823592,1,0.35313734604405433,True
l2823592.2,l2823592,2,0.360667515023703,True
l2823592.3,l2823592,3,0.35080898706376773,True
l2933164.1,l2933164,1,5.129952541066732,True
l2933164.2,l2933164,2,5.1793234207022705,True
l2933164.3,l2933164,3,5.11480017754068,True
l2992624.1,l2992624,1,2.9185872428818986,True
l2992624.2,l2992624,2,2.959899309064875,True
l2992624.3,l2992624,3,2.905887583797625,True
l3232301.3,l3232301,3,12.486308377016206,True
m1010017.1,m1010017,1,17.120930553388156,True
l2858175.1,l2858175,1,17.243617987056524,True
m1009820.2,m1009820,2,12.184283198374505,True
l3045895.3,l3045895,3,4.237219813595646,True
l2841618.1,l2841618,1,12.082046177506854,True
m1209817.1,m1209817,1,0.0275779031077221,True
m1209817.2,m1209817,2,0.028198325665300547,True
m1209817.3,m1209817,3,0.02738584785692507,True
l2785547.2,l2785547,2,14.678365663273846,True
221-311595.3,221-311595,3,12.478182497602988,True
f739841.2,f739841,2,13.033546887085436,True
l0247160.2,l0247160,2,13.077326051839142,True
l3122823.2,l3122823,2,14.73178500211172,True
l3048966.3,l3048966,3,2.1227336634779763,True
m1142810.2,m1142810,2,3.999335487224042,True
m1142810.1,m1142810,1,3.9637668343299333,True
m1142810.3,m1142810,3,3.9528500768555177,True
m1027109.1,m1027109,1,16.249444417171002,True
l3101788.1,l3101788,1,16.3779070261504,True
p903490.3,p903490,3,2.999077926833496,True
l2916603.2,l2916603,2,14.597274726589209,True
l3160106.1,l3160106,1,12.669521622225995,True
d5563942-4_int.1,d5563942-4_int,1,1.8928640695138743,True
d5563942-4_int.2,d5563942-4_int,2,1.9209730415070894,True
d5563942-4_int.3,d5563942-4_int,3,1.884216998702457,True
q16483.1,q16483,1,1.8942782830762475,True
q16483.2,q16483,2,1.9223872550694625,True
q16483.3,q16483,3,1.8856312122648302,True
m1069514.1,m1069514,1,6.389975123992007,True
m1069514.2,m1069514,2,6.47643663151723,True
m1069514.3,m1069514,3,6.363415434818317,True
p850083.1,p850083,1,5.509470081527777,True
p850083.2,p850083,2,5.522107527989524,True
p850083.3,p850083,3,5.460292658747638,True
l3178988.2,l3178988,2,7.577594809776654,True
l3010568.1,l3010568,1,7.317709575730619,True
m1026356.1,m1026356,1,13.503066818641644,True
m1026356.2,m1026356,2,13.538707085587355,True
m1026356.3,m1026356,3,13.492255047215757,True
l2989600.1,l2989600,1,1.9042615997517147,True
m1026487.2,m1026487,2,13.218502594478911,True
m1069348.3,m1069348,3,12.414872618266847,True
l2804248.2,l2804248,2,14.016285927060698,True
l2729413.1,l2729413,1,9.561589338305414,True
l2673314.3,l2673314,3,10.66410180713464,True
l2785528.2,l2785528,2,10.585509132913892,True
l2897773.1,l2897773,1,9.556624149455768,True
l3010567.3,l3010567,3,8.577622778430579,True
l2991917.2,l2991917,2,15.14562445917676,True
l2766730.2,l2766730,2,13.312792213822567,True
m1166407.3,m1166407,3,6.417896150062633,True
m1008753.2,m1008753,2,17.622038230593045,True
m1047419.1,m1047419,1,15.156809030811939,True
m1089207.1,m1089207,1,5.43667200752491,True
m1089207.2,m1089207,2,5.511722043513395,True
m1089207.3,m1089207,3,5.413613075693613,True
m1047572.1,m1047572,1,8.093190372813325,True
m1047572.2,m1047572,2,8.182901199098746,True
m1047572.3,m1047572,3,8.065673459410544,True
m1108329.3,m1108329,3,4.409033535995616,True
n1138599.1,n1138599,1,11.876678947138025,True
n1138599.2,n1138599,2,11.973785236854374,True
n1138599.3,n1138599,3,11.846982128720075,True
l3217057.1,l3217057,1,1.0596686417982668,True
193-103041.3,193-103041,3,8.685993392924994,True
l2785515.3,l2785515,3,9.876335592669928,True
m1069206.3,m1069206,3,9.211354163527789,True
l2729424.1,l2729424,1,6.77160775387004,True
l2917359.1,l2917359,1,3.128159388428406,True
m3037538.1,m3037538,1,10.226808383229208,True
l3027133.1,l3027133,1,10.23043242191299,True
l3197627.3,l3197627,3,7.370070738261107,True
m1069187.1,m1069187,1,8.931401653322915,True
l2748129.1,l2748129,1,9.05561478370133,True
d6290228-6_int.1,d6290228-6_int,1,6.461510319603179,True
d6290228-6_int.2,d6290228-6_int,2,6.548150484406471,True
d6290228-6_int.3,d6290228-6_int,3,6.434897587712846,True
q16642.1,q16642,1,6.462924533165552,True
q16642.2,q16642,2,6.549564697968844,True
q16642.3,q16642,3,6.4363118012752185,True
n1136657.1,n1136657,1,6.403352449497119,True
n1136657.2,n1136657,2,6.48984736654254,True
n1136657.3,n1136657,3,6.376782841154548,True
l3027671.1,l3027671,1,4.715294694769581,True
m1108423.1,m1108423,1,4.862562755632493,True
n1136665.1,n1136665,1,7.54848835702576,True
l2710532.3,l2710532,3,11.96470393982363,True
l2785526.2,l2785526,2,14.64054414029838,True
l2857591.1,l2857591,1,10.330652491645107,True
l2841630.3,l2841630,3,7.682582275500609,True
l3312692.1,l3312692,1,18.692570335492515,True
m1069495.1,m1069495,1,5.827037238478323,True
m1069495.2,m1069495,2,5.907319011663706,True
m1069495.3,m1069495,3,5.802371904190014,True
l3179678.1,l3179678,1,4.365814775234203,True
l3179678.2,l3179678,2,4.416459343269791,True
l3179678.3,l3179678,3,4.350259586492739,True
m1149225.2,m1149225,2,4.295655269445654,True
r42246.1,r42246,1,6.469299779736317,True
r42246.2,r42246,2,6.555952334589654,True
r42246.3,r42246,3,6.442683369283761,True
l3632979.1,l3632979,1,12.722051942302048,True
p841985.2,p841985,2,11.77597235550119,True
l3104796.3,l3104796,3,3.1017012647190856,True
n1141476.1,n1141476,1,2.986471525830987,True
l2785519.1,l2785519,1,9.027277128958813,True
l3104122.1,l3104122,1,9.089872910445479,True
l3197618.1,l3197618,1,11.404534578658675,True
e192258.1,e192258,1,1.6290034668158548,True
e192258.2,e192258,2,1.6535950903687937,True
e192258.3,e192258,3,1.6214363961963403,True
d5534970-1_int.1,d5534970-1_int,1,10.145100102441193,True
d5534970-1_int.2,d5534970-1_int,2,10.230430127048418,True
d5534970-1_int.3,d5534970-1_int,3,10.118957175268571,True
l2841633.1,l2841633,1,9.940298063460848,True
l2841633.2,l2841633,2,10.025957698888254,True
l2841633.3,l2841633,3,9.914050999398253,True
l3254206.2,l3254206,2,12.878490824292873,True
n1145954.1,n1145954,1,12.244872284854205,True
n1145954.2,n1145954,2,12.28254972736258,True
n1145954.3,n1145954,3,12.233416774068157,True
p827580.1,p827580,1,12.255919280580116,True
p827580.2,p827580,2,12.293578943923109,True
p827580.3,p827580,3,12.244469386924562,True
l2955074.1,l2955074,1,2.719742366747927,True
l2955074.2,l2955074,2,2.758389482129979,True
l2955074.3,l2955074,3,2.7078609795594515,True
l2970845.2,l2970845,2,4.558400045225043,True
l3010585.1,l3010585,1,11.05254609911382,True
l2861219.2,l2861219,2,2.7185147108474728,True
l3104135.1,l3104135,1,14.598481281615639,True
l3254203.2,l3254203,2,16.48640649689049,True
l2954352.3,l2954352,3,7.7233391769274125,True
m1047400.1,m1047400,1,17.420237828765156,True
l2842379.1,l2842379,1,3.3331418147183527,True
l2916617.2,l2916617,2,8.671796285289703,True
n1136670.1,n1136670,1,7.888610813616642,True
n1136670.2,n1136670,2,7.978650892660653,True
n1136670.3,n1136670,3,7.860989876449485,True
l2766727.2,l2766727,2,15.365267605566034,True
l2727019.1,l2727019,1,1.9133732526458935,True
l2801909.1,l2801909,1,0.04449949013839449,True
l2801909.2,l2801909,2,0.04552133041207026,True
l2801909.3,l2801909,3,0.04418317380263563,True
m1047831.2,m1047831,2,14.62460805865744,True
l2748131.2,l2748131,2,12.511331933516804,True
l2729427.2,l2729427,2,12.61842445396791,True
l2766717.3,l2766717,3,9.822912818394713,True
l2879064.1,l2879064,1,8.133561307949275,True
l3195318.2,l3195318,2,12.88460418817796,True
l3254204.1,l3254204,1,10.7008208732397,True
l2973148.1,l2973148,1,5.820185886265963,True
l2801902.2,l2801902,2,8.106324422313989,True
l2748146.1,l2748146,1,8.829827710285139,True
n1139549.1,n1139549,1,13.385453505188737,True
n1138593.1,n1138593,1,9.078549405818304,True
l3197624.2,l3197624,2,15.766390907305567,True
m1069558.2,m1069558,2,7.383760358639826,True
l3197654.1,l3197654,1,6.630771454949947,True
l2710505.2,l2710505,2,14.822056928947216,True
l2879065.2,l2879065,2,12.501093424488111,True
m1166358.3,m1166358,3,1.6165053551916755,True
l2898522.1,l2898522,1,2.2271271384521363,True
l2992556.3,l2992556,3,3.1484201372625953,True
196-35813.1,196-35813,1,8.369307275061313,True
196-35813.2,196-35813,2,8.457254732791737,True
196-35813.3,196-35813,3,8.342332687413649,True
l3064514.3,l3064514,3,7.115380711818004,True
l3141402.3,l3141402,3,13.134502897718557,True
l2859391.2,l2859391,2,13.397679098977633,True
l2860489.1,l2860489,1,14.66992001750927,True
m1026989.2,m1026989,2,13.278400652401194,True
m1209752.2,m1209752,2,2.4178340371244142,True
l2710514.2,l2710514,2,11.923215226392402,True
l2726975.2,l2726975,2,15.05764044155406,True
l3649306.1,l3649306,1,8.922345436263345,True
l2767407.2,l2767407,2,3.3864165185281037,True
l2730107.3,l2730107,3,5.816460487926971,True
m4113347.3,m4113347,3,12.24168735150673,True
m4113347.1,m4113347,1,12.271677057539875,True
m4113347.2,m4113347,2,12.369769844694911,True
l3216339.2,l3216339,2,18.452085668288092,True
d5472341-1_int.2,d5472341-1_int,2,13.080703801086301,True
f739842.2,f739842,2,13.082118014648675,True
l2897792.1,l2897792,1,6.430955266665614,True
m1026800.1,m1026800,1,9.07614103426121,True
m1026800.2,m1026800,2,9.163220906202708,True
m1026800.3,m1026800,3,9.049444520492381,True
m1026797.1,m1026797,1,9.18834241506753,True
m1026797.2,m1026797,2,9.275241708781694,True
m1026797.3,m1026797,3,9.161702952990694,True
l2729407.2,l2729407,2,11.810387261465763,True
l3342743.3,l3342743,3,8.573005832940456,True
l3122818.3,l3122818,3,11.387571525528736,True
m1047430.1,m1047430,1,14.224943080407046,True
l3048203.2,l3048203,2,13.87451323208654,True
l2936276.2,l2936276,2,1.3841142815652532,True
l2860499.2,l2860499,2,7.349994505712035,True
p827564.3,p827564,3,12.326567374268066,True
l3030205.3,l3030205,3,1.7048585968396865,True
l3008248.1,l3008248,1,16.728320349712792,True
l2804250.3,l2804250,3,5.137264803594718,True
l2954354.1,l2954354,1,12.384219372222349,True
l2673321.1,l2673321,1,12.491753231087971,True
l3197634.2,l3197634,2,10.511885273776002,True
l3141389.1,l3141389,1,11.22657458916724,True
l2935559.1,l2935559,1,15.754455564403825,True
p895087.1,p895087,1,5.40724246161792,True
l3254217.1,l3254217,1,8.987280084900208,True
l3254217.2,l3254217,2,9.074365109889557,True
l3254217.3,l3254217,3,8.960579916150772,True
l3101782.1,l3101782,1,5.972055930579347,True
l2745799.3,l2745799,3,9.969618964731598,True
l3082983.2,l3082983,2,7.83618335057879,True
l2691966.2,l2691966,2,7.606862518002925,True
n1136368.1,n1136368,1,6.417792303854413,True
l3197642.3,l3197642,3,12.824933919391922,True
l2973157.1,l2973157,1,15.225744031115065,True
l2935550.3,l2935550,3,6.244815469806416,True
d5865224-1_int.2,d5865224-1_int,2,13.032132673523062,True
l3066821.1,l3066821,1,13.886796293907882,True
m1009691.1,m1009691,1,13.977975517985175,True
l3178975.2,l3178975,2,13.089027885593032,True
m1069518.1,m1069518,1,6.284873692113289,True
m1069518.2,m1069518,2,6.371272509086218,True
m1069518.3,m1069518,3,6.258330122393772,True
l2916618.2,l2916618,2,9.420562096395344,True
l2710515.3,l2710515,3,14.308983065162426,True
l3235258.1,l3235258,1,10.450543525013567,True
l3235258.2,l3235258,2,10.535485251254647,True
l3235258.3,l3235258,3,10.424524761533089,True
l3141395.3,l3141395,3,11.141128852726794,True
n1136997.3,n1136997,3,8.738940630212184,True
l3104123.3,l3104123,3,8.80687150480577,True
190-7361.1,190-7361,1,6.542498337035126,True
190-7361.2,190-7361,2,6.589636616031354,True
190-7361.3,190-7361,3,6.528052563523013,True
l3645812.3,l3645812,3,8.864178453100498,True
228-1353934-4_int.3,228-1353934-4_int,3,9.19109150664376,True
l3254214.2,l3254214,2,14.923714508723187,True
d5686080-1_int.1,d5686080-1_int,1,12.27131343633668,True
d5686080-1_int.2,d5686080-1_int,2,12.308948324143598,True
d5686080-1_int.3,d5686080-1_int,3,12.259871370237494,True
l2766749.1,l2766749,1,10.728289442852441,True
l2766749.2,l2766749,2,10.822531191810901,True
l2766749.3,l2766749,3,10.69944309649687,True
l2692660.1,l2692660,1,2.1979412943103074,True
l2955076.1,l2955076,1,2.41141420385686,True
m1125979.3,m1125979,3,3.1583843142298194,True
l3160114.1,l3160114,1,6.725734718810937,True
l3235245.3,l3235245,3,9.884838371652497,True
m1026876.1,m1026876,1,10.857125603268491,True
m1026876.2,m1026876,2,10.952379950540314,True
m1026876.3,m1026876,3,10.827972955527356,True
l2785535.2,l2785535,2,9.953568013695813,True
l2973150.1,l2973150,1,7.682404580833987,True
l3160113.2,l3160113,2,9.406347569421332,True
l2710518.1,l2710518,1,13.373979020999336,True
l3195310.1,l3195310,1,15.801642291197311,True
l3142098.2,l3142098,2,3.6487754830892536,True
m1026784.3,m1026784,3,9.447346310694899,True
l2897771.2,l2897771,2,4.684561298163647,True
l2917255.3,l2917255,3,3.2889148470257603,True
l3254215.3,l3254215,3,9.755529792776493,True
l2989571.1,l2989571,1,18.157152339831217,True
l3179699.2,l3179699,2,9.780910271808365,True
l3029507.2,l3029507,2,15.353279065508671,True
l2748124.2,l2748124,2,15.500434438934763,True
d5958866-1_int.1,d5958866-1_int,1,3.252983471847443,True
d5958866-1_int.2,d5958866-1_int,2,3.298777169720075,True
d5958866-1_int.3,d5958866-1_int,3,3.238907729850983,True
l2861218.1,l2861218,1,3.134034842711869,True
l2861218.2,l2861218,2,3.178234372051488,True
l2861218.3,l2861218,3,3.120448589417144,True
l0247162.2,l0247162,2,13.125897179402381,True
l2935552.3,l2935552,3,4.701690530260572,True
l3216350.1,l3216350,1,12.976476078065401,True
l3197660.2,l3197660,2,13.643482427911302,True
m1026880.1,m1026880,1,10.070820785892826,True
l2822860.2,l2822860,2,16.237259667921432,True
l3101787.1,l3101787,1,16.48312067238145,True
l3027132.1,l3027132,1,16.55771758191008,True
l3179673.3,l3179673,3,2.1724053504209877,True
l2879092.3,l2879092,3,13.501440999806139,True
l2803199.1,l2803199,1,4.793006052846166,True
l2803199.2,l2803199,2,4.841023959455254,True
l2803199.3,l2803199,3,4.778264614467306,True
l3254208.3,l3254208,3,10.92105194402945,True
m1027014.3,m1027014,3,14.897097821150991,True
m1047433.1,m1047433,1,14.07266585804429,True
l2991905.1,l2991905,1,11.687627295644017,True
l2935560.3,l2935560,3,11.7869732712459,True
l3085400.3,l3085400,3,9.91331968484552,True
l2764403.1,l2764403,1,6.810373732008011,True
m1108535.1,m1108535,1,4.603715080422129,True
m1108535.2,m1108535,2,4.667601694585641,True
m1108535.3,m1108535,3,4.584083872035913,True
l2785521.3,l2785521,3,8.297460351818646,True
l3216988.2,l3216988,2,3.796782684872791,True
l3649305.1,l3649305,1,9.268769724220611,True
l2983432.1,l2983432,1,9.51756948513487,True
l3315860.2,l3315860,2,13.527489783746644,True
m1125966.2,m1125966,2,3.4520162960821152,True
l2729423.3,l2729423,3,6.555892211566049,True
d6140776-1_int.1,d6140776-1_int,1,9.941269737652993,True
l2673307.3,l2673307,3,8.199103325195708,True
l2685809.1,l2685809,1,7.581288719098692,True
l3254209.3,l3254209,3,9.748869118319199,True
l2860477.1,l2860477,1,11.33554937726244,True
p827548.1,p827548,1,6.403481823548367,True
l3048946.3,l3048946,3,2.6634208145355784,True
l2839331.1,l2839331,1,15.231645242699765,True
l2973180.2,l2973180,2,15.461860645838579,True
l3066806.3,l3066806,3,6.436366678574789,True
l2785529.3,l2785529,3,9.130099262774463,True
l3177894.1,l3177894,1,18.405818199590318,True
l2731712.2,l2731712,2,14.160523386491867,True
l2917310.2,l2917310,2,3.8520353847837705,True
d5682346-3_int.1,d5682346-3_int,1,6.066844554706381,True
d5682346-3_int.2,d5682346-3_int,2,6.15032131034359,True
d5682346-3_int.3,d5682346-3_int,3,6.041198202552005,True
l3085394.3,l3085394,3,5.131676646565466,True
l3236004.3,l3236004,3,3.2188626275433574,True
l2879066.2,l2879066,2,13.000865669947842,True
l3048214.1,l3048214,1,15.827081024530765,True
l3120504.1,l3120504,1,17.816130129339264,True
p827537.1,p827537,1,11.56321758237097,True
228-979371-2_int.3,228-979371-2_int,3,13.10666245259418,True
l2785543.2,l2785543,2,14.339610455232451,True
m1047837.2,m1047837,2,16.49548342347455,True
l2916602.1,l2916602,1,5.588947437850584,True
d6140778-1_int.2,d6140778-1_int,2,14.576160444494157,True
l2766748.1,l2766748,1,10.120466065713371,True
regxfmr_190-8581.1,regxfmr_190-8581,1,4.46670747766199,True
regxfmr_190-8581.2,regxfmr_190-8581,2,4.5287769173819905,True
regxfmr_190-8581.3,regxfmr_190-8581,3,4.447634231837926,True
l3104129.1,l3104129,1,7.287018689637017,True
m1027110.1,m1027110,1,17.250257890242437,True
l3047058.1,l3047058,1,14.718153962999436,True
l2801949.2,l2801949,2,14.670568089243558,True
l2710525.3,l2710525,3,12.668107049311965,True
l3197640.3,l3197640,3,8.431810196968943,True
l3010561.1,l3010561,1,10.465018013088995,True
l3141390.2,l3141390,2,17.78284405396594,True
d5746546-1_int.3,d5746546-1_int,3,8.215523748607472,True
d5956499-2_int.1,d5956499-2_int,1,10.772796854726973,True
d5956499-2_int.2,d5956499-2_int,2,10.867149759781274,True
d5956499-2_int.3,d5956499-2_int,3,10.743917506518027,True
l2823592_cap.1,l2823592_cap,1,0.3545515596064274,True
l2823592_cap.2,l2823592_cap,2,0.36208172858607607,True
l2823592_cap.3,l2823592_cap,3,0.3522232006261408,True
q16642_cap.1,q16642_cap,1,6.4643387467279245,True
q16642_cap.2,q16642_cap,2,6.5509789115312165,True
q16642_cap.3,q16642_cap,3,6.437726014837591,True
q16483_cap.1,q16483_cap,1,1.8956924966386206,True
q16483_cap.2,q16483_cap,2,1.9238014686318357,True
q16483_cap.3,q16483_cap,3,1.8870454258272034,True
hvmv_sub_hsb.1,hvmv_sub_hsb,1,0.07487041784263558,True
hvmv_sub_hsb.2,hvmv_sub_hsb,2,0.07487041784263558,True
hvmv_sub_hsb.3,hvmv_sub_hsb,3,0.07487041784263558,True
regxfmr_hvmv_sub_lsb.1,regxfmr_hvmv_sub_lsb,1,1.8851851612801174e-06,True
regxfmr_hvmv_sub_lsb.2,regxfmr_hvmv_sub_lsb,2,1.8851851612801174e-06,True
regxfmr_hvmv_sub_lsb.3,regxfmr_hvmv_sub_lsb,3,1.8851851612801174e-06,True
x2804253a.1,x2804253a,1,8.759951008228755,True
x2804253a.2,x2804253a,2,nan,False
x3254213b.1,x3254213b,1,14.533839126912923,True
x3254213b.2,x3254213b,2,13.84578254281584,True
x3216339b.1,x3216339b,1,nan,False
x3216339b.2,x3216339b,2,18.508499784616486,True
x2954355a.1,x2954355a,1,11.903164948943756,True
x2954355a.2,x2954355a,2,nan,False
x2861197c.1,x2861197c,1,nan,False
x2861197c.2,x2861197c,2,nan,False
x2842379a.1,x2842379a,1,3.3707512256039487,True
x2842379a.2,x2842379a,2,nan,False
x2841636b.1,x2841636b,1,nan,False
x2841636b.2,x2841636b,2,14.955243977480201,True
x3047289a.1,x3047289a,1,5.669320386002404,True
x3047289a.2,x3047289a,2,nan,False
x3047289b.1,x3047289b,1,5.669320386002404,True
x3047289b.2,x3047289b,2,5.71818939766899,True
x3047289c.1,x3047289c,1,5.669320386002404,True
x3047289c.2,x3047289c,2,nan,False
x3085399c.1,x3085399c,1,nan,False
x3085399c.2,x3085399c,2,nan,False
x3085391b.1,x3085391b,1,nan,False
x3085391b.2,x3085391b,2,12.340701781141652,True
x2897778a.1,x2897778a,1,15.25958665042061,True
x2897778a.2,x2897778a,2,nan,False
x3197647a.1,x3197647a,1,10.434098881801257,True
x3197647a.2,x3197647a,2,nan,False
x2936275b.1,x2936275b,1,nan,False
x2936275b.2,x2936275b,2,1.8163534515829074,True
x2729408b.1,x2729408b,1,nan,False
x2729408b.2,x2729408b,2,10.64303695502652,True
x2673310a.1,x2673310a,1,9.620402741709725,True
x2673310a.2,x2673310a,2,nan,False
x3048212a.1,x3048212a,1,10.146555729455592,True
x3048212a.2,x3048212a,2,nan,False
x3104133a.1,x3104133a,1,11.92358087465537,True
x3104133a.2,x3104133a,2,nan,False
x2879087a.1,x2879087a,1,10.372736855874212,True
x2879087a.2,x2879087a,2,nan,False
x2710510c.1,x2710510c,1,nan,False
x2710510c.2,x2710510c,2,nan,False
x3122810b.1,x3122810b,1,nan,False
x3122810b.2,x3122810b,2,14.957098846608417,True
x2954352c.1,x2954352c,1,nan,False
x2954352c.2,x2954352c,2,nan,False
x2729411a.1,x2729411a,1,11.44792955054639,True
x2729411a.2,x2729411a,2,nan,False
x3178971a.1,x3178971a,1,12.755291897902575,True
x3178971a.2,x3178971a,2,nan,False
x3254234b.1,x3254234b,1,nan,False
x3254234b.2,x3254234b,2,12.393808572087256,True
x_293471a.1,x_293471a,1,12.387721446653034,True
x_293471a.2,x_293471a,2,nan,False
x_293471b.1,x_293471b,1,12.387721446653034,True
x_293471b.2,x_293471b,2,12.42526205563047,True
x_293471c.1,x_293471c,1,12.387721446653034,True
x_293471c.2,x_293471c,2,nan,False
x2860482a.1,x2860482a,1,9.573626331188532,True
x2860482a.2,x2860482a,2,nan,False
x2763811c.1,x2763811c,1,nan,False
x2763811c.2,x2763811c,2,nan,False
x3251799a.1,x3251799a,1,2.8516983723921787,True
x3251799a.2,x3251799a,2,nan,False
x2898526c.1,x2898526c,1,nan,False
x2898526c.2,x2898526c,2,nan,False
x2897780b.1,x2897780b,1,11.238646650337822,True
x2897780b.2,x2897780b,2,11.27808788384399,True
x3027124c.1,x3027124c,1,nan,False
x3027124c.2,x3027124c,2,nan,False
x2954361b.1,x2954361b,1,nan,False
x2954361b.2,x2954361b,2,9.395443365844546,True
x2745811c.1,x2745811c,1,nan,False
x2745811c.2,x2745811c,2,nan,False
x2841633a.1,x2841633a,1,9.996712179789242,True
x2841633a.2,x2841633a,2,nan,False
x2917359a.1,x2917359a,1,3.2221829156423967,True
x2917359a.2,x2917359a,2,nan,False
x2748158a.1,x2748158a,1,11.75877592625819,True
x2748158a.2,x2748158a,2,nan,False
x2955047a.1,x2955047a,1,4.349280654746652,True
x2955047a.2,x2955047a,2,nan,False
x3122837c.1,x3122837c,1,nan,False
x3122837c.2,x3122837c,2,nan,False
x2804269b.1,x2804269b,1,nan,False
x2804269b.2,x2804269b,2,9.521516260963262,True
x3157708c.1,x3157708c,1,nan,False
x3157708c.2,x3157708c,2,nan,False
x3179682c.1,x3179682c,1,nan,False
x3179682c.2,x3179682c,2,nan,False
x2822877b.1,x2822877b,1,11.905054154419236,True
x2822877b.2,x2822877b,2,12.001996489175394,True
x3141393c.1,x3141393c,1,nan,False
x3141393c.2,x3141393c,2,nan,False
x2897801a.1,x2897801a,1,12.12168343099422,True
x2897801a.2,x2897801a,2,nan,False
x3217056a.1,x3217056a,1,1.1193811421205344,True
x3217056a.2,x3217056a,2,nan,False
x2936270a.1,x2936270a,1,0.6994540004938135,True
x2936270a.2,x2936270a,2,nan,False
x3235249a.1,x3235249a,1,10.55235058708648,True
x3235249a.2,x3235249a,2,nan,False
x3217052c.1,x3217052c,1,nan,False
x3217052c.2,x3217052c,2,nan,False
x2916598a.1,x2916598a,1,10.195444076167922,True
x2916598a.2,x2916598a,2,nan,False
x3048206a.1,x3048206a,1,8.550671620584144,True
x3048206a.2,x3048206a,2,nan,False
x3141402c.1,x3141402c,1,nan,False
x3141402c.2,x3141402c,2,nan,False
x3235256a.1,x3235256a,1,9.708650538839663,True
x3235256a.2,x3235256a,2,nan,False
x3178973a.1,x3178973a,1,10.761531504357388,True
x3178973a.2,x3178973a,2,nan,False
x3197654a.1,x3197654a,1,6.6871855712783415,True
x3197654a.2,x3197654a,2,nan,False
x3066809c.1,x3066809c,1,nan,False
x3066809c.2,x3066809c,2,nan,False
x2766742b.1,x2766742b,1,nan,False
x2766742b.2,x2766742b,2,12.118307392301327,True
x2991908a.1,x2991908a,1,10.654319122246378,True
x2991908a.2,x2991908a,2,nan,False
x3065750b.1,x3065750b,1,nan,False
x3065750b.2,x3065750b,2,16.012684239410767,True
x3085401a.1,x3085401a,1,7.4835771250344525,True
x3085401a.2,x3085401a,2,nan,False
x2729413a.1,x2729413a,1,9.655612865519403,True
x2729413a.2,x2729413a,2,nan,False
x3254915b.1,x3254915b,1,nan,False
x3254915b.2,x3254915b,2,4.081075279971826,True
x2748131b.1,x2748131b,1,nan,False
x2748131b.2,x2748131b,2,12.605355460730793,True
x3066810c.1,x3066810c,1,nan,False
x3066810c.2,x3066810c,2,nan,False
x2973146b.1,x2973146b,1,nan,False
x2973146b.2,x2973146b,2,14.148880493892834,True
x2973180b.1,x2973180b,1,nan,False
x2973180b.2,x2973180b,2,15.518274762166973,True
x2973167b.1,x2973167b,1,11.476939745981383,True
x2973167b.2,x2973167b,2,11.560248822337407,True
x2841621c.1,x2841621c,1,10.187947891929062,True
x2841621c.2,x2841621c,2,nan,False
x3123509c.1,x3123509c,1,1.5248290994667222,True
x3123509c.2,x3123509c,2,nan,False
x2841627a.1,x2841627a,1,16.390732549609876,True
x2841627a.2,x2841627a,2,nan,False
x3235250b.1,x3235250b,1,nan,False
x3235250b.2,x3235250b,2,13.870096404374154,True
x3728037a.1,x3728037a,1,9.390454501907657,True
x3728037a.2,x3728037a,2,nan,False
x3142078b.1,x3142078b,1,nan,False
x3142078b.2,x3142078b,2,13.882396529284664,True
x2879066b.1,x2879066b,1,nan,False
x2879066b.2,x2879066b,2,13.094889197161832,True
x3235254c.1,x3235254c,1,8.677770334103732,True
x3235254c.2,x3235254c,2,nan,False
x2917330a.1,x2917330a,1,3.476596693788347,True
x2917330a.2,x2917330a,2,nan,False
x2914323b.1,x2914323b,1,nan,False
x2914323b.2,x2914323b,2,13.299207957104139,True
x3197640c.1,x3197640c,1,nan,False
x3197640c.2,x3197640c,2,nan,False
x3179673c.1,x3179673c,1,nan,False
x3179673c.2,x3179673c,2,nan,False
x3048228c.1,x3048228c,1,nan,False
x3048228c.2,x3048228c,2,nan,False
x3104126c.1,x3104126c,1,nan,False
x3104126c.2,x3104126c,2,nan,False
x2990098a.1,x2990098a,1,4.55818749173135,True
x2990098a.2,x2990098a,2,nan,False
x2879067a.1,x2879067a,1,12.774863386276268,True
x2879067a.2,x2879067a,2,nan,False
x3176656a.1,x3176656a,1,10.47355303131258,True
x3176656a.2,x3176656a,2,nan,False
x2710532c.1,x2710532c,1,nan,False
x2710532c.2,x2710532c,2,nan,False
x3160115b.1,x3160115b,1,nan,False
x3160115b.2,x3160115b,2,7.439781671715941,True
x3103822c.1,x3103822c,1,8.009847525673663,True
x3103822c.2,x3103822c,2,nan,False
x2805034a.1,x2805034a,1,2.114736587696635,True
x2805034a.2,x2805034a,2,nan,False
x3157167a.1,x3157167a,1,5.522980673254276,True
x3157167a.2,x3157167a,2,nan,False
x2916620a.1,x2916620a,1,6.44173939876484,True
x2916620a.2,x2916620a,2,nan,False
x2916620b.1,x2916620b,1,6.44173939876484,True
x2916620b.2,x2916620b,2,6.528350377500077,True
x2916620c.1,x2916620c,1,6.44173939876484,True
x2916620c.2,x2916620c,2,nan,False
x3027132a.1,x3027132a,1,16.65174110912407,True
x3027132a.2,x3027132a,2,nan,False
x2822862c.1,x2822862c,1,nan,False
x2822862c.2,x2822862c,2,nan,False
x2937757c.1,x2937757c,1,nan,False
x2937757c.2,x2937757c,2,nan,False
x2860483b.1,x2860483b,1,nan,False
x2860483b.2,x2860483b,2,13.025174026536718,True
x3048210a.1,x3048210a,1,15.117925365450422,True
x3048210a.2,x3048210a,2,nan,False
x3312692a.1,x3312692a,1,18.74898445182091,True
x3312692a.2,x3312692a,2,nan,False
x3251854a.1,x3251854a,1,6.93731510607718,True
x3251854a.2,x3251854a,2,nan,False
x3085398b.1,x3085398b,1,10.451612128859052,True
x3085398b.2,x3085398b,2,10.547609907850621,True
x3254207a.1,x3254207a,1,11.958344651593826,True
x3254207a.2,x3254207a,2,nan,False
x2729424a.1,x2729424a,1,6.86563128108403,True
x2729424a.2,x2729424a,2,nan,False
x3066816a.1,x3066816a,1,12.589500086581179,True
x3066816a.2,x3066816a,2,nan,False
x2785518c.1,x2785518c,1,nan,False
x2785518c.2,x2785518c,2,nan,False
x3029503c.1,x3029503c,1,nan,False
x3029503c.2,x3029503c,2,nan,False
x2748140a.1,x2748140a,1,14.091925276547105,True
x2748140a.2,x2748140a,2,nan,False
x2891575c.1,x2891575c,1,nan,False
x2891575c.2,x2891575c,2,nan,False
x2842329c.1,x2842329c,1,nan,False
x2842329c.2,x2842329c,2,nan,False
x3254212b.1,x3254212b,1,nan,False
x3254212b.2,x3254212b,2,10.80246278123197,True
x3198348a.1,x3198348a,1,2.2750647776337094,True
x3198348a.2,x3198348a,2,nan,False
x3178979c.1,x3178979c,1,nan,False
x3178979c.2,x3178979c,2,nan,False
x2879054a.1,x2879054a,1,6.718637371494863,True
x2879054a.2,x2879054a,2,nan,False
x3085388b.1,x3085388b,1,nan,False
x3085388b.2,x3085388b,2,18.569730220255167,True
x2991914c.1,x2991914c,1,8.585483023834717,True
x2991914c.2,x2991914c,2,nan,False
x2785534b.1,x2785534b,1,nan,False
x2785534b.2,x2785534b,2,6.651865870588805,True
x3122835b.1,x3122835b,1,nan,False
x3122835b.2,x3122835b,2,8.341824810379352,True
x3085395a.1,x3085395a,1,9.022741197977226,True
x3085395a.2,x3085395a,2,nan,False
x2879064a.1,x2879064a,1,8.18997542427767,True
x2879064a.2,x2879064a,2,nan,False
x3066814b.1,x3066814b,1,6.104808903568946,True
x3066814b.2,x3066814b,2,6.186923239489714,True
x2821087a.1,x2821087a,1,4.44062465435093,True
x2821087a.2,x2821087a,2,nan,False
x2860479b.1,x2860479b,1,nan,False
x2860479b.2,x2860479b,2,13.326891108292953,True
x3728042a.1,x3728042a,1,9.625723809341075,True
x3728042a.2,x3728042a,2,nan,False
x2935557a.1,x2935557a,1,10.539287776167024,True
x2935557a.2,x2935557a,2,nan,False
x2822864c.1,x2822864c,1,nan,False
x2822864c.2,x2822864c,2,nan,False
x3235247a.1,x3235247a,1,13.482963817753875,True
x3235247a.2,x3235247a,2,nan,False
x3251807a.1,x3251807a,1,17.640021511959922,True
x3251807a.2,x3251807a,2,nan,False
x2804282c.1,x2804282c,1,nan,False
x2804282c.2,x2804282c,2,nan,False
x2935560c.1,x2935560c,1,nan,False
x2935560c.2,x2935560c,2,nan,False
x3104145b.1,x3104145b,1,nan,False
x3104145b.2,x3104145b,2,8.166986925389375,True
x3086078a.1,x3086078a,1,0.815668854642251,True
x3086078a.2,x3086078a,2,nan,False
x2860477a.1,x2860477a,1,11.42957290447643,True
x2860477a.2,x2860477a,2,nan,False
x3645811c.1,x3645811c,1,nan,False
x3645811c.2,x3645811c,2,nan,False
x3102793b.1,x3102793b,1,nan,False
x3102793b.2,x3102793b,2,8.945463120437463,True
x2991910b.1,x2991910b,1,nan,False
x2991910b.2,x2991910b,2,13.108544598564912,True
x2710511a.1,x2710511a,1,9.121288778656552,True
x2710511a.2,x2710511a,2,nan,False
x2860486c.1,x2860486c,1,nan,False
x2860486c.2,x2860486c,2,nan,False
x2935551c.1,x2935551c,1,nan,False
x2935551c.2,x2935551c,2,nan,False
x2729409b.1,x2729409b,1,nan,False
x2729409b.2,x2729409b,2,13.949947656020537,True
x2973833b.1,x2973833b,1,1.6177817296636652,True
x2973833b.2,x2973833b,2,1.6409628393677227,True
x2897769c.1,x2897769c,1,nan,False
x2897769c.2,x2897769c,2,nan,False
x3216368c.1,x3216368c,1,11.894138734239178,True
x3216368c.2,x3216368c,2,nan,False
x2860490a.1,x2860490a,1,10.22509722237481,True
x2860490a.2,x2860490a,2,nan,False
x2861158c.1,x2861158c,1,nan,False
x2861158c.2,x2861158c,2,nan,False
x3141399c.1,x3141399c,1,nan,False
x3141399c.2,x3141399c,2,nan,False
x3122816b.1,x3122816b,1,10.956268314613979,True
x3122816b.2,x3122816b,2,10.906353919625516,True
x2992556c.1,x2992556c,1,nan,False
x2992556c.2,x2992556c,2,nan,False
x2897779c.1,x2897779c,1,nan,False
x2897779c.2,x2897779c,2,nan,False
x2970811a.1,x2970811a,1,16.617921836985996,True
x2970811a.2,x2970811a,2,nan,False
x2991933c.1,x2991933c,1,nan,False
x2991933c.2,x2991933c,2,nan,False
x2729428a.1,x2729428a,1,12.671741271032532,True
x2729428a.2,x2729428a,2,nan,False
x3254216a.1,x3254216a,1,16.552369174823088,True
x3254216a.2,x3254216a,2,nan,False
x2897807b.1,x2897807b,1,nan,False
x2897807b.2,x2897807b,2,11.202023586098937,True
x2898522a.1,x2898522a,1,2.2835412547805305,True
x2898522a.2,x2898522a,2,nan,False
x3048230c.1,x3048230c,1,nan,False
x3048230c.2,x3048230c,2,nan,False
x3195327a.1,x3195327a,1,16.568565070348235,True
x3195327a.2,x3195327a,2,nan,False
x3047058a.1,x3047058a,1,14.755763373885031,True
x3047058a.2,x3047058a,2,nan,False
x2673313b.1,x2673313b,1,13.938379299673885,True
x2673313b.2,x2673313b,2,13.392357018375845,True
x3649302a.1,x3649302a,1,9.11987501980706,True
x3649302a.2,x3649302a,2,nan,False
x3729297a.1,x3729297a,1,8.977193047162197,True
x3729297a.2,x3729297a,2,nan,False
x2858163a.1,x2858163a,1,14.293993159657662,True
x2858163a.2,x2858163a,2,nan,False
x3214112b.1,x3214112b,1,nan,False
x3214112b.2,x3214112b,2,15.137652648411363,True
x2685805a.1,x2685805a,1,11.260049492478176,True
x2685805a.2,x2685805a,2,nan,False
x2991912a.1,x2991912a,1,5.653131285164335,True
x2991912a.2,x2991912a,2,nan,False
x3140238a.1,x3140238a,1,16.080010780571012,True
x3140238a.2,x3140238a,2,nan,False
x3066830b.1,x3066830b,1,nan,False
x3066830b.2,x3066830b,2,13.443800456395211,True
x3160878c.1,x3160878c,1,nan,False
x3160878c.2,x3160878c,2,nan,False
x2916609c.1,x2916609c,1,nan,False
x2916609c.2,x2916609c,2,nan,False
x2876814a.1,x2876814a,1,11.46442166876098,True
x2876814a.2,x2876814a,2,nan,False
x3197646b.1,x3197646b,1,9.316287873753181,True
x3197646b.2,x3197646b,2,9.409896416622187,True
x2973151a.1,x2973151a,1,8.878210140644844,True
x2973151a.2,x2973151a,2,nan,False
x3197627c.1,x3197627c,1,nan,False
x3197627c.2,x3197627c,2,nan,False
x2764412a.1,x2764412a,1,15.416553845383035,True
x2764412a.2,x2764412a,2,nan,False
x2766716c.1,x2766716c,1,nan,False
x2766716c.2,x2766716c,2,nan,False
x2991917b.1,x2991917b,1,nan,False
x2991917b.2,x2991917b,2,15.286659749997746,True
x3254229b.1,x3254229b,1,nan,False
x3254229b.2,x3254229b,2,7.514299560216998,True
x2935556b.1,x2935556b,1,nan,False
x2935556b.2,x2935556b,2,12.992572127909085,True
x3197660b.1,x3197660b,1,nan,False
x3197660b.2,x3197660b,2,13.699896544239696,True
x2989565a.1,x2989565a,1,3.4716311849317156,True
x2989565a.2,x2989565a,2,nan,False
x3645809c.1,x3645809c,1,nan,False
x3645809c.2,x3645809c,2,nan,False
x3086075b.1,x3086075b,1,nan,False
x3086075b.2,x3086075b,2,2.9092257588808854,True
x3122824a.1,x3122824a,1,14.76899393397176,True
x3122824a.2,x3122824a,2,nan,False
x3216338b.1,x3216338b,1,nan,False
x3216338b.2,x3216338b,2,14.06473898456202,True
x2729405b.1,x2729405b,1,nan,False
x2729405b.2,x2729405b,2,9.476312248240763,True
x2823545a.1,x2823545a,1,6.268225549823941,True
x2823545a.2,x2823545a,2,nan,False
x2916610b.1,x2916610b,1,nan,False
x2916610b.2,x2916610b,2,12.151700845013368,True
x3177665a.1,x3177665a,1,9.393927562181473,True
x3177665a.2,x3177665a,2,nan,False
x2803199a.1,x2803199a,1,4.821213111010363,True
x2803199a.2,x2803199a,2,nan,False
x2803199b.1,x2803199b,1,4.821213111010363,True
x2803199b.2,x2803199b,2,4.869231017619451,True
x2803199c.1,x2803199c,1,4.821213111010363,True
x2803199c.2,x2803199c,2,nan,False
x2691952a.1,x2691952a,1,12.840968552833028,True
x2691952a.2,x2691952a,2,nan,False
x2748144a.1,x2748144a,1,6.371833429807482,True
x2748144a.2,x2748144a,2,nan,False
x3029504b.1,x3029504b,1,nan,False
x3029504b.2,x3029504b,2,14.463891509526162,True
x3197635b.1,x3197635b,1,nan,False
x3197635b.2,x3197635b,2,13.740928060784492,True
x2724120c.1,x2724120c,1,nan,False
x2724120c.2,x2724120c,2,nan,False
x3235244a.1,x3235244a,1,12.51830104593177,True
x3235244a.2,x3235244a,2,nan,False
x2804254a.1,x2804254a,1,12.43303169571021,True
x2804254a.2,x2804254a,2,nan,False
x2820531b.1,x2820531b,1,8.371199554934332,True
x2820531b.2,x2820531b,2,8.459413640833773,True
x3254214b.1,x3254214b,1,nan,False
x3254214b.2,x3254214b,2,14.98012862505158,True
x2691966b.1,x2691966b,1,nan,False
x2691966b.2,x2691966b,2,7.635069576167122,True
x3122822a.1,x3122822a,1,12.57322503570166,True
x3122822a.2,x3122822a,2,nan,False
x3197639a.1,x3197639a,1,13.168936603661757,True
x3197639a.2,x3197639a,2,nan,False
x3120503a.1,x3120503a,1,17.8056197375913,True
x3120503a.2,x3120503a,2,nan,False
x3216349b.1,x3216349b,1,nan,False
x3216349b.2,x3216349b,2,15.472920443904869,True
x3027670b.1,x3027670b,1,nan,False
x3027670b.2,x3027670b,2,4.5507164332526635,True
x3085392c.1,x3085392c,1,nan,False
x3085392c.2,x3085392c,2,nan,False
x3010556a.1,x3010556a,1,8.207759606540447,True
x3010556a.2,x3010556a,2,nan,False
x3232902a.1,x3232902a,1,3.8512010856286625,True
x3232902a.2,x3232902a,2,nan,False
x3101782a.1,x3101782a,1,6.0096653414649435,True
x3101782a.2,x3101782a,2,nan,False
x2766715b.1,x2766715b,1,nan,False
x2766715b.2,x2766715b,2,13.043961987422705,True
x2970804c.1,x2970804c,1,nan,False
x2970804c.2,x2970804c,2,nan,False
x3178975b.1,x3178975b,1,nan,False
x3178975b.2,x3178975b,2,13.145442001921426,True
x2841648a.1,x2841648a,1,15.98876935735681,True
x2841648a.2,x2841648a,2,nan,False
x3029497c.1,x3029497c,1,nan,False
x3029497c.2,x3029497c,2,nan,False
x3029520b.1,x3029520b,1,nan,False
x3029520b.2,x3029520b,2,15.021788637085097,True
x2766744b.1,x2766744b,1,nan,False
x2766744b.2,x2766744b,2,14.054816101405935,True
x3029518b.1,x3029518b,1,nan,False
x3029518b.2,x3029518b,2,11.031804298705218,True
x2936214a.1,x2936214a,1,4.155108641538927,True
x2936214a.2,x2936214a,2,nan,False
x2954346b.1,x2954346b,1,nan,False
x2954346b.2,x2954346b,2,14.344854998774752,True
x2879061b.1,x2879061b,1,nan,False
x2879061b.2,x2879061b,2,13.029749068379123,True
x3141394b.1,x3141394b,1,nan,False
x3141394b.2,x3141394b,2,4.859261220357112,True
x3142098b.1,x3142098b,1,nan,False
x3142098b.2,x3142098b,2,3.705189599417648,True
x3645812c.1,x3645812c,1,nan,False
x3645812c.2,x3645812c,2,nan,False
x2916627a.1,x2916627a,1,9.508829477773206,True
x2916627a.2,x2916627a,2,nan,False
x3066815c.1,x3066815c,1,7.86151755721872,True
x3066815c.2,x3066815c,2,nan,False
x3179678b.1,x3179678b,1,4.459838302448194,True
x3179678b.2,x3179678b,2,4.510482870483782,True
x3254237a.1,x3254237a,1,4.955465768822904,True
x3254237a.2,x3254237a,2,nan,False
x2710512b.1,x2710512b,1,nan,False
x2710512b.2,x2710512b,2,14.027225504062818,True
x3104125b.1,x3104125b,1,6.166425007286373,True
x3104125b.2,x3104125b,2,6.214287969649357,True
x3010559a.1,x3010559a,1,12.874983890009831,True
x3010559a.2,x3010559a,2,nan,False
x2897790c.1,x2897790c,1,nan,False
x2897790c.2,x2897790c,2,nan,False
x2711225c.1,x2711225c,1,nan,False
x2711225c.2,x2711225c,2,nan,False
x2766729a.1,x2766729a,1,11.687348258442587,True
x2766729a.2,x2766729a,2,nan,False
x3235275b.1,x3235275b,1,13.772008815066766,True
x3235275b.2,x3235275b,2,13.807307037132363,True
x3728038a.1,x3728038a,1,9.544822292943781,True
x3728038a.2,x3728038a,2,nan,False
x3048222c.1,x3048222c,1,nan,False
x3048222c.2,x3048222c,2,nan,False
x2841630c.1,x2841630c,1,nan,False
x2841630c.2,x2841630c,2,nan,False
x2991907a.1,x2991907a,1,8.228318201577492,True
x2991907a.2,x2991907a,2,nan,False
x2973144c.1,x2973144c,1,nan,False
x2973144c.2,x2973144c,2,nan,False
x3178976a.1,x3178976a,1,14.448268232380117,True
x3178976a.2,x3178976a,2,nan,False
x3159448a.1,x3159448a,1,12.42372263837908,True
x3159448a.2,x3159448a,2,nan,False
x3231255c.1,x3231255c,1,5.688005091344484,True
x3231255c.2,x3231255c,2,nan,False
x3197626c.1,x3197626c,1,nan,False
x3197626c.2,x3197626c,2,nan,False
x2802480b.1,x2802480b,1,nan,False
x2802480b.2,x2802480b,2,4.800309534036606,True
x2823544a.1,x2823544a,1,5.59277683035333,True
x2823544a.2,x2823544a,2,nan,False
x2841624b.1,x2841624b,1,nan,False
x2841624b.2,x2841624b,2,14.15395074945922,True
x3101194c.1,x3101194c,1,nan,False
x3101194c.2,x3101194c,2,nan,False
x2841619c.1,x2841619c,1,nan,False
x2841619c.2,x2841619c,2,nan,False
x2861218c.1,x2861218c,1,3.190448959040263,True
x2861218c.2,x2861218c,2,nan,False
x2710513b.1,x2710513b,1,nan,False
x2710513b.2,x2710513b,2,14.577659301935276,True
x2879062c.1,x2879062c,1,nan,False
x2879062c.2,x2879062c,2,nan,False
x2879767b.1,x2879767b,1,nan,False
x2879767b.2,x2879767b,2,3.3928092834409833,True
x2766725c.1,x2766725c,1,nan,False
x2766725c.2,x2766725c,2,nan,False
x3141396c.1,x3141396c,1,nan,False
x3141396c.2,x3141396c,2,nan,False
x2879752b.1,x2879752b,1,nan,False
x2879752b.2,x2879752b,2,14.093785394840433,True
x2991940c.1,x2991940c,1,nan,False
x2991940c.2,x2991940c,2,nan,False
x2673321a.1,x2673321a,1,12.548167347416365,True
x2673321a.2,x2673321a,2,nan,False
x2673326b.1,x2673326b,1,nan,False
x2673326b.2,x2673326b,2,13.754010904450203,True
x2925506c.1,x2925506c,1,10.67625271235362,True
x2925506c.2,x2925506c,2,nan,False
x2730106c.1,x2730106c,1,4.0150944304307234,True
x2730106c.2,x2730106c,2,nan,False
x2820556a.1,x2820556a,1,15.451417842044812,True
x2820556a.2,x2820556a,2,nan,False
x3235248c.1,x3235248c,1,nan,False
x3235248c.2,x3235248c,2,nan,False
x2822871b.1,x2822871b,1,9.5776369452973,True
x2822871b.2,x2822871b,2,9.671898200629714,True
x2955076a.1,x2955076a,1,2.5054377310708507,True
x2955076a.2,x2955076a,2,nan,False
x2955005b.1,x2955005b,1,nan,False
x2955005b.2,x2955005b,2,3.6766174679471693,True
x3254208c.1,x3254208c,1,nan,False
x3254208c.2,x3254208c,2,nan,False
x3178978a.1,x3178978a,1,13.782189645673869,True
x3178978a.2,x3178978a,2,nan,False
x3235253a.1,x3235253a,1,8.45511134403744,True
x3235253a.2,x3235253a,2,nan,False
x3235241c.1,x3235241c,1,nan,False
x3235241c.2,x3235241c,2,nan,False
x3197636b.1,x3197636b,1,nan,False
x3197636b.2,x3197636b,2,13.086610437351434,True
x3066811b.1,x3066811b,1,nan,False
x3066811b.2,x3066811b,2,12.666397181366033,True
x3632979a.1,x3632979a,1,12.816075469516038,True
x3632979a.2,x3632979a,2,nan,False
x3086074c.1,x3086074c,1,nan,False
x3086074c.2,x3086074c,2,nan,False
x2674051a.1,x2674051a,1,3.586430966285332,True
x2674051a.2,x2674051a,2,nan,False
x3178981b.1,x3178981b,1,nan,False
x3178981b.2,x3178981b,2,10.145062464879656,True
x3046854b.1,x3046854b,1,nan,False
x3046854b.2,x3046854b,2,14.529867710413525,True
x2860506b.1,x2860506b,1,nan,False
x2860506b.2,x2860506b,2,14.110148344422335,True
x3048966c.1,x3048966c,1,nan,False
x3048966c.2,x3048966c,2,nan,False
x2822872b.1,x2822872b,1,8.747254689835486,True
x2822872b.2,x2822872b,2,8.836407963588277,True
x3214071c.1,x3214071c,1,2.9607974160267525,True
x3214071c.2,x3214071c,2,nan,False
x2786273b.1,x2786273b,1,nan,False
x2786273b.2,x2786273b,2,9.464838048606389,True
x3104853c.1,x3104853c,1,nan,False
x3104853c.2,x3104853c,2,nan,False
x2973158c.1,x2973158c,1,nan,False
x2973158c.2,x2973158c,2,nan,False
x3216123a.1,x3216123a,1,8.616666017189068,True
x3216123a.2,x3216123a,2,nan,False
x2860485b.1,x2860485b,1,nan,False
x2860485b.2,x2860485b,2,13.810860013093777,True
x3235946a.1,x3235946a,1,4.897457340642449,True
x3235946a.2,x3235946a,2,nan,False
x2973148a.1,x2973148a,1,5.876600002594357,True
x2973148a.2,x2973148a,2,nan,False
x3066829c.1,x3066829c,1,nan,False
x3066829c.2,x3066829c,2,nan,False
x3085393c.1,x3085393c,1,nan,False
x3085393c.2,x3085393c,2,nan,False
x2673322b.1,x2673322b,1,nan,False
x2673322b.2,x2673322b,2,13.467791080017632,True
x3263051c.1,x3263051c,1,nan,False
x3263051c.2,x3263051c,2,nan,False
x2860500b.1,x2860500b,1,nan,False
x2860500b.2,x2860500b,2,12.87416342903708,True
x3048211a.1,x3048211a,1,11.229964185589168,True
x3048211a.2,x3048211a,2,nan,False
x3728041a.1,x3728041a,1,9.799837208835395,True
x3728041a.2,x3728041a,2,nan,False
x3048199b.1,x3048199b,1,nan,False
x3048199b.2,x3048199b,2,16.426906606777354,True
x3104136b.1,x3104136b,1,8.629142077328298,True
x3104136b.2,x3104136b,2,8.717906439404858,True
x2916599a.1,x2916599a,1,10.28591105610492,True
x2916599a.2,x2916599a,2,nan,False
x3104134c.1,x3104134c,1,10.34686509742337,True
x3104134c.2,x3104134c,2,nan,False
x2954344c.1,x2954344c,1,nan,False
x2954344c.2,x2954344c,2,nan,False
x3142099b.1,x3142099b,1,nan,False
x3142099b.2,x3142099b,2,2.663181835727897,True
x2710515c.1,x2710515c,1,nan,False
x2710515c.2,x2710515c,2,nan,False
x3011298c.1,x3011298c,1,3.9961385687740916,True
x3011298c.2,x3011298c,2,nan,False
x3066812a.1,x3066812a,1,11.784919981311766,True
x3066812a.2,x3066812a,2,nan,False
x3141403a.1,x3141403a,1,10.197520887804389,True
x3141403a.2,x3141403a,2,nan,False
x3120484c.1,x3120484c,1,9.897905228995322,True
x3120484c.2,x3120484c,2,nan,False
x2860504a.1,x2860504a,1,12.191465733497882,True
x2860504a.2,x2860504a,2,nan,False
x2766750c.1,x2766750c,1,nan,False
x2766750c.2,x2766750c,2,nan,False
x2879077b.1,x2879077b,1,nan,False
x2879077b.2,x2879077b,2,15.583632280958643,True
x3159037b.1,x3159037b,1,nan,False
x3159037b.2,x3159037b,2,15.52482916878746,True
x3160793c.1,x3160793c,1,nan,False
x3160793c.2,x3160793c,2,nan,False
x3233412a.1,x3233412a,1,4.223736605617487,True
x3233412a.2,x3233412a,2,nan,False
x2841620b.1,x2841620b,1,nan,False
x2841620b.2,x2841620b,2,10.836104145059727,True
x3253995c.1,x3253995c,1,nan,False
x3253995c.2,x3253995c,2,nan,False
x2936279c.1,x2936279c,1,4.226617818505003,True
x2936279c.2,x2936279c,2,nan,False
x2804277c.1,x2804277c,1,nan,False
x2804277c.2,x2804277c,2,nan,False
x2860489a.1,x2860489a,1,14.76394354472326,True
x2860489a.2,x2860489a,2,nan,False
x2690868c.1,x2690868c,1,nan,False
x2690868c.2,x2690868c,2,nan,False
x3176661c.1,x3176661c,1,nan,False
x3176661c.2,x3176661c,2,nan,False
x2766746c.1,x2766746c,1,nan,False
x2766746c.2,x2766746c,2,nan,False
x3189189b.1,x3189189b,1,nan,False
x3189189b.2,x3189189b,2,11.866167010859606,True
x3048196b.1,x3048196b,1,nan,False
x3048196b.2,x3048196b,2,8.10740898851355,True
x2879074a.1,x2879074a,1,13.542612104899218,True
x2879074a.2,x2879074a,2,nan,False
x3067478a.1,x3067478a,1,3.5257680422882434,True
x3067478a.2,x3067478a,2,nan,False
x2766726b.1,x2766726b,1,nan,False
x2766726b.2,x2766726b,2,14.582438710670134,True
x2936271a.1,x2936271a,1,2.927694995386569,True
x2936271a.2,x2936271a,2,nan,False
x2917328b.1,x2917328b,1,3.1422229326678397,True
x2917328b.2,x2917328b,2,3.1857761290965723,True
x3160103c.1,x3160103c,1,11.97265047703291,True
x3160103c.2,x3160103c,2,nan,False
x3448661b.1,x3448661b,1,nan,False
x3448661b.2,x3448661b,2,15.186739998390344,True
x2991901b.1,x2991901b,1,nan,False
x2991901b.2,x2991901b,2,13.99132160888407,True
x2860499b.1,x2860499b,1,nan,False
x2860499b.2,x2860499b,2,7.378201563876232,True
x2726975b.1,x2726975b,1,nan,False
x2726975b.2,x2726975b,2,15.15166396876805,True
x2673300b.1,x2673300b,1,nan,False
x2673300b.2,x2673300b,2,17.587367928171826,True
x2730107c.1,x2730107c,1,nan,False
x2730107c.2,x2730107c,2,nan,False
x2916619b.1,x2916619b,1,nan,False
x2916619b.2,x2916619b,2,8.504276010685372,True
x2710525c.1,x2710525c,1,nan,False
x2710525c.2,x2710525c,2,nan,False
x2804260b.1,x2804260b,1,nan,False
x2804260b.2,x2804260b,2,16.719944529956813,True
x3197631a.1,x3197631a,1,9.883441809608561,True
x3197631a.2,x3197631a,2,nan,False
x2973153a.1,x2973153a,1,8.8849371056013,True
x2973153a.2,x2973153a,2,nan,False
x3122813a.1,x3122813a,1,10.909570089372641,True
x3122813a.2,x3122813a,2,nan,False
x2935567b.1,x2935567b,1,nan,False
x2935567b.2,x2935567b,2,7.659752098241871,True
x2917336c.1,x2917336c,1,nan,False
x2917336c.2,x2917336c,2,nan,False
x2954350c.1,x2954350c,1,nan,False
x2954350c.2,x2954350c,2,nan,False
x3234185b.1,x3234185b,1,nan,False
x3234185b.2,x3234185b,2,15.822006206521024,True
x3160107a.1,x3160107a,1,5.9590410104903455,True
x3160107a.2,x3160107a,2,nan,False
x3141401a.1,x3141401a,1,7.220805544520206,True
x3141401a.2,x3141401a,2,nan,False
x2972704c.1,x2972704c,1,nan,False
x2972704c.2,x2972704c,2,nan,False
x3197644a.1,x3197644a,1,11.254772303760832,True
x3197644a.2,x3197644a,2,nan,False
x2897805a.1,x2897805a,1,10.624566414659427,True
x2897805a.2,x2897805a,2,nan,False
x2766499c.1,x2766499c,1,nan,False
x2766499c.2,x2766499c,2,nan,False
x3104132a.1,x3104132a,1,15.573784698641898,True
x3104132a.2,x3104132a,2,nan,False
x2989564b.1,x2989564b,1,nan,False
x2989564b.2,x2989564b,2,9.67816725639117,True
x2991923a.1,x2991923a,1,10.80541216092556,True
x2991923a.2,x2991923a,2,nan,False
x3217053c.1,x3217053c,1,nan,False
x3217053c.2,x3217053c,2,nan,False
x3216345b.1,x3216345b,1,8.494953209230305,True
x3216345b.2,x3216345b,2,8.586557454538752,True
x2766721a.1,x2766721a,1,6.37910348544346,True
x2766721a.2,x2766721a,2,nan,False
x3119793b.1,x3119793b,1,nan,False
x3119793b.2,x3119793b,2,11.805412342806815,True
x2821010a.1,x2821010a,1,11.669358508433154,True
x2821010a.2,x2821010a,2,nan,False
x3104118c.1,x3104118c,1,nan,False
x3104118c.2,x3104118c,2,nan,False
x3160101a.1,x3160101a,1,12.816435486935534,True
x3160101a.2,x3160101a,2,nan,False
x2692633c.1,x2692633c,1,4.493283155403809,True
x2692633c.2,x2692633c,2,nan,False
x2691950c.1,x2691950c,1,nan,False
x2691950c.2,x2691950c,2,nan,False
x3160108b.1,x3160108b,1,nan,False
x3160108b.2,x3160108b,2,13.611270132072653,True
x2822873b.1,x2822873b,1,nan,False
x2822873b.2,x2822873b,2,8.046832620578808,True
x3048887b.1,x3048887b,1,nan,False
x3048887b.2,x3048887b,2,3.4332149528849305,True
x3254227b.1,x3254227b,1,nan,False
x3254227b.2,x3254227b,2,7.104594076816459,True
x2992624a.1,x2992624a,1,3.0126107700958893,True
x2992624a.2,x2992624a,2,nan,False
x3226771a.1,x3226771a,1,12.21887888375593,True
x3226771a.2,x3226771a,2,nan,False
x3086002c.1,x3086002c,1,nan,False
x3086002c.2,x3086002c,2,nan,False
x3045895c.1,x3045895c,1,nan,False
x3045895c.2,x3045895c,2,nan,False
x2973160b.1,x2973160b,1,nan,False
x2973160b.2,x2973160b,2,8.435489725992879,True
x2764403a.1,x2764403a,1,6.866787848336405,True
x2764403a.2,x2764403a,2,nan,False
x3122812b.1,x3122812b,1,nan,False
x3122812b.2,x3122812b,2,11.676145248117987,True
x3176660b.1,x3176660b,1,nan,False
x3176660b.2,x3176660b,2,7.513934875884624,True
x2991943c.1,x2991943c,1,nan,False
x2991943c.2,x2991943c,2,nan,False
x2691941c.1,x2691941c,1,nan,False
x2691941c.2,x2691941c,2,nan,False
x2983432a.1,x2983432a,1,9.573983601463265,True
x2983432a.2,x2983432a,2,nan,False
x3215549b.1,x3215549b,1,nan,False
x3215549b.2,x3215549b,2,12.819722868465696,True
x2955077c.1,x2955077c,1,2.1579029901462587,True
x2955077c.2,x2955077c,2,nan,False
x2973157a.1,x2973157a,1,15.28215814744346,True
x2973157a.2,x2973157a,2,nan,False
x2691951c.1,x2691951c,1,nan,False
x2691951c.2,x2691951c,2,nan,False
x3030199c.1,x3030199c,1,2.842715735001237,True
x3030199c.2,x3030199c,2,nan,False
x2692655c.1,x2692655c,1,2.5491892740019937,True
x2692655c.2,x2692655c,2,nan,False
x2785546a.1,x2785546a,1,10.378389736951316,True
x2785546a.2,x2785546a,2,nan,False
x2935559a.1,x2935559a,1,15.81086968073222,True
x2935559a.2,x2935559a,2,nan,False
x2972930a.1,x2972930a,1,8.382730900188488,True
x2972930a.2,x2972930a,2,nan,False
x2822866b.1,x2822866b,1,9.070146487512892,True
x2822866b.2,x2822866b,2,9.158564638171265,True
x2748781a.1,x2748781a,1,6.118519054603027,True
x2748781a.2,x2748781a,2,nan,False
x3645810c.1,x3645810c,1,nan,False
x3645810c.2,x3645810c,2,nan,False
x2879076c.1,x2879076c,1,nan,False
x2879076c.2,x2879076c,2,nan,False
x2841616a.1,x2841616a,1,11.421924284313508,True
x2841616a.2,x2841616a,2,nan,False
x2935554a.1,x2935554a,1,9.488312407280752,True
x2935554a.2,x2935554a,2,nan,False
x2879075a.1,x2879075a,1,14.190992101679491,True
x2879075a.2,x2879075a,2,nan,False
x2839305a.1,x2839305a,1,1.7788618035669341,True
x2839305a.2,x2839305a,2,nan,False
x2879753b.1,x2879753b,1,nan,False
x2879753b.2,x2879753b,2,4.092097133136632,True
x2748129a.1,x2748129a,1,9.093224194586925,True
x2748129a.2,x2748129a,2,nan,False
x2991906a.1,x2991906a,1,6.679888059114686,True
x2991906a.2,x2991906a,2,nan,False
x2804247b.1,x2804247b,1,nan,False
x2804247b.2,x2804247b,2,18.528046665098216,True
x3195318b.1,x3195318b,1,nan,False
x3195318b.2,x3195318b,2,12.97862771539195,True
x3048888c.1,x3048888c,1,nan,False
x3048888c.2,x3048888c,2,nan,False
x2935552c.1,x2935552c,1,nan,False
x2935552c.2,x2935552c,2,nan,False
x2876797a.1,x2876797a,1,11.296141828069445,True
x2876797a.2,x2876797a,2,nan,False
x3085389b.1,x3085389b,1,nan,False
x3085389b.2,x3085389b,2,17.942005241978894,True
x2916603b.1,x2916603b,1,nan,False
x2916603b.2,x2916603b,2,14.691298253803199,True
x2710518a.1,x2710518a,1,13.43039313732773,True
x2710518a.2,x2710518a,2,nan,False
x3160896c.1,x3160896c,1,nan,False
x3160896c.2,x3160896c,2,nan,False
x2897776c.1,x2897776c,1,nan,False
x2897776c.2,x2897776c,2,nan,False
x2913406b.1,x2913406b,1,nan,False
x2913406b.2,x2913406b,2,14.724827866182254,True
x2991915b.1,x2991915b,1,nan,False
x2991915b.2,x2991915b,2,15.994774253752905,True
x2711224b.1,x2711224b,1,nan,False
x2711224b.2,x2711224b,2,3.6100494190643633,True
x2897766c.1,x2897766c,1,nan,False
x2897766c.2,x2897766c,2,nan,False
x2897775c.1,x2897775c,1,nan,False
x2897775c.2,x2897775c,2,nan,False
x3029495b.1,x3029495b,1,nan,False
x3029495b.2,x3029495b,2,18.419234417957952,True
x2911069b.1,x2911069b,1,nan,False
x2911069b.2,x2911069b,2,14.702918083693406,True
x3197633a.1,x3197633a,1,12.270259647006649,True
x3197633a.2,x3197633a,2,nan,False
x3066817a.1,x3066817a,1,13.012309259188864,True
x3066817a.2,x3066817a,2,nan,False
x2879089c.1,x2879089c,1,nan,False
x2879089c.2,x2879089c,2,nan,False
x3195315a.1,x3195315a,1,8.534512511523609,True
x3195315a.2,x3195315a,2,nan,False
x2785529c.1,x2785529c,1,nan,False
x2785529c.2,x2785529c,2,nan,False
x2992656a.1,x2992656a,1,1.722515759899605,True
x2992656a.2,x2992656a,2,nan,False
x2692661a.1,x2692661a,1,2.0580725471329138,True
x2692661a.2,x2692661a,2,nan,False
x3160114a.1,x3160114a,1,6.819758246024928,True
x3160114a.2,x3160114a,2,nan,False
x3082992a.1,x3082992a,1,15.870966704215013,True
x3082992a.2,x3082992a,2,nan,False
x2710537b.1,x2710537b,1,nan,False
x2710537b.2,x2710537b,2,17.731230431551694,True
x3254238b.1,x3254238b,1,12.102384514149199,True
x3254238b.2,x3254238b,2,12.140382071703531,True
x2862616c.1,x2862616c,1,nan,False
x2862616c.2,x2862616c,2,nan,False
x2785526b.1,x2785526b,1,nan,False
x2785526b.2,x2785526b,2,14.73456766751237,True
x2915542a.1,x2915542a,1,5.214520468653848,True
x2915542a.2,x2915542a,2,nan,False
x2915542b.1,x2915542b,1,5.214520468653848,True
x2915542b.2,x2915542b,2,5.227735711848884,True
x2915542c.1,x2915542c,1,5.214520468653848,True
x2915542c.2,x2915542c,2,nan,False
x3122820a.1,x3122820a,1,13.611372567225652,True
x3122820a.2,x3122820a,2,nan,False
x3029505c.1,x3029505c,1,nan,False
x3029505c.2,x3029505c,2,nan,False
x2785522b.1,x2785522b,1,nan,False
x2785522b.2,x2785522b,2,14.518828040827305,True
x2710543c.1,x2710543c,1,nan,False
x2710543c.2,x2710543c,2,nan,False
x2917310b.1,x2917310b,1,nan,False
x2917310b.2,x2917310b,2,3.946058911997761,True
x3082993a.1,x3082993a,1,18.594444609241833,True
x3082993a.2,x3082993a,2,nan,False
x3729298a.1,x3729298a,1,9.048286437771008,True
x3729298a.2,x3729298a,2,nan,False
x2990826a.1,x2990826a,1,5.627577949207719,True
x2990826a.2,x2990826a,2,nan,False
x2990826b.1,x2990826b,1,5.627577949207719,True
x2990826b.2,x2990826b,2,5.6402153956694665,True
x2990826c.1,x2990826c,1,5.627577949207719,True
x2990826c.2,x2990826c,2,nan,False
x2897792a.1,x2897792a,1,6.524978793879605,True
x2897792a.2,x2897792a,2,nan,False
x2804261c.1,x2804261c,1,nan,False
x2804261c.2,x2804261c,2,nan,False
x3189190a.1,x3189190a,1,12.41377854857027,True
x3189190a.2,x3189190a,2,nan,False
x2689691a.1,x2689691a,1,13.070181576445458,True
x2689691a.2,x2689691a,2,nan,False
x3195751a.1,x3195751a,1,12.11688122906331,True
x3195751a.2,x3195751a,2,nan,False
x2785517c.1,x2785517c,1,nan,False
x2785517c.2,x2785517c,2,nan,False
x2916606c.1,x2916606c,1,nan,False
x2916606c.2,x2916606c,2,nan,False
x3254217c.1,x3254217c,1,9.043694201228602,True
x3254217c.2,x3254217c,2,nan,False
x2841641b.1,x2841641b,1,nan,False
x2841641b.2,x2841641b,2,7.454055334075532,True
x2804256b.1,x2804256b,1,12.673931705550745,True
x2804256b.2,x2804256b,2,12.234489752121398,True
x3122818c.1,x3122818c,1,nan,False
x3122818c.2,x3122818c,2,nan,False
x2691953a.1,x2691953a,1,11.46887158350158,True
x2691953a.2,x2691953a,2,nan,False
x2692654a.1,x2692654a,1,3.192319163695816,True
x2692654a.2,x2692654a,2,nan,False
x3235246b.1,x3235246b,1,nan,False
x3235246b.2,x3235246b,2,13.916777801830078,True
x2955078a.1,x2955078a,1,2.2261997005275123,True
x2955078a.2,x2955078a,2,nan,False
x3139598b.1,x3139598b,1,nan,False
x3139598b.2,x3139598b,2,12.115303461197874,True
x2763812c.1,x2763812c,1,nan,False
x2763812c.2,x2763812c,2,nan,False
x2767414c.1,x2767414c,1,nan,False
x2767414c.2,x2767414c,2,nan,False
x2991918b.1,x2991918b,1,nan,False
x2991918b.2,x2991918b,2,17.190210217449756,True
x3008248a.1,x3008248a,1,16.822343876926784,True
x3008248a.2,x3008248a,2,nan,False
x3160865a.1,x3160865a,1,2.4060391005425137,True
x3160865a.2,x3160865a,2,nan,False
x3029510b.1,x3029510b,1,nan,False
x3029510b.2,x3029510b,2,13.780157381015094,True
x2748126c.1,x2748126c,1,nan,False
x2748126c.2,x2748126c,2,nan,False
x3216358a.1,x3216358a,1,9.93876047938881,True
x3216358a.2,x3216358a,2,nan,False
x2936276b.1,x2936276b,1,nan,False
x2936276b.2,x2936276b,2,1.5251495723862387,True
x2729207c.1,x2729207c,1,nan,False
x2729207c.2,x2729207c,2,nan,False
x2897768c.1,x2897768c,1,nan,False
x2897768c.2,x2897768c,2,nan,False
x2917255c.1,x2917255c,1,nan,False
x2917255c.2,x2917255c,2,nan,False
x2933120c.1,x2933120c,1,nan,False
x2933120c.2,x2933120c,2,nan,False
x2684420b.1,x2684420b,1,nan,False
x2684420b.2,x2684420b,2,14.722485639043368,True
x2766723a.1,x2766723a,1,12.463608167327138,True
x2766723a.2,x2766723a,2,nan,False
x3104120b.1,x3104120b,1,nan,False
x3104120b.2,x3104120b,2,9.29817970951326,True
x3066813b.1,x3066813b,1,nan,False
x3066813b.2,x3066813b,2,12.943336559916547,True
x2822860b.1,x2822860b,1,nan,False
x2822860b.2,x2822860b,2,16.293673784249826,True
x2933135a.1,x2933135a,1,3.8814832623557294,True
x2933135a.2,x2933135a,2,nan,False
x3649298a.1,x3649298a,1,8.755447361868065,True
x3649298a.2,x3649298a,2,nan,False
x3104130b.1,x3104130b,1,nan,False
x3104130b.2,x3104130b,2,15.487357403743905,True
x2785538a.1,x2785538a,1,6.66314538053855,True
x2785538a.2,x2785538a,2,nan,False
x3122849b.1,x3122849b,1,13.378808588119625,True
x3122849b.2,x3122849b,2,13.414800160304074,True
x2879794a.1,x2879794a,1,3.2404141891416263,True
x2879794a.2,x2879794a,2,nan,False
x2879069a.1,x2879069a,1,12.120448231350661,True
x2879069a.2,x2879069a,2,nan,False
x3104113a.1,x3104113a,1,9.78066914034107,True
x3104113a.2,x3104113a,2,nan,False
x2861222a.1,x2861222a,1,3.6294985661726233,True
x2861222a.2,x2861222a,2,nan,False
x3141411c.1,x3141411c,1,nan,False
x3141411c.2,x3141411c,2,nan,False
x3178982a.1,x3178982a,1,13.633957537128191,True
x3178982a.2,x3178982a,2,nan,False
x3029498c.1,x3029498c,1,5.400792599222474,True
x3029498c.2,x3029498c,2,nan,False
x2952013a.1,x2952013a,1,10.26879564985885,True
x2952013a.2,x2952013a,2,nan,False
x2860488b.1,x2860488b,1,nan,False
x2860488b.2,x2860488b,2,17.051438799740218,True
x2691945c.1,x2691945c,1,nan,False
x2691945c.2,x2691945c,2,nan,False
x3214549a.1,x3214549a,1,5.034142418425543,True
x3214549a.2,x3214549a,2,nan,False
x2710536a.1,x2710536a,1,10.211198153339447,True
x2710536a.2,x2710536a,2,nan,False
x2804956a.1,x2804956a,1,4.231408035344584,True
x2804956a.2,x2804956a,2,nan,False
x3160105c.1,x3160105c,1,nan,False
x3160105c.2,x3160105c,2,nan,False
x3010563a.1,x3010563a,1,13.652281769410669,True
x3010563a.2,x3010563a,2,nan,False
x3649297a.1,x3649297a,1,8.664020078838355,True
x3649297a.2,x3649297a,2,nan,False
x2823611a.1,x2823611a,1,0.9053643786132265,True
x2823611a.2,x2823611a,2,nan,False
x2860487c.1,x2860487c,1,nan,False
x2860487c.2,x2860487c,2,nan,False
x3197629b.1,x3197629b,1,nan,False
x3197629b.2,x3197629b,2,12.682135036593916,True
x2691943b.1,x2691943b,1,nan,False
x2691943b.2,x2691943b,2,15.393929489021897,True
x2673311a.1,x2673311a,1,10.656742834164659,True
x2673311a.2,x2673311a,2,nan,False
x2767343c.1,x2767343c,1,nan,False
x2767343c.2,x2767343c,2,nan,False
x2879063b.1,x2879063b,1,nan,False
x2879063b.2,x2879063b,2,10.563580096879193,True
x3254219c.1,x3254219c,1,nan,False
x3254219c.2,x3254219c,2,nan,False
x3197653b.1,x3197653b,1,nan,False
x3197653b.2,x3197653b,2,10.106261558981007,True
x3251806b.1,x3251806b,1,nan,False
x3251806b.2,x3251806b,2,13.624551759669984,True
x2673308b.1,x2673308b,1,9.935678151139768,True
x2673308b.2,x2673308b,2,10.027846445630749,True
x3254203b.1,x3254203b,1,nan,False
x3254203b.2,x3254203b,2,16.58043002410448,True
x2814529a.1,x2814529a,1,11.971590495975233,True
x2814529a.2,x2814529a,2,nan,False
x2814529b.1,x2814529b,1,11.971590495975233,True
x2814529b.2,x2814529b,2,12.054060719617434,True
x2814529c.1,x2814529c,1,11.971590495975233,True
x2814529c.2,x2814529c,2,nan,False
x2823592a.1,x2823592a,1,0.6352079276860256,True
x2823592a.2,x2823592a,2,nan,False
x2766718c.1,x2766718c,1,8.355440709997184,True
x2766718c.2,x2766718c,2,nan,False
x2727795c.1,x2727795c,1,nan,False
x2727795c.2,x2727795c,2,nan,False
x2955055b.1,x2955055b,1,nan,False
x2955055b.2,x2955055b,2,4.070950215167535,True
x2766722b.1,x2766722b,1,nan,False
x2766722b.2,x2766722b,2,14.273561065064731,True
x2804957c.1,x2804957c,1,nan,False
x2804957c.2,x2804957c,2,nan,False
x3010570a.1,x3010570a,1,14.628359449718705,True
x3010570a.2,x3010570a,2,nan,False
x3649299a.1,x3649299a,1,8.867100667927199,True
x3649299a.2,x3649299a,2,nan,False
x2766717c.1,x2766717c,1,nan,False
x2766717c.2,x2766717c,2,nan,False
x3254870c.1,x3254870c,1,nan,False
x3254870c.2,x3254870c,2,nan,False
x2801895b.1,x2801895b,1,nan,False
x2801895b.2,x2801895b,2,18.5927284983003,True
x2673320b.1,x2673320b,1,nan,False
x2673320b.2,x2673320b,2,16.080402284048404,True
x3198358b.1,x3198358b,1,nan,False
x3198358b.2,x3198358b,2,4.230076247679449,True
x3064514c.1,x3064514c,1,nan,False
x3064514c.2,x3064514c,2,nan,False
x2729429a.1,x2729429a,1,10.179389835127092,True
x2729429a.2,x2729429a,2,nan,False
x2785525c.1,x2785525c,1,nan,False
x2785525c.2,x2785525c,2,nan,False
x2860492c.1,x2860492c,1,nan,False
x2860492c.2,x2860492c,2,nan,False
x2973154a.1,x2973154a,1,11.950526505578116,True
x2973154a.2,x2973154a,2,nan,False
x2691973a.1,x2691973a,1,10.260231743056394,True
x2691973a.2,x2691973a,2,nan,False
x3085394c.1,x3085394c,1,nan,False
x3085394c.2,x3085394c,2,nan,False
x2897791b.1,x2897791b,1,nan,False
x2897791b.2,x2897791b,2,9.746279944115097,True
x2726983a.1,x2726983a,1,15.407544068823938,True
x2726983a.2,x2726983a,2,nan,False
x2711234b.1,x2711234b,1,nan,False
x2711234b.2,x2711234b,2,3.946853642856727,True
x3178980c.1,x3178980c,1,nan,False
x3178980c.2,x3178980c,2,nan,False
x3728039a.1,x3728039a,1,9.639643501062512,True
x3728039a.2,x3728039a,2,nan,False
x2786266a.1,x2786266a,1,1.7061660973159725,True
x2786266a.2,x2786266a,2,nan,False
x2954338b.1,x2954338b,1,nan,False
x2954338b.2,x2954338b,2,12.704537315090022,True
x3254869b.1,x3254869b,1,nan,False
x3254869b.2,x3254869b,2,3.5492250329344706,True
x3198356c.1,x3198356c,1,nan,False
x3198356c.2,x3198356c,2,nan,False
x2730163c.1,x2730163c,1,2.91189641995186,True
x2730163c.2,x2730163c,2,nan,False
x3048965b.1,x3048965b,1,2.039608816940546,True
x3048965b.2,x3048965b,2,2.0691425311192324,True
x3010561a.1,x3010561a,1,10.559041540302985,True
x3010561a.2,x3010561a,2,nan,False
x3160102b.1,x3160102b,1,10.784065787527428,True
x3160102b.2,x3160102b,2,10.879528511674566,True
x3066806c.1,x3066806c,1,nan,False
x3066806c.2,x3066806c,2,nan,False
x3216361b.1,x3216361b,1,nan,False
x3216361b.2,x3216361b,2,12.989164996997916,True
x2879092c.1,x2879092c,1,nan,False
x2879092c.2,x2879092c,2,nan,False
x3104117c.1,x3104117c,1,nan,False
x3104117c.2,x3104117c,2,nan,False
x2935568b.1,x2935568b,1,nan,False
x2935568b.2,x2935568b,2,13.563376802036238,True
x2710530b.1,x2710530b,1,nan,False
x2710530b.2,x2710530b,2,7.9224200368850095,True
x2841618a.1,x2841618a,1,12.138460293835248,True
x2841618a.2,x2841618a,2,nan,False
x3728043a.1,x3728043a,1,9.72069165188608,True
x3728043a.2,x3728043a,2,nan,False
x2897765b.1,x2897765b,1,nan,False
x2897765b.2,x2897765b,2,14.335391550764346,True
x2804283a.1,x2804283a,1,9.31565055229861,True
x2804283a.2,x2804283a,2,nan,False
x3150961c.1,x3150961c,1,nan,False
x3150961c.2,x3150961c,2,nan,False
x2859391b.1,x2859391b,1,nan,False
x2859391b.2,x2859391b,2,13.454093215306028,True
x3254206b.1,x3254206b,1,nan,False
x3254206b.2,x3254206b,2,12.934904940621267,True
x3104122a.1,x3104122a,1,9.146287026773873,True
x3104122a.2,x3104122a,2,nan,False
x3254218a.1,x3254218a,1,10.088133607174262,True
x3254218a.2,x3254218a,2,nan,False
x2804255b.1,x2804255b,1,nan,False
x2804255b.2,x2804255b,2,10.34306087577944,True
x2766748a.1,x2766748a,1,10.214489592927361,True
x2766748a.2,x2766748a,2,nan,False
x2691938b.1,x2691938b,1,nan,False
x2691938b.2,x2691938b,2,13.80130730890187,True
x3027671a.1,x3027671a,1,4.752904105655177,True
x3027671a.2,x3027671a,2,nan,False
x2860501b.1,x2860501b,1,nan,False
x2860501b.2,x2860501b,2,11.81409453816155,True
x2897764b.1,x2897764b,1,nan,False
x2897764b.2,x2897764b,2,17.357112039406154,True
x3068944b.1,x3068944b,1,nan,False
x3068944b.2,x3068944b,2,3.300196510456608,True
x2897781a.1,x2897781a,1,11.431920985275866,True
x2897781a.2,x2897781a,2,nan,False
x2748132a.1,x2748132a,1,16.761774121780196,True
x2748132a.2,x2748132a,2,nan,False
x2766727b.1,x2766727b,1,nan,False
x2766727b.2,x2766727b,2,15.459291132780024,True
x2954339b.1,x2954339b,1,nan,False
x2954339b.2,x2954339b,2,18.10388884879442,True
x2673316a.1,x2673316a,1,5.870283248379551,True
x2673316a.2,x2673316a,2,nan,False
x3649304a.1,x3649304a,1,9.210019581927432,True
x3649304a.2,x3649304a,2,nan,False
x2710508b.1,x2710508b,1,nan,False
x2710508b.2,x2710508b,2,16.131690377849278,True
x2710520a.1,x2710520a,1,10.20224686723016,True
x2710520a.2,x2710520a,2,nan,False
x3010567c.1,x3010567c,1,nan,False
x3010567c.2,x3010567c,2,nan,False
x2876798b.1,x2876798b,1,10.446312659989513,True
x2876798b.2,x2876798b,2,10.539709286537162,True
x3253570c.1,x3253570c,1,nan,False
x3253570c.2,x3253570c,2,nan,False
x3216350a.1,x3216350a,1,13.032890194393795,True
x3216350a.2,x3216350a,2,nan,False
x2804257b.1,x2804257b,1,nan,False
x2804257b.2,x2804257b,2,13.725507087737318,True
x3048937c.1,x3048937c,1,nan,False
x3048937c.2,x3048937c,2,nan,False
x2748157a.1,x2748157a,1,7.082186730671472,True
x2748157a.2,x2748157a,2,nan,False
x3008237c.1,x3008237c,1,nan,False
x3008237c.2,x3008237c,2,nan,False
x3235258a.1,x3235258a,1,10.544567052227556,True
x3235258a.2,x3235258a,2,nan,False
x3235258b.1,x3235258b,1,10.488152935899162,True
x3235258b.2,x3235258b,2,10.573094662140242,True
x3235258c.1,x3235258c,1,10.544567052227556,True
x3235258c.2,x3235258c,2,nan,False
x2766738c.1,x2766738c,1,6.155182883427762,True
x2766738c.2,x2766738c,2,nan,False
x2691948b.1,x2691948b,1,nan,False
x2691948b.2,x2691948b,2,14.761697162213917,True
x2674052c.1,x2674052c,1,nan,False
x2674052c.2,x2674052c,2,nan,False
x3160868b.1,x3160868b,1,nan,False
x3160868b.2,x3160868b,2,4.214420161140077,True
x3048889c.1,x3048889c,1,nan,False
x3048889c.2,x3048889c,2,nan,False
x3236004c.1,x3236004c,1,nan,False
x3236004c.2,x3236004c,2,nan,False
x3235255b.1,x3235255b,1,11.548044573489063,True
x3235255b.2,x3235255b,2,11.587351032504028,True
x3067447a.1,x3067447a,1,4.024530483055847,True
x3067447a.2,x3067447a,2,nan,False
x2989432b.1,x2989432b,1,nan,False
x2989432b.2,x2989432b,2,13.286685890068645,True
x2973164a.1,x2973164a,1,15.400312532688652,True
x2973164a.2,x2973164a,2,nan,False
x3010565c.1,x3010565c,1,nan,False
x3010565c.2,x3010565c,2,nan,False
x2689678b.1,x2689678b,1,nan,False
x2689678b.2,x2689678b,2,12.681377537174292,True
x2748840b.1,x2748840b,1,nan,False
x2748840b.2,x2748840b,2,3.0476276720299227,True
x2989566b.1,x2989566b,1,3.9683786110034776,True
x2989566b.2,x2989566b,2,4.017906025485986,True
x3141388c.1,x3141388c,1,nan,False
x3141388c.2,x3141388c,2,nan,False
x2673317a.1,x2673317a,1,13.120107431001008,True
x2673317a.2,x2673317a,2,nan,False
x2822870c.1,x2822870c,1,nan,False
x2822870c.2,x2822870c,2,nan,False
x2745799c.1,x2745799c,1,nan,False
x2745799c.2,x2745799c,2,nan,False
x2786274c.1,x2786274c,1,nan,False
x2786274c.2,x2786274c,2,nan,False
x2897772a.1,x2897772a,1,12.75933408027864,True
x2897772a.2,x2897772a,2,nan,False
x2935566c.1,x2935566c,1,nan,False
x2935566c.2,x2935566c,2,nan,False
x3091052a.1,x3091052a,1,16.84914751748377,True
x3091052a.2,x3091052a,2,nan,False
x3010566c.1,x3010566c,1,nan,False
x3010566c.2,x3010566c,2,nan,False
x3104131a.1,x3104131a,1,14.785879952621876,True
x3104131a.2,x3104131a,2,nan,False
x3216336a.1,x3216336a,1,10.968596102575807,True
x3216336a.2,x3216336a,2,nan,False
x2858166a.1,x2858166a,1,7.773264857587843,True
x2858166a.2,x2858166a,2,nan,False
x2748128c.1,x2748128c,1,nan,False
x2748128c.2,x2748128c,2,nan,False
x2673318c.1,x2673318c,1,nan,False
x2673318c.2,x2673318c,2,nan,False
x2973169a.1,x2973169a,1,14.709601097928818,True
x2973169a.2,x2973169a,2,nan,False
x3160106a.1,x3160106a,1,12.725935738554389,True
x3160106a.2,x3160106a,2,nan,False
x2842384c.1,x2842384c,1,1.9290395115944687,True
x2842384c.2,x2842384c,2,nan,False
x2767341c.1,x2767341c,1,3.2433998128075436,True
x2767341c.2,x2767341c,2,nan,False
x3189188c.1,x3189188c,1,nan,False
x3189188c.2,x3189188c,2,nan,False
x2710544a.1,x2710544a,1,16.120402824912766,True
x2710544a.2,x2710544a,2,nan,False
x3160123a.1,x3160123a,1,10.530364199195178,True
x3160123a.2,x3160123a,2,nan,False
x2991927b.1,x2991927b,1,nan,False
x2991927b.2,x2991927b,2,13.903920066604721,True
x3122847a.1,x3122847a,1,10.545589913749977,True
x3122847a.2,x3122847a,2,nan,False
x3008232b.1,x3008232b,1,nan,False
x3008232b.2,x3008232b,2,12.495977678488709,True
x3179607b.1,x3179607b,1,nan,False
x3179607b.2,x3179607b,2,3.82962587542627,True
x2673346c.1,x2673346c,1,11.853933058970227,True
x2673346c.2,x2673346c,2,nan,False
x3104127b.1,x3104127b,1,nan,False
x3104127b.2,x3104127b,2,13.349826964699373,True
x3195321a.1,x3195321a,1,5.7855792410521705,True
x3195321a.2,x3195321a,2,nan,False
x2673303c.1,x2673303c,1,nan,False
x2673303c.2,x2673303c,2,nan,False
x2895461a.1,x2895461a,1,11.435323776753044,True
x2895461a.2,x2895461a,2,nan,False
x3027116a.1,x3027116a,1,12.469638301723752,True
x3027116a.2,x3027116a,2,nan,False
x2992657a.1,x2992657a,1,3.3979856196734284,True
x2992657a.2,x2992657a,2,nan,False
x3104154c.1,x3104154c,1,nan,False
x3104154c.2,x3104154c,2,nan,False
x3010580b.1,x3010580b,1,nan,False
x3010580b.2,x3010580b,2,14.34911810667666,True
x3727710a.1,x3727710a,1,9.414699921783146,True
x3727710a.2,x3727710a,2,nan,False
x2692664c.1,x2692664c,1,nan,False
x2692664c.2,x2692664c,2,nan,False
x3215385a.1,x3215385a,1,5.623995420032645,True
x3215385a.2,x3215385a,2,nan,False
x3215385b.1,x3215385b,1,5.614593067311246,True
x3215385b.2,x3215385b,2,5.663465252615904,True
x3215385c.1,x3215385c,1,5.623995420032645,True
x3215385c.2,x3215385c,2,nan,False
x2860493a.1,x2860493a,1,12.45315937626495,True
x2860493a.2,x2860493a,2,nan,False
x3177881c.1,x3177881c,1,nan,False
x3177881c.2,x3177881c,2,nan,False
x3727709a.1,x3727709a,1,9.310858210592508,True
x3727709a.2,x3727709a,2,nan,False
x2785528b.1,x2785528b,1,nan,False
x2785528b.2,x2785528b,2,10.679532660127881,True
x2973171b.1,x2973171b,1,nan,False
x2973171b.2,x2973171b,2,7.8369320495160775,True
x2785523c.1,x2785523c,1,nan,False
x2785523c.2,x2785523c,2,nan,False
x3649300a.1,x3649300a,1,8.941433160870277,True
x3649300a.2,x3649300a,2,nan,False
x2748133c.1,x2748133c,1,nan,False
x2748133c.2,x2748133c,2,nan,False
x3233353a.1,x3233353a,1,12.067631309392086,True
x3233353a.2,x3233353a,2,nan,False
x2785547b.1,x2785547b,1,nan,False
x2785547b.2,x2785547b,2,14.73477977960224,True
x2897800b.1,x2897800b,1,nan,False
x2897800b.2,x2897800b,2,13.179745830369123,True
x2991939b.1,x2991939b,1,10.077508956603513,True
x2991939b.2,x2991939b,2,10.169984505558164,True
x2948732b.1,x2948732b,1,nan,False
x2948732b.2,x2948732b,2,15.02052846945841,True
x0247162b.1,x0247162b,1,nan,False
x0247162b.2,x0247162b,2,13.21992070661637,True
x2879065b.1,x2879065b,1,nan,False
x2879065b.2,x2879065b,2,12.642128715309097,True
x3104121a.1,x3104121a,1,9.733387179910642,True
x3104121a.2,x3104121a,2,nan,False
x2763153a.1,x2763153a,1,12.915849524351753,True
x2763153a.2,x2763153a,2,nan,False
x2766724c.1,x2766724c,1,nan,False
x2766724c.2,x2766724c,2,nan,False
x2805031c.1,x2805031c,1,nan,False
x2805031c.2,x2805031c,2,nan,False
x2805036b.1,x2805036b,1,nan,False
x2805036b.2,x2805036b,2,9.883772262562413,True
x3197625c.1,x3197625c,1,nan,False
x3197625c.2,x3197625c,2,nan,False
x3142049c.1,x3142049c,1,4.185303825075625,True
x3142049c.2,x3142049c,2,nan,False
x3342743c.1,x3342743c,1,nan,False
x3342743c.2,x3342743c,2,nan,False
x2785524c.1,x2785524c,1,nan,False
x2785524c.2,x2785524c,2,nan,False
x2973166c.1,x2973166c,1,nan,False
x2973166c.2,x2973166c,2,nan,False
x3225319b.1,x3225319b,1,nan,False
x3225319b.2,x3225319b,2,18.356067633039526,True
x3270814a.1,x3270814a,1,11.333907912467625,True
x3270814a.2,x3270814a,2,nan,False
x3122814c.1,x3122814c,1,nan,False
x3122814c.2,x3122814c,2,nan,False
x2897770c.1,x2897770c,1,nan,False
x2897770c.2,x2897770c,2,nan,False
x3197634b.1,x3197634b,1,nan,False
x3197634b.2,x3197634b,2,10.549494684661598,True
x3030204a.1,x3030204a,1,0.9300817479075869,True
x3030204a.2,x3030204a,2,nan,False
x3102286b.1,x3102286b,1,nan,False
x3102286b.2,x3102286b,2,5.245083943049622,True
x2801909c.1,x2801909c,1,0.18553478095938009,True
x2801909c.2,x2801909c,2,nan,False
x3122811a.1,x3122811a,1,11.245541231495418,True
x3122811a.2,x3122811a,2,nan,False
x2822869a.1,x2822869a,1,8.776356330145259,True
x2822869a.2,x2822869a,2,nan,False
x3086098a.1,x3086098a,1,1.544477086543146,True
x3086098a.2,x3086098a,2,nan,False
x3120504a.1,x3120504a,1,17.910153656553256,True
x3120504a.2,x3120504a,2,nan,False
x3727712a.1,x3727712a,1,9.370687951919308,True
x3727712a.2,x3727712a,2,nan,False
x3101789a.1,x3101789a,1,13.331211631519091,True
x3101789a.2,x3101789a,2,nan,False
x3254210c.1,x3254210c,1,nan,False
x3254210c.2,x3254210c,2,nan,False
x2730187a.1,x2730187a,1,1.9310878021000788,True
x2730187a.2,x2730187a,2,nan,False
x3216367b.1,x3216367b,1,10.179936879780525,True
x3216367b.2,x3216367b,2,10.272668239791491,True
x2710509c.1,x2710509c,1,nan,False
x2710509c.2,x2710509c,2,nan,False
x3066805a.1,x3066805a,1,12.320013980112194,True
x3066805a.2,x3066805a,2,nan,False
x3197661c.1,x3197661c,1,nan,False
x3197661c.2,x3197661c,2,nan,False
x3179608c.1,x3179608c,1,nan,False
x3179608c.2,x3179608c,2,nan,False
x2916234a.1,x2916234a,1,14.685853757643462,True
x2916234a.2,x2916234a,2,nan,False
x3085402a.1,x3085402a,1,15.557560705775582,True
x3085402a.2,x3085402a,2,nan,False
x2875754c.1,x2875754c,1,nan,False
x2875754c.2,x2875754c,2,nan,False
x2860478b.1,x2860478b,1,nan,False
x2860478b.2,x2860478b,2,12.928813788751043,True
x2766732b.1,x2766732b,1,nan,False
x2766732b.2,x2766732b,2,13.30399842319931,True
x3198355b.1,x3198355b,1,nan,False
x3198355b.2,x3198355b,2,4.252962426861742,True
x3065665a.1,x3065665a,1,4.689283331016385,True
x3065665a.2,x3065665a,2,nan,False
x2897771b.1,x2897771b,1,nan,False
x2897771b.2,x2897771b,2,4.778584825377638,True
x2785516b.1,x2785516b,1,nan,False
x2785516b.2,x2785516b,2,9.03185184898702,True
x2729206c.1,x2729206c,1,nan,False
x2729206c.2,x2729206c,2,nan,False
x3195310a.1,x3195310a,1,15.858056407525705,True
x3195310a.2,x3195310a,2,nan,False
x3232301c.1,x3232301c,1,nan,False
x3232301c.2,x3232301c,2,nan,False
x3048946c.1,x3048946c,1,nan,False
x3048946c.2,x3048946c,2,nan,False
x2861157c.1,x2861157c,1,nan,False
x2861157c.2,x2861157c,2,nan,False
x3029183b.1,x3029183b,1,nan,False
x3029183b.2,x3029183b,2,16.39758314293228,True
x3085396a.1,x3085396a,1,10.424313495084213,True
x3085396a.2,x3085396a,2,nan,False
x2748146a.1,x2748146a,1,8.923851237499129,True
x2748146a.2,x2748146a,2,nan,False
x2691954b.1,x2691954b,1,13.21779948331404,True
x2691954b.2,x2691954b,2,13.253989656423194,True
x2895449c.1,x2895449c,1,9.701160677020551,True
x2895449c.2,x2895449c,2,nan,False
x2991911c.1,x2991911c,1,nan,False
x2991911c.2,x2991911c,2,nan,False
x2785515c.1,x2785515c,1,nan,False
x2785515c.2,x2785515c,2,nan,False
x2804262a.1,x2804262a,1,9.25131494656455,True
x2804262a.2,x2804262a,2,nan,False
x0247160b.1,x0247160b,1,nan,False
x0247160b.2,x0247160b,2,13.171349579053132,True
x2785537a.1,x2785537a,1,7.308499163346938,True
x2785537a.2,x2785537a,2,nan,False
x3122819c.1,x3122819c,1,nan,False
x3122819c.2,x3122819c,2,nan,False
x2804245b.1,x2804245b,1,nan,False
x2804245b.2,x2804245b,2,13.434340337925462,True
x2879068b.1,x2879068b,1,nan,False
x2879068b.2,x2879068b,2,12.010068977991777,True
x2767409b.1,x2767409b,1,nan,False
x2767409b.2,x2767409b,2,4.449825668103707,True
x2685809a.1,x2685809a,1,7.675312246312683,True
x2685809a.2,x2685809a,2,nan,False
x3197637c.1,x3197637c,1,nan,False
x3197637c.2,x3197637c,2,nan,False
x3066818b.1,x3066818b,1,nan,False
x3066818b.2,x3066818b,2,10.030436871074603,True
x2763407c.1,x2763407c,1,nan,False
x2763407c.2,x2763407c,2,nan,False
x2711226b.1,x2711226b,1,2.592285020875559,True
x2711226b.2,x2711226b,2,2.6284678615426373,True
x3160109b.1,x3160109b,1,8.487669323488456,True
x3160109b.2,x3160109b,2,8.57617428958539,True
x2710516a.1,x2710516a,1,12.873322529957031,True
x2710516a.2,x2710516a,2,nan,False
x3197641a.1,x3197641a,1,9.763197287342786,True
x3197641a.2,x3197641a,2,nan,False
x2954351c.1,x2954351c,1,nan,False
x2954351c.2,x2954351c,2,nan,False
x2804272b.1,x2804272b,1,nan,False
x2804272b.2,x2804272b,2,7.339920859731735,True
x2785519a.1,x2785519a,1,9.083691245287207,True
x2785519a.2,x2785519a,2,nan,False
x2955006c.1,x2955006c,1,nan,False
x2955006c.2,x2955006c,2,nan,False
x3104123c.1,x3104123c,1,nan,False
x3104123c.2,x3104123c,2,nan,False
x2729414a.1,x2729414a,1,11.077830639159734,True
x2729414a.2,x2729414a,2,nan,False
x2729414b.1,x2729414b,1,11.077830639159734,True
x2729414b.2,x2729414b,2,11.161863782478742,True
x2729414c.1,x2729414c,1,11.077830639159734,True
x2729414c.2,x2729414c,2,nan,False
x2692660a.1,x2692660a,1,2.2261483524745045,True
x2692660a.2,x2692660a,2,nan,False
x2897793a.1,x2897793a,1,6.869722236824817,True
x2897793a.2,x2897793a,2,nan,False
x3235266c.1,x3235266c,1,nan,False
x3235266c.2,x3235266c,2,nan,False
x2915534a.1,x2915534a,1,13.189446008200743,True
x2915534a.2,x2915534a,2,nan,False
x2804259a.1,x2804259a,1,14.402279641946025,True
x2804259a.2,x2804259a,2,nan,False
x2764399b.1,x2764399b,1,nan,False
x2764399b.2,x2764399b,2,12.448966633043865,True
x2822863c.1,x2822863c,1,nan,False
x2822863c.2,x2822863c,2,nan,False
x3217057a.1,x3217057a,1,1.2007039326192523,True
x3217057a.2,x3217057a,2,nan,False
x3215203a.1,x3215203a,1,5.14794156787198,True
x3215203a.2,x3215203a,2,nan,False
x3215203b.1,x3215203b,1,5.14794156787198,True
x3215203b.2,x3215203b,2,5.161159349982888,True
x3215203c.1,x3215203c,1,5.14794156787198,True
x3215203c.2,x3215203c,2,nan,False
x3048221a.1,x3048221a,1,12.555663568339515,True
x3048221a.2,x3048221a,2,nan,False
x2767408c.1,x2767408c,1,nan,False
x2767408c.2,x2767408c,2,nan,False
x3122848c.1,x3122848c,1,nan,False
x3122848c.2,x3122848c,2,nan,False
x2841635a.1,x2841635a,1,8.699675798583,True
x2841635a.2,x2841635a,2,nan,False
x2973162b.1,x2973162b,1,14.200930678574379,True
x2973162b.2,x2973162b,2,14.235573499824968,True
x3122821b.1,x3122821b,1,9.235301210534326,True
x3122821b.2,x3122821b,2,9.32567336769428,True
x3123452c.1,x3123452c,1,3.1498629294255336,True
x3123452c.2,x3123452c,2,nan,False
x3029500a.1,x3029500a,1,14.148156079855344,True
x3029500a.2,x3029500a,2,nan,False
x3216344b.1,x3216344b,1,nan,False
x3216344b.2,x3216344b,2,11.741242704348208,True
x2748125c.1,x2748125c,1,nan,False
x2748125c.2,x2748125c,2,nan,False
x2785520b.1,x2785520b,1,nan,False
x2785520b.2,x2785520b,2,11.342850930715233,True
x3104119a.1,x3104119a,1,9.804774198074504,True
x3104119a.2,x3104119a,2,nan,False
x2710517a.1,x2710517a,1,13.311423164611785,True
x2710517a.2,x2710517a,2,nan,False
x3048227a.1,x3048227a,1,10.32065712316895,True
x3048227a.2,x3048227a,2,nan,False
x3048209b.1,x3048209b,1,nan,False
x3048209b.2,x3048209b,2,16.17472069830513,True
x3216370a.1,x3216370a,1,11.533763356339628,True
x3216370a.2,x3216370a,2,nan,False
x3216370b.1,x3216370b,1,11.533763356339628,True
x3216370b.2,x3216370b,2,11.572856724695976,True
x3216370c.1,x3216370c,1,11.533763356339628,True
x3216370c.2,x3216370c,2,nan,False
x3066819a.1,x3066819a,1,12.693599258322596,True
x3066819a.2,x3066819a,2,nan,False
x2673314c.1,x2673314c,1,nan,False
x2673314c.2,x2673314c,2,nan,False
x3197643b.1,x3197643b,1,nan,False
x3197643b.2,x3197643b,2,15.204745238891359,True
x2803194c.1,x2803194c,1,nan,False
x2803194c.2,x2803194c,2,nan,False
x2916617b.1,x2916617b,1,nan,False
x2916617b.2,x2916617b,2,8.728210401618098,True
x3778577c.1,x3778577c,1,nan,False
x3778577c.2,x3778577c,2,nan,False
x2991916b.1,x2991916b,1,nan,False
x2991916b.2,x2991916b,2,15.864120873575658,True
x2897554c.1,x2897554c,1,nan,False
x2897554c.2,x2897554c,2,nan,False
x3141397b.1,x3141397b,1,nan,False
x3141397b.2,x3141397b,2,13.134407456421796,True
x2916608c.1,x2916608c,1,13.680182368628595,True
x2916608c.2,x2916608c,2,nan,False
x3082983b.1,x3082983b,1,nan,False
x3082983b.2,x3082983b,2,7.892597466907184,True
x2804248b.1,x2804248b,1,nan,False
x2804248b.2,x2804248b,2,14.157321217881684,True
x2841639a.1,x2841639a,1,9.356920356175905,True
x2841639a.2,x2841639a,2,nan,False
x3197645a.1,x3197645a,1,10.927297949152917,True
x3197645a.2,x3197645a,2,nan,False
x2730108c.1,x2730108c,1,nan,False
x2730108c.2,x2730108c,2,nan,False
x2897806c.1,x2897806c,1,nan,False
x2897806c.2,x2897806c,2,nan,False
x3178977c.1,x3178977c,1,nan,False
x3178977c.2,x3178977c,2,nan,False
x2841631c.1,x2841631c,1,nan,False
x2841631c.2,x2841631c,2,nan,False
x3235945c.1,x3235945c,1,nan,False
x3235945c.2,x3235945c,2,nan,False
x2748839b.1,x2748839b,1,nan,False
x2748839b.2,x2748839b,2,3.9050156290933025,True
x2989571a.1,x2989571a,1,18.25117586704521,True
x2989571a.2,x2989571a,2,nan,False
x3552667c.1,x3552667c,1,nan,False
x3552667c.2,x3552667c,2,nan,False
x3216347c.1,x3216347c,1,nan,False
x3216347c.2,x3216347c,2,nan,False
x2897789b.1,x2897789b,1,nan,False
x2897789b.2,x2897789b,2,9.830936346661904,True
x3160100b.1,x3160100b,1,nan,False
x3160100b.2,x3160100b,2,14.251351963475228,True
x2973156b.1,x2973156b,1,nan,False
x2973156b.2,x2973156b,2,12.307168743104107,True
x3048214a.1,x3048214a,1,15.883495140859159,True
x3048214a.2,x3048214a,2,nan,False
x2766719a.1,x2766719a,1,9.217927554716143,True
x2766719a.2,x2766719a,2,nan,False
x2729401b.1,x2729401b,1,nan,False
x2729401b.2,x2729401b,2,13.448788844867302,True
x2991640c.1,x2991640c,1,nan,False
x2991640c.2,x2991640c,2,nan,False
x3139366a.1,x3139366a,1,1.5847987920519622,True
x3139366a.2,x3139366a,2,nan,False
x2728247a.1,x2728247a,1,5.581480050497252,True
x2728247a.2,x2728247a,2,nan,False
x2728247b.1,x2728247b,1,5.49685887600466,True
x2728247b.2,x2728247b,2,5.509597387886909,True
x2728247c.1,x2728247c,1,5.581480050497252,True
x2728247c.2,x2728247c,2,nan,False
x2673306c.1,x2673306c,1,nan,False
x2673306c.2,x2673306c,2,nan,False
x2954357a.1,x2954357a,1,10.367638351332628,True
x2954357a.2,x2954357a,2,nan,False
x3141395c.1,x3141395c,1,nan,False
x3141395c.2,x3141395c,2,nan,False
x2876796a.1,x2876796a,1,11.68352014337633,True
x2876796a.2,x2876796a,2,nan,False
x3197642c.1,x3197642c,1,nan,False
x3197642c.2,x3197642c,2,nan,False
x3254873c.1,x3254873c,1,nan,False
x3254873c.2,x3254873c,2,nan,False
x2822858b.1,x2822858b,1,nan,False
x2822858b.2,x2822858b,2,13.00981402296566,True
x3728040a.1,x3728040a,1,9.7263223318548,True
x3728040a.2,x3728040a,2,nan,False
x3157710b.1,x3157710b,1,nan,False
x3157710b.2,x3157710b,2,12.45432790085542,True
x2710514b.1,x2710514b,1,nan,False
x2710514b.2,x2710514b,2,11.979629342720797,True
x2763072b.1,x2763072b,1,nan,False
x2763072b.2,x2763072b,2,15.634147351872397,True
x2710519a.1,x2710519a,1,12.574924530392813,True
x2710519a.2,x2710519a,2,nan,False
x3727711a.1,x3727711a,1,9.34716345345246,True
x3727711a.2,x3727711a,2,nan,False
x2691936a.1,x2691936a,1,11.134600025830974,True
x2691936a.2,x2691936a,2,nan,False
x2841638c.1,x2841638c,1,nan,False
x2841638c.2,x2841638c,2,nan,False
x3254209c.1,x3254209c,1,nan,False
x3254209c.2,x3254209c,2,nan,False
x3010557a.1,x3010557a,1,5.482939083511634,True
x3010557a.2,x3010557a,2,nan,False
x2820528c.1,x2820528c,1,nan,False
x2820528c.2,x2820528c,2,nan,False
x3251808a.1,x3251808a,1,15.90287152554105,True
x3251808a.2,x3251808a,2,nan,False
x3649305a.1,x3649305a,1,9.362793251434601,True
x3649305a.2,x3649305a,2,nan,False
x3157718a.1,x3157718a,1,5.100180712227923,True
x3157718a.2,x3157718a,2,nan,False
x3010569a.1,x3010569a,1,12.21720099693747,True
x3010569a.2,x3010569a,2,nan,False
x2785527a.1,x2785527a,1,11.586281238180886,True
x2785527a.2,x2785527a,2,nan,False
x3047073c.1,x3047073c,1,nan,False
x3047073c.2,x3047073c,2,nan,False
x3649306a.1,x3649306a,1,8.959954847148941,True
x3649306a.2,x3649306a,2,nan,False
x2973161a.1,x2973161a,1,9.894050975636441,True
x2973161a.2,x2973161a,2,nan,False
x2688692b.1,x2688692b,1,5.061780870309897,True
x2688692b.2,x2688692b,2,5.111413491868963,True
x3254220c.1,x3254220c,1,nan,False
x3254220c.2,x3254220c,2,nan,False
x3141389a.1,x3141389a,1,11.32059811638123,True
x3141389a.2,x3141389a,2,nan,False
x3197618a.1,x3197618a,1,11.498558105872664,True
x3197618a.2,x3197618a,2,nan,False
x3143999a.1,x3143999a,1,12.263295718676911,True
x3143999a.2,x3143999a,2,nan,False
x2691949b.1,x2691949b,1,nan,False
x2691949b.2,x2691949b,2,13.384301550400833,True
x3066807c.1,x3066807c,1,nan,False
x3066807c.2,x3066807c,2,nan,False
x2876812a.1,x2876812a,1,16.55310323600348,True
x2876812a.2,x2876812a,2,nan,False
x2841634b.1,x2841634b,1,nan,False
x2841634b.2,x2841634b,2,16.13250694455026,True
x3235245c.1,x3235245c,1,nan,False
x3235245c.2,x3235245c,2,nan,False
x3104135a.1,x3104135a,1,14.692504808829629,True
x3104135a.2,x3104135a,2,nan,False
x2952014a.1,x2952014a,1,11.304888730549187,True
x2952014a.2,x2952014a,2,nan,False
x3048205c.1,x3048205c,1,nan,False
x3048205c.2,x3048205c,2,nan,False
x2861223b.1,x2861223b,1,nan,False
x2861223b.2,x2861223b,2,1.4703104529093363,True
x2936268c.1,x2936268c,1,nan,False
x2936268c.2,x2936268c,2,nan,False
x2879055c.1,x2879055c,1,nan,False
x2879055c.2,x2879055c,2,nan,False
x2690941b.1,x2690941b,1,nan,False
x2690941b.2,x2690941b,2,15.82763736158418,True
x2897773a.1,x2897773a,1,9.697659440276754,True
x2897773a.2,x2897773a,2,nan,False
x3104850c.1,x3104850c,1,nan,False
x3104850c.2,x3104850c,2,nan,False
x3139086b.1,x3139086b,1,nan,False
x3139086b.2,x3139086b,2,14.887585524869186,True
x3727707a.1,x3727707a,1,9.152676511804858,True
x3727707a.2,x3727707a,2,nan,False
x3030126c.1,x3030126c,1,nan,False
x3030126c.2,x3030126c,2,nan,False
x2879079b.1,x2879079b,1,nan,False
x2879079b.2,x2879079b,2,15.509449311486078,True
x3066821a.1,x3066821a,1,13.943210410236276,True
x3066821a.2,x3066821a,2,nan,False
x3254204a.1,x3254204a,1,10.79484440045369,True
x3254204a.2,x3254204a,2,nan,False
x2748135a.1,x2748135a,1,14.140403572586845,True
x2748135a.2,x2748135a,2,nan,False
x2841623a.1,x2841623a,1,13.740657574277154,True
x2841623a.2,x2841623a,2,nan,False
x2954349b.1,x2954349b,1,nan,False
x2954349b.2,x2954349b,2,14.184303585542589,True
x2801902b.1,x2801902b,1,nan,False
x2801902b.2,x2801902b,2,8.143933833199585,True
x2729434b.1,x2729434b,1,nan,False
x2729434b.2,x2729434b,2,13.206081108565286,True
x3048962a.1,x3048962a,1,2.3924282716882033,True
x3048962a.2,x3048962a,2,nan,False
x2857591a.1,x2857591a,1,10.424676018859097,True
x2857591a.2,x2857591a,2,nan,False
x3048890c.1,x3048890c,1,nan,False
x3048890c.2,x3048890c,2,nan,False
x2936211c.1,x2936211c,1,nan,False
x2936211c.2,x2936211c,2,nan,False
x2820535b.1,x2820535b,1,nan,False
x2820535b.2,x2820535b,2,6.386297284558862,True
x3097861c.1,x3097861c,1,nan,False
x3097861c.2,x3097861c,2,nan,False
x3141390b.1,x3141390b,1,nan,False
x3141390b.2,x3141390b,2,17.839258170294332,True
x3141412a.1,x3141412a,1,14.279627073743846,True
x3141412a.2,x3141412a,2,nan,False
x2991920a.1,x2991920a,1,14.630291664455372,True
x2991920a.2,x2991920a,2,nan,False
x3160861c.1,x3160861c,1,nan,False
x3160861c.2,x3160861c,2,nan,False
x2876813a.1,x2876813a,1,9.613739517115757,True
x2876813a.2,x2876813a,2,nan,False
x2729410c.1,x2729410c,1,nan,False
x2729410c.2,x2729410c,2,nan,False
x2841637c.1,x2841637c,1,nan,False
x2841637c.2,x2841637c,2,nan,False
x3122817c.1,x3122817c,1,nan,False
x3122817c.2,x3122817c,2,nan,False
x3086079b.1,x3086079b,1,nan,False
x3086079b.2,x3086079b,2,1.3849495112374948,True
x3179699b.1,x3179699b,1,nan,False
x3179699b.2,x3179699b,2,9.81851968269396,True
x3085390b.1,x3085390b,1,nan,False
x3085390b.2,x3085390b,2,14.34739846402688,True
x2897767c.1,x2897767c,1,nan,False
x2897767c.2,x2897767c,2,nan,False
x3104124b.1,x3104124b,1,nan,False
x3104124b.2,x3104124b,2,12.907179235350815,True
x2804251a.1,x2804251a,1,9.25707032920918,True
x2804251a.2,x2804251a,2,nan,False
x3066808c.1,x3066808c,1,nan,False
x3066808c.2,x3066808c,2,nan,False
x2897774b.1,x2897774b,1,nan,False
x2897774b.2,x2897774b,2,12.735432577857699,True
x3104115b.1,x3104115b,1,nan,False
x3104115b.2,x3104115b,2,18.383932767890624,True
x0247171b.1,x0247171b,1,nan,False
x0247171b.2,x0247171b,2,13.362545404598116,True
x3214055c.1,x3214055c,1,nan,False
x3214055c.2,x3214055c,2,nan,False
x3104830c.1,x3104830c,1,4.284639299320786,True
x3104830c.2,x3104830c,2,nan,False
x3254211b.1,x3254211b,1,nan,False
x3254211b.2,x3254211b,2,11.621379013660247,True
x2729407b.1,x2729407b,1,nan,False
x2729407b.2,x2729407b,2,11.904410788679753,True
x3027133a.1,x3027133a,1,10.286846538241385,True
x3027133a.2,x3027133a,2,nan,False
x2691944a.1,x2691944a,1,13.03271696947151,True
x2691944a.2,x2691944a,2,nan,False
x2745806c.1,x2745806c,1,nan,False
x2745806c.2,x2745806c,2,nan,False
x2878848c.1,x2878848c,1,nan,False
x2878848c.2,x2878848c,2,nan,False
x2991909a.1,x2991909a,1,10.34232690522767,True
x2991909a.2,x2991909a,2,nan,False
x2726973a.1,x2726973a,1,8.927820107041274,True
x2726973a.2,x2726973a,2,nan,False
x2691947a.1,x2691947a,1,16.158176003105133,True
x2691947a.2,x2691947a,2,nan,False
x2952007c.1,x2952007c,1,nan,False
x2952007c.2,x2952007c,2,nan,False
x3198347c.1,x3198347c,1,nan,False
x3198347c.2,x3198347c,2,nan,False
x2916625b.1,x2916625b,1,nan,False
x2916625b.2,x2916625b,2,11.961917345471884,True
x2820533a.1,x2820533a,1,7.110112346502695,True
x2820533a.2,x2820533a,2,nan,False
x2785531a.1,x2785531a,1,9.802915530239826,True
x2785531a.2,x2785531a,2,nan,False
x3120502a.1,x3120502a,1,11.15873189410009,True
x3120502a.2,x3120502a,2,nan,False
x3252336b.1,x3252336b,1,nan,False
x3252336b.2,x3252336b,2,4.907648655417002,True
x2954353a.1,x2954353a,1,7.615378799860172,True
x2954353a.2,x2954353a,2,nan,False
x2673312a.1,x2673312a,1,13.206560794723517,True
x2673312a.2,x2673312a,2,nan,False
x2766720a.1,x2766720a,1,10.85239375884123,True
x2766720a.2,x2766720a,2,nan,False
x2879070b.1,x2879070b,1,8.453806108912826,True
x2879070b.2,x2879070b,2,8.545166697637097,True
x3179674b.1,x3179674b,1,nan,False
x3179674b.2,x3179674b,2,1.905850818886982,True
x3029506b.1,x3029506b,1,nan,False
x3029506b.2,x3029506b,2,8.188530799011879,True
x3216348a.1,x3216348a,1,16.039748444228415,True
x3216348a.2,x3216348a,2,nan,False
x3048231b.1,x3048231b,1,nan,False
x3048231b.2,x3048231b,2,13.382549194834828,True
x3065696a.1,x3065696a,1,14.816513929811682,True
x3065696a.2,x3065696a,2,nan,False
x3178974b.1,x3178974b,1,nan,False
x3178974b.2,x3178974b,2,14.872785767728082,True
x2916607c.1,x2916607c,1,nan,False
x2916607c.2,x2916607c,2,nan,False
x3197652a.1,x3197652a,1,6.797154626395185,True
x3197652a.2,x3197652a,2,nan,False
x2691939b.1,x2691939b,1,nan,False
x2691939b.2,x2691939b,2,12.77516066429256,True
x2858175a.1,x2858175a,1,17.337641514270516,True
x2858175a.2,x2858175a,2,nan,False
x3085400c.1,x3085400c,1,nan,False
x3085400c.2,x3085400c,2,nan,False
x3178969b.1,x3178969b,1,nan,False
x3178969b.2,x3178969b,2,13.301865173622613,True
x2748139b.1,x2748139b,1,nan,False
x2748139b.2,x2748139b,2,13.811074642189979,True
x3235242c.1,x3235242c,1,nan,False
x3235242c.2,x3235242c,2,nan,False
x2729412a.1,x2729412a,1,14.008139762609883,True
x2729412a.2,x2729412a,2,nan,False
x3082981c.1,x3082981c,1,nan,False
x3082981c.2,x3082981c,2,nan,False
x2766747a.1,x2766747a,1,14.557093014350183,True
x2766747a.2,x2766747a,2,nan,False
x3179646b.1,x3179646b,1,4.3660491626901505,True
x3179646b.2,x3179646b,2,4.426265516256111,True
x3235251c.1,x3235251c,1,nan,False
x3235251c.2,x3235251c,2,nan,False
x2766749b.1,x2766749b,1,10.784703559180835,True
x2766749b.2,x2766749b,2,10.878945308139295,True
x3010568a.1,x3010568a,1,7.374123692059014,True
x3010568a.2,x3010568a,2,nan,False
x2991902b.1,x2991902b,1,nan,False
x2991902b.2,x2991902b,2,17.335855625499097,True
x2954348a.1,x2954348a,1,10.647359595185723,True
x2954348a.2,x2954348a,2,nan,False
x2860484b.1,x2860484b,1,nan,False
x2860484b.2,x2860484b,2,12.04927829866523,True
x2879078a.1,x2879078a,1,12.415031662155528,True
x2879078a.2,x2879078a,2,nan,False
x3649301a.1,x3649301a,1,9.02929969541029,True
x3649301a.2,x3649301a,2,nan,False
x2804252a.1,x2804252a,1,15.737922655534911,True
x2804252a.2,x2804252a,2,nan,False
x2783231b.1,x2783231b,1,nan,False
x2783231b.2,x2783231b,2,6.736791154151487,True
x2710504b.1,x2710504b,1,nan,False
x2710504b.2,x2710504b,2,15.232607077659733,True
x2935547b.1,x2935547b,1,nan,False
x2935547b.2,x2935547b,2,10.006683671260637,True
x3048201b.1,x3048201b,1,nan,False
x3048201b.2,x3048201b,2,18.46999560155097,True
x2804250c.1,x2804250c,1,nan,False
x2804250c.2,x2804250c,2,nan,False
x3081380a.1,x3081380a,1,2.2223093062182206,True
x3081380a.2,x3081380a,2,nan,False
x3172805a.1,x3172805a,1,13.409112202147293,True
x3172805a.2,x3172805a,2,nan,False
x2822867b.1,x2822867b,1,nan,False
x2822867b.2,x2822867b,2,12.817662342947365,True
x2991922a.1,x2991922a,1,10.653778897887273,True
x2991922a.2,x2991922a,2,nan,False
x3010560b.1,x3010560b,1,9.559478391106378,True
x3010560b.2,x3010560b,2,9.650660172287042,True
x2785536b.1,x2785536b,1,nan,False
x2785536b.2,x2785536b,2,7.991968899969188,True
x3160872c.1,x3160872c,1,2.21097658386602,True
x3160872c.2,x3160872c,2,nan,False
x2973178b.1,x2973178b,1,nan,False
x2973178b.2,x2973178b,2,11.1311578639686,True
x2731712b.1,x2731712b,1,nan,False
x2731712b.2,x2731712b,2,14.216937502820262,True
x2841628a.1,x2841628a,1,6.003932060993886,True
x2841628a.2,x2841628a,2,nan,False
x2748152b.1,x2748152b,1,nan,False
x2748152b.2,x2748152b,2,12.673492568685077,True
x2916602a.1,x2916602a,1,5.645361554178979,True
x2916602a.2,x2916602a,2,nan,False
x2929261a.1,x2929261a,1,9.444032028169024,True
x2929261a.2,x2929261a,2,nan,False
x2710521a.1,x2710521a,1,10.345248275307208,True
x2710521a.2,x2710521a,2,nan,False
x3142079b.1,x3142079b,1,nan,False
x3142079b.2,x3142079b,2,4.043102634778231,True
x2879072b.1,x2879072b,1,nan,False
x2879072b.2,x2879072b,2,13.195324037234608,True
x2729427b.1,x2729427b,1,nan,False
x2729427b.2,x2729427b,2,12.7124479811819,True
x2954347b.1,x2954347b,1,nan,False
x2954347b.2,x2954347b,2,12.323798984575612,True
x2767340a.1,x2767340a,1,3.560126674233707,True
x2767340a.2,x2767340a,2,nan,False
x2767340b.1,x2767340b,1,3.560126674233707,True
x2767340b.2,x2767340b,2,3.607468145678564,True
x2767340c.1,x2767340c,1,3.560126674233707,True
x2767340c.2,x2767340c,2,nan,False
x3104157c.1,x3104157c,1,nan,False
x3104157c.2,x3104157c,2,nan,False
x3122815b.1,x3122815b,1,nan,False
x3122815b.2,x3122815b,2,13.96270214640163,True
x2916605c.1,x2916605c,1,nan,False
x2916605c.2,x2916605c,2,nan,False
x3234149a.1,x3234149a,1,1.8441486677518104,True
x3234149a.2,x3234149a,2,nan,False
x3234149b.1,x3234149b,1,1.8441486677518104,True
x3234149b.2,x3234149b,2,1.861727651739329,True
x3234149c.1,x3234149c,1,1.8441486677518104,True
x3234149c.2,x3234149c,2,nan,False
x3160862c.1,x3160862c,1,nan,False
x3160862c.2,x3160862c,2,nan,False
x3233413b.1,x3233413b,1,nan,False
x3233413b.2,x3233413b,2,5.08515168784117,True
x2822865c.1,x2822865c,1,nan,False
x2822865c.2,x2822865c,2,nan,False
x2879081a.1,x2879081a,1,12.376719084614164,True
x2879081a.2,x2879081a,2,nan,False
x2691946b.1,x2691946b,1,nan,False
x2691946b.2,x2691946b,2,7.247793005041159,True
x2806553c.1,x2806553c,1,nan,False
x2806553c.2,x2806553c,2,nan,False
x3254215c.1,x3254215c,1,nan,False
x3254215c.2,x3254215c,2,nan,False
x2951995c.1,x2951995c,1,nan,False
x2951995c.2,x2951995c,2,nan,False
x3197628c.1,x3197628c,1,nan,False
x3197628c.2,x3197628c,2,nan,False
x2673343b.1,x2673343b,1,nan,False
x2673343b.2,x2673343b,2,13.744142300614637,True
x3160864b.1,x3160864b,1,nan,False
x3160864b.2,x3160864b,2,3.13411570090243,True
x2730149c.1,x2730149c,1,3.702939934992074,True
x2730149c.2,x2730149c,2,nan,False
x3160113b.1,x3160113b,1,nan,False
x3160113b.2,x3160113b,2,9.462761685749726,True
x3010585a.1,x3010585a,1,11.090155509999416,True
x3010585a.2,x3010585a,2,nan,False
x2766730b.1,x2766730b,1,nan,False
x2766730b.2,x2766730b,2,13.406815741036556,True
x3160871c.1,x3160871c,1,nan,False
x3160871c.2,x3160871c,2,nan,False
x3104129a.1,x3104129a,1,7.324628100522613,True
x3104129a.2,x3104129a,2,nan,False
x3254205c.1,x3254205c,1,nan,False
x3254205c.2,x3254205c,2,nan,False
x2785511a.1,x2785511a,1,5.725871389327707,True
x2785511a.2,x2785511a,2,nan,False
x2822857b.1,x2822857b,1,nan,False
x2822857b.2,x2822857b,2,12.766409706293341,True
x3067448c.1,x3067448c,1,nan,False
x3067448c.2,x3067448c,2,nan,False
x2955081a.1,x2955081a,1,3.5030008819720067,True
x2955081a.2,x2955081a,2,nan,False
x3235268c.1,x3235268c,1,nan,False
x3235268c.2,x3235268c,2,nan,False
x2842330c.1,x2842330c,1,nan,False
x2842330c.2,x2842330c,2,nan,False
x2821770a.1,x2821770a,1,12.69519964979327,True
x2821770a.2,x2821770a,2,nan,False
x2691959b.1,x2691959b,1,nan,False
x2691959b.2,x2691959b,2,13.377950129602382,True
x3011229a.1,x3011229a,1,5.385982130409671,True
x3011229a.2,x3011229a,2,nan,False
x2936216c.1,x2936216c,1,nan,False
x2936216c.2,x2936216c,2,nan,False
x2879073c.1,x2879073c,1,nan,False
x2879073c.2,x2879073c,2,nan,False
x2935553b.1,x2935553b,1,nan,False
x2935553b.2,x2935553b,2,12.992172536691308,True
x2748130b.1,x2748130b,1,nan,False
x2748130b.2,x2748130b,2,10.682861449391085,True
x3085410b.1,x3085410b,1,nan,False
x3085410b.2,x3085410b,2,7.331480486923429,True
x2916618b.1,x2916618b,1,nan,False
x2916618b.2,x2916618b,2,9.45817150728094,True
x3010564c.1,x3010564c,1,nan,False
x3010564c.2,x3010564c,2,nan,False
x3217064b.1,x3217064b,1,nan,False
x3217064b.2,x3217064b,2,5.120962737128467,True
x3048968c.1,x3048968c,1,nan,False
x3048968c.2,x3048968c,2,nan,False
x2673319c.1,x2673319c,1,13.231355889539573,True
x2673319c.2,x2673319c,2,nan,False
x2897777c.1,x2897777c,1,7.872629897299926,True
x2897777c.2,x2897777c,2,nan,False
x3784018a.1,x3784018a,1,11.235293407227928,True
x3784018a.2,x3784018a,2,nan,False
x3141400a.1,x3141400a,1,5.751861527567316,True
x3141400a.2,x3141400a,2,nan,False
x3235252b.1,x3235252b,1,nan,False
x3235252b.2,x3235252b,2,12.801745981138719,True
x2764411c.1,x2764411c,1,nan,False
x2764411c.2,x2764411c,2,nan,False
x3030200c.1,x3030200c,1,nan,False
x3030200c.2,x3030200c,2,nan,False
x2746587c.1,x2746587c,1,nan,False
x2746587c.2,x2746587c,2,nan,False
x3010562b.1,x3010562b,1,nan,False
x3010562b.2,x3010562b,2,12.93868869980782,True
x2896685a.1,x2896685a,1,5.551080705887215,True
x2896685a.2,x2896685a,2,nan,False
x2896685b.1,x2896685b,1,5.551080705887215,True
x2896685b.2,x2896685b,2,5.563792481546143,True
x2896685c.1,x2896685c,1,5.551080705887215,True
x2896685c.2,x2896685c,2,nan,False
x2748143a.1,x2748143a,1,6.841000831585731,True
x2748143a.2,x2748143a,2,nan,False
x3216351a.1,x3216351a,1,12.27832028004871,True
x3216351a.2,x3216351a,2,nan,False
x3156034a.1,x3156034a,1,13.942414768794766,True
x3156034a.2,x3156034a,2,nan,False
x3104128a.1,x3104128a,1,5.868685131594416,True
x3104128a.2,x3104128a,2,nan,False
x2673309c.1,x2673309c,1,nan,False
x2673309c.2,x2673309c,2,nan,False
x3104155c.1,x3104155c,1,nan,False
x3104155c.2,x3104155c,2,nan,False
x2729430b.1,x2729430b,1,nan,False
x2729430b.2,x2729430b,2,11.872347727606863,True
x3197630a.1,x3197630a,1,9.440814552996134,True
x3197630a.2,x3197630a,2,nan,False
x2860481c.1,x2860481c,1,nan,False
x2860481c.2,x2860481c,2,nan,False
x2973152b.1,x2973152b,1,nan,False
x2973152b.2,x2973152b,2,12.325238389661315,True
x3160117b.1,x3160117b,1,nan,False
x3160117b.2,x3160117b,2,12.63288352976653,True
x3197624b.1,x3197624b,1,nan,False
x3197624b.2,x3197624b,2,16.048461488947538,True
x2708744b.1,x2708744b,1,nan,False
x2708744b.2,x2708744b,2,4.28122305669364,True
x3067506c.1,x3067506c,1,nan,False
x3067506c.2,x3067506c,2,nan,False
x2841625c.1,x2841625c,1,nan,False
x2841625c.2,x2841625c,2,nan,False
x2785512b.1,x2785512b,1,nan,False
x2785512b.2,x2785512b,2,15.042420065890433,True
x2673305b.1,x2673305b,1,nan,False
x2673305b.2,x2673305b,2,8.235556863185733,True
x2860480b.1,x2860480b,1,nan,False
x2860480b.2,x2860480b,2,16.324300390910672,True
x2914324a.1,x2914324a,1,10.969744553333516,True
x2914324a.2,x2914324a,2,nan,False
x2766741a.1,x2766741a,1,11.75833822280948,True
x2766741a.2,x2766741a,2,nan,False
x3178988b.1,x3178988b,1,nan,False
x3178988b.2,x3178988b,2,7.71863010059764,True
x2729423c.1,x2729423c,1,nan,False
x2729423c.2,x2729423c,2,nan,False
x2991929b.1,x2991929b,1,nan,False
x2991929b.2,x2991929b,2,8.840524784259474,True
x2767342a.1,x2767342a,1,5.366276616905225,True
x2767342a.2,x2767342a,2,nan,False
x2936212a.1,x2936212a,1,4.042744105061691,True
x2936212a.2,x2936212a,2,nan,False
x2861219b.1,x2861219b,1,nan,False
x2861219b.2,x2861219b,2,2.774928827175867,True
x3120376a.1,x3120376a,1,10.08461109204038,True
x3120376a.2,x3120376a,2,nan,False
x2991919a.1,x2991919a,1,14.359876780248369,True
x2991919a.2,x2991919a,2,nan,False
x3066804a.1,x3066804a,1,8.005150463866375,True
x3066804a.2,x3066804a,2,nan,False
x2935550c.1,x2935550c,1,nan,False
x2935550c.2,x2935550c,2,nan,False
x2691942b.1,x2691942b,1,nan,False
x2691942b.2,x2691942b,2,12.221827599429586,True
x2842383a.1,x2842383a,1,1.8042573302929696,True
x2842383a.2,x2842383a,2,nan,False
x3160863c.1,x3160863c,1,nan,False
x3160863c.2,x3160863c,2,nan,False
x2935549b.1,x2935549b,1,11.04191787452701,True
x2935549b.2,x2935549b,2,11.136845441801675,True
x3027122a.1,x3027122a,1,4.344599366586239,True
x3027122a.2,x3027122a,2,nan,False
x2673331b.1,x2673331b,1,nan,False
x2673331b.2,x2673331b,2,7.605569335559286,True
x3254231a.1,x3254231a,1,7.014530182709739,True
x3254231a.2,x3254231a,2,nan,False
x2785543b.1,x2785543b,1,nan,False
x2785543b.2,x2785543b,2,14.396024571560845,True
x2970258c.1,x2970258c,1,nan,False
x2970258c.2,x2970258c,2,nan,False
x2748124b.1,x2748124b,1,nan,False
x2748124b.2,x2748124b,2,15.556848555263157,True
x2879773a.1,x2879773a,1,3.6562869293422353,True
x2879773a.2,x2879773a,2,nan,False
x2841626c.1,x2841626c,1,nan,False
x2841626c.2,x2841626c,2,nan,False
x2991905a.1,x2991905a,1,11.725236706529612,True
x2991905a.2,x2991905a,2,nan,False
x2822861a.1,x2822861a,1,11.12568058706287,True
x2822861a.2,x2822861a,2,nan,False
x3216337a.1,x3216337a,1,10.992786922888216,True
x3216337a.2,x3216337a,2,nan,False
x2674047c.1,x2674047c,1,2.541372339287852,True
x2674047c.2,x2674047c,2,nan,False
x2691967b.1,x2691967b,1,6.609698338281951,True
x2691967b.2,x2691967b,2,6.696466713561825,True
x3626914c.1,x3626914c,1,nan,False
x3626914c.2,x3626914c,2,nan,False
x3177894a.1,x3177894a,1,18.462232315918712,True
x3177894a.2,x3177894a,2,nan,False
x2690187b.1,x2690187b,1,nan,False
x2690187b.2,x2690187b,2,4.38617124568625,True
x3122827a.1,x3122827a,1,11.75335475160999,True
x3122827a.2,x3122827a,2,nan,False
x3315860b.1,x3315860b,1,nan,False
x3315860b.2,x3315860b,2,13.621513310960633,True
x2973165a.1,x2973165a,1,9.245879862469755,True
x2973165a.2,x2973165a,2,nan,False
x2691965b.1,x2691965b,1,nan,False
x2691965b.2,x2691965b,2,6.925250880150987,True
x3216346a.1,x3216346a,1,14.049165707730808,True
x3216346a.2,x3216346a,2,nan,False
x3235267c.1,x3235267c,1,nan,False
x3235267c.2,x3235267c,2,nan,False
x3066801c.1,x3066801c,1,nan,False
x3066801c.2,x3066801c,2,nan,False
x2898515c.1,x2898515c,1,nan,False
x2898515c.2,x2898515c,2,nan,False
x2804258b.1,x2804258b,1,nan,False
x2804258b.2,x2804258b,2,13.698187364762266,True
x2954354a.1,x2954354a,1,12.440633488550743,True
x2954354a.2,x2954354a,2,nan,False
x2802481a.1,x2802481a,1,4.926721085092297,True
x2802481a.2,x2802481a,2,nan,False
x2710505b.1,x2710505b,1,nan,False
x2710505b.2,x2710505b,2,14.916080456161206,True
x3104114b.1,x3104114b,1,nan,False
x3104114b.2,x3104114b,2,12.548232438110547,True
x2798067b.1,x2798067b,1,nan,False
x2798067b.2,x2798067b,2,3.699524824821859,True
x3122825a.1,x3122825a,1,14.486454026273343,True
x3122825a.2,x3122825a,2,nan,False
x2710546b.1,x2710546b,1,nan,False
x2710546b.2,x2710546b,2,14.848921888009707,True
x2879071b.1,x2879071b,1,nan,False
x2879071b.2,x2879071b,2,14.349178177816063,True
x2785514a.1,x2785514a,1,12.392976622844225,True
x2785514a.2,x2785514a,2,nan,False
x2898457a.1,x2898457a,1,3.634436293297572,True
x2898457a.2,x2898457a,2,nan,False
x3727708a.1,x3727708a,1,9.26939629248881,True
x3727708a.2,x3727708a,2,nan,False
x3216988b.1,x3216988b,1,nan,False
x3216988b.2,x3216988b,2,3.853196801201185,True
x3197632b.1,x3197632b,1,nan,False
x3197632b.2,x3197632b,2,12.12913871674102,True
x3178997c.1,x3178997c,1,nan,False
x3178997c.2,x3178997c,2,nan,False
x2785535b.1,x2785535b,1,nan,False
x2785535b.2,x2785535b,2,9.991177424581409,True
x3216343c.1,x3216343c,1,nan,False
x3216343c.2,x3216343c,2,nan,False
x2748127a.1,x2748127a,1,9.98488261061814,True
x2748127a.2,x2748127a,2,nan,False
x2673323c.1,x2673323c,1,nan,False
x2673323c.2,x2673323c,2,nan,False
x3104859b.1,x3104859b,1,nan,False
x3104859b.2,x3104859b,2,4.490299156179996,True
x2859403a.1,x2859403a,1,3.7428339228919008,True
x2859403a.2,x2859403a,2,nan,False
x2954345c.1,x2954345c,1,nan,False
x2954345c.2,x2954345c,2,nan,False
x3160098a.1,x3160098a,1,5.548389776921176,True
x3160098a.2,x3160098a,2,nan,False
x3254228b.1,x3254228b,1,nan,False
x3254228b.2,x3254228b,2,9.594629729533915,True
x3101788a.1,x3101788a,1,16.434321142478794,True
x3101788a.2,x3101788a,2,nan,False
x2785513a.1,x2785513a,1,12.766983079902493,True
x2785513a.2,x2785513a,2,nan,False
x3231269b.1,x3231269b,1,nan,False
x3231269b.2,x3231269b,2,14.943915433852931,True
x2991921c.1,x2991921c,1,nan,False
x2991921c.2,x2991921c,2,nan,False
x3122826a.1,x3122826a,1,10.98456020878575,True
x3122826a.2,x3122826a,2,nan,False
x2842390c.1,x2842390c,1,nan,False
x2842390c.2,x2842390c,2,nan,False
x2991913a.1,x2991913a,1,8.553026906558138,True
x2991913a.2,x2991913a,2,nan,False
x3104144a.1,x3104144a,1,6.819435317427361,True
x3104144a.2,x3104144a,2,nan,False
x2804270b.1,x2804270b,1,nan,False
x2804270b.2,x2804270b,2,7.996483381915878,True
x2917333a.1,x2917333a,1,1.8287157567884533,True
x2917333a.2,x2917333a,2,nan,False
x2673315a.1,x2673315a,1,6.139194629238209,True
x2673315a.2,x2673315a,2,nan,False
x2688693c.1,x2688693c,1,4.986428694324077,True
x2688693c.2,x2688693c,2,nan,False
x2841645c.1,x2841645c,1,nan,False
x2841645c.2,x2841645c,2,nan,False
x3048200b.1,x3048200b,1,nan,False
x3048200b.2,x3048200b,2,18.30884940363623,True
x3048208a.1,x3048208a,1,6.9977813943542815,True
x3048208a.2,x3048208a,2,nan,False
x3067507c.1,x3067507c,1,nan,False
x3067507c.2,x3067507c,2,nan,False
x2804249c.1,x2804249c,1,4.6863315647660775,True
x2804249c.2,x2804249c,2,nan,False
x2936213b.1,x2936213b,1,nan,False
x2936213b.2,x2936213b,2,4.710088634355087,True
x3215340a.1,x3215340a,1,15.229715062840702,True
x3215340a.2,x3215340a,2,nan,False
x3118855c.1,x3118855c,1,5.631512292694007,True
x3118855c.2,x3118855c,2,nan,False
x3085397b.1,x3085397b,1,nan,False
x3085397b.2,x3085397b,2,13.224368083783393,True
x3104796c.1,x3104796c,1,nan,False
x3104796c.2,x3104796c,2,nan,False
x3108449a.1,x3108449a,1,4.8360059648350155,True
x3108449a.2,x3108449a,2,nan,False
x2673307c.1,x2673307c,1,nan,False
x2673307c.2,x2673307c,2,nan,False
x2973159a.1,x2973159a,1,12.952279272028235,True
x2973159a.2,x2973159a,2,nan,False
x3101787a.1,x3101787a,1,16.539534788709844,True
x3101787a.2,x3101787a,2,nan,False
x2785521c.1,x2785521c,1,nan,False
x2785521c.2,x2785521c,2,nan,False
x3235273b.1,x3235273b,1,nan,False
x3235273b.2,x3235273b,2,8.16617433427625,True
x2692600c.1,x2692600c,1,nan,False
x2692600c.2,x2692600c,2,nan,False
x3179637c.1,x3179637c,1,nan,False
x3179637c.2,x3179637c,2,nan,False
x2729406c.1,x2729406c,1,nan,False
x2729406c.2,x2729406c,2,nan,False
x3029499a.1,x3029499a,1,12.814529613063833,True
x3029499a.2,x3029499a,2,nan,False
x3179650b.1,x3179650b,1,3.8570104465933075,True
x3179650b.2,x3179650b,2,3.9096485109523518,True
x2748780a.1,x2748780a,1,5.460034521663216,True
x2748780a.2,x2748780a,2,nan,False
x3141398a.1,x3141398a,1,13.734312173635612,True
x3141398a.2,x3141398a,2,nan,False
x3085403a.1,x3085403a,1,12.578995136571642,True
x3085403a.2,x3085403a,2,nan,False
x3236011b.1,x3236011b,1,nan,False
x3236011b.2,x3236011b,2,4.068536509062311,True
x2710542b.1,x2710542b,1,nan,False
x2710542b.2,x2710542b,2,11.804516324043792,True
x2801896b.1,x2801896b,1,nan,False
x2801896b.2,x2801896b,2,13.484322690709709,True
x3029501b.1,x3029501b,1,nan,False
x3029501b.2,x3029501b,2,12.741967763936184,True
x3159645a.1,x3159645a,1,9.437254545067056,True
x3159645a.2,x3159645a,2,nan,False
x3125349c.1,x3125349c,1,12.112064702974216,True
x3125349c.2,x3125349c,2,nan,False
x2973149b.1,x2973149b,1,nan,False
x2973149b.2,x2973149b,2,15.43497920266899,True
x3030205c.1,x3030205c,1,nan,False
x3030205c.2,x3030205c,2,nan,False
x2841615a.1,x2841615a,1,10.834502414491212,True
x2841615a.2,x2841615a,2,nan,False
x2767407b.1,x2767407b,1,nan,False
x2767407b.2,x2767407b,2,3.527451809349089,True
x3139103a.1,x3139103a,1,16.629945451358367,True
x3139103a.2,x3139103a,2,nan,False
x3011293a.1,x3011293a,1,1.4650382709864562,True
x3011293a.2,x3011293a,2,nan,False
x3011293b.1,x3011293b,1,1.4650382709864562,True
x3011293b.2,x3011293b,2,1.4863479904184869,True
x3011293c.1,x3011293c,1,1.4650382709864562,True
x3011293c.2,x3011293c,2,nan,False
x3181545c.1,x3181545c,1,12.039741213879386,True
x3181545c.2,x3181545c,2,nan,False
x2935555a.1,x2935555a,1,9.554265160417934,True
x2935555a.2,x2935555a,2,nan,False
x3048207b.1,x3048207b,1,nan,False
x3048207b.2,x3048207b,2,12.932602030917023,True
x3160104b.1,x3160104b,1,nan,False
x3160104b.2,x3160104b,2,15.24862216763401,True
x2851933a.1,x2851933a,1,11.811128300622629,True
x2851933a.2,x2851933a,2,nan,False
x2851933b.1,x2851933b,1,11.811128300622629,True
x2851933b.2,x2851933b,2,11.893825769478335,True
x2851933c.1,x2851933c,1,11.79232359517983,True
x2851933c.2,x2851933c,2,nan,False
x2897784b.1,x2897784b,1,nan,False
x2897784b.2,x2897784b,2,13.269834193876346,True
x3207907a.1,x3207907a,1,11.81684966633156,True
x3207907a.2,x3207907a,2,nan,False
x3207907b.1,x3207907b,1,11.807447313610162,True
x3207907b.2,x3207907b,2,11.890142814956034,True
x3207907c.1,x3207907c,1,11.81684966633156,True
x3207907c.2,x3207907c,2,nan,False
x2726974b.1,x2726974b,1,nan,False
x2726974b.2,x2726974b,2,9.305995162581773,True
x3029502a.1,x3029502a,1,6.395970918961287,True
x3029502a.2,x3029502a,2,nan,False
x3178972c.1,x3178972c,1,nan,False
x3178972c.2,x3178972c,2,nan,False
x3029055b.1,x3029055b,1,nan,False
x3029055b.2,x3029055b,2,3.566378593407806,True
x3029507b.1,x3029507b,1,nan,False
x3029507b.2,x3029507b,2,15.409693181837065,True
x3254230a.1,x3254230a,1,7.250478509478614,True
x3254230a.2,x3254230a,2,nan,False
x3030203c.1,x3030203c,1,nan,False
x3030203c.2,x3030203c,2,nan,False
x3048203b.1,x3048203b,1,nan,False
x3048203b.2,x3048203b,2,13.930927348414935,True
x3048963b.1,x3048963b,1,nan,False
x3048963b.2,x3048963b,2,3.6169366137988392,True
x2674027b.1,x2674027b,1,4.442608144049398,True
x2674027b.2,x2674027b,2,4.503598529649035,True
x2973163b.1,x2973163b,1,nan,False
x2973163b.2,x2973163b,2,16.221050118081283,True
x2955074a.1,x2955074a,1,2.757351777633523,True
x2955074a.2,x2955074a,2,nan,False
x3216342b.1,x3216342b,1,nan,False
x3216342b.2,x3216342b,2,10.474698713039691,True
x3235243c.1,x3235243c,1,nan,False
x3235243c.2,x3235243c,2,nan,False
x3214069c.1,x3214069c,1,3.010587636327704,True
x3214069c.2,x3214069c,2,nan,False
x2841632b.1,x2841632b,1,6.981156049288167,True
x2841632b.2,x2841632b,2,7.068946058994563,True
x2822859b.1,x2822859b,1,nan,False
x2822859b.2,x2822859b,2,17.57238483667789,True
x3142050c.1,x3142050c,1,nan,False
x3142050c.2,x3142050c,2,nan,False
x2973155a.1,x2973155a,1,11.065264681811156,True
x2973155a.2,x2973155a,2,nan,False
x2973791a.1,x2973791a,1,3.742962950989288,True
x2973791a.2,x2973791a,2,nan,False
x2841629c.1,x2841629c,1,nan,False
x2841629c.2,x2841629c,2,nan,False
x2822868a.1,x2822868a,1,12.416719662242034,True
x2822868a.2,x2822868a,2,nan,False
x3122823b.1,x3122823b,1,nan,False
x3122823b.2,x3122823b,2,14.788199118440113,True
x2952003b.1,x2952003b,1,4.609283782624409,True
x2952003b.2,x2952003b,2,4.657639008112024,True
x3104856a.1,x3104856a,1,2.0457080441628444,True
x3104856a.2,x3104856a,2,nan,False
x2786204c.1,x2786204c,1,nan,False
x2786204c.2,x2786204c,2,nan,False
x2841622a.1,x2841622a,1,11.955319839138102,True
x2841622a.2,x2841622a,2,nan,False
x2973150a.1,x2973150a,1,7.776428108047978,True
x2973150a.2,x2973150a,2,nan,False
x3066826b.1,x3066826b,1,nan,False
x3066826b.2,x3066826b,2,7.900893530610355,True
x3197638a.1,x3197638a,1,10.382263772003437,True
x3197638a.2,x3197638a,2,nan,False
x2785530a.1,x2785530a,1,12.297870641727775,True
x2785530a.2,x2785530a,2,nan,False
x3082988b.1,x3082988b,1,nan,False
x3082988b.2,x3082988b,2,4.290362251039267,True
x2860491a.1,x2860491a,1,10.99486769102871,True
x2860491a.2,x2860491a,2,nan,False
x2860491b.1,x2860491b,1,10.89144181109332,True
x2860491b.2,x2860491b,2,10.93142207272817,True
sx2673305b.1,sx2673305b,1,nan,False
sx2673305b.2,sx2673305b,2,30.365189366980196,True
sx3048196b.1,sx3048196b,1,nan,False
sx3048196b.2,sx3048196b,2,30.237041492308016,True
sx2991911c.1,sx2991911c,1,nan,False
sx2991911c.2,sx2991911c,2,nan,False
sx2973158c.1,sx2973158c,1,nan,False
sx2973158c.2,sx2973158c,2,nan,False
sx3048208a.1,sx3048208a,1,29.127413898148745,True
sx3048208a.2,sx3048208a,2,nan,False
sx3029502a.1,sx3029502a,1,28.52560342275575,True
sx3029502a.2,sx3029502a,2,nan,False
sx3104125b.1,sx3104125b,1,28.29605751108084,True
sx3104125b.2,sx3104125b,2,28.343920473443823,True
sx3160107a.1,sx3160107a,1,28.08867351428481,True
sx3160107a.2,sx3160107a,2,nan,False
sx2785516b.1,sx2785516b,1,nan,False
sx2785516b.2,sx2785516b,2,31.161484352781486,True
sx3141400a.1,sx3141400a,1,27.881494031361783,True
sx3141400a.2,sx3141400a,2,nan,False
sx2897775c.1,sx2897775c,1,nan,False
sx2897775c.2,sx2897775c,2,nan,False
sx3010565c.1,sx3010565c,1,nan,False
sx3010565c.2,sx3010565c,2,nan,False
sx2916609c.1,sx2916609c,1,nan,False
sx2916609c.2,sx2916609c,2,nan,False
sx2879073c.1,sx2879073c,1,nan,False
sx2879073c.2,sx2879073c,2,nan,False
sx3104126c.1,sx3104126c,1,nan,False
sx3104126c.2,sx3104126c,2,nan,False
sx3029503c.1,sx3029503c,1,nan,False
sx3029503c.2,sx3029503c,2,nan,False
sx2691950c.1,sx2691950c,1,nan,False
sx2691950c.2,sx2691950c,2,nan,False
sx2691951c.1,sx2691951c,1,nan,False
sx2691951c.2,sx2691951c,2,nan,False
sx2879076c.1,sx2879076c,1,nan,False
sx2879076c.2,sx2879076c,2,nan,False
sx2841630c.1,sx2841630c,1,nan,False
sx2841630c.2,sx2841630c,2,nan,False
sx2841629c.1,sx2841629c,1,nan,False
sx2841629c.2,sx2841629c,2,nan,False
sx2785523c.1,sx2785523c,1,nan,False
sx2785523c.2,sx2785523c,2,nan,False
sx3216347c.1,sx3216347c,1,nan,False
sx3216347c.2,sx3216347c,2,nan,False
sx3141388c.1,sx3141388c,1,nan,False
sx3141388c.2,sx3141388c,2,nan,False
sx3066801c.1,sx3066801c,1,nan,False
sx3066801c.2,sx3066801c,2,nan,False
sx2879055c.1,sx2879055c,1,nan,False
sx2879055c.2,sx2879055c,2,nan,False
sx2973144c.1,sx2973144c,1,nan,False
sx2973144c.2,sx2973144c,2,nan,False
sx2785518c.1,sx2785518c,1,nan,False
sx2785518c.2,sx2785518c,2,nan,False
sx2766717c.1,sx2766717c,1,nan,False
sx2766717c.2,sx2766717c,2,nan,False
sx2673309c.1,sx2673309c,1,nan,False
sx2673309c.2,sx2673309c,2,nan,False
sx3104113a.1,sx3104113a,1,31.910301644135536,True
sx3104113a.2,sx3104113a,2,nan,False
sx3104121a.1,sx3104121a,1,31.863019683705105,True
sx3104121a.2,sx3104121a,2,nan,False
sx2673310a.1,sx2673310a,1,31.75003524550419,True
sx2673310a.2,sx2673310a,2,nan,False
sx2916627a.1,sx2916627a,1,31.638461981567673,True
sx2916627a.2,sx2916627a,2,nan,False
sx2804283a.1,sx2804283a,1,31.445283056093075,True
sx2804283a.2,sx2804283a,2,nan,False
sx3104122a.1,sx3104122a,1,31.275919530568338,True
sx3104122a.2,sx3104122a,2,nan,False
sx2785519a.1,sx2785519a,1,31.213323749081674,True
sx2785519a.2,sx2785519a,2,nan,False
sx2748129a.1,sx2748129a,1,31.222856698381392,True
sx2748129a.2,sx2748129a,2,nan,False
sx2973151a.1,sx2973151a,1,31.007842644439307,True
sx2973151a.2,sx2973151a,2,nan,False
sx2748146a.1,sx2748146a,1,31.053483741293594,True
sx2748146a.2,sx2748146a,2,nan,False
sx2991913a.1,sx2991913a,1,30.682659410352603,True
sx2991913a.2,sx2991913a,2,nan,False
sx3235253a.1,sx3235253a,1,30.584743847831906,True
sx3235253a.2,sx3235253a,2,nan,False
sx2991907a.1,sx2991907a,1,30.357950705371955,True
sx2991907a.2,sx2991907a,2,nan,False
sx2879064a.1,sx2879064a,1,30.319607928072134,True
sx2879064a.2,sx2879064a,2,nan,False
sx3197637c.1,sx3197637c,1,nan,False
sx3197637c.2,sx3197637c,2,nan,False
sx2860487c.1,sx2860487c,1,nan,False
sx2860487c.2,sx2860487c,2,nan,False
sx2841638c.1,sx2841638c,1,nan,False
sx2841638c.2,sx2841638c,2,nan,False
sx3235256a.1,sx3235256a,1,31.838283042634128,True
sx3235256a.2,sx3235256a,2,nan,False
sx3197630a.1,sx3197630a,1,31.5704470567906,True
sx3197630a.2,sx3197630a,2,nan,False
sx3104120b.1,sx3104120b,1,nan,False
sx3104120b.2,sx3104120b,2,31.427812213307725,True
sx2804251a.1,sx2804251a,1,31.386702833003646,True
sx2804251a.2,sx2804251a,2,nan,False
sx3254210c.1,sx3254210c,1,nan,False
sx3254210c.2,sx3254210c,2,nan,False
sx3048206a.1,sx3048206a,1,30.68030412437861,True
sx3048206a.2,sx3048206a,2,nan,False
sx2710510c.1,sx2710510c,1,nan,False
sx2710510c.2,sx2710510c,2,nan,False
sx3197628c.1,sx3197628c,1,nan,False
sx3197628c.2,sx3197628c,2,nan,False
sx2766718c.1,sx2766718c,1,30.48507321379165,True
sx2766718c.2,sx2766718c,2,nan,False
sx3010556a.1,sx3010556a,1,30.33739211033491,True
sx3010556a.2,sx3010556a,2,nan,False
sx2710520a.1,sx2710520a,1,32.33187937102463,True
sx2710520a.2,sx2710520a,2,nan,False
sx2710521a.1,sx2710521a,1,32.474880779101674,True
sx2710521a.2,sx2710521a,2,nan,False
sx3085396a.1,sx3085396a,1,32.553945998878675,True
sx3085396a.2,sx3085396a,2,nan,False
sx3122813a.1,sx3122813a,1,33.039202593167104,True
sx3122813a.2,sx3122813a,2,nan,False
sx3254219c.1,sx3254219c,1,nan,False
sx3254219c.2,sx3254219c,2,nan,False
sx3254220c.1,sx3254220c,1,nan,False
sx3254220c.2,sx3254220c,2,nan,False
sx3104134c.1,sx3104134c,1,32.47649760121784,True
sx3104134c.2,sx3104134c,2,nan,False
sx2860490a.1,sx2860490a,1,32.354729726169275,True
sx2860490a.2,sx2860490a,2,nan,False
sx3254218a.1,sx3254218a,1,32.217766110968725,True
sx3254218a.2,sx3254218a,2,nan,False
sx3066818b.1,sx3066818b,1,nan,False
sx3066818b.2,sx3066818b,2,32.16006937486907,True
sx2785528b.1,sx2785528b,1,nan,False
sx2785528b.2,sx2785528b,2,32.809165163922344,True
sx2748130b.1,sx2748130b,1,nan,False
sx2748130b.2,sx2748130b,2,32.81249395318555,True
sx3254212b.1,sx3254212b,1,nan,False
sx3254212b.2,sx3254212b,2,32.932095285026435,True
sx2785520b.1,sx2785520b,1,nan,False
sx2785520b.2,sx2785520b,2,33.4724834345097,True
sx2729411a.1,sx2729411a,1,33.57756205434085,True
sx2729411a.2,sx2729411a,2,nan,False
sx2897781a.1,sx2897781a,1,33.561553489070334,True
sx2897781a.2,sx2897781a,2,nan,False
sx3197644a.1,sx3197644a,1,33.3844048075553,True
sx3197644a.2,sx3197644a,2,nan,False
sx3010566c.1,sx3010566c,1,nan,False
sx3010566c.2,sx3010566c,2,nan,False
sx3236011b.1,sx3236011b,1,nan,False
sx3236011b.2,sx3236011b,2,26.198169012856777,True
sx3198358b.1,sx3198358b,1,nan,False
sx3198358b.2,sx3198358b,2,26.359708751473914,True
sx3104859b.1,sx3104859b,1,nan,False
sx3104859b.2,sx3104859b,2,26.619931659974462,True
sx2936275b.1,sx2936275b,1,nan,False
sx2936275b.2,sx2936275b,2,23.945985955377374,True
sx3179674b.1,sx3179674b,1,nan,False
sx3179674b.2,sx3179674b,2,24.035483322681447,True
sx2748840b.1,sx2748840b,1,nan,False
sx2748840b.2,sx2748840b,2,25.177260175824387,True
sx3142099b.1,sx3142099b,1,nan,False
sx3142099b.2,sx3142099b,2,24.792814339522362,True
sx3011298c.1,sx3011298c,1,26.125771072568558,True
sx3011298c.2,sx3011298c,2,nan,False
sx2711234b.1,sx2711234b,1,nan,False
sx2711234b.2,sx2711234b,2,26.07648614665119,True
sx3198355b.1,sx3198355b,1,nan,False
sx3198355b.2,sx3198355b,2,26.382594930656207,True
sx2879773a.1,sx2879773a,1,25.7859194331367,True
sx2879773a.2,sx2879773a,2,nan,False
sx2786274c.1,sx2786274c,1,nan,False
sx2786274c.2,sx2786274c,2,nan,False
sx3179682c.1,sx3179682c,1,nan,False
sx3179682c.2,sx3179682c,2,nan,False
sx2936270a.1,sx2936270a,1,22.829086504288277,True
sx2936270a.2,sx2936270a,2,nan,False
sx3086078a.1,sx3086078a,1,22.945301358436716,True
sx3086078a.2,sx3086078a,2,nan,False
sx3217056a.1,sx3217056a,1,23.249013645915,True
sx3217056a.2,sx3217056a,2,nan,False
sx3217057a.1,sx3217057a,1,23.330336436413717,True
sx3217057a.2,sx3217057a,2,nan,False
sx2936268c.1,sx2936268c,1,nan,False
sx2936268c.2,sx2936268c,2,nan,False
sx2823592a.1,sx2823592a,1,22.76484043148049,True
sx2823592a.2,sx2823592a,2,nan,False
sx3160863c.1,sx3160863c,1,nan,False
sx3160863c.2,sx3160863c,2,nan,False
sx2730108c.1,sx2730108c,1,nan,False
sx2730108c.2,sx2730108c,2,nan,False
sx2786204c.1,sx2786204c,1,nan,False
sx2786204c.2,sx2786204c,2,nan,False
sx2936216c.1,sx2936216c,1,nan,False
sx2936216c.2,sx2936216c,2,nan,False
sx3029498c.1,sx3029498c,1,27.53042510301694,True
sx3029498c.2,sx3029498c,2,nan,False
sx2991912a.1,sx2991912a,1,27.7827637889588,True
sx2991912a.2,sx2991912a,2,nan,False
sx3104128a.1,sx3104128a,1,27.99831763538888,True
sx3104128a.2,sx3104128a,2,nan,False
sx2673315a.1,sx2673315a,1,28.268827133032673,True
sx2673315a.2,sx2673315a,2,nan,False
sx2766721a.1,sx2766721a,1,28.508735989237927,True
sx2766721a.2,sx2766721a,2,nan,False
sx2991906a.1,sx2991906a,1,28.80952056290915,True
sx2991906a.2,sx2991906a,2,nan,False
sx2879054a.1,sx2879054a,1,28.848269875289326,True
sx2879054a.2,sx2879054a,2,nan,False
sx3254211b.1,sx3254211b,1,nan,False
sx3254211b.2,sx3254211b,2,33.751011517454714,True
sx2729407b.1,sx2729407b,1,nan,False
sx2729407b.2,sx2729407b,2,34.034043292474216,True
sx2691942b.1,sx2691942b,1,nan,False
sx2691942b.2,sx2691942b,2,34.35146010322405,True
sx3197629b.1,sx3197629b,1,nan,False
sx3197629b.2,sx3197629b,2,34.81176754038838,True
sx2879065b.1,sx2879065b,1,nan,False
sx2879065b.2,sx2879065b,2,34.77176121910356,True
sx0247160b.1,sx0247160b,1,nan,False
sx0247160b.2,sx0247160b,2,35.3009820828476,True
sx0247162b.1,sx0247162b,1,nan,False
sx0247162b.2,sx0247162b,2,35.34955321041083,True
sx2766732b.1,sx2766732b,1,nan,False
sx2766732b.2,sx2766732b,2,35.43363092699377,True
sx2897784b.1,sx2897784b,1,nan,False
sx2897784b.2,sx2897784b,2,35.39946669767081,True
sx0247171b.1,sx0247171b,1,nan,False
sx0247171b.2,sx0247171b,2,35.49217790839258,True
sx2936279c.1,sx2936279c,1,26.356250322299466,True
sx2936279c.2,sx2936279c,2,nan,False
sx3179678b.1,sx3179678b,1,26.58947080624266,True
sx3179678b.2,sx3179678b,2,26.640115374278245,True
sx3179650b.1,sx3179650b,1,25.986642950387772,True
sx3179650b.2,sx3179650b,2,26.039281014746816,True
sx2730107c.1,sx2730107c,1,nan,False
sx2730107c.2,sx2730107c,2,nan,False
sx3048888c.1,sx3048888c,1,nan,False
sx3048888c.2,sx3048888c,2,nan,False
sx3064514c.1,sx3064514c,1,nan,False
sx3064514c.2,sx3064514c,2,nan,False
sx2861158c.1,sx2861158c,1,nan,False
sx2861158c.2,sx2861158c,2,nan,False
sx2952007c.1,sx2952007c,1,nan,False
sx2952007c.2,sx2952007c,2,nan,False
sx3254873c.1,sx3254873c,1,nan,False
sx3254873c.2,sx3254873c,2,nan,False
sx2745811c.1,sx2745811c,1,nan,False
sx2745811c.2,sx2745811c,2,nan,False
sx3142050c.1,sx3142050c,1,nan,False
sx3142050c.2,sx3142050c,2,nan,False
sx2861157c.1,sx2861157c,1,nan,False
sx2861157c.2,sx2861157c,2,nan,False
sx3086079b.1,sx3086079b,1,nan,False
sx3086079b.2,sx3086079b,2,23.51458201503196,True
sx2936276b.1,sx2936276b,1,nan,False
sx2936276b.2,sx2936276b,2,23.6547820761807,True
sx2861223b.1,sx2861223b,1,nan,False
sx2861223b.2,sx2861223b,2,23.5999429567038,True
sx3086075b.1,sx3086075b,1,nan,False
sx3086075b.2,sx3086075b,2,25.03885826267535,True
sx2730187a.1,sx2730187a,1,24.060720305894545,True
sx2730187a.2,sx2730187a,2,nan,False
sx3104856a.1,sx3104856a,1,24.17534054795731,True
sx3104856a.2,sx3104856a,2,nan,False
sx2861222a.1,sx2861222a,1,25.75913106996709,True
sx2861222a.2,sx2861222a,2,nan,False
sx2917330a.1,sx2917330a,1,25.606229197582813,True
sx2917330a.2,sx2917330a,2,nan,False
sx2879794a.1,sx2879794a,1,25.370046692936093,True
sx2879794a.2,sx2879794a,2,nan,False
sx2936271a.1,sx2936271a,1,25.057327499181035,True
sx2936271a.2,sx2936271a,2,nan,False
sx2955074a.1,sx2955074a,1,24.88698428142799,True
sx2955074a.2,sx2955074a,2,nan,False
sx3030199c.1,sx3030199c,1,24.972348238795703,True
sx3030199c.2,sx3030199c,2,nan,False
sx2730163c.1,sx2730163c,1,25.041528923746323,True
sx2730163c.2,sx2730163c,2,nan,False
sx2992624a.1,sx2992624a,1,25.142243273890355,True
sx2992624a.2,sx2992624a,2,nan,False
sx2692654a.1,sx2692654a,1,25.321951667490282,True
sx2692654a.2,sx2692654a,2,nan,False
sx2842379a.1,sx2842379a,1,25.500383729398415,True
sx2842379a.2,sx2842379a,2,nan,False
sx2805031c.1,sx2805031c,1,nan,False
sx2805031c.2,sx2805031c,2,nan,False
sx3068944b.1,sx3068944b,1,nan,False
sx3068944b.2,sx3068944b,2,25.429829014251073,True
sx2767407b.1,sx2767407b,1,nan,False
sx2767407b.2,sx2767407b,2,25.657084313143553,True
sx2879767b.1,sx2879767b,1,nan,False
sx2879767b.2,sx2879767b,2,25.522441787235447,True
sx2711224b.1,sx2711224b,1,nan,False
sx2711224b.2,sx2711224b,2,25.73968192285883,True
sx3142098b.1,sx3142098b,1,nan,False
sx3142098b.2,sx3142098b,2,25.83482210321211,True
sx2748839b.1,sx2748839b,1,nan,False
sx2748839b.2,sx2748839b,2,26.034648132887767,True
sx2917310b.1,sx2917310b,1,nan,False
sx2917310b.2,sx2917310b,2,26.075691415792225,True
sx2861218c.1,sx2861218c,1,25.32008146283473,True
sx2861218c.2,sx2861218c,2,nan,False
sx2955081a.1,sx2955081a,1,25.63263338576647,True
sx2955081a.2,sx2955081a,2,nan,False
sx3160878c.1,sx3160878c,1,nan,False
sx3160878c.2,sx3160878c,2,nan,False
sx2917336c.1,sx2917336c,1,nan,False
sx2917336c.2,sx2917336c,2,nan,False
sx2674047c.1,sx2674047c,1,24.671004843082315,True
sx2674047c.2,sx2674047c,2,nan,False
sx3160865a.1,sx3160865a,1,24.53567160433698,True
sx3160865a.2,sx3160865a,2,nan,False
sx2767408c.1,sx2767408c,1,nan,False
sx2767408c.2,sx2767408c,2,nan,False
sx3104853c.1,sx3104853c,1,nan,False
sx3104853c.2,sx3104853c,2,nan,False
sx3254915b.1,sx3254915b,1,nan,False
sx3254915b.2,sx3254915b,2,26.210707783766292,True
sx3048963b.1,sx3048963b,1,nan,False
sx3048963b.2,sx3048963b,2,25.746569117593303,True
sx2711226b.1,sx2711226b,1,24.721917524670022,True
sx2711226b.2,sx2711226b,2,24.758100365337103,True
sx3217052c.1,sx3217052c,1,nan,False
sx3217052c.2,sx3217052c,2,nan,False
sx3217053c.1,sx3217053c,1,nan,False
sx3217053c.2,sx3217053c,2,nan,False
sx3086074c.1,sx3086074c,1,nan,False
sx3086074c.2,sx3086074c,2,nan,False
sx3067507c.1,sx3067507c,1,nan,False
sx3067507c.2,sx3067507c,2,nan,False
sx2955078a.1,sx2955078a,1,24.355832204321977,True
sx2955078a.2,sx2955078a,2,nan,False
sx2955077c.1,sx2955077c,1,24.287535493940723,True
sx2955077c.2,sx2955077c,2,nan,False
sx3160872c.1,sx3160872c,1,24.340609087660486,True
sx3160872c.2,sx3160872c,2,nan,False
sx3198348a.1,sx3198348a,1,24.404697281428174,True
sx3198348a.2,sx3198348a,2,nan,False
sx2711225c.1,sx2711225c,1,nan,False
sx2711225c.2,sx2711225c,2,nan,False
sx3030200c.1,sx3030200c,1,nan,False
sx3030200c.2,sx3030200c,2,nan,False
sx3048962a.1,sx3048962a,1,24.522060775482668,True
sx3048962a.2,sx3048962a,2,nan,False
sx3160861c.1,sx3160861c,1,nan,False
sx3160861c.2,sx3160861c,2,nan,False
sx3104850c.1,sx3104850c,1,nan,False
sx3104850c.2,sx3104850c,2,nan,False
sx3251799a.1,sx3251799a,1,24.981330876186643,True
sx3251799a.2,sx3251799a,2,nan,False
sx2936211c.1,sx2936211c,1,nan,False
sx2936211c.2,sx2936211c,2,nan,False
sx2842329c.1,sx2842329c,1,nan,False
sx2842329c.2,sx2842329c,2,nan,False
sx3104796c.1,sx3104796c,1,nan,False
sx3104796c.2,sx3104796c,2,nan,False
sx3236004c.1,sx3236004c,1,nan,False
sx3236004c.2,sx3236004c,2,nan,False
sx3160896c.1,sx3160896c,1,nan,False
sx3160896c.2,sx3160896c,2,nan,False
sx3123452c.1,sx3123452c,1,25.27949543322,True
sx3123452c.2,sx3123452c,2,nan,False
sx3254869b.1,sx3254869b,1,nan,False
sx3254869b.2,sx3254869b,2,25.678857536728934,True
sx3030126c.1,sx3030126c,1,nan,False
sx3030126c.2,sx3030126c,2,nan,False
sx2767341c.1,sx2767341c,1,25.373032316602007,True
sx2767341c.2,sx2767341c,2,nan,False
sx3254870c.1,sx3254870c,1,nan,False
sx3254870c.2,sx3254870c,2,nan,False
sx3048887b.1,sx3048887b,1,nan,False
sx3048887b.2,sx3048887b,2,25.562847456679396,True
sx2955005b.1,sx2955005b,1,nan,False
sx2955005b.2,sx2955005b,2,25.806249971741636,True
sx3216988b.1,sx3216988b,1,nan,False
sx3216988b.2,sx3216988b,2,25.98282930499565,True
sx3179607b.1,sx3179607b,1,nan,False
sx3179607b.2,sx3179607b,2,25.959258379220735,True
sx2898457a.1,sx2898457a,1,25.764068797092037,True
sx2898457a.2,sx2898457a,2,nan,False
sx2767340a.1,sx2767340a,1,25.689759178028172,True
sx2767340a.2,sx2767340a,2,nan,False
sx2767340b.1,sx2767340b,1,25.689759178028172,True
sx2767340b.2,sx2767340b,2,25.737100649473028,True
sx2767340c.1,sx2767340c,1,25.689759178028172,True
sx2767340c.2,sx2767340c,2,nan,False
sx3067478a.1,sx3067478a,1,25.65540054608271,True
sx3067478a.2,sx3067478a,2,nan,False
sx2730149c.1,sx2730149c,1,25.83257243878654,True
sx2730149c.2,sx2730149c,2,nan,False
sx2989566b.1,sx2989566b,1,26.09801111479794,True
sx2989566b.2,sx2989566b,2,26.14753852928045,True
sx2973791a.1,sx2973791a,1,25.872595454783752,True
sx2973791a.2,sx2973791a,2,nan,False
sx3029055b.1,sx3029055b,1,nan,False
sx3029055b.2,sx3029055b,2,25.69601109720227,True
sx3067506c.1,sx3067506c,1,nan,False
sx3067506c.2,sx3067506c,2,nan,False
sx2898515c.1,sx2898515c,1,nan,False
sx2898515c.2,sx2898515c,2,nan,False
sx3198347c.1,sx3198347c,1,nan,False
sx3198347c.2,sx3198347c,2,nan,False
sx3048946c.1,sx3048946c,1,nan,False
sx3048946c.2,sx3048946c,2,nan,False
sx3048966c.1,sx3048966c,1,nan,False
sx3048966c.2,sx3048966c,2,nan,False
sx2992656a.1,sx2992656a,1,23.85214826369407,True
sx2992656a.2,sx2992656a,2,nan,False
sx2973833b.1,sx2973833b,1,23.74741423345813,True
sx2973833b.2,sx2973833b,2,23.77059534316219,True
sx2786266a.1,sx2786266a,1,23.835798601110437,True
sx2786266a.2,sx2786266a,2,nan,False
sx2917333a.1,sx2917333a,1,23.95834826058292,True
sx2917333a.2,sx2917333a,2,nan,False
sx2842383a.1,sx2842383a,1,23.933889834087434,True
sx2842383a.2,sx2842383a,2,nan,False
sx2842384c.1,sx2842384c,1,24.058672015388932,True
sx2842384c.2,sx2842384c,2,nan,False
sx3160871c.1,sx3160871c,1,nan,False
sx3160871c.2,sx3160871c,2,nan,False
sx3030203c.1,sx3030203c,1,nan,False
sx3030203c.2,sx3030203c,2,nan,False
sx3179673c.1,sx3179673c,1,nan,False
sx3179673c.2,sx3179673c,2,nan,False
sx3048965b.1,sx3048965b,1,24.16924132073501,True
sx3048965b.2,sx3048965b,2,24.198775034913698,True
sx2692660a.1,sx2692660a,1,24.355780856268968,True
sx2692660a.2,sx2692660a,2,nan,False
sx2805034a.1,sx2805034a,1,24.2443690914911,True
sx2805034a.2,sx2805034a,2,nan,False
sx2898522a.1,sx2898522a,1,24.413173758574995,True
sx2898522a.2,sx2898522a,2,nan,False
sx2692661a.1,sx2692661a,1,24.187705050927377,True
sx2692661a.2,sx2692661a,2,nan,False
sx3067448c.1,sx3067448c,1,nan,False
sx3067448c.2,sx3067448c,2,nan,False
sx2935552c.1,sx2935552c,1,nan,False
sx2935552c.2,sx2935552c,2,nan,False
sx2822864c.1,sx2822864c,1,nan,False
sx2822864c.2,sx2822864c,2,nan,False
sx2822865c.1,sx2822865c,1,nan,False
sx2822865c.2,sx2822865c,2,nan,False
sx2916605c.1,sx2916605c,1,nan,False
sx2916605c.2,sx2916605c,2,nan,False
sx3085394c.1,sx3085394c,1,nan,False
sx3085394c.2,sx3085394c,2,nan,False
sx2804250c.1,sx2804250c,1,nan,False
sx2804250c.2,sx2804250c,2,nan,False
sx3048205c.1,sx3048205c,1,nan,False
sx3048205c.2,sx3048205c,2,nan,False
sx3048228c.1,sx3048228c,1,nan,False
sx3048228c.2,sx3048228c,2,nan,False
sx2935550c.1,sx2935550c,1,nan,False
sx2935550c.2,sx2935550c,2,nan,False
sx2710509c.1,sx2710509c,1,nan,False
sx2710509c.2,sx2710509c,2,nan,False
sx2822862c.1,sx2822862c,1,nan,False
sx2822862c.2,sx2822862c,2,nan,False
sx3066806c.1,sx3066806c,1,nan,False
sx3066806c.2,sx3066806c,2,nan,False
sx2916606c.1,sx2916606c,1,nan,False
sx2916606c.2,sx2916606c,2,nan,False
sx3235243c.1,sx3235243c,1,nan,False
sx3235243c.2,sx3235243c,2,nan,False
sx2786273b.1,sx2786273b,1,nan,False
sx2786273b.2,sx2786273b,2,31.594470552400853,True
sx2805036b.1,sx2805036b,1,nan,False
sx2805036b.2,sx2805036b,2,32.01340476635688,True
sx3178997c.1,sx3178997c,1,nan,False
sx3178997c.2,sx3178997c,2,nan,False
sx3122849b.1,sx3122849b,1,35.508441091914094,True
sx3122849b.2,sx3122849b,2,35.54443266409854,True
sx2766750c.1,sx2766750c,1,nan,False
sx2766750c.2,sx2766750c,2,nan,False
sx2763153a.1,sx2763153a,1,35.04548202814622,True
sx2763153a.2,sx2763153a,2,nan,False
sx3104157c.1,sx3104157c,1,nan,False
sx3104157c.2,sx3104157c,2,nan,False
sx_293471a.1,sx_293471a,1,34.5173539504475,True
sx_293471a.2,sx_293471a,2,nan,False
sx_293471b.1,sx_293471b,1,34.5173539504475,True
sx_293471b.2,sx_293471b,2,34.55489455942494,True
sx_293471c.1,sx_293471c,1,34.5173539504475,True
sx_293471c.2,sx_293471c,2,nan,False
sx2748158a.1,sx2748158a,1,33.88840843005266,True
sx2748158a.2,sx2748158a,2,nan,False
sx3104133a.1,sx3104133a,1,34.05321337844983,True
sx3104133a.2,sx3104133a,2,nan,False
sx2673346c.1,sx2673346c,1,33.983565562764696,True
sx2673346c.2,sx2673346c,2,nan,False
sx3254238b.1,sx3254238b,1,34.23201701794366,True
sx3254238b.2,sx3254238b,2,34.270014575497996,True
sx3048230c.1,sx3048230c,1,nan,False
sx3048230c.2,sx3048230c,2,nan,False
sx2841637c.1,sx2841637c,1,nan,False
sx2841637c.2,sx2841637c,2,nan,False
sx2897780b.1,sx2897780b,1,33.36827915413229,True
sx2897780b.2,sx2897780b,2,33.407720387638456,True
sx3235255b.1,sx3235255b,1,33.677677077283526,True
sx3235255b.2,sx3235255b,2,33.71698353629849,True
sx3216370a.1,sx3216370a,1,33.663395860134095,True
sx3216370a.2,sx3216370a,2,nan,False
sx3216370b.1,sx3216370b,1,33.663395860134095,True
sx3216370b.2,sx3216370b,2,33.70248922849044,True
sx3216370c.1,sx3216370c,1,33.663395860134095,True
sx3216370c.2,sx3216370c,2,nan,False
sx2785527a.1,sx2785527a,1,33.71591374197535,True
sx2785527a.2,sx2785527a,2,nan,False
sx2766729a.1,sx2766729a,1,33.81698076223705,True
sx2766729a.2,sx2766729a,2,nan,False
sx3197641a.1,sx3197641a,1,31.892829791137252,True
sx3197641a.2,sx3197641a,2,nan,False
sx2973161a.1,sx2973161a,1,32.02368347943091,True
sx2973161a.2,sx2973161a,2,nan,False
sx2673306c.1,sx2673306c,1,nan,False
sx2673306c.2,sx2673306c,2,nan,False
sx2785515c.1,sx2785515c,1,nan,False
sx2785515c.2,sx2785515c,2,nan,False
sx2729429a.1,sx2729429a,1,32.30902233892156,True
sx2729429a.2,sx2729429a,2,nan,False
sx2841633a.1,sx2841633a,1,32.12634468358371,True
sx2841633a.2,sx2841633a,2,nan,False
sx3235258a.1,sx3235258a,1,32.67419955602202,True
sx3235258a.2,sx3235258a,2,nan,False
sx3235258b.1,sx3235258b,1,32.61778543969363,True
sx3235258b.2,sx3235258b,2,32.702727165934704,True
sx3235258c.1,sx3235258c,1,32.67419955602202,True
sx3235258c.2,sx3235258c,2,nan,False
sx2729414a.1,sx2729414a,1,33.2074631429542,True
sx2729414a.2,sx2729414a,2,nan,False
sx2729414b.1,sx2729414b,1,33.2074631429542,True
sx2729414b.2,sx2729414b,2,33.29149628627321,True
sx2729414c.1,sx2729414c,1,33.2074631429542,True
sx2729414c.2,sx2729414c,2,nan,False
sx2973167b.1,sx2973167b,1,33.60657224977585,True
sx2973167b.2,sx2973167b,2,33.68988132613187,True
sx3189189b.1,sx3189189b,1,nan,False
sx3189189b.2,sx3189189b,2,33.99579951465407,True
sx3189188c.1,sx3189188c,1,nan,False
sx3189188c.2,sx3189188c,2,nan,False
sx2935560c.1,sx2935560c,1,nan,False
sx2935560c.2,sx2935560c,2,nan,False
sx2916610b.1,sx2916610b,1,nan,False
sx2916610b.2,sx2916610b,2,34.281333348807834,True
sx3216368c.1,sx3216368c,1,34.023771238033646,True
sx3216368c.2,sx3216368c,2,nan,False
sx3207907a.1,sx3207907a,1,33.946482170126025,True
sx3207907a.2,sx3207907a,2,nan,False
sx3207907b.1,sx3207907b,1,33.93707981740462,True
sx3207907b.2,sx3207907b,2,34.0197753187505,True
sx3207907c.1,sx3207907c,1,33.946482170126025,True
sx3207907c.2,sx3207907c,2,nan,False
sx2973166c.1,sx2973166c,1,nan,False
sx2973166c.2,sx2973166c,2,nan,False
sx2710532c.1,sx2710532c,1,nan,False
sx2710532c.2,sx2710532c,2,nan,False
sx2860504a.1,sx2860504a,1,34.32109823729235,True
sx2860504a.2,sx2860504a,2,nan,False
sx3085403a.1,sx3085403a,1,34.7086276403661,True
sx3085403a.2,sx3085403a,2,nan,False
sx2954355a.1,sx2954355a,1,34.03279745273822,True
sx2954355a.2,sx2954355a,2,nan,False
sx3122827a.1,sx3122827a,1,33.88298725540446,True
sx3122827a.2,sx3122827a,2,nan,False
sx3195751a.1,sx3195751a,1,34.24651373285778,True
sx3195751a.2,sx3195751a,2,nan,False
sx2766724c.1,sx2766724c,1,nan,False
sx2766724c.2,sx2766724c,2,nan,False
sx3197647a.1,sx3197647a,1,32.56373138559572,True
sx3197647a.2,sx3197647a,2,nan,False
sx2821010a.1,sx2821010a,1,33.79899101222762,True
sx2821010a.2,sx2821010a,2,nan,False
sx2895461a.1,sx2895461a,1,33.564956280547506,True
sx2895461a.2,sx2895461a,2,nan,False
sx2952014a.1,sx2952014a,1,33.43452123434365,True
sx2952014a.2,sx2952014a,2,nan,False
sx3010585a.1,sx3010585a,1,33.21978801379388,True
sx3010585a.2,sx3010585a,2,nan,False
sx3120502a.1,sx3120502a,1,33.288364397894554,True
sx3120502a.2,sx3120502a,2,nan,False
sx3101789a.1,sx3101789a,1,35.46084413531356,True
sx3101789a.2,sx3101789a,2,nan,False
sx3178982a.1,sx3178982a,1,35.76359004092266,True
sx3178982a.2,sx3178982a,2,nan,False
sx2841623a.1,sx2841623a,1,35.87029007807162,True
sx2841623a.2,sx2841623a,2,nan,False
sx3010563a.1,sx3010563a,1,35.78191427320513,True
sx3010563a.2,sx3010563a,2,nan,False
sx2766727b.1,sx2766727b,1,nan,False
sx2766727b.2,sx2766727b,2,37.58892363657449,True
sx3029507b.1,sx3029507b,1,nan,False
sx3029507b.2,sx3029507b,2,37.53932568563153,True
sx3197643b.1,sx3197643b,1,nan,False
sx3197643b.2,sx3197643b,2,37.334377742685824,True
sx3122823b.1,sx3122823b,1,nan,False
sx3122823b.2,sx3122823b,2,36.91783162223458,True
sx2766726b.1,sx2766726b,1,nan,False
sx2766726b.2,sx2766726b,2,36.7120712144646,True
sx2785526b.1,sx2785526b,1,nan,False
sx2785526b.2,sx2785526b,2,36.864200171306834,True
sx2973162b.1,sx2973162b,1,36.33056318236884,True
sx2973162b.2,sx2973162b,2,36.365206003619434,True
sx3010570a.1,sx3010570a,1,36.75799195351317,True
sx3010570a.2,sx3010570a,2,nan,False
sx2991919a.1,sx2991919a,1,36.48950928404283,True
sx2991919a.2,sx2991919a,2,nan,False
sx3122824a.1,sx3122824a,1,36.898626437766225,True
sx3122824a.2,sx3122824a,2,nan,False
sx2860489a.1,sx2860489a,1,36.89357604851772,True
sx2860489a.2,sx2860489a,2,nan,False
sx3104131a.1,sx3104131a,1,36.91551245641634,True
sx3104131a.2,sx3104131a,2,nan,False
sx3048210a.1,sx3048210a,1,37.247557869244886,True
sx3048210a.2,sx3048210a,2,nan,False
sx2897778a.1,sx2897778a,1,37.38921915421508,True
sx2897778a.2,sx2897778a,2,nan,False
sx3104132a.1,sx3104132a,1,37.70341720243636,True
sx3104132a.2,sx3104132a,2,nan,False
sx3085402a.1,sx3085402a,1,37.68719320957005,True
sx3085402a.2,sx3085402a,2,nan,False
sx2804252a.1,sx2804252a,1,37.86755515932938,True
sx2804252a.2,sx2804252a,2,nan,False
sx3048214a.1,sx3048214a,1,38.01312764465362,True
sx3048214a.2,sx3048214a,2,nan,False
sx3235275b.1,sx3235275b,1,35.90164131886123,True
sx3235275b.2,sx3235275b,2,35.93693954092683,True
sx2897779c.1,sx2897779c,1,nan,False
sx2897779c.2,sx2897779c,2,nan,False
sx2804261c.1,sx2804261c,1,nan,False
sx2804261c.2,sx2804261c,2,nan,False
sx3178980c.1,sx3178980c,1,nan,False
sx3178980c.2,sx3178980c,2,nan,False
sx2973164a.1,sx2973164a,1,37.52994503648311,True
sx2973164a.2,sx2973164a,2,nan,False
sx2748132a.1,sx2748132a,1,38.89140662557466,True
sx2748132a.2,sx2748132a,2,nan,False
sx3254205c.1,sx3254205c,1,nan,False
sx3254205c.2,sx3254205c,2,nan,False
sx3010569a.1,sx3010569a,1,34.34683350073193,True
sx3010569a.2,sx3010569a,2,nan,False
sx2673321a.1,sx2673321a,1,34.67779985121083,True
sx2673321a.2,sx2673321a,2,nan,False
sx2954354a.1,sx2954354a,1,34.570265992345206,True
sx2954354a.2,sx2954354a,2,nan,False
sx2710519a.1,sx2710519a,1,34.704557034187275,True
sx2710519a.2,sx2710519a,2,nan,False
sx3066819a.1,sx3066819a,1,34.82323176211706,True
sx3066819a.2,sx3066819a,2,nan,False
sx3029499a.1,sx3029499a,1,34.944162116858294,True
sx3029499a.2,sx3029499a,2,nan,False
sx2897772a.1,sx2897772a,1,34.8889665840731,True
sx2897772a.2,sx2897772a,2,nan,False
sx3122826a.1,sx3122826a,1,33.11419271258021,True
sx3122826a.2,sx3122826a,2,nan,False
sx2691953a.1,sx2691953a,1,33.59850408729604,True
sx2691953a.2,sx2691953a,2,nan,False
sx2860491a.1,sx2860491a,1,33.12450019482318,True
sx2860491a.2,sx2860491a,2,nan,False
sx2860491b.1,sx2860491b,1,33.021074314887784,True
sx2860491b.2,sx2860491b,2,33.061054576522636,True
sx2991922a.1,sx2991922a,1,32.78341140168174,True
sx2991922a.2,sx2991922a,2,nan,False
sx2991923a.1,sx2991923a,1,32.935044664720024,True
sx2991923a.2,sx2991923a,2,nan,False
sx3085400c.1,sx3085400c,1,nan,False
sx3085400c.2,sx3085400c,2,nan,False
sx3141399c.1,sx3141399c,1,nan,False
sx3141399c.2,sx3141399c,2,nan,False
sx2954351c.1,sx2954351c,1,nan,False
sx2954351c.2,sx2954351c,2,nan,False
sx3235266c.1,sx3235266c,1,nan,False
sx3235266c.2,sx3235266c,2,nan,False
sx2841626c.1,sx2841626c,1,nan,False
sx2841626c.2,sx2841626c,2,nan,False
sx2954350c.1,sx2954350c,1,nan,False
sx2954350c.2,sx2954350c,2,nan,False
sx3178977c.1,sx3178977c,1,nan,False
sx3178977c.2,sx3178977c,2,nan,False
sx3160105c.1,sx3160105c,1,nan,False
sx3160105c.2,sx3160105c,2,nan,False
sx2691945c.1,sx2691945c,1,nan,False
sx2691945c.2,sx2691945c,2,nan,False
sx3010567c.1,sx3010567c,1,nan,False
sx3010567c.2,sx3010567c,2,nan,False
sx2841625c.1,sx2841625c,1,nan,False
sx2841625c.2,sx2841625c,2,nan,False
sx2897776c.1,sx2897776c,1,nan,False
sx2897776c.2,sx2897776c,2,nan,False
sx3254215c.1,sx3254215c,1,nan,False
sx3254215c.2,sx3254215c,2,nan,False
sx3122819c.1,sx3122819c,1,nan,False
sx3122819c.2,sx3122819c,2,nan,False
sx2748133c.1,sx2748133c,1,nan,False
sx2748133c.2,sx2748133c,2,nan,False
sx3085399c.1,sx3085399c,1,nan,False
sx3085399c.2,sx3085399c,2,nan,False
sx2879074a.1,sx2879074a,1,35.67224460869368,True
sx2879074a.2,sx2879074a,2,nan,False
sx3122820a.1,sx3122820a,1,35.74100507102012,True
sx3122820a.2,sx3122820a,2,nan,False
sx2710517a.1,sx2710517a,1,35.44105566840625,True
sx2710517a.2,sx2710517a,2,nan,False
sx3197639a.1,sx3197639a,1,35.298569107456224,True
sx3197639a.2,sx3197639a,2,nan,False
sx3160106a.1,sx3160106a,1,34.85556824234885,True
sx3160106a.2,sx3160106a,2,nan,False
sx3008248a.1,sx3008248a,1,38.95197638072125,True
sx3008248a.2,sx3008248a,2,nan,False
sx3235247a.1,sx3235247a,1,35.61259632154834,True
sx3235247a.2,sx3235247a,2,nan,False
sx2673312a.1,sx2673312a,1,35.33619329851798,True
sx2673312a.2,sx2673312a,2,nan,False
sx2691944a.1,sx2691944a,1,35.16234947326598,True
sx2691944a.2,sx2691944a,2,nan,False
sx2710516a.1,sx2710516a,1,35.0029550337515,True
sx2710516a.2,sx2710516a,2,nan,False
sx2804256b.1,sx2804256b,1,34.80356420934521,True
sx2804256b.2,sx2804256b,2,34.36412225591586,True
sx2954347b.1,sx2954347b,1,nan,False
sx2954347b.2,sx2954347b,2,34.45343148837008,True
sx3178975b.1,sx3178975b,1,nan,False
sx3178975b.2,sx3178975b,2,35.27507450571589,True
sx3160100b.1,sx3160100b,1,nan,False
sx3160100b.2,sx3160100b,2,36.38098446726969,True
sx3085390b.1,sx3085390b,1,nan,False
sx3085390b.2,sx3085390b,2,36.47703096782134,True
sx2748152b.1,sx2748152b,1,nan,False
sx2748152b.2,sx2748152b,2,34.803125072479546,True
sx2729434b.1,sx2729434b,1,nan,False
sx2729434b.2,sx2729434b,2,35.335713612359754,True
sx2916608c.1,sx2916608c,1,35.80981487242306,True
sx2916608c.2,sx2916608c,2,nan,False
sx2673313b.1,sx2673313b,1,36.06801180346835,True
sx2673313b.2,sx2673313b,2,35.52198952217031,True
sx2804257b.1,sx2804257b,1,nan,False
sx2804257b.2,sx2804257b,2,35.85513959153178,True
sx2860485b.1,sx2860485b,1,nan,False
sx2860485b.2,sx2860485b,2,35.94049251688824,True
sx2860506b.1,sx2860506b,1,nan,False
sx2860506b.2,sx2860506b,2,36.239780848216796,True
sx3122815b.1,sx3122815b,1,nan,False
sx3122815b.2,sx3122815b,2,36.09233465019609,True
sx3254213b.1,sx3254213b,1,36.66347163070739,True
sx3254213b.2,sx3254213b,2,35.97541504661031,True
sx2785543b.1,sx2785543b,1,nan,False
sx2785543b.2,sx2785543b,2,36.52565707535531,True
sx3235248c.1,sx3235248c,1,nan,False
sx3235248c.2,sx3235248c,2,nan,False
sx2764412a.1,sx2764412a,1,37.5461863491775,True
sx2764412a.2,sx2764412a,2,nan,False
sx3027132a.1,sx3027132a,1,38.781373612918536,True
sx3027132a.2,sx3027132a,2,nan,False
sx3101787a.1,sx3101787a,1,38.66916729250431,True
sx3101787a.2,sx3101787a,2,nan,False
sx3101788a.1,sx3101788a,1,38.56395364627326,True
sx3101788a.2,sx3101788a,2,nan,False
sx2876812a.1,sx2876812a,1,38.68273573979795,True
sx2876812a.2,sx2876812a,2,nan,False
sx2970811a.1,sx2970811a,1,38.74755434078046,True
sx2970811a.2,sx2970811a,2,nan,False
sx2916607c.1,sx2916607c,1,nan,False
sx2916607c.2,sx2916607c,2,nan,False
sx3010564c.1,sx3010564c,1,nan,False
sx3010564c.2,sx3010564c,2,nan,False
sx2710515c.1,sx2710515c,1,nan,False
sx2710515c.2,sx2710515c,2,nan,False
sx2766746c.1,sx2766746c,1,nan,False
sx2766746c.2,sx2766746c,2,nan,False
sx2691941c.1,sx2691941c,1,nan,False
sx2691941c.2,sx2691941c,2,nan,False
sx3235241c.1,sx3235241c,1,nan,False
sx3235241c.2,sx3235241c,2,nan,False
sx3104118c.1,sx3104118c,1,nan,False
sx3104118c.2,sx3104118c,2,nan,False
sx2748126c.1,sx2748126c,1,nan,False
sx2748126c.2,sx2748126c,2,nan,False
sx3235267c.1,sx3235267c,1,nan,False
sx3235267c.2,sx3235267c,2,nan,False
sx2841645c.1,sx2841645c,1,nan,False
sx2841645c.2,sx2841645c,2,nan,False
sx3066829c.1,sx3066829c,1,nan,False
sx3066829c.2,sx3066829c,2,nan,False
sx3254203b.1,sx3254203b,1,nan,False
sx3254203b.2,sx3254203b,2,38.71006252789894,True
sx2860480b.1,sx2860480b,1,nan,False
sx2860480b.2,sx2860480b,2,38.45393289470513,True
sx3197624b.1,sx3197624b,1,nan,False
sx3197624b.2,sx3197624b,2,38.178093992742006,True
sx2822860b.1,sx2822860b,1,nan,False
sx2822860b.2,sx2822860b,2,38.42330628804429,True
sx3048199b.1,sx3048199b,1,nan,False
sx3048199b.2,sx3048199b,2,38.55653911057182,True
sx2710508b.1,sx2710508b,1,nan,False
sx2710508b.2,sx2710508b,2,38.26132288164374,True
sx3122810b.1,sx3122810b,1,nan,False
sx3122810b.2,sx3122810b,2,37.086731350402886,True
sx2897765b.1,sx2897765b,1,nan,False
sx2897765b.2,sx2897765b,2,36.46502405455881,True
sx2804248b.1,sx2804248b,1,nan,False
sx2804248b.2,sx2804248b,2,36.28695372167615,True
sx2785512b.1,sx2785512b,1,nan,False
sx2785512b.2,sx2785512b,2,37.172052569684894,True
sx2935553b.1,sx2935553b,1,nan,False
sx2935553b.2,sx2935553b,2,35.121805040485775,True
sx3048207b.1,sx3048207b,1,nan,False
sx3048207b.2,sx3048207b,2,35.062234534711486,True
sx2729427b.1,sx2729427b,1,nan,False
sx2729427b.2,sx2729427b,2,34.842080484976364,True
sx2748131b.1,sx2748131b,1,nan,False
sx2748131b.2,sx2748131b,2,34.73498796452526,True
sx2879066b.1,sx2879066b,1,nan,False
sx2879066b.2,sx2879066b,2,35.224521700956295,True
sx2973152b.1,sx2973152b,1,nan,False
sx2973152b.2,sx2973152b,2,34.45487089345578,True
sx2879068b.1,sx2879068b,1,nan,False
sx2879068b.2,sx2879068b,2,34.13970148178624,True
sx2860484b.1,sx2860484b,1,nan,False
sx2860484b.2,sx2860484b,2,34.1789108024597,True
sx3085397b.1,sx3085397b,1,nan,False
sx3085397b.2,sx3085397b,2,35.35400058757786,True
sx3066812a.1,sx3066812a,1,33.91455248510623,True
sx3066812a.2,sx3066812a,2,nan,False
sx3216344b.1,sx3216344b,1,nan,False
sx3216344b.2,sx3216344b,2,33.87087520814267,True
sx2860501b.1,sx2860501b,1,nan,False
sx2860501b.2,sx2860501b,2,33.943727041956016,True
sx3197632b.1,sx3197632b,1,nan,False
sx3197632b.2,sx3197632b,2,34.258771220535486,True
sx2710514b.1,sx2710514b,1,nan,False
sx2710514b.2,sx2710514b,2,34.10926184651526,True
sx3048203b.1,sx3048203b,1,nan,False
sx3048203b.2,sx3048203b,2,36.0605598522094,True
sx2860500b.1,sx2860500b,1,nan,False
sx2860500b.2,sx2860500b,2,35.003795932831544,True
sx3197660b.1,sx3197660b,1,nan,False
sx3197660b.2,sx3197660b,2,35.82952904803416,True
sx2897800b.1,sx2897800b,1,nan,False
sx2897800b.2,sx2897800b,2,35.30937833416359,True
sx3235246b.1,sx3235246b,1,nan,False
sx3235246b.2,sx3235246b,2,36.04641030562454,True
sx2710512b.1,sx2710512b,1,nan,False
sx2710512b.2,sx2710512b,2,36.15685800785728,True
sx2897791b.1,sx2897791b,1,nan,False
sx2897791b.2,sx2897791b,2,31.875912447909563,True
sx2916618b.1,sx2916618b,1,nan,False
sx2916618b.2,sx2916618b,2,31.587804011075406,True
sx3160113b.1,sx3160113b,1,nan,False
sx3160113b.2,sx3160113b,2,31.59239418954419,True
sx2804269b.1,sx2804269b,1,nan,False
sx2804269b.2,sx2804269b,2,31.65114876475773,True
sx2989564b.1,sx2989564b,1,nan,False
sx2989564b.2,sx2989564b,2,31.807799760185635,True
sx2897789b.1,sx2897789b,1,nan,False
sx2897789b.2,sx2897789b,2,31.96056885045637,True
sx2690941b.1,sx2690941b,1,nan,False
sx2690941b.2,sx2690941b,2,37.95726986537865,True
sx3234185b.1,sx3234185b,1,nan,False
sx3234185b.2,sx3234185b,2,37.95163871031549,True
sx3065750b.1,sx3065750b,1,nan,False
sx3065750b.2,sx3065750b,2,38.14231674320523,True
sx3159037b.1,sx3159037b,1,nan,False
sx3159037b.2,sx3159037b,2,37.654461672581924,True
sx2748124b.1,sx2748124b,1,nan,False
sx2748124b.2,sx2748124b,2,37.68648105905762,True
sx2710504b.1,sx2710504b,1,nan,False
sx2710504b.2,sx2710504b,2,37.3622395814542,True
sx2954346b.1,sx2954346b,1,nan,False
sx2954346b.2,sx2954346b,2,36.47448750256922,True
sx2710505b.1,sx2710505b,1,nan,False
sx2710505b.2,sx2710505b,2,37.04571295995567,True
sx3178974b.1,sx3178974b,1,nan,False
sx3178974b.2,sx3178974b,2,37.002418271522544,True
sx2691943b.1,sx2691943b,1,nan,False
sx2691943b.2,sx2691943b,2,37.52356199281636,True
sx2916603b.1,sx2916603b,1,nan,False
sx2916603b.2,sx2916603b,2,36.820930757597665,True
sx2804254a.1,sx2804254a,1,34.562664199504674,True
sx2804254a.2,sx2804254a,2,nan,False
sx2710513b.1,sx2710513b,1,nan,False
sx2710513b.2,sx2710513b,2,36.70729180572974,True
sx2973149b.1,sx2973149b,1,nan,False
sx2973149b.2,sx2973149b,2,37.56461170646345,True
sx3010562b.1,sx3010562b,1,nan,False
sx3010562b.2,sx3010562b,2,35.06832120360228,True
sx3254228b.1,sx3254228b,1,nan,False
sx3254228b.2,sx3254228b,2,31.724262233328382,True
sx2936213b.1,sx2936213b,1,nan,False
sx2936213b.2,sx2936213b,2,26.839721138149553,True
sx2692633c.1,sx2692633c,1,26.622915659198274,True
sx2692633c.2,sx2692633c,2,nan,False
sx3179646b.1,sx3179646b,1,26.495681666484614,True
sx3179646b.2,sx3179646b,2,26.555898020050577,True
sx3104830c.1,sx3104830c,1,26.414271803115252,True
sx3104830c.2,sx3104830c,2,nan,False
sx3142078b.1,sx3142078b,1,nan,False
sx3142078b.2,sx3142078b,2,36.01202903307913,True
sx2879752b.1,sx2879752b,1,nan,False
sx2879752b.2,sx2879752b,2,36.2234178986349,True
sx2952003b.1,sx2952003b,1,26.738916286418874,True
sx2952003b.2,sx2952003b,2,26.78727151190649,True
sx2990826a.1,sx2990826a,1,27.757210453002184,True
sx2990826a.2,sx2990826a,2,nan,False
sx2990826b.1,sx2990826b,1,27.757210453002184,True
sx2990826b.2,sx2990826b,2,27.769847899463933,True
sx2990826c.1,sx2990826c,1,27.757210453002184,True
sx2990826c.2,sx2990826c,2,nan,False
sx3197626c.1,sx3197626c,1,nan,False
sx3197626c.2,sx3197626c,2,nan,False
sx3066807c.1,sx3066807c,1,nan,False
sx3066807c.2,sx3066807c,2,nan,False
sx3197627c.1,sx3197627c,1,nan,False
sx3197627c.2,sx3197627c,2,nan,False
sx3216343c.1,sx3216343c,1,nan,False
sx3216343c.2,sx3216343c,2,nan,False
sx3085393c.1,sx3085393c,1,nan,False
sx3085393c.2,sx3085393c,2,nan,False
sx2897770c.1,sx2897770c,1,nan,False
sx2897770c.2,sx2897770c,2,nan,False
sx2748128c.1,sx2748128c,1,nan,False
sx2748128c.2,sx2748128c,2,nan,False
sx3085392c.1,sx3085392c,1,nan,False
sx3085392c.2,sx3085392c,2,nan,False
sx3029497c.1,sx3029497c,1,nan,False
sx3029497c.2,sx3029497c,2,nan,False
sx2673307c.1,sx2673307c,1,nan,False
sx2673307c.2,sx2673307c,2,nan,False
sx2729406c.1,sx2729406c,1,nan,False
sx2729406c.2,sx2729406c,2,nan,False
sx2897768c.1,sx2897768c,1,nan,False
sx2897768c.2,sx2897768c,2,nan,False
sx2822863c.1,sx2822863c,1,nan,False
sx2822863c.2,sx2822863c,2,nan,False
sx2841619c.1,sx2841619c,1,nan,False
sx2841619c.2,sx2841619c,2,nan,False
sx2804282c.1,sx2804282c,1,nan,False
sx2804282c.2,sx2804282c,2,nan,False
sx3104154c.1,sx3104154c,1,nan,False
sx3104154c.2,sx3104154c,2,nan,False
sx2897806c.1,sx2897806c,1,nan,False
sx2897806c.2,sx2897806c,2,nan,False
sx3216342b.1,sx3216342b,1,nan,False
sx3216342b.2,sx3216342b,2,32.604331216834154,True
sx2879063b.1,sx2879063b,1,nan,False
sx2879063b.2,sx2879063b,2,32.69321260067366,True
sx3048227a.1,sx3048227a,1,32.45028962696341,True
sx3048227a.2,sx3048227a,2,nan,False
sx3216367b.1,sx3216367b,1,32.30956938357499,True
sx3216367b.2,sx3216367b,2,32.402300743585954,True
sx3010561a.1,sx3010561a,1,32.68867404409745,True
sx3010561a.2,sx3010561a,2,nan,False
sx2991939b.1,sx2991939b,1,32.20714146039798,True
sx2991939b.2,sx2991939b,2,32.29961700935263,True
sx2673308b.1,sx2673308b,1,32.06531065493424,True
sx2673308b.2,sx2673308b,2,32.15747894942521,True
sx3066808c.1,sx3066808c,1,nan,False
sx3066808c.2,sx3066808c,2,nan,False
sx3141396c.1,sx3141396c,1,nan,False
sx3141396c.2,sx3141396c,2,nan,False
sx3066810c.1,sx3066810c,1,nan,False
sx3066810c.2,sx3066810c,2,nan,False
sx2897769c.1,sx2897769c,1,nan,False
sx2897769c.2,sx2897769c,2,nan,False
sx2766749b.1,sx2766749b,1,32.9143360629753,True
sx2766749b.2,sx2766749b,2,33.00857781193376,True
sx2973178b.1,sx2973178b,1,nan,False
sx2973178b.2,sx2973178b,2,33.260790367763065,True
sx3029518b.1,sx3029518b,1,nan,False
sx3029518b.2,sx3029518b,2,33.16143680249968,True
sx2935549b.1,sx2935549b,1,33.17155037832148,True
sx2935549b.2,sx2935549b,2,33.26647794559614,True
sx3122811a.1,sx3122811a,1,33.375173735289884,True
sx3122811a.2,sx3122811a,2,nan,False
sx3254207a.1,sx3254207a,1,34.08797715538829,True
sx3254207a.2,sx3254207a,2,nan,False
sx2822877b.1,sx2822877b,1,34.0346866582137,True
sx2822877b.2,sx2822877b,2,34.13162899296986,True
sx2841618a.1,sx2841618a,1,34.26809279762971,True
sx2841618a.2,sx2841618a,2,nan,False
sx3066805a.1,sx3066805a,1,34.44964648390666,True
sx3066805a.2,sx3066805a,2,nan,False
sx2785514a.1,sx2785514a,1,34.52260912663869,True
sx2785514a.2,sx2785514a,2,nan,False
sx3235244a.1,sx3235244a,1,34.64793354972623,True
sx3235244a.2,sx3235244a,2,nan,False
sx2785513a.1,sx2785513a,1,34.896615583696956,True
sx2785513a.2,sx2785513a,2,nan,False
sx3160101a.1,sx3160101a,1,34.94606799073,True
sx3160101a.2,sx3160101a,2,nan,False
sx3010559a.1,sx3010559a,1,35.0046163938043,True
sx3010559a.2,sx3010559a,2,nan,False
sx3159448a.1,sx3159448a,1,34.553355142173544,True
sx3159448a.2,sx3159448a,2,nan,False
sx2973156b.1,sx2973156b,1,nan,False
sx2973156b.2,sx2973156b,2,34.43680124689857,True
sx3029501b.1,sx3029501b,1,nan,False
sx3029501b.2,sx3029501b,2,34.87160026773065,True
sx2691949b.1,sx2691949b,1,nan,False
sx2691949b.2,sx2691949b,2,35.513934054195296,True
sx3104127b.1,sx3104127b,1,nan,False
sx3104127b.2,sx3104127b,2,35.479459468493836,True
sx2897774b.1,sx2897774b,1,nan,False
sx2897774b.2,sx2897774b,2,34.86506508165216,True
sx2879061b.1,sx2879061b,1,nan,False
sx2879061b.2,sx2879061b,2,35.15938157217359,True
sx3066813b.1,sx3066813b,1,nan,False
sx3066813b.2,sx3066813b,2,35.072969063711014,True
sx2991910b.1,sx2991910b,1,nan,False
sx2991910b.2,sx2991910b,2,35.23817710235937,True
sx2879072b.1,sx2879072b,1,nan,False
sx2879072b.2,sx2879072b,2,35.324956541029074,True
sx3197635b.1,sx3197635b,1,nan,False
sx3197635b.2,sx3197635b,2,35.87056056457896,True
sx2804258b.1,sx2804258b,1,nan,False
sx2804258b.2,sx2804258b,2,35.82781986855673,True
sx3235250b.1,sx3235250b,1,nan,False
sx3235250b.2,sx3235250b,2,35.99972890816862,True
sx2954349b.1,sx2954349b,1,nan,False
sx2954349b.2,sx2954349b,2,36.313936089337055,True
sx2766722b.1,sx2766722b,1,nan,False
sx2766722b.2,sx2766722b,2,36.403193568859194,True
sx2879071b.1,sx2879071b,1,nan,False
sx2879071b.2,sx2879071b,2,36.478810681610526,True
sx3029504b.1,sx3029504b,1,nan,False
sx3029504b.2,sx3029504b,2,36.593524013320625,True
sx2691948b.1,sx2691948b,1,nan,False
sx2691948b.2,sx2691948b,2,36.89132966600838,True
sx2710546b.1,sx2710546b,1,nan,False
sx2710546b.2,sx2710546b,2,36.978554391804174,True
sx2785547b.1,sx2785547b,1,nan,False
sx2785547b.2,sx2785547b,2,36.8644122833967,True
sx3254214b.1,sx3254214b,1,nan,False
sx3254214b.2,sx3254214b,2,37.109761128846046,True
sx3160104b.1,sx3160104b,1,nan,False
sx3160104b.2,sx3160104b,2,37.37825467142848,True
sx3216349b.1,sx3216349b,1,nan,False
sx3216349b.2,sx3216349b,2,37.60255294769934,True
sx2879077b.1,sx2879077b,1,nan,False
sx2879077b.2,sx2879077b,2,37.71326478475311,True
sx2991916b.1,sx2991916b,1,nan,False
sx2991916b.2,sx2991916b,2,37.993753377370126,True
sx3235245c.1,sx3235245c,1,nan,False
sx3235245c.2,sx3235245c,2,nan,False
sx2766716c.1,sx2766716c,1,nan,False
sx2766716c.2,sx2766716c,2,nan,False
sx3254209c.1,sx3254209c,1,nan,False
sx3254209c.2,sx3254209c,2,nan,False
sx3254204a.1,sx3254204a,1,32.92447690424815,True
sx3254204a.2,sx3254204a,2,nan,False
sx2841627a.1,sx2841627a,1,38.52036505340434,True
sx2841627a.2,sx2841627a,2,nan,False
sx3216348a.1,sx3216348a,1,38.16938094802288,True
sx3216348a.2,sx3216348a,2,nan,False
sx2691947a.1,sx2691947a,1,38.287808506899594,True
sx2691947a.2,sx2691947a,2,nan,False
sx2841648a.1,sx2841648a,1,38.11840186115128,True
sx2841648a.2,sx2841648a,2,nan,False
sx2973157a.1,sx2973157a,1,37.41179065123792,True
sx2973157a.2,sx2973157a,2,nan,False
sx3178978a.1,sx3178978a,1,35.911822149468335,True
sx3178978a.2,sx3178978a,2,nan,False
sx2879075a.1,sx2879075a,1,36.32062460547395,True
sx2879075a.2,sx2879075a,2,nan,False
sx3082992a.1,sx3082992a,1,38.000599208009476,True
sx3082992a.2,sx3082992a,2,nan,False
sx2728247a.1,sx2728247a,1,27.711112554291716,True
sx2728247a.2,sx2728247a,2,nan,False
sx2728247b.1,sx2728247b,1,27.626491379799127,True
sx2728247b.2,sx2728247b,2,27.639229891681374,True
sx2728247c.1,sx2728247c,1,27.711112554291716,True
sx2728247c.2,sx2728247c,2,nan,False
sx3197633a.1,sx3197633a,1,34.399892150801115,True
sx3197633a.2,sx3197633a,2,nan,False
sx2879069a.1,sx2879069a,1,34.250080735145126,True
sx2879069a.2,sx2879069a,2,nan,False
sx3178971a.1,sx3178971a,1,34.88492440169704,True
sx3178971a.2,sx3178971a,2,nan,False
sx2973154a.1,sx2973154a,1,34.08015900937258,True
sx2973154a.2,sx2973154a,2,nan,False
sx2973155a.1,sx2973155a,1,33.19489718560562,True
sx2973155a.2,sx2973155a,2,nan,False
sx3122814c.1,sx3122814c,1,nan,False
sx3122814c.2,sx3122814c,2,nan,False
sx2991908a.1,sx2991908a,1,32.783951626040846,True
sx2991908a.2,sx2991908a,2,nan,False
sx2860481c.1,sx2860481c,1,nan,False
sx2860481c.2,sx2860481c,2,nan,False
sx2841621c.1,sx2841621c,1,32.317580395723525,True
sx2841621c.2,sx2841621c,2,nan,False
sx2804255b.1,sx2804255b,1,nan,False
sx2804255b.2,sx2804255b,2,32.472693379573904,True
sx2954345c.1,sx2954345c,1,nan,False
sx2954345c.2,sx2954345c,2,nan,False
sx2935555a.1,sx2935555a,1,31.6838976642124,True
sx2935555a.2,sx2935555a,2,nan,False
sx2897773a.1,sx2897773a,1,31.82729194407122,True
sx2897773a.2,sx2897773a,2,nan,False
sx2748127a.1,sx2748127a,1,32.114515114412605,True
sx2748127a.2,sx2748127a,2,nan,False
sx3197631a.1,sx3197631a,1,32.013074313403024,True
sx3197631a.2,sx3197631a,2,nan,False
sx2935554a.1,sx2935554a,1,31.617944911075217,True
sx2935554a.2,sx2935554a,2,nan,False
sx2822866b.1,sx2822866b,1,31.199778991307355,True
sx2822866b.2,sx2822866b,2,31.288197141965732,True
sx3178972c.1,sx3178972c,1,nan,False
sx3178972c.2,sx3178972c,2,nan,False
sx3104123c.1,sx3104123c,1,nan,False
sx3104123c.2,sx3104123c,2,nan,False
sx2973153a.1,sx2973153a,1,31.014569609395764,True
sx2973153a.2,sx2973153a,2,nan,False
sx3216123a.1,sx3216123a,1,30.746298520983533,True
sx3216123a.2,sx3216123a,2,nan,False
sx2972930a.1,sx2972930a,1,30.512363403982953,True
sx2972930a.2,sx2972930a,2,nan,False
sx3029506b.1,sx3029506b,1,nan,False
sx3029506b.2,sx3029506b,2,30.318163302806344,True
sx2785521c.1,sx2785521c,1,nan,False
sx2785521c.2,sx2785521c,2,nan,False
sx3197661c.1,sx3197661c,1,nan,False
sx3197661c.2,sx3197661c,2,nan,False
sx3216345b.1,sx3216345b,1,30.62458571302477,True
sx3216345b.2,sx3216345b,2,30.716189958333217,True
sx2879070b.1,sx2879070b,1,30.58343861270729,True
sx2879070b.2,sx2879070b,2,30.67479920143156,True
sx2973160b.1,sx2973160b,1,nan,False
sx2973160b.2,sx2973160b,2,30.56512222978734,True
sx3066815c.1,sx3066815c,1,29.991150061013187,True
sx3066815c.2,sx3066815c,2,nan,False
sx2897777c.1,sx2897777c,1,30.00226240109439,True
sx2897777c.2,sx2897777c,2,nan,False
sx2991914c.1,sx2991914c,1,30.71511552762918,True
sx2991914c.2,sx2991914c,2,nan,False
sx2822869a.1,sx2822869a,1,30.905988833939723,True
sx2822869a.2,sx2822869a,2,nan,False
sx2729410c.1,sx2729410c,1,nan,False
sx2729410c.2,sx2729410c,2,nan,False
sx3197640c.1,sx3197640c,1,nan,False
sx3197640c.2,sx3197640c,2,nan,False
sx2954353a.1,sx2954353a,1,29.745011303654636,True
sx2954353a.2,sx2954353a,2,nan,False
sx3160109b.1,sx3160109b,1,30.617301827282922,True
sx3160109b.2,sx3160109b,2,30.705806793379857,True
sx3104136b.1,sx3104136b,1,30.758774581122765,True
sx3104136b.2,sx3104136b,2,30.847538943199325,True
sx2822872b.1,sx2822872b,1,30.87688719362995,True
sx2822872b.2,sx2822872b,2,30.96604046738274,True
sx3122821b.1,sx3122821b,1,31.364933714328792,True
sx3122821b.2,sx3122821b,2,31.455305871488747,True
sx2860482a.1,sx2860482a,1,31.703258834982996,True
sx2860482a.2,sx2860482a,2,nan,False
sx3010560b.1,sx3010560b,1,31.689110894900843,True
sx3010560b.2,sx3010560b,2,31.78029267608151,True
sx3104119a.1,sx3104119a,1,31.93440670186897,True
sx3104119a.2,sx3104119a,2,nan,False
sx2785517c.1,sx2785517c,1,nan,False
sx2785517c.2,sx2785517c,2,nan,False
sx3066809c.1,sx3066809c,1,nan,False
sx3066809c.2,sx3066809c,2,nan,False
sx2954344c.1,sx2954344c,1,nan,False
sx2954344c.2,sx2954344c,2,nan,False
sx2897767c.1,sx2897767c,1,nan,False
sx2897767c.2,sx2897767c,2,nan,False
sx3254208c.1,sx3254208c,1,nan,False
sx3254208c.2,sx3254208c,2,nan,False
sx2748125c.1,sx2748125c,1,nan,False
sx2748125c.2,sx2748125c,2,nan,False
sx2673303c.1,sx2673303c,1,nan,False
sx2673303c.2,sx2673303c,2,nan,False
sx3104117c.1,sx3104117c,1,nan,False
sx3104117c.2,sx3104117c,2,nan,False
sx3010568a.1,sx3010568a,1,29.503756195853477,True
sx3010568a.2,sx3010568a,2,nan,False
sx3029505c.1,sx3029505c,1,nan,False
sx3029505c.2,sx3029505c,2,nan,False
sx2673318c.1,sx2673318c,1,nan,False
sx2673318c.2,sx2673318c,2,nan,False
sx3178979c.1,sx3178979c,1,nan,False
sx3178979c.2,sx3178979c,2,nan,False
sx3104129a.1,sx3104129a,1,29.454260604317078,True
sx3104129a.2,sx3104129a,2,nan,False
sx3141401a.1,sx3141401a,1,29.350438048314672,True
sx3141401a.2,sx3141401a,2,nan,False
sx2841632b.1,sx2841632b,1,29.11078855308263,True
sx2841632b.2,sx2841632b,2,29.198578562789027,True
sx2748157a.1,sx2748157a,1,29.211819234465935,True
sx2748157a.2,sx2748157a,2,nan,False
sx2785537a.1,sx2785537a,1,29.438131667141402,True
sx2785537a.2,sx2785537a,2,nan,False
sx2691967b.1,sx2691967b,1,28.739330842076416,True
sx2691967b.2,sx2691967b,2,28.82609921735629,True
sx2916620a.1,sx2916620a,1,28.571371902559306,True
sx2916620a.2,sx2916620a,2,nan,False
sx2916620b.1,sx2916620b,1,28.571371902559306,True
sx2916620b.2,sx2916620b,2,28.657982881294544,True
sx2916620c.1,sx2916620c,1,28.571371902559306,True
sx2916620c.2,sx2916620c,2,nan,False
sx2766738c.1,sx2766738c,1,28.284815387222228,True
sx2766738c.2,sx2766738c,2,nan,False
sx3066814b.1,sx3066814b,1,28.234441407363413,True
sx3066814b.2,sx3066814b,2,28.316555743284177,True
sx2820535b.1,sx2820535b,1,nan,False
sx2820535b.2,sx2820535b,2,28.515929788353326,True
sx2785534b.1,sx2785534b,1,nan,False
sx2785534b.2,sx2785534b,2,28.78149837438327,True
sx2691965b.1,sx2691965b,1,nan,False
sx2691965b.2,sx2691965b,2,29.05488338394545,True
sx2748144a.1,sx2748144a,1,28.501465933601946,True
sx2748144a.2,sx2748144a,2,nan,False
sx2897792a.1,sx2897792a,1,28.65461129767407,True
sx2897792a.2,sx2897792a,2,nan,False
sx2785538a.1,sx2785538a,1,28.792777884333013,True
sx2785538a.2,sx2785538a,2,nan,False
sx2897793a.1,sx2897793a,1,28.99935474061928,True
sx2897793a.2,sx2897793a,2,nan,False
sx3254231a.1,sx3254231a,1,29.144162686504202,True
sx3254231a.2,sx3254231a,2,nan,False
sx3254230a.1,sx3254230a,1,29.38011101327308,True
sx3254230a.2,sx3254230a,2,nan,False
sx2673331b.1,sx2673331b,1,nan,False
sx2673331b.2,sx2673331b,2,29.73520183935375,True
sx2935567b.1,sx2935567b,1,nan,False
sx2935567b.2,sx2935567b,2,29.789384602036336,True
sx2804272b.1,sx2804272b,1,nan,False
sx2804272b.2,sx2804272b,2,29.4695533635262,True
sx3160115b.1,sx3160115b,1,nan,False
sx3160115b.2,sx3160115b,2,29.569414175510406,True
sx3254227b.1,sx3254227b,1,nan,False
sx3254227b.2,sx3254227b,2,29.234226580610922,True
sx2860499b.1,sx2860499b,1,nan,False
sx2860499b.2,sx2860499b,2,29.507834067670696,True
sx3254229b.1,sx3254229b,1,nan,False
sx3254229b.2,sx3254229b,2,29.643932064011462,True
sx2822873b.1,sx2822873b,1,nan,False
sx2822873b.2,sx2822873b,2,30.176465124373273,True
sx3178988b.1,sx3178988b,1,nan,False
sx3178988b.2,sx3178988b,2,29.848262604392104,True
sx2785536b.1,sx2785536b,1,nan,False
sx2785536b.2,sx2785536b,2,30.121601403763652,True
sx3066826b.1,sx3066826b,1,nan,False
sx3066826b.2,sx3066826b,2,30.03052603440482,True
sx3197653b.1,sx3197653b,1,nan,False
sx3197653b.2,sx3197653b,2,32.23589406277547,True
sx2785535b.1,sx2785535b,1,nan,False
sx2785535b.2,sx2785535b,2,32.12080992837588,True
sx2916619b.1,sx2916619b,1,nan,False
sx2916619b.2,sx2916619b,2,30.633908514479835,True
sx2916617b.1,sx2916617b,1,nan,False
sx2916617b.2,sx2916617b,2,30.85784290541256,True
sx3122835b.1,sx3122835b,1,nan,False
sx3122835b.2,sx3122835b,2,30.47145731417382,True
sx2691966b.1,sx2691966b,1,nan,False
sx2691966b.2,sx2691966b,2,29.764702079961587,True
sx3104145b.1,sx3104145b,1,nan,False
sx3104145b.2,sx3104145b,2,30.296619429183842,True
sx2973171b.1,sx2973171b,1,nan,False
sx2973171b.2,sx2973171b,2,29.96656455331054,True
sx2804270b.1,sx2804270b,1,nan,False
sx2804270b.2,sx2804270b,2,30.12611588571034,True
sx3235273b.1,sx3235273b,1,nan,False
sx3235273b.2,sx3235273b,2,30.295806838070714,True
sx2729423c.1,sx2729423c,1,nan,False
sx2729423c.2,sx2729423c,2,nan,False
sx2729424a.1,sx2729424a,1,28.995263784878496,True
sx2729424a.2,sx2729424a,2,nan,False
sx3160114a.1,sx3160114a,1,28.949390749819393,True
sx3160114a.2,sx3160114a,2,nan,False
sx3104144a.1,sx3104144a,1,28.949067821221824,True
sx3104144a.2,sx3104144a,2,nan,False
sx3197652a.1,sx3197652a,1,28.926787130189652,True
sx3197652a.2,sx3197652a,2,nan,False
sx3141394b.1,sx3141394b,1,nan,False
sx3141394b.2,sx3141394b,2,26.988893724151577,True
sx2804277c.1,sx2804277c,1,nan,False
sx2804277c.2,sx2804277c,2,nan,False
sx3197625c.1,sx3197625c,1,nan,False
sx3197625c.2,sx3197625c,2,nan,False
sx2785511a.1,sx2785511a,1,27.855503893122172,True
sx2785511a.2,sx2785511a,2,nan,False
sx2973148a.1,sx2973148a,1,28.006232506388823,True
sx2973148a.2,sx2973148a,2,nan,False
sx3160098a.1,sx3160098a,1,27.67802228071564,True
sx3160098a.2,sx3160098a,2,nan,False
sx2916602a.1,sx2916602a,1,27.774994057973444,True
sx2916602a.2,sx2916602a,2,nan,False
sx3231255c.1,sx3231255c,1,27.817637595138947,True
sx3231255c.2,sx3231255c,2,nan,False
sx3118855c.1,sx3118855c,1,27.761144796488473,True
sx3118855c.2,sx3118855c,2,nan,False
sx3085410b.1,sx3085410b,1,nan,False
sx3085410b.2,sx3085410b,2,29.461112990717893,True
sx2992556c.1,sx2992556c,1,nan,False
sx2992556c.2,sx2992556c,2,nan,False
sx3198356c.1,sx3198356c,1,nan,False
sx3198356c.2,sx3198356c,2,nan,False
sx3048968c.1,sx3048968c,1,nan,False
sx3048968c.2,sx3048968c,2,nan,False
sx2767414c.1,sx2767414c,1,nan,False
sx2767414c.2,sx2767414c,2,nan,False
sx3045895c.1,sx3045895c,1,nan,False
sx3045895c.2,sx3045895c,2,nan,False
sx2692664c.1,sx2692664c,1,nan,False
sx2692664c.2,sx2692664c,2,nan,False
sx2991901b.1,sx2991901b,1,nan,False
sx2991901b.2,sx2991901b,2,36.12095411267853,True
sx2673322b.1,sx2673322b,1,nan,False
sx2673322b.2,sx2673322b,2,35.597423583812095,True
sx2766730b.1,sx2766730b,1,nan,False
sx2766730b.2,sx2766730b,2,35.53644824483102,True
sx2689691a.1,sx2689691a,1,35.199814080239925,True
sx2689691a.2,sx2689691a,2,nan,False
sx2914323b.1,sx2914323b,1,nan,False
sx2914323b.2,sx2914323b,2,35.428840460898606,True
sx3048222c.1,sx3048222c,1,nan,False
sx3048222c.2,sx3048222c,2,nan,False
sx3122837c.1,sx3122837c,1,nan,False
sx3122837c.2,sx3122837c,2,nan,False
sx2991933c.1,sx2991933c,1,nan,False
sx2991933c.2,sx2991933c,2,nan,False
sx2710525c.1,sx2710525c,1,nan,False
sx2710525c.2,sx2710525c,2,nan,False
sx2673323c.1,sx2673323c,1,nan,False
sx2673323c.2,sx2673323c,2,nan,False
sx2710542b.1,sx2710542b,1,nan,False
sx2710542b.2,sx2710542b,2,33.93414882783826,True
sx2766742b.1,sx2766742b,1,nan,False
sx2766742b.2,sx2766742b,2,34.247939896095794,True
sx3254234b.1,sx3254234b,1,nan,False
sx3254234b.2,sx3254234b,2,34.52344107588172,True
sx3104114b.1,sx3104114b,1,nan,False
sx3104114b.2,sx3104114b,2,34.677864941905014,True
sx2822857b.1,sx2822857b,1,nan,False
sx2822857b.2,sx2822857b,2,34.896042210087806,True
sx2691939b.1,sx2691939b,1,nan,False
sx2691939b.2,sx2691939b,2,34.904793168087025,True
sx2860478b.1,sx2860478b,1,nan,False
sx2860478b.2,sx2860478b,2,35.05844629254551,True
sx2822858b.1,sx2822858b,1,nan,False
sx2822858b.2,sx2822858b,2,35.139446526760125,True
sx3254206b.1,sx3254206b,1,nan,False
sx3254206b.2,sx3254206b,2,35.064537444415734,True
sx2766715b.1,sx2766715b,1,nan,False
sx2766715b.2,sx2766715b,2,35.17359449121717,True
sx2860479b.1,sx2860479b,1,nan,False
sx2860479b.2,sx2860479b,2,35.456523612087416,True
sx3178969b.1,sx3178969b,1,nan,False
sx3178969b.2,sx3178969b,2,35.43149767741708,True
sx2729401b.1,sx2729401b,1,nan,False
sx2729401b.2,sx2729401b,2,35.57842134866176,True
sx2804245b.1,sx2804245b,1,nan,False
sx2804245b.2,sx2804245b,2,35.56397284171993,True
sx3216338b.1,sx3216338b,1,nan,False
sx3216338b.2,sx3216338b,2,36.19437148835648,True
sx2691938b.1,sx2691938b,1,nan,False
sx2691938b.2,sx2691938b,2,35.93093981269634,True
sx2673326b.1,sx2673326b,1,nan,False
sx2673326b.2,sx2673326b,2,35.883643408244666,True
sx3251806b.1,sx3251806b,1,nan,False
sx3251806b.2,sx3251806b,2,35.75418426346445,True
sx3160108b.1,sx3160108b,1,nan,False
sx3160108b.2,sx3160108b,2,35.740902635867116,True
sx2841624b.1,sx2841624b,1,nan,False
sx2841624b.2,sx2841624b,2,36.28358325325368,True
sx2729409b.1,sx2729409b,1,nan,False
sx2729409b.2,sx2729409b,2,36.079580159815,True
sx3029510b.1,sx3029510b,1,nan,False
sx3029510b.2,sx3029510b,2,35.909789884809555,True
sx2991927b.1,sx2991927b,1,nan,False
sx2991927b.2,sx2991927b,2,36.03355257039919,True
sx2954338b.1,sx2954338b,1,nan,False
sx2954338b.2,sx2954338b,2,34.83416981888449,True
sx3197634b.1,sx3197634b,1,nan,False
sx3197634b.2,sx3197634b,2,32.679127188456064,True
sx2729408b.1,sx2729408b,1,nan,False
sx2729408b.2,sx2729408b,2,32.772669458820985,True
sx2991909a.1,sx2991909a,1,32.47195940902213,True
sx2991909a.2,sx2991909a,2,nan,False
sx3085398b.1,sx3085398b,1,32.581244632653515,True
sx3085398b.2,sx3085398b,2,32.67724241164508,True
sx2673314c.1,sx2673314c,1,nan,False
sx2673314c.2,sx2673314c,2,nan,False
sx3122817c.1,sx3122817c,1,nan,False
sx3122817c.2,sx3122817c,2,nan,False
sx3160102b.1,sx3160102b,1,32.91369829132189,True
sx3160102b.2,sx3160102b,2,33.00916101546903,True
sx2822871b.1,sx2822871b,1,31.707269449091765,True
sx2822871b.2,sx2822871b,2,31.80153070442418,True
sx2876813a.1,sx2876813a,1,31.743372020910222,True
sx2876813a.2,sx2876813a,2,nan,False
sx2952013a.1,sx2952013a,1,32.39842815365331,True
sx2952013a.2,sx2952013a,2,nan,False
sx2916598a.1,sx2916598a,1,32.325076579962385,True
sx2916598a.2,sx2916598a,2,nan,False
sx3048212a.1,sx3048212a,1,32.27618823325005,True
sx3048212a.2,sx3048212a,2,nan,False
sx2691973a.1,sx2691973a,1,32.38986424685086,True
sx2691973a.2,sx2691973a,2,nan,False
sx2954357a.1,sx2954357a,1,32.49727085512709,True
sx2954357a.2,sx2954357a,2,nan,False
sx2841639a.1,sx2841639a,1,31.48655285997037,True
sx2841639a.2,sx2841639a,2,nan,False
sx2804262a.1,sx2804262a,1,31.380947450359017,True
sx2804262a.2,sx2804262a,2,nan,False
sx2973165a.1,sx2973165a,1,31.375512366264218,True
sx2973165a.2,sx2973165a,2,nan,False
sx2785529c.1,sx2785529c,1,nan,False
sx2785529c.2,sx2785529c,2,nan,False
sx3197646b.1,sx3197646b,1,31.445920377547644,True
sx3197646b.2,sx3197646b,2,31.53952892041665,True
sx3141389a.1,sx3141389a,1,33.450230620175695,True
sx3141389a.2,sx3141389a,2,nan,False
sx3197618a.1,sx3197618a,1,33.62819060966713,True
sx3197618a.2,sx3197618a,2,nan,False
sx2691936a.1,sx2691936a,1,33.26423252962544,True
sx2691936a.2,sx2691936a,2,nan,False
sx3216336a.1,sx3216336a,1,33.09822860637027,True
sx3216336a.2,sx3216336a,2,nan,False
sx3216337a.1,sx3216337a,1,33.12241942668268,True
sx3216337a.2,sx3216337a,2,nan,False
sx2841615a.1,sx2841615a,1,32.96413491828568,True
sx2841615a.2,sx2841615a,2,nan,False
sx2954348a.1,sx2954348a,1,32.77699209898019,True
sx2954348a.2,sx2954348a,2,nan,False
sx3235249a.1,sx3235249a,1,32.68198309088095,True
sx3235249a.2,sx3235249a,2,nan,False
sx2916599a.1,sx2916599a,1,32.41554355989938,True
sx2916599a.2,sx2916599a,2,nan,False
sx3122816b.1,sx3122816b,1,33.08590081840845,True
sx3122816b.2,sx3122816b,2,33.035986423419985,True
sx3160103c.1,sx3160103c,1,34.102282980827376,True
sx3160103c.2,sx3160103c,2,nan,False
sx2935556b.1,sx2935556b,1,nan,False
sx2935556b.2,sx2935556b,2,35.12220463170355,True
sx3104124b.1,sx3104124b,1,nan,False
sx3104124b.2,sx3104124b,2,35.03681173914528,True
sx2970804c.1,sx2970804c,1,nan,False
sx2970804c.2,sx2970804c,2,nan,False
sx3176661c.1,sx3176661c,1,nan,False
sx3176661c.2,sx3176661c,2,nan,False
sx3048937c.1,sx3048937c,1,nan,False
sx3048937c.2,sx3048937c,2,nan,False
sx2804957c.1,sx2804957c,1,nan,False
sx2804957c.2,sx2804957c,2,nan,False
sx2767343c.1,sx2767343c,1,nan,False
sx2767343c.2,sx2767343c,2,nan,False
sx3179608c.1,sx3179608c,1,nan,False
sx3179608c.2,sx3179608c,2,nan,False
sx3086002c.1,sx3086002c,1,nan,False
sx3086002c.2,sx3086002c,2,nan,False
sx2842330c.1,sx2842330c,1,nan,False
sx2842330c.2,sx2842330c,2,nan,False
sx3235945c.1,sx3235945c,1,nan,False
sx3235945c.2,sx3235945c,2,nan,False
sx2955006c.1,sx2955006c,1,nan,False
sx2955006c.2,sx2955006c,2,nan,False
sx2692600c.1,sx2692600c,1,nan,False
sx2692600c.2,sx2692600c,2,nan,False
sx3235946a.1,sx3235946a,1,27.027089844436915,True
sx3235946a.2,sx3235946a,2,nan,False
sx3011229a.1,sx3011229a,1,27.515614634204134,True
sx3011229a.2,sx3011229a,2,nan,False
sx2767342a.1,sx2767342a,1,27.49590912069969,True
sx2767342a.2,sx2767342a,2,nan,False
sx2748780a.1,sx2748780a,1,27.58966702545768,True
sx2748780a.2,sx2748780a,2,nan,False
sx2823544a.1,sx2823544a,1,27.722409334147795,True
sx2823544a.2,sx2823544a,2,nan,False
sx3195321a.1,sx3195321a,1,27.915211744846637,True
sx3195321a.2,sx3195321a,2,nan,False
sx2823545a.1,sx2823545a,1,28.397858053618407,True
sx2823545a.2,sx2823545a,2,nan,False
sx3101782a.1,sx3101782a,1,28.139297845259406,True
sx3101782a.2,sx3101782a,2,nan,False
sx2936214a.1,sx2936214a,1,26.284741145333392,True
sx2936214a.2,sx2936214a,2,nan,False
sx3142049c.1,sx3142049c,1,26.31493632887009,True
sx3142049c.2,sx3142049c,2,nan,False
sx2804956a.1,sx2804956a,1,26.361040539139047,True
sx2804956a.2,sx2804956a,2,nan,False
sx2730106c.1,sx2730106c,1,26.14472693422519,True
sx2730106c.2,sx2730106c,2,nan,False
sx2936212a.1,sx2936212a,1,26.172376608856155,True
sx2936212a.2,sx2936212a,2,nan,False
sx3029495b.1,sx3029495b,1,nan,False
sx3029495b.2,sx3029495b,2,40.54886692175242,True
sx2804247b.1,sx2804247b,1,nan,False
sx2804247b.2,sx2804247b,2,40.657679168892685,True
sx3104115b.1,sx3104115b,1,nan,False
sx3104115b.2,sx3104115b,2,40.51356527168509,True
sx2954339b.1,sx2954339b,1,nan,False
sx2954339b.2,sx2954339b,2,40.23352135258888,True
sx3048200b.1,sx3048200b,1,nan,False
sx3048200b.2,sx3048200b,2,40.4384819074307,True
sx3216339b.1,sx3216339b,1,nan,False
sx3216339b.2,sx3216339b,2,40.63813228841095,True
sx3048201b.1,sx3048201b,1,nan,False
sx3048201b.2,sx3048201b,2,40.59962810534543,True
sx3141390b.1,sx3141390b,1,nan,False
sx3141390b.2,sx3141390b,2,39.9688906740888,True
sx2710537b.1,sx2710537b,1,nan,False
sx2710537b.2,sx2710537b,2,39.86086293534616,True
sx2673300b.1,sx2673300b,1,nan,False
sx2673300b.2,sx2673300b,2,39.71700043196629,True
sx3085388b.1,sx3085388b,1,nan,False
sx3085388b.2,sx3085388b,2,40.699362724049635,True
sx2822859b.1,sx2822859b,1,nan,False
sx2822859b.2,sx2822859b,2,39.70201734047235,True
sx2991902b.1,sx2991902b,1,nan,False
sx2991902b.2,sx2991902b,2,39.46548812929356,True
sx2991918b.1,sx2991918b,1,nan,False
sx2991918b.2,sx2991918b,2,39.31984272124422,True
sx2897764b.1,sx2897764b,1,nan,False
sx2897764b.2,sx2897764b,2,39.486744543200615,True
sx2860488b.1,sx2860488b,1,nan,False
sx2860488b.2,sx2860488b,2,39.18107130353468,True
sx2804260b.1,sx2804260b,1,nan,False
sx2804260b.2,sx2804260b,2,38.849577033751274,True
sx2973163b.1,sx2973163b,1,nan,False
sx2973163b.2,sx2973163b,2,38.35068262187575,True
sx3104130b.1,sx3104130b,1,nan,False
sx3104130b.2,sx3104130b,2,37.61698990753837,True
sx2879079b.1,sx2879079b,1,nan,False
sx2879079b.2,sx2879079b,2,37.63908181528054,True
sx2991917b.1,sx2991917b,1,nan,False
sx2991917b.2,sx2991917b,2,37.41629225379221,True
sx2841636b.1,sx2841636b,1,nan,False
sx2841636b.2,sx2841636b,2,37.08487648127466,True
sx3085389b.1,sx3085389b,1,nan,False
sx3085389b.2,sx3085389b,2,40.07163774577336,True
sx2673319c.1,sx2673319c,1,35.36098839333404,True
sx2673319c.2,sx2673319c,2,nan,False
sx2841631c.1,sx2841631c,1,nan,False
sx2841631c.2,sx2841631c,2,nan,False
sx3216350a.1,sx3216350a,1,35.16252269818826,True
sx3216350a.2,sx3216350a,2,nan,False
sx3141402c.1,sx3141402c,1,nan,False
sx3141402c.2,sx3141402c,2,nan,False
sx3197642c.1,sx3197642c,1,nan,False
sx3197642c.2,sx3197642c,2,nan,False
sx2691952a.1,sx2691952a,1,34.970601056627494,True
sx2691952a.2,sx2691952a,2,nan,False
sx2879081a.1,sx2879081a,1,34.50635158840863,True
sx2879081a.2,sx2879081a,2,nan,False
sx2785530a.1,sx2785530a,1,34.42750314552224,True
sx2785530a.2,sx2785530a,2,nan,False
sx2766723a.1,sx2766723a,1,34.593240671121606,True
sx2766723a.2,sx2766723a,2,nan,False
sx3122822a.1,sx3122822a,1,34.70285753949612,True
sx3122822a.2,sx3122822a,2,nan,False
sx2766747a.1,sx2766747a,1,36.68672551814465,True
sx2766747a.2,sx2766747a,2,nan,False
sx2858163a.1,sx2858163a,1,36.42362566345213,True
sx2858163a.2,sx2858163a,2,nan,False
sx3216346a.1,sx3216346a,1,36.178798211525276,True
sx3216346a.2,sx3216346a,2,nan,False
sx3029500a.1,sx3029500a,1,36.27778858364981,True
sx3029500a.2,sx3029500a,2,nan,False
sx3156034a.1,sx3156034a,1,36.07204727258923,True
sx3156034a.2,sx3156034a,2,nan,False
sx3066821a.1,sx3066821a,1,36.072842914030744,True
sx3066821a.2,sx3066821a,2,nan,False
sx2748140a.1,sx2748140a,1,36.22155778034157,True
sx2748140a.2,sx2748140a,2,nan,False
sx3141412a.1,sx3141412a,1,36.40925957753831,True
sx3141412a.2,sx3141412a,2,nan,False
sx2991915b.1,sx2991915b,1,nan,False
sx2991915b.2,sx2991915b,2,38.12440675754737,True
sx2673320b.1,sx2673320b,1,nan,False
sx2673320b.2,sx2673320b,2,38.21003478784287,True
sx2841634b.1,sx2841634b,1,nan,False
sx2841634b.2,sx2841634b,2,38.262139448344726,True
sx2766720a.1,sx2766720a,1,32.98202626263569,True
sx2766720a.2,sx2766720a,2,nan,False
sx3235254c.1,sx3235254c,1,30.807402837898195,True
sx3235254c.2,sx3235254c,2,nan,False
sx2935566c.1,sx2935566c,1,nan,False
sx2935566c.2,sx2935566c,2,nan,False
sx3141393c.1,sx3141393c,1,nan,False
sx3141393c.2,sx3141393c,2,nan,False
sx3030204a.1,sx3030204a,1,23.05971425170205,True
sx3030204a.2,sx3030204a,2,nan,False
sx3160868b.1,sx3160868b,1,nan,False
sx3160868b.2,sx3160868b,2,26.34405266493454,True
sx2785524c.1,sx2785524c,1,nan,False
sx2785524c.2,sx2785524c,2,nan,False
sx3235268c.1,sx3235268c,1,nan,False
sx3235268c.2,sx3235268c,2,nan,False
sx3122825a.1,sx3122825a,1,36.616086530067804,True
sx3122825a.2,sx3122825a,2,nan,False
sx2991920a.1,sx2991920a,1,36.75992416824984,True
sx2991920a.2,sx2991920a,2,nan,False
sx2973146b.1,sx2973146b,1,nan,False
sx2973146b.2,sx2973146b,2,36.2785129976873,True
sx2935568b.1,sx2935568b,1,nan,False
sx2935568b.2,sx2935568b,2,35.6930093058307,True
sx2814529a.1,sx2814529a,1,34.101222999769696,True
sx2814529a.2,sx2814529a,2,nan,False
sx2814529b.1,sx2814529b,1,34.101222999769696,True
sx2814529b.2,sx2814529b,2,34.1836932234119,True
sx2814529c.1,sx2814529c,1,34.101222999769696,True
sx2814529c.2,sx2814529c,2,nan,False
sx3122818c.1,sx3122818c,1,nan,False
sx3122818c.2,sx3122818c,2,nan,False
sx3048209b.1,sx3048209b,1,nan,False
sx3048209b.2,sx3048209b,2,38.30435320209959,True
sx2841628a.1,sx2841628a,1,28.13356456478835,True
sx2841628a.2,sx2841628a,2,nan,False
sx2673316a.1,sx2673316a,1,27.999915752174015,True
sx2673316a.2,sx2673316a,2,nan,False
sx2748143a.1,sx2748143a,1,28.970633335380196,True
sx2748143a.2,sx2748143a,2,nan,False
sx2860477a.1,sx2860477a,1,33.5592054082709,True
sx2860477a.2,sx2860477a,2,nan,False
sx3066811b.1,sx3066811b,1,nan,False
sx3066811b.2,sx3066811b,2,34.7960296851605,True
sx2954352c.1,sx2954352c,1,nan,False
sx2954352c.2,sx2954352c,2,nan,False
sx3160864b.1,sx3160864b,1,nan,False
sx3160864b.2,sx3160864b,2,25.263748204696896,True
sx3085401a.1,sx3085401a,1,29.61320962882892,True
sx3085401a.2,sx3085401a,2,nan,False
sx2766744b.1,sx2766744b,1,nan,False
sx2766744b.2,sx2766744b,2,36.1844486052004,True
sx2804259a.1,sx2804259a,1,36.53191214574049,True
sx2804259a.2,sx2804259a,2,nan,False
sx2860486c.1,sx2860486c,1,nan,False
sx2860486c.2,sx2860486c,2,nan,False
sx2785522b.1,sx2785522b,1,nan,False
sx2785522b.2,sx2785522b,2,36.64846054462177,True
sx2897766c.1,sx2897766c,1,nan,False
sx2897766c.2,sx2897766c,2,nan,False
sx3048889c.1,sx3048889c,1,nan,False
sx3048889c.2,sx3048889c,2,nan,False
sx3048890c.1,sx3048890c,1,nan,False
sx3048890c.2,sx3048890c,2,nan,False
sx2991921c.1,sx2991921c,1,nan,False
sx2991921c.2,sx2991921c,2,nan,False
sx3011293a.1,sx3011293a,1,23.594670774780923,True
sx3011293a.2,sx3011293a,2,nan,False
sx3011293b.1,sx3011293b,1,23.594670774780923,True
sx3011293b.2,sx3011293b,2,23.615980494212952,True
sx3011293c.1,sx3011293c,1,23.594670774780923,True
sx3011293c.2,sx3011293c,2,nan,False
sx3123509c.1,sx3123509c,1,23.654461603261186,True
sx3123509c.2,sx3123509c,2,nan,False
sx2841620b.1,sx2841620b,1,nan,False
sx2841620b.2,sx2841620b,2,32.96573664885419,True
sx2991929b.1,sx2991929b,1,nan,False
sx2991929b.2,sx2991929b,2,30.97015728805394,True
sx3160793c.1,sx3160793c,1,nan,False
sx3160793c.2,sx3160793c,2,nan,False
sx2691946b.1,sx2691946b,1,nan,False
sx2691946b.2,sx2691946b,2,29.377425508835625,True
sx2991940c.1,sx2991940c,1,nan,False
sx2991940c.2,sx2991940c,2,nan,False
sx3197636b.1,sx3197636b,1,nan,False
sx3197636b.2,sx3197636b,2,35.2162429411459,True
sx2991905a.1,sx2991905a,1,33.854869210324075,True
sx2991905a.2,sx2991905a,2,nan,False
sx3141395c.1,sx3141395c,1,nan,False
sx3141395c.2,sx3141395c,2,nan,False
sx2748135a.1,sx2748135a,1,36.27003607638131,True
sx2748135a.2,sx2748135a,2,nan,False
sx2729412a.1,sx2729412a,1,36.13777226640435,True
sx2729412a.2,sx2729412a,2,nan,False
sx2839305a.1,sx2839305a,1,23.908494307361398,True
sx2839305a.2,sx2839305a,2,nan,False
sx3160123a.1,sx3160123a,1,32.659996702989645,True
sx3160123a.2,sx3160123a,2,nan,False
sx2822861a.1,sx2822861a,1,33.255313090857335,True
sx2822861a.2,sx2822861a,2,nan,False
sx2841616a.1,sx2841616a,1,33.55155678810797,True
sx2841616a.2,sx2841616a,2,nan,False
sx3122812b.1,sx3122812b,1,nan,False
sx3122812b.2,sx3122812b,2,33.80577775191245,True
sx2897771b.1,sx2897771b,1,nan,False
sx2897771b.2,sx2897771b,2,26.908217329172103,True
sx3178973a.1,sx3178973a,1,32.891164008151854,True
sx3178973a.2,sx3178973a,2,nan,False
sx3141411c.1,sx3141411c,1,nan,False
sx3141411c.2,sx3141411c,2,nan,False
sx2710518a.1,sx2710518a,1,35.560025641122195,True
sx2710518a.2,sx2710518a,2,nan,False
sx3085391b.1,sx3085391b,1,nan,False
sx3085391b.2,sx3085391b,2,34.470334284936115,True
sx2955076a.1,sx2955076a,1,24.635070234865317,True
sx2955076a.2,sx2955076a,2,nan,False
sx2729430b.1,sx2729430b,1,nan,False
sx2729430b.2,sx2729430b,2,34.001980231401326,True
sx3142079b.1,sx3142079b,1,nan,False
sx3142079b.2,sx3142079b,2,26.172735138572698,True
sx2955055b.1,sx2955055b,1,nan,False
sx2955055b.2,sx2955055b,2,26.200582718962,True
sx2879753b.1,sx2879753b,1,nan,False
sx2879753b.2,sx2879753b,2,26.221729636931098,True
sx2842390c.1,sx2842390c,1,nan,False
sx2842390c.2,sx2842390c,2,nan,False
sx2710511a.1,sx2710511a,1,31.250921282451017,True
sx2710511a.2,sx2710511a,2,nan,False
sx2766719a.1,sx2766719a,1,31.34756005851061,True
sx2766719a.2,sx2766719a,2,nan,False
sx3160117b.1,sx3160117b,1,nan,False
sx3160117b.2,sx3160117b,2,34.762516033561,True
sx2897790c.1,sx2897790c,1,nan,False
sx2897790c.2,sx2897790c,2,nan,False
sx3066817a.1,sx3066817a,1,35.14194176298333,True
sx3066817a.2,sx3066817a,2,nan,False
sx2841641b.1,sx2841641b,1,nan,False
sx2841641b.2,sx2841641b,2,29.583687837869995,True
sx2674027b.1,sx2674027b,1,26.572240647843863,True
sx2674027b.2,sx2674027b,2,26.6332310334435,True
sx3010557a.1,sx3010557a,1,27.6125715873061,True
sx3010557a.2,sx3010557a,2,nan,False
sx3235242c.1,sx3235242c,1,nan,False
sx3235242c.2,sx3235242c,2,nan,False
sx2973150a.1,sx2973150a,1,29.90606061184244,True
sx2973150a.2,sx2973150a,2,nan,False
sx3066804a.1,sx3066804a,1,30.13478296766084,True
sx3066804a.2,sx3066804a,2,nan,False
sx2879067a.1,sx2879067a,1,34.904495890070734,True
sx2879067a.2,sx2879067a,2,nan,False
sx2710530b.1,sx2710530b,1,nan,False
sx2710530b.2,sx2710530b,2,30.052052540679476,True
sx2748781a.1,sx2748781a,1,28.248151558397492,True
sx2748781a.2,sx2748781a,2,nan,False
sx3197654a.1,sx3197654a,1,28.816818075072806,True
sx3197654a.2,sx3197654a,2,nan,False
sx2954361b.1,sx2954361b,1,nan,False
sx2954361b.2,sx2954361b,2,31.52507586963901,True
sx2935547b.1,sx2935547b,1,nan,False
sx2935547b.2,sx2935547b,2,32.1363161750551,True
sx3215385a.1,sx3215385a,1,27.75362792382711,True
sx3215385a.2,sx3215385a,2,nan,False
sx3215385b.1,sx3215385b,1,27.74422557110571,True
sx3215385b.2,sx3215385b,2,27.79309775641037,True
sx3215385c.1,sx3215385c,1,27.75362792382711,True
sx3215385c.2,sx3215385c,2,nan,False
sx2841622a.1,sx2841622a,1,34.08495234293257,True
sx2841622a.2,sx2841622a,2,nan,False
sx2879062c.1,sx2879062c,1,nan,False
sx2879062c.2,sx2879062c,2,nan,False
sx2917255c.1,sx2917255c,1,nan,False
sx2917255c.2,sx2917255c,2,nan,False
sx3160862c.1,sx3160862c,1,nan,False
sx3160862c.2,sx3160862c,2,nan,False
sx3067447a.1,sx3067447a,1,26.154162986850313,True
sx3067447a.2,sx3067447a,2,nan,False
sx3179637c.1,sx3179637c,1,nan,False
sx3179637c.2,sx3179637c,2,nan,False
sx2822867b.1,sx2822867b,1,nan,False
sx2822867b.2,sx2822867b,2,34.947294846741826,True
sx2766741a.1,sx2766741a,1,33.887970726603946,True
sx2766741a.2,sx2766741a,2,nan,False
sx2897807b.1,sx2897807b,1,nan,False
sx2897807b.2,sx2897807b,2,33.3316560898934,True
sx2823611a.1,sx2823611a,1,23.03499688240769,True
sx2823611a.2,sx2823611a,2,nan,False
sx3141398a.1,sx3141398a,1,35.86394467743008,True
sx3141398a.2,sx3141398a,2,nan,False
sx3235251c.1,sx3235251c,1,nan,False
sx3235251c.2,sx3235251c,2,nan,False
sx2935551c.1,sx2935551c,1,nan,False
sx2935551c.2,sx2935551c,2,nan,False
sx3235252b.1,sx3235252b,1,nan,False
sx3235252b.2,sx3235252b,2,34.931378484933184,True
sx2917328b.1,sx2917328b,1,25.271855436462303,True
sx2917328b.2,sx2917328b,2,25.315408632891035,True
sx2989565a.1,sx2989565a,1,25.60126368872618,True
sx2989565a.2,sx2989565a,2,nan,False
sx2692655c.1,sx2692655c,1,24.678821777796458,True
sx2692655c.2,sx2692655c,2,nan,False
sx2861219b.1,sx2861219b,1,nan,False
sx2861219b.2,sx2861219b,2,24.90456133097033,True
sx2674051a.1,sx2674051a,1,25.716063470079796,True
sx2674051a.2,sx2674051a,2,nan,False
sx2804249c.1,sx2804249c,1,26.815964068560543,True
sx2804249c.2,sx2804249c,2,nan,False
sx3030205c.1,sx3030205c,1,nan,False
sx3030205c.2,sx3030205c,2,nan,False
sx3085395a.1,sx3085395a,1,31.15237370177169,True
sx3085395a.2,sx3085395a,2,nan,False
sx2767409b.1,sx2767409b,1,nan,False
sx2767409b.2,sx2767409b,2,26.57945817189817,True
sx3217064b.1,sx3217064b,1,nan,False
sx3217064b.2,sx3217064b,2,27.250595240922934,True
sx2729405b.1,sx2729405b,1,nan,False
sx2729405b.2,sx2729405b,2,31.605944752035228,True
sx3179699b.1,sx3179699b,1,nan,False
sx3179699b.2,sx3179699b,2,31.948152186488425,True
sx2898526c.1,sx2898526c,1,nan,False
sx2898526c.2,sx2898526c,2,nan,False
sx2674052c.1,sx2674052c,1,nan,False
sx2674052c.2,sx2674052c,2,nan,False
sx2851933a.1,sx2851933a,1,33.940760804417096,True
sx2851933a.2,sx2851933a,2,nan,False
sx2851933b.1,sx2851933b,1,33.940760804417096,True
sx2851933b.2,sx2851933b,2,34.0234582732728,True
sx2851933c.1,sx2851933c,1,33.92195609897429,True
sx2851933c.2,sx2851933c,2,nan,False
sx2860492c.1,sx2860492c,1,nan,False
sx2860492c.2,sx2860492c,2,nan,False
sx3197645a.1,sx3197645a,1,33.056930452947384,True
sx3197645a.2,sx3197645a,2,nan,False
sx3048211a.1,sx3048211a,1,33.359596689383636,True
sx3048211a.2,sx3048211a,2,nan,False
sx2804253a.1,sx2804253a,1,30.889583512023222,True
sx2804253a.2,sx2804253a,2,nan,False
sx3178981b.1,sx3178981b,1,nan,False
sx3178981b.2,sx3178981b,2,32.27469496867412,True
sx2785525c.1,sx2785525c,1,nan,False
sx2785525c.2,sx2785525c,2,nan,False
sx2860483b.1,sx2860483b,1,nan,False
sx2860483b.2,sx2860483b,2,35.154806530331186,True
sx3141397b.1,sx3141397b,1,nan,False
sx3141397b.2,sx3141397b,2,35.26403996021626,True
sx3253995c.1,sx3253995c,1,nan,False
sx3253995c.2,sx3253995c,2,nan,False
sx2710536a.1,sx2710536a,1,32.340830657133914,True
sx2710536a.2,sx2710536a,2,nan,False
sx3197638a.1,sx3197638a,1,32.5118962757979,True
sx3197638a.2,sx3197638a,2,nan,False
sx2935557a.1,sx2935557a,1,32.66892027996149,True
sx2935557a.2,sx2935557a,2,nan,False
sx2673311a.1,sx2673311a,1,32.78637533795912,True
sx2673311a.2,sx2673311a,2,nan,False
sx2729413a.1,sx2729413a,1,31.78524536931387,True
sx2729413a.2,sx2729413a,2,nan,False
sx3122848c.1,sx3122848c,1,nan,False
sx3122848c.2,sx3122848c,2,nan,False
sx2973169a.1,sx2973169a,1,36.83923360172328,True
sx2973169a.2,sx2973169a,2,nan,False
sx2822868a.1,sx2822868a,1,34.5463521660365,True
sx2822868a.2,sx2822868a,2,nan,False
sx2860493a.1,sx2860493a,1,34.58279188005942,True
sx2860493a.2,sx2860493a,2,nan,False
sx3178976a.1,sx3178976a,1,36.577900736174584,True
sx3178976a.2,sx3178976a,2,nan,False
sx2673317a.1,sx2673317a,1,35.24973993479547,True
sx2673317a.2,sx2673317a,2,nan,False
sx2729428a.1,sx2729428a,1,34.801373774827,True
sx2729428a.2,sx2729428a,2,nan,False
sx2973159a.1,sx2973159a,1,35.081911775822704,True
sx2973159a.2,sx2973159a,2,nan,False
sx3254216a.1,sx3254216a,1,38.68200167861755,True
sx3254216a.2,sx3254216a,2,nan,False
sx2973180b.1,sx2973180b,1,nan,False
sx2973180b.2,sx2973180b,2,37.647907265961436,True
sx3066816a.1,sx3066816a,1,34.719132590375644,True
sx3066816a.2,sx3066816a,2,nan,False
sx3216351a.1,sx3216351a,1,34.40795278384317,True
sx3216351a.2,sx3216351a,2,nan,False
sx2841635a.1,sx2841635a,1,30.829308302377463,True
sx2841635a.2,sx2841635a,2,nan,False
sx3254217c.1,sx3254217c,1,31.173326705023065,True
sx3254217c.2,sx3254217c,2,nan,False
sx2822870c.1,sx2822870c,1,nan,False
sx2822870c.2,sx2822870c,2,nan,False
sx2766725c.1,sx2766725c,1,nan,False
sx2766725c.2,sx2766725c,2,nan,False
sx2879078a.1,sx2879078a,1,34.544664165949996,True
sx2879078a.2,sx2879078a,2,nan,False
sx3048221a.1,sx3048221a,1,34.68529607213398,True
sx3048221a.2,sx3048221a,2,nan,False
sx2879092c.1,sx2879092c,1,nan,False
sx2879092c.2,sx2879092c,2,nan,False
sx2691954b.1,sx2691954b,1,35.34743198710851,True
sx2691954b.2,sx2691954b,2,35.383622160217655,True
sx3104135a.1,sx3104135a,1,36.82213731262409,True
sx3104135a.2,sx3104135a,2,nan,False
sx2991943c.1,sx2991943c,1,nan,False
sx2991943c.2,sx2991943c,2,nan,False
sx3233353a.1,sx3233353a,1,34.19726381318655,True
sx3233353a.2,sx3233353a,2,nan,False
sx3141403a.1,sx3141403a,1,32.327153391598856,True
sx3141403a.2,sx3141403a,2,nan,False
sx2785546a.1,sx2785546a,1,32.50802224074578,True
sx2785546a.2,sx2785546a,2,nan,False
sx2879087a.1,sx2879087a,1,32.50236935966868,True
sx2879087a.2,sx2879087a,2,nan,False
sx2785531a.1,sx2785531a,1,31.93254803403429,True
sx2785531a.2,sx2785531a,2,nan,False
sx3216358a.1,sx3216358a,1,32.06839298318327,True
sx3216358a.2,sx3216358a,2,nan,False
sx2748139b.1,sx2748139b,1,nan,False
sx2748139b.2,sx2748139b,2,35.94070714598445,True
sx2935559a.1,sx2935559a,1,37.940502184526686,True
sx2935559a.2,sx2935559a,2,nan,False
sx3048231b.1,sx3048231b,1,nan,False
sx3048231b.2,sx3048231b,2,35.51218169862929,True
sx2691959b.1,sx2691959b,1,nan,False
sx2691959b.2,sx2691959b,2,16.22794655571352,True
sx2731712b.1,sx2731712b,1,nan,False
sx2731712b.2,sx2731712b,2,36.346570006614726,True
sx3010580b.1,sx3010580b,1,nan,False
sx3010580b.2,sx3010580b,2,36.478750610471124,True
sx3216361b.1,sx3216361b,1,nan,False
sx3216361b.2,sx3216361b,2,35.11879750079238,True
sx2879089c.1,sx2879089c,1,nan,False
sx2879089c.2,sx2879089c,2,nan,False
sx3232301c.1,sx3232301c,1,nan,False
sx3232301c.2,sx3232301c,2,nan,False
sx2763811c.1,sx2763811c,1,nan,False
sx2763811c.2,sx2763811c,2,nan,False
sx2970258c.1,sx2970258c,1,nan,False
sx2970258c.2,sx2970258c,2,nan,False
sx2763812c.1,sx2763812c,1,nan,False
sx2763812c.2,sx2763812c,2,nan,False
sx3101194c.1,sx3101194c,1,nan,False
sx3101194c.2,sx3101194c,2,nan,False
sx2916625b.1,sx2916625b,1,nan,False
sx2916625b.2,sx2916625b,2,34.09154984926635,True
sx2955047a.1,sx2955047a,1,26.47891315854112,True
sx2955047a.2,sx2955047a,2,nan,False
sx3066830b.1,sx3066830b,1,nan,False
sx3066830b.2,sx3066830b,2,35.57343296018968,True
sx2673343b.1,sx2673343b,1,nan,False
sx2673343b.2,sx2673343b,2,35.8737748044091,True
sx2766748a.1,sx2766748a,1,32.344122096721826,True
sx2766748a.2,sx2766748a,2,nan,False
sx2897801a.1,sx2897801a,1,34.251315934788686,True
sx2897801a.2,sx2897801a,2,nan,False
sx2897805a.1,sx2897805a,1,32.754198918453895,True
sx2897805a.2,sx2897805a,2,nan,False
sx3086098a.1,sx3086098a,1,23.67410959033761,True
sx3086098a.2,sx3086098a,2,nan,False
sx3104155c.1,sx3104155c,1,nan,False
sx3104155c.2,sx3104155c,2,nan,False
sx2710543c.1,sx2710543c,1,nan,False
sx2710543c.2,sx2710543c,2,nan,False
sx2861197c.1,sx2861197c,1,nan,False
sx2861197c.2,sx2861197c,2,nan,False
sx2992657a.1,sx2992657a,1,25.527618123467892,True
sx2992657a.2,sx2992657a,2,nan,False
sx3254237a.1,sx3254237a,1,27.08509827261737,True
sx3254237a.2,sx3254237a,2,nan,False
sx2710544a.1,sx2710544a,1,38.25003532870723,True
sx2710544a.2,sx2710544a,2,nan,False
sx2917359a.1,sx2917359a,1,25.35181541943686,True
sx2917359a.2,sx2917359a,2,nan,False
sx3122847a.1,sx3122847a,1,32.67522241754444,True
sx3122847a.2,sx3122847a,2,nan,False
sx3029520b.1,sx3029520b,1,nan,False
sx3029520b.2,sx3029520b,2,37.15142114087956,True
sx3150961c.1,sx3150961c,1,nan,False
sx3150961c.2,sx3150961c,2,nan,False
sx2684420b.1,sx2684420b,1,nan,False
sx2684420b.2,sx2684420b,2,36.85211814283783,True
sx2685809a.1,sx2685809a,1,29.804944750107147,True
sx2685809a.2,sx2685809a,2,nan,False
sx3097861c.1,sx3097861c,1,nan,False
sx3097861c.2,sx3097861c,2,nan,False
sx2798067b.1,sx2798067b,1,nan,False
sx2798067b.2,sx2798067b,2,25.829157328616326,True
sx2929261a.1,sx2929261a,1,31.573664531963487,True
sx2929261a.2,sx2929261a,2,nan,False
sx2891575c.1,sx2891575c,1,nan,False
sx2891575c.2,sx2891575c,2,nan,False
sx2685805a.1,sx2685805a,1,33.38968199627264,True
sx2685805a.2,sx2685805a,2,nan,False
sx3225319b.1,sx3225319b,1,nan,False
sx3225319b.2,sx3225319b,2,40.48570013683399,True
sx2925506c.1,sx2925506c,1,32.805885216148084,True
sx2925506c.2,sx2925506c,2,nan,False
sx2983432a.1,sx2983432a,1,31.70361610525773,True
sx2983432a.2,sx2983432a,2,nan,False
sx2948732b.1,sx2948732b,1,nan,False
sx2948732b.2,sx2948732b,2,37.15016097325287,True
sx2911069b.1,sx2911069b,1,nan,False
sx2911069b.2,sx2911069b,2,36.83255058748787,True
sx2724120c.1,sx2724120c,1,nan,False
sx2724120c.2,sx2724120c,2,nan,False
sx2858175a.1,sx2858175a,1,39.467274018064984,True
sx2858175a.2,sx2858175a,2,nan,False
sx3251807a.1,sx3251807a,1,39.769654015754384,True
sx3251807a.2,sx3251807a,2,nan,False
sx3231269b.1,sx3231269b,1,nan,False
sx3231269b.2,sx3231269b,2,37.0735479376474,True
sx3081380a.1,sx3081380a,1,24.351941810012686,True
sx3081380a.2,sx3081380a,2,nan,False
sx3139103a.1,sx3139103a,1,38.759577955152835,True
sx3139103a.2,sx3139103a,2,nan,False
sx2876814a.1,sx2876814a,1,33.594054172555445,True
sx2876814a.2,sx2876814a,2,nan,False
sx3120503a.1,sx3120503a,1,39.93525224138577,True
sx3120503a.2,sx3120503a,2,nan,False
sx3120504a.1,sx3120504a,1,40.03978616034772,True
sx3120504a.2,sx3120504a,2,nan,False
sx2875754c.1,sx2875754c,1,nan,False
sx2875754c.2,sx2875754c,2,nan,False
sx3195327a.1,sx3195327a,1,38.6981975741427,True
sx3195327a.2,sx3195327a,2,nan,False
sx2763407c.1,sx2763407c,1,nan,False
sx2763407c.2,sx2763407c,2,nan,False
sx2688692b.1,sx2688692b,1,27.19141337410436,True
sx2688692b.2,sx2688692b,2,27.241045995663427,True
sx2688693c.1,sx2688693c,1,27.116061198118544,True
sx2688693c.2,sx2688693c,2,nan,False
sx2913406b.1,sx2913406b,1,nan,False
sx2913406b.2,sx2913406b,2,36.85446036997672,True
sx2989571a.1,sx2989571a,1,40.380808370839674,True
sx2989571a.2,sx2989571a,2,nan,False
sx2764411c.1,sx2764411c,1,nan,False
sx2764411c.2,sx2764411c,2,nan,False
sx3119793b.1,sx3119793b,1,nan,False
sx3119793b.2,sx3119793b,2,33.93504484660128,True
sx3251808a.1,sx3251808a,1,38.03250402933551,True
sx3251808a.2,sx3251808a,2,nan,False
sx3027133a.1,sx3027133a,1,32.416479042035846,True
sx3027133a.2,sx3027133a,2,nan,False
sx2857591a.1,sx2857591a,1,32.554308522653564,True
sx2857591a.2,sx2857591a,2,nan,False
sx2726983a.1,sx2726983a,1,37.53717657261841,True
sx2726983a.2,sx2726983a,2,nan,False
sx3157167a.1,sx3157167a,1,27.652613177048742,True
sx3157167a.2,sx3157167a,2,nan,False
sx3082993a.1,sx3082993a,1,40.7240771130363,True
sx3082993a.2,sx3082993a,2,nan,False
sx3120376a.1,sx3120376a,1,32.214243595834844,True
sx3120376a.2,sx3120376a,2,nan,False
sx2989432b.1,sx2989432b,1,nan,False
sx2989432b.2,sx2989432b,2,35.41631839386311,True
sx3120484c.1,sx3120484c,1,32.02753773278979,True
sx3120484c.2,sx3120484c,2,nan,False
sx2820528c.1,sx2820528c,1,nan,False
sx2820528c.2,sx2820528c,2,nan,False
sx2745799c.1,sx2745799c,1,nan,False
sx2745799c.2,sx2745799c,2,nan,False
sx3270814a.1,sx3270814a,1,33.46354041626209,True
sx3270814a.2,sx3270814a,2,nan,False
sx2801895b.1,sx2801895b,1,nan,False
sx2801895b.2,sx2801895b,2,40.722361002094765,True
sx2801896b.1,sx2801896b,1,nan,False
sx2801896b.2,sx2801896b,2,35.61395519450417,True
sx3214055c.1,sx3214055c,1,nan,False
sx3214055c.2,sx3214055c,2,nan,False
sx3195310a.1,sx3195310a,1,37.98768891132017,True
sx3195310a.2,sx3195310a,2,nan,False
sx3008232b.1,sx3008232b,1,nan,False
sx3008232b.2,sx3008232b,2,34.625610182283175,True
sx2764399b.1,sx2764399b,1,nan,False
sx2764399b.2,sx2764399b,2,34.57859913683833,True
sx3027116a.1,sx3027116a,1,34.599270805518216,True
sx3027116a.2,sx3027116a,2,nan,False
sx2689678b.1,sx2689678b,1,nan,False
sx2689678b.2,sx2689678b,2,34.81101004096875,True
sx2951995c.1,sx2951995c,1,nan,False
sx2951995c.2,sx2951995c,2,nan,False
sx3139086b.1,sx3139086b,1,nan,False
sx3139086b.2,sx3139086b,2,37.01721802866365,True
sx2933120c.1,sx2933120c,1,nan,False
sx2933120c.2,sx2933120c,2,nan,False
sx2726973a.1,sx2726973a,1,31.05745261083574,True
sx2726973a.2,sx2726973a,2,nan,False
sx2820531b.1,sx2820531b,1,30.500832058728797,True
sx2820531b.2,sx2820531b,2,30.589046144628238,True
sx3157708c.1,sx3157708c,1,nan,False
sx3157708c.2,sx3157708c,2,nan,False
sx2858166a.1,sx2858166a,1,29.90289736138231,True
sx2858166a.2,sx2858166a,2,nan,False
sx2764403a.1,sx2764403a,1,28.99642035213087,True
sx2764403a.2,sx2764403a,2,nan,False
sx2895449c.1,sx2895449c,1,31.830793180815014,True
sx2895449c.2,sx2895449c,2,nan,False
sx3176656a.1,sx3176656a,1,32.603185535107045,True
sx3176656a.2,sx3176656a,2,nan,False
sx2820533a.1,sx2820533a,1,29.23974485029716,True
sx2820533a.2,sx2820533a,2,nan,False
sx2876796a.1,sx2876796a,1,33.813152647170796,True
sx2876796a.2,sx2876796a,2,nan,False
sx2876797a.1,sx2876797a,1,33.425774331863906,True
sx2876797a.2,sx2876797a,2,nan,False
sx3157710b.1,sx3157710b,1,nan,False
sx3157710b.2,sx3157710b,2,34.583960404649886,True
sx2726974b.1,sx2726974b,1,nan,False
sx2726974b.2,sx2726974b,2,31.435627666376238,True
sx2726975b.1,sx2726975b,1,nan,False
sx2726975b.2,sx2726975b,2,37.281296472562516,True
sx3195315a.1,sx3195315a,1,30.664145015318073,True
sx3195315a.2,sx3195315a,2,nan,False
sx3143999a.1,sx3143999a,1,34.392928222471376,True
sx3143999a.2,sx3143999a,2,nan,False
sx3125349c.1,sx3125349c,1,34.24169720676868,True
sx3125349c.2,sx3125349c,2,nan,False
sx3181545c.1,sx3181545c,1,34.16937371767385,True
sx3181545c.2,sx3181545c,2,nan,False
sx3082981c.1,sx3082981c,1,nan,False
sx3082981c.2,sx3082981c,2,nan,False
sx2876798b.1,sx2876798b,1,32.57594516378398,True
sx2876798b.2,sx2876798b,2,32.66934179033163,True
sx3008237c.1,sx3008237c,1,nan,False
sx3008237c.2,sx3008237c,2,nan,False
sx2783231b.1,sx2783231b,1,nan,False
sx2783231b.2,sx2783231b,2,28.86642365794595,True
sx3176660b.1,sx3176660b,1,nan,False
sx3176660b.2,sx3176660b,2,29.64356737967909,True
sx3082983b.1,sx3082983b,1,nan,False
sx3082983b.2,sx3082983b,2,30.02222997070165,True
sx2801902b.1,sx2801902b,1,nan,False
sx2801902b.2,sx2801902b,2,30.27356633699405,True
sx3157718a.1,sx3157718a,1,27.229813216022386,True
sx3157718a.2,sx3157718a,2,nan,False
sx2745806c.1,sx2745806c,1,nan,False
sx2745806c.2,sx2745806c,2,nan,False
sx3195318b.1,sx3195318b,1,nan,False
sx3195318b.2,sx3195318b,2,35.10826021918641,True
sx3214071c.1,sx3214071c,1,25.09042991982122,True
sx3214071c.2,sx3214071c,2,nan,False
sx3214069c.1,sx3214069c,1,25.140220140122167,True
sx3214069c.2,sx3214069c,2,nan,False
sx3232902a.1,sx3232902a,1,25.980833589423128,True
sx3232902a.2,sx3232902a,2,nan,False
sx3027122a.1,sx3027122a,1,26.474231870380706,True
sx3027122a.2,sx3027122a,2,nan,False
sx3082988b.1,sx3082988b,1,nan,False
sx3082988b.2,sx3082988b,2,26.41999475483373,True
sx3027124c.1,sx3027124c,1,nan,False
sx3027124c.2,sx3027124c,2,nan,False
sx2801909c.1,sx2801909c,1,22.315167284753844,True
sx2801909c.2,sx2801909c,2,nan,False
sx2914324a.1,sx2914324a,1,33.09937705712798,True
sx2914324a.2,sx2914324a,2,nan,False
sx2820556a.1,sx2820556a,1,37.58105034583927,True
sx2820556a.2,sx2820556a,2,nan,False
sx2933135a.1,sx2933135a,1,26.011115766150194,True
sx2933135a.2,sx2933135a,2,nan,False
sx3139366a.1,sx3139366a,1,23.714431295846428,True
sx3139366a.2,sx3139366a,2,nan,False
sx2708744b.1,sx2708744b,1,nan,False
sx2708744b.2,sx2708744b,2,26.410855560488105,True
sx2690187b.1,sx2690187b,1,nan,False
sx2690187b.2,sx2690187b,2,26.515803749480714,True
sx3233412a.1,sx3233412a,1,26.35336910941195,True
sx3233412a.2,sx3233412a,2,nan,False
sx3027670b.1,sx3027670b,1,nan,False
sx3027670b.2,sx3027670b,2,26.68034893704713,True
sx2821087a.1,sx2821087a,1,26.570257158145395,True
sx2821087a.2,sx2821087a,2,nan,False
sx2990098a.1,sx2990098a,1,26.687819995525814,True
sx2990098a.2,sx2990098a,2,nan,False
sx3252336b.1,sx3252336b,1,nan,False
sx3252336b.2,sx3252336b,2,27.037281159211467,True
sx2802480b.1,sx2802480b,1,nan,False
sx2802480b.2,sx2802480b,2,26.929942037831072,True
sx3233413b.1,sx3233413b,1,nan,False
sx3233413b.2,sx3233413b,2,27.214784191635637,True
sx3027671a.1,sx3027671a,1,26.88253660944964,True
sx3027671a.2,sx3027671a,2,nan,False
sx3102286b.1,sx3102286b,1,nan,False
sx3102286b.2,sx3102286b,2,27.374716446844086,True
sx2802481a.1,sx2802481a,1,27.05635358888676,True
sx2802481a.2,sx2802481a,2,nan,False
sx3214549a.1,sx3214549a,1,27.163774922220007,True
sx3214549a.2,sx3214549a,2,nan,False
sx3139598b.1,sx3139598b,1,nan,False
sx3139598b.2,sx3139598b,2,34.24493596499234,True
sx3214112b.1,sx3214112b,1,nan,False
sx3214112b.2,sx3214112b,2,37.26728515220583,True
sx3251854a.1,sx3251854a,1,29.066947609871644,True
sx3251854a.2,sx3251854a,2,nan,False
sx2763072b.1,sx2763072b,1,nan,False
sx2763072b.2,sx2763072b,2,37.76377985566686,True
sx3172805a.1,sx3172805a,1,35.53874470594176,True
sx3172805a.2,sx3172805a,2,nan,False
sx3226771a.1,sx3226771a,1,34.348511387550396,True
sx3226771a.2,sx3226771a,2,nan,False
sx3189190a.1,sx3189190a,1,34.54341105236473,True
sx3189190a.2,sx3189190a,2,nan,False
sx2896685a.1,sx2896685a,1,27.68071320968168,True
sx2896685a.2,sx2896685a,2,nan,False
sx2896685b.1,sx2896685b,1,27.68071320968168,True
sx2896685b.2,sx2896685b,2,27.693424985340606,True
sx2896685c.1,sx2896685c,1,27.68071320968168,True
sx2896685c.2,sx2896685c,2,nan,False
sx2937757c.1,sx2937757c,1,nan,False
sx2937757c.2,sx2937757c,2,nan,False
sx2806553c.1,sx2806553c,1,nan,False
sx2806553c.2,sx2806553c,2,nan,False
sx2862616c.1,sx2862616c,1,nan,False
sx2862616c.2,sx2862616c,2,nan,False
sx2746587c.1,sx2746587c,1,nan,False
sx2746587c.2,sx2746587c,2,nan,False
sx2727795c.1,sx2727795c,1,nan,False
sx2727795c.2,sx2727795c,2,nan,False
sx3177665a.1,sx3177665a,1,31.523560065975936,True
sx3177665a.2,sx3177665a,2,nan,False
sx3046854b.1,sx3046854b,1,nan,False
sx3046854b.2,sx3046854b,2,36.65950021420799,True
sx3102793b.1,sx3102793b,1,nan,False
sx3102793b.2,sx3102793b,2,31.075095624231928,True
sx2803199a.1,sx2803199a,1,26.950845614804827,True
sx2803199a.2,sx2803199a,2,nan,False
sx2803199b.1,sx2803199b,1,26.950845614804827,True
sx2803199b.2,sx2803199b,2,26.998863521413917,True
sx2803199c.1,sx2803199c,1,26.950845614804827,True
sx2803199c.2,sx2803199c,2,nan,False
sx3215203a.1,sx3215203a,1,27.277574071666443,True
sx3215203a.2,sx3215203a,2,nan,False
sx3215203b.1,sx3215203b,1,27.277574071666443,True
sx3215203b.2,sx3215203b,2,27.290791853777353,True
sx3215203c.1,sx3215203c,1,27.277574071666443,True
sx3215203c.2,sx3215203c,2,nan,False
sx3065665a.1,sx3065665a,1,26.81891583481085,True
sx3065665a.2,sx3065665a,2,nan,False
sx3177881c.1,sx3177881c,1,nan,False
sx3177881c.2,sx3177881c,2,nan,False
sx3047058a.1,sx3047058a,1,36.8853958776795,True
sx3047058a.2,sx3047058a,2,nan,False
sx3177894a.1,sx3177894a,1,40.59186481971318,True
sx3177894a.2,sx3177894a,2,nan,False
sx3140238a.1,sx3140238a,1,38.20964328436548,True
sx3140238a.2,sx3140238a,2,nan,False
sx2821770a.1,sx2821770a,1,34.824832153587735,True
sx2821770a.2,sx2821770a,2,nan,False
sx2915534a.1,sx2915534a,1,35.31907851199521,True
sx2915534a.2,sx2915534a,2,nan,False
sx2690868c.1,sx2690868c,1,nan,False
sx2690868c.2,sx2690868c,2,nan,False
sx2803194c.1,sx2803194c,1,nan,False
sx2803194c.2,sx2803194c,2,nan,False
sx3047073c.1,sx3047073c,1,nan,False
sx3047073c.2,sx3047073c,2,nan,False
sx3065696a.1,sx3065696a,1,36.946146433606145,True
sx3065696a.2,sx3065696a,2,nan,False
sx2915542a.1,sx2915542a,1,27.344152972448313,True
sx2915542a.2,sx2915542a,2,nan,False
sx2915542b.1,sx2915542b,1,27.344152972448313,True
sx2915542b.2,sx2915542b,2,27.357368215643348,True
sx2915542c.1,sx2915542c,1,27.344152972448313,True
sx2915542c.2,sx2915542c,2,nan,False
sx3234149a.1,sx3234149a,1,4.6941450938629465,True
sx3234149a.2,sx3234149a,2,nan,False
sx3234149b.1,sx3234149b,1,4.6941450938629465,True
sx3234149b.2,sx3234149b,2,4.711724077850465,True
sx3234149c.1,sx3234149c,1,4.6941450938629465,True
sx3234149c.2,sx3234149c,2,nan,False
sx2859391b.1,sx2859391b,1,nan,False
sx2859391b.2,sx2859391b,2,35.58372571910049,True
sx2859403a.1,sx2859403a,1,25.872466426686366,True
sx2859403a.2,sx2859403a,2,nan,False
sx3215340a.1,sx3215340a,1,37.359347566635165,True
sx3215340a.2,sx3215340a,2,nan,False
sx3047289a.1,sx3047289a,1,27.79895288979687,True
sx3047289a.2,sx3047289a,2,nan,False
sx3047289b.1,sx3047289b,1,27.79895288979687,True
sx3047289b.2,sx3047289b,2,27.847821901463455,True
sx3047289c.1,sx3047289c,1,27.79895288979687,True
sx3047289c.2,sx3047289c,2,nan,False
sx3215549b.1,sx3215549b,1,nan,False
sx3215549b.2,sx3215549b,2,34.94935537226016,True
sx3253570c.1,sx3253570c,1,nan,False
sx3253570c.2,sx3253570c,2,nan,False
sx2972704c.1,sx2972704c,1,nan,False
sx2972704c.2,sx2972704c,2,nan,False
sx3159645a.1,sx3159645a,1,31.56688704886152,True
sx3159645a.2,sx3159645a,2,nan,False
sx3091052a.1,sx3091052a,1,38.97878002127824,True
sx3091052a.2,sx3091052a,2,nan,False
sx2916234a.1,sx2916234a,1,36.815486261437925,True
sx2916234a.2,sx2916234a,2,nan,False
sx3029183b.1,sx3029183b,1,nan,False
sx3029183b.2,sx3029183b,2,38.527215646726745,True
sx3108449a.1,sx3108449a,1,26.96563846862948,True
sx3108449a.2,sx3108449a,2,nan,False
sx3103822c.1,sx3103822c,1,30.139480029468128,True
sx3103822c.2,sx3103822c,2,nan,False
sx2991640c.1,sx2991640c,1,nan,False
sx2991640c.2,sx2991640c,2,nan,False
sx2729206c.1,sx2729206c,1,nan,False
sx2729206c.2,sx2729206c,2,nan,False
sx2897554c.1,sx2897554c,1,nan,False
sx2897554c.2,sx2897554c,2,nan,False
sx2729207c.1,sx2729207c,1,nan,False
sx2729207c.2,sx2729207c,2,nan,False
sx2766499c.1,sx2766499c,1,nan,False
sx2766499c.2,sx2766499c,2,nan,False
sx2878848c.1,sx2878848c,1,nan,False
sx2878848c.2,sx2878848c,2,nan,False
sx3263051c.1,sx3263051c,1,nan,False
sx3263051c.2,sx3263051c,2,nan,False
sx3312692a.1,sx3312692a,1,40.87861695561537,True
sx3312692a.2,sx3312692a,2,nan,False
sx3315860b.1,sx3315860b,1,nan,False
sx3315860b.2,sx3315860b,2,35.7511458147551,True
sx3342743c.1,sx3342743c,1,nan,False
sx3342743c.2,sx3342743c,2,nan,False
sx3448661b.1,sx3448661b,1,nan,False
sx3448661b.2,sx3448661b,2,37.316372502184805,True
sx3552667c.1,sx3552667c,1,nan,False
sx3552667c.2,sx3552667c,2,nan,False
sx3626914c.1,sx3626914c,1,nan,False
sx3626914c.2,sx3626914c,2,nan,False
sx3632979a.1,sx3632979a,1,34.945707973310505,True
sx3632979a.2,sx3632979a,2,nan,False
sx3645809c.1,sx3645809c,1,nan,False
sx3645809c.2,sx3645809c,2,nan,False
sx3645810c.1,sx3645810c,1,nan,False
sx3645810c.2,sx3645810c,2,nan,False
sx3645811c.1,sx3645811c,1,nan,False
sx3645811c.2,sx3645811c,2,nan,False
sx3645812c.1,sx3645812c,1,nan,False
sx3645812c.2,sx3645812c,2,nan,False
sx3649297a.1,sx3649297a,1,30.79365258263282,True
sx3649297a.2,sx3649297a,2,nan,False
sx3649298a.1,sx3649298a,1,30.88507986566253,True
sx3649298a.2,sx3649298a,2,nan,False
sx3649299a.1,sx3649299a,1,30.996733171721665,True
sx3649299a.2,sx3649299a,2,nan,False
sx3649300a.1,sx3649300a,1,31.071065664664744,True
sx3649300a.2,sx3649300a,2,nan,False
sx3649301a.1,sx3649301a,1,31.158932199204756,True
sx3649301a.2,sx3649301a,2,nan,False
sx3649302a.1,sx3649302a,1,31.249507523601523,True
sx3649302a.2,sx3649302a,2,nan,False
sx3649304a.1,sx3649304a,1,31.339652085721895,True
sx3649304a.2,sx3649304a,2,nan,False
sx3649305a.1,sx3649305a,1,31.492425755229064,True
sx3649305a.2,sx3649305a,2,nan,False
sx3649306a.1,sx3649306a,1,31.089587350943404,True
sx3649306a.2,sx3649306a,2,nan,False
sx3729297a.1,sx3729297a,1,31.106825550956664,True
sx3729297a.2,sx3729297a,2,nan,False
sx3729298a.1,sx3729298a,1,31.177918941565473,True
sx3729298a.2,sx3729298a,2,nan,False
sx3727707a.1,sx3727707a,1,31.282309015599324,True
sx3727707a.2,sx3727707a,2,nan,False
sx3727708a.1,sx3727708a,1,31.399028796283275,True
sx3727708a.2,sx3727708a,2,nan,False
sx3727709a.1,sx3727709a,1,31.440490714386975,True
sx3727709a.2,sx3727709a,2,nan,False
sx3727710a.1,sx3727710a,1,31.54433242557761,True
sx3727710a.2,sx3727710a,2,nan,False
sx3727711a.1,sx3727711a,1,31.476795957246924,True
sx3727711a.2,sx3727711a,2,nan,False
sx3727712a.1,sx3727712a,1,31.500320455713773,True
sx3727712a.2,sx3727712a,2,nan,False
sx3728037a.1,sx3728037a,1,31.520087005702123,True
sx3728037a.2,sx3728037a,2,nan,False
sx3728038a.1,sx3728038a,1,31.674454796738246,True
sx3728038a.2,sx3728038a,2,nan,False
sx3728039a.1,sx3728039a,1,31.769276004856977,True
sx3728039a.2,sx3728039a,2,nan,False
sx3728040a.1,sx3728040a,1,31.855954835649264,True
sx3728040a.2,sx3728040a,2,nan,False
sx3728041a.1,sx3728041a,1,31.92946971262986,True
sx3728041a.2,sx3728041a,2,nan,False
sx3728042a.1,sx3728042a,1,31.75535631313554,True
sx3728042a.2,sx3728042a,2,nan,False
sx3728043a.1,sx3728043a,1,31.850324155680546,True
sx3728043a.2,sx3728043a,2,nan,False
sx3778577c.1,sx3778577c,1,nan,False
sx3778577c.2,sx3778577c,2,nan,False
sx3784018a.1,sx3784018a,1,33.3649259110224,True
sx3784018a.2,sx3784018a,2,nan,False
