node,node_idx
sourcebus.1,0
sourcebus.2,1
sourcebus.3,2
_hvmv_sub_lsb.1,3
_hvmv_sub_lsb.2,4
_hvmv_sub_lsb.3,5
hvmv_sub_48332.1,6
hvmv_sub_48332.2,7
hvmv_sub_48332.3,8
m1009763.2,9
m1009763.1,10
m1009763.3,11
l2673322.2,12
m1069148.3,13
l2673309.3,14
m1069588.2,15
l2804270.2,16
m3036164.2,17
l2935553.2,18
m1209749.2,19
l2748840.2,20
m1108264.2,21
m1108263.2,22
l3085398.1,23
l3085398.2,24
l3085398.3,25
m1026891.1,26
m1026891.2,27
m1026891.3,28
l3216367.1,29
l3216367.2,30
l3216367.3,31
m1069468.1,32
m1069468.2,33
m1069468.3,34
m1142800.2,35
m1142799.2,36
m1047592.3,37
m1047592.1,38
m1047592.2,39
p827512.3,40
m1047339.1,41
m1047339.2,42
m1047339.3,43
p895104.1,44
m1026915.1,45
m1026915.2,46
m1026915.3,47
m1026920.1,48
m1026920.2,49
m1026920.3,50
n1138596.1,51
l3254207.1,52
m1069464.2,53
m1069464.1,54
m1069464.3,55
p873787.2,56
n1144665.1,57
n1144665.2,58
n1144665.3,59
m1047515.1,60
m1047515.2,61
m1047515.3,62
n1137002.1,63
m1047707.1,64
l2729406.3,65
l2897768.3,66
l3649301.1,67
l3649302.1,68
l2970842.2,69
m1089113.2,70
m1047312.1,71
m1047312.2,72
m1047312.3,73
p893163.1,74
l2822871.1,75
l2822871.2,76
l2822871.3,77
m1026872.1,78
m1026872.2,79
m1026872.3,80
m1026312.2,81
l2973163.2,82
l3728038.1,83
l3728039.1,84
m1069567.2,85
m1069582.2,86
n1140830.1,87
l3216351.1,88
l2952007.3,89
l2861158.3,90
n1140827.1,91
n1140827.2,92
n1140827.3,93
m1026726.1,94
m1026726.2,95
m1026726.3,96
l2730106.1,97
l2730106.2,98
l2730106.3,99
n1142099.1,100
n1142099.2,101
n1142099.3,102
m1026658.1,103
m1026658.2,104
m1026658.3,105
l3172805.1,106
p895112.1,107
l3048962.1,108
l2991914.1,109
l2991914.2,110
l2991914.3,111
m1047503.1,112
m1047503.2,113
m1047503.3,114
m1047751.1,115
l2973154.1,116
l3010565.3,117
l2897775.3,118
m1125955.3,119
m1125957.3,120
m1069640.2,121
l2804269.2,122
m1026702.1,123
m1026702.2,124
m1026702.3,125
n1139551.1,126
n1139551.2,127
n1139551.3,128
n1136355.2,129
l2783231.2,130
l2748143.1,131
l3251854.1,132
m1069610.2,133
m1069600.2,134
m1069424.1,135
m1069424.2,136
m1069424.3,137
l2935549.1,138
l2935549.2,139
l2935549.3,140
p895089.3,141
l3235242.3,142
m1026795.3,143
m1026795.1,144
m1026795.2,145
n1140522.3,146
l3030199.1,147
l3030199.2,148
l3030199.3,149
m1125934.1,150
m1125934.2,151
m1125934.3,152
m1069189.3,153
m1069189.1,154
m1069189.2,155
l2860487.3,156
221-312488.1,157
221-312488.2,158
221-312488.3,159
m1089183.1,160
m1089183.2,161
m1089183.3,162
m1108464.2,163
l3102286.2,164
f739845.1,165
f739845.2,166
f739845.3,167
293471.1,168
293471.2,169
293471.3,170
p827499.1,171
n1139254.1,172
m1026657.1,173
m1026656.1,174
m1108299.2,175
m1108300.2,176
l3198355.2,177
l2805037.2,178
n1137994.3,179
m1069484.3,180
l2860504.1,181
l2860493.1,182
m1026783.1,183
m1026783.2,184
m1026783.3,185
m1026780.1,186
m1026780.2,187
m1026780.3,188
p895111.3,189
l2895496.3,190
n1140819.1,191
n1140819.2,192
n1140819.3,193
m1026700.1,194
m1026700.2,195
m1026700.3,196
m1089173.3,197
l2935551.3,198
m1026344.1,199
m1026364.1,200
l2879070.1,201
l2879070.2,202
l2879070.3,203
l3216345.1,204
l3216345.2,205
l3216345.3,206
m1069428.2,207
m1069428.1,208
m1069428.3,209
n1139257.2,210
l2991919.1,211
m1026361.1,212
n1147857.1,213
m1009742.1,214
q14412.1,215
q14412.2,216
q14412.3,217
m1047325.1,218
m1047325.2,219
m1047325.3,220
n1139263.1,221
l3048227.1,222
p827506.1,223
m1069469.1,224
m1027019.2,225
l2785522.2,226
l3216338.2,227
l2973146.2,228
m3037452.1,229
l2973164.1,230
l3120376.1,231
m1026925.1,232
m1047612.3,233
p828360.3,234
m1089195.3,235
l3141393.3,236
m1026946.2,237
m1026940.2,238
m1047471.2,239
l3216349.2,240
m1047401.1,241
l2748132.1,242
l3122820.1,243
l3141398.1,244
m1108360.3,245
l3048968.3,246
l2801950.3,247
m1069224.3,248
l2766746.3,249
m1027073.3,250
m1142873.3,251
m1069181.1,252
l2973151.1,253
l3179682.3,254
l2786274.3,255
l3066816.1,256
m1026667.1,257
m1108529.1,258
m1108529.2,259
m1108529.3,260
m1108532.1,261
m1108532.2,262
m1108532.3,263
l2766723.1,264
l3122822.1,265
l2673312.1,266
l3235247.1,267
m1166391.3,268
l3254873.3,269
l2861157.3,270
p901951.3,271
m1047346.1,272
m1047346.2,273
m1047346.3,274
m1047345.1,275
m1047345.2,276
m1047345.3,277
l2989596.2,278
l2822873.2,279
m1108328.3,280
l2875754.3,281
l2786204.3,282
m1209819.3,283
p901972.1,284
m1009726.1,285
m1047702.1,286
n1137001.1,287
l2767340.1,288
l2767340.2,289
l2767340.3,290
m3037449.1,291
m3037449.2,292
m3037449.3,293
m1047457.2,294
l2710546.2,295
l2674027.1,296
l2674027.2,297
l2674027.3,298
l2692633.1,299
l2692633.2,300
l2692633.3,301
n1142108.1,302
l2674051.1,303
m1069135.1,304
m1069135.2,305
m1069135.3,306
r18242.1,307
r18242.2,308
r18242.3,309
m1047534.1,310
m1047534.2,311
m1047534.3,312
n1136663.1,313
n1136663.2,314
n1136663.3,315
m1108508.3,316
l3097861.3,317
m1069560.2,318
l2973153.1,319
l2973153.2,320
l2973153.3,321
n1136998.1,322
n1136998.2,323
n1136998.3,324
l2898515.3,325
m1166387.3,326
m1047442.2,327
l3235250.2,328
m1142871.1,329
m1142871.2,330
m1142871.3,331
m1142874.1,332
m1142874.2,333
m1142874.3,334
l2955081.1,335
l2955081.2,336
l2955081.3,337
m1108315.1,338
m1108315.2,339
m1108315.3,340
l2973162.1,341
l2973162.2,342
l2973162.3,343
m1026333.1,344
m1026333.2,345
m1026333.3,346
m1009832.2,347
l2860479.2,348
m1026854.1,349
m1026854.2,350
m1026854.3,351
p901894.1,352
m1026485.2,353
m1026492.2,354
d6413567-3_int.1,355
d6413567-3_int.2,356
d6413567-3_int.3,357
e182724.1,358
e182724.2,359
e182724.3,360
n1139541.1,361
n1139541.2,362
n1139541.3,363
m4122658.1,364
m4122658.2,365
m4122658.3,366
l2933135.1,367
l2933135.2,368
l2933135.3,369
l2729414.1,370
l2729414.2,371
l2729414.3,372
l2729430.2,373
l2766742.2,374
m1026972.2,375
l2860483.2,376
l2860490.1,377
l2860490.2,378
l2860490.3,379
l3104134.1,380
l3104134.2,381
l3104134.3,382
m1089144.1,383
p827522.1,384
m1089118.1,385
m1089118.2,386
m1089118.3,387
l3048208.1,388
m1108505.1,389
m1108505.2,390
m1108505.3,391
l2955047.1,392
l2955047.2,393
l2955047.3,394
m1089148.1,395
l2766721.1,396
m1026745.2,397
l3029183.2,398
l2710512.2,399
m1047828.2,400
m1047342.1,401
l3197645.1,402
m1069192.1,403
l3235253.1,404
l3214071.1,405
l3214071.2,406
l3214071.3,407
m1125952.1,408
m1125952.2,409
m1125952.3,410
m1027101.2,411
l2860480.2,412
l2710517.1,413
m1026646.1,414
m1069662.2,415
l2935547.2,416
m1026931.1,417
l3216336.1,418
l3142049.1,419
l3142049.2,420
l3142049.3,421
m1108493.1,422
m1108493.2,423
m1108493.3,424
m1069169.1,425
m1069169.2,426
m1069169.3,427
l3010556.1,428
l3010556.2,429
l3010556.3,430
l2991933.3,431
l3122837.3,432
l2691936.1,433
l2897772.1,434
l3101814.1,435
l2766732.2,436
l2989564.2,437
m1126016.1,438
l3120534.1,439
m1026330.2,440
m1026330.1,441
m1026330.3,442
l2766726.2,443
p901912.2,444
l3195365.2,445
m1108381.1,446
m1108381.2,447
m1108381.3,448
l3254237.1,449
l3254237.2,450
l3254237.3,451
l2804262.1,452
l2841639.1,453
n1230123.2,454
l2708744.2,455
m1069519.2,456
m1069519.1,457
m1069519.3,458
p901927.2,459
l2897790.3,460
l2935566.3,461
l3216337.1,462
p901931.3,463
m1069548.3,464
m1010013.1,465
l3120503.1,466
m1089145.1,467
m1089145.2,468
m1089145.3,469
l3215385.1,470
l3215385.2,471
l3215385.3,472
m1026852.1,473
m1026852.2,474
m1026852.3,475
m1069420.1,476
m1069420.2,477
m1069420.3,478
l3157708.3,479
n1137991.3,480
m1108413.1,481
m1108460.1,482
p827532.1,483
m1047326.1,484
e182732.1,485
e182732.2,486
e182732.3,487
m1026760.1,488
m1026760.2,489
m1026760.3,490
l3048205.3,491
m1108361.3,492
m3036169.1,493
l2673317.1,494
l3178981.2,495
m1047368.2,496
n1136354.1,497
n1136354.2,498
n1136354.3,499
l2879794.1,500
m1142811.1,501
m1069565.2,502
l2785536.2,503
l3104114.2,504
m1009824.2,505
l2745848.1,506
l2745848.2,507
l2745848.3,508
l2673308.1,509
l2673308.2,510
l2673308.3,511
l2991939.1,512
l2991939.2,513
l2991939.3,514
l2916606.3,515
l2822864.3,516
m1142851.1,517
m1142851.2,518
m1142851.3,519
196-31070.1,520
196-31070.2,521
196-31070.3,522
m1209822.3,523
m1209823.3,524
m1069550.2,525
m1069551.2,526
l3141397.2,527
l3649299.1,528
m3772794.1,529
p895106.2,530
l3048887.2,531
m1047824.2,532
m1047834.2,533
m1069350.1,534
m1069350.2,535
m1069350.3,536
n1144668.1,537
n1144668.2,538
n1144668.3,539
l2879072.2,540
m1047441.2,541
m1108274.2,542
m1108269.2,543
l3235244.1,544
m1069398.1,545
n1147862.1,546
l2685805.1,547
m1069247.1,548
m1069248.1,549
l2786273.2,550
m1108278.2,551
l3254238.1,552
l3254238.2,553
l3254238.3,554
m1047303.1,555
m1047303.2,556
m1047303.3,557
m1047633.3,558
l2897554.3,559
m1069627.2,560
l2897791.2,561
m1089097.2,562
m1108270.2,563
n1142101.1,564
l2936214.1,565
l3066810.3,566
l2897769.3,567
m1209758.2,568
m1209753.2,569
m1047528.1,570
m1047528.2,571
m1047528.3,572
l2858166.1,573
l2858166.2,574
l2858166.3,575
m1142843.1,576
m1142843.2,577
m1142843.3,578
l3081380.1,579
l3081380.2,580
l3081380.3,581
l2804272.2,582
l2841641.2,583
m1069393.2,584
m1069408.2,585
n1142104.1,586
n1142104.2,587
n1142104.3,588
m1108500.1,589
m1108500.2,590
m1108500.3,591
l3216348.1,592
l2841627.1,593
l2916599.1,594
m1047447.2,595
l2954349.2,596
l3235246.2,597
m1125911.2,598
l2711224.2,599
n1147863.3,600
l3122817.3,601
m1186061.2,602
m1186061.1,603
m1186061.3,604
l2861223.2,605
m1069130.1,606
l3085396.1,607
e182730.1,608
n1142109.1,609
m1069417.1,610
m1069417.2,611
m1069417.3,612
n1138597.1,613
n1138597.2,614
n1138597.3,615
m1026987.2,616
m1026990.2,617
m1142832.1,618
m1142832.2,619
m1142832.3,620
l3160865.1,621
l3160865.2,622
l3160865.3,623
l2673323.3,624
m1009809.3,625
l2822869.1,626
l2822869.2,627
l2822869.3,628
m1026808.1,629
m1026808.2,630
m1026808.3,631
m1047825.2,632
m1069731.2,633
n1140520.3,634
l2729410.3,635
l3178978.1,636
m1069384.1,637
l3066805.1,638
m4362181.2,639
m1047319.3,640
m1047318.3,641
l3216358.1,642
m1026826.1,643
m1108276.2,644
m1089198.1,645
m1089198.2,646
m1089198.3,647
m1089201.1,648
m1089201.2,649
m1089201.3,650
m1047763.1,651
m1047763.2,652
m1047763.3,653
n1136027.1,654
l3101827.3,655
m1108540.3,656
m1026335.1,657
l2804259.1,658
n1136357.3,659
m1047513.1,660
m1047513.2,661
m1047513.3,662
m1047507.1,663
m1047507.2,664
m1047507.3,665
m1142863.3,666
m1142863.1,667
m1142863.2,668
n1141480.3,669
m1125916.2,670
l2879767.2,671
l3066809.3,672
m1069487.3,673
m1142818.1,674
m1142818.2,675
m1142818.3,676
p829965.1,677
p829965.2,678
p829965.3,679
q14733.1,680
q14733.2,681
q14733.3,682
m1047568.1,683
m1047568.2,684
m1047568.3,685
m1047322.1,686
l2954338.2,687
m1047409.1,688
l2841648.1,689
m1089177.3,690
m1026951.2,691
l2954347.2,692
m4122657.3,693
l3027124.3,694
m1069419.1,695
m1069419.2,696
m1069419.3,697
m1069418.1,698
m1069418.2,699
m1069418.3,700
m1026824.3,701
m1026824.1,702
m1026824.2,703
p859694.3,704
m1047453.2,705
l2691948.2,706
p860892.3,707
n1139543.3,708
m1089205.1,709
n1134472.1,710
l2710542.2,711
m3032980.1,712
m3032980.2,713
m3032980.3,714
m3032977.1,715
m3032977.2,716
m3032977.3,717
m3763618.3,718
m3763618.1,719
m3763618.2,720
p1121282.3,721
l2917330.1,722
l2861222.1,723
m1047490.1,724
m1047490.2,725
m1047490.3,726
p1164481.1,727
m1069356.3,728
m1069363.3,729
p828359.3,730
l2878848.3,731
m1047486.1,732
m1047486.2,733
m1047486.3,734
l3177665.1,735
l2805036.2,736
l2692654.1,737
m1125929.1,738
m1047669.1,739
m1047669.2,740
m1047669.3,741
m1047672.1,742
m1047672.2,743
m1047672.3,744
m1125919.1,745
m1125919.2,746
m1125919.3,747
p829961.1,748
m1142819.2,749
m1142819.1,750
m1142819.3,751
p829960.2,752
p829979.2,753
m3036172.2,754
m1026883.3,755
m1026898.3,756
m1089143.1,757
m1089143.2,758
m1089143.3,759
l3141400.1,760
m1069481.3,761
m1069481.1,762
m1069481.2,763
p827507.3,764
m1026377.1,765
l3048210.1,766
e182722.1,767
m1026331.3,768
m1026331.1,769
m1026331.2,770
l3214055.3,771
m1108295.1,772
m1108295.2,773
m1108295.3,774
l2936279.1,775
l2936279.2,776
l2936279.3,777
m1026704.2,778
l2841634.2,779
m1047386.2,780
m1047379.2,781
m1089115.1,782
m1089115.2,783
m1089115.3,784
m1026486.2,785
m1026488.2,786
l3010570.1,787
p904451.1,788
221-282819.1,789
m1125968.3,790
m1125968.1,791
m1125968.2,792
p895107.3,793
n1136999.1,794
m1069412.2,795
l2879061.2,796
m1026947.2,797
m1142880.3,798
l2891575.3,799
m1026848.1,800
m1026847.1,801
l2897793.1,802
m1069521.1,803
m1069175.3,804
m1069175.1,805
m1069175.2,806
l3197637.3,807
l3197635.2,808
l2804257.2,809
l2860485.2,810
l3235945.3,811
l2842330.3,812
l2804254.1,813
m1047752.1,814
m1166370.3,815
m1166364.3,816
m3763619.1,817
m3763619.2,818
m3763619.3,819
m3037540.3,820
l2710509.3,821
l2763072.2,822
m4118754.2,823
m1089196.1,824
m1089196.2,825
m1089196.3,826
m1047484.1,827
m1047484.2,828
m1047484.3,829
l3010560.1,830
l3010560.2,831
l3010560.3,832
l3254219.3,833
l3254220.3,834
m1026648.1,835
m1026647.1,836
m1089112.3,837
m1089112.1,838
m1089112.2,839
l2691951.3,840
m1108433.2,841
228-1048090-1_int.2,842
m1026327.2,843
l2841636.2,844
l2990826.1,845
l2990826.2,846
l2990826.3,847
l2911069.2,848
l2948732.2,849
m1108260.2,850
m1108259.2,851
m1069312.3,852
p873800.3,853
m1186078.3,854
l2876797.1,855
l2876797.2,856
l2876797.3,857
r18241.1,858
r18241.2,859
r18241.3,860
l3254227.2,861
m3037455.3,862
l3217052.3,863
p827500.1,864
l2822861.1,865
m1047724.1,866
m1047724.2,867
m1047724.3,868
m1047722.1,869
m1047722.2,870
m1047722.3,871
d5534969-2_int.1,872
d5534969-2_int.2,873
d5534969-2_int.3,874
e182729.1,875
e182729.2,876
e182729.3,877
n1134477.1,878
n1134477.2,879
n1134477.3,880
m1166355.1,881
l2858200.1,882
m1047699.1,883
m1047699.2,884
m1047699.3,885
l2935554.1,886
l2935554.2,887
l2935554.3,888
m1047292.3,889
m1047292.1,890
m1047292.2,891
l2766750.3,892
l3649300.1,893
m1047733.1,894
l3066804.1,895
m3327098.2,896
l2691943.2,897
p829986.1,898
m1125904.1,899
n1139550.1,900
m1026307.2,901
l3085388.2,902
l3233413.2,903
l3122827.1,904
l2954355.1,905
p827576.2,906
n1139256.2,907
l2952003.1,908
l2952003.2,909
l2952003.3,910
n1136359.3,911
l3008237.3,912
m1089102.3,913
m1089096.3,914
p895102.2,915
m1125978.2,916
m1026706.1,917
m1026706.2,918
m1026706.3,919
n1140825.1,920
n1140825.2,921
n1140825.3,922
l3141399.3,923
m1069210.3,924
m3763624.3,925
m3763624.1,926
m3763624.2,927
p1121283.3,928
m1142839.3,929
m1142839.1,930
m1142839.2,931
l3067507.3,932
n1141478.2,933
m1142826.2,934
m1108334.3,935
l2692664.3,936
l2823544.1,937
226-23751.1,938
226-23751.2,939
226-23751.3,940
p827536.1,941
n1137999.1,942
l3027157.1,943
l3027157.2,944
l3027157.3,945
l2973155.1,946
l2973155.2,947
l2973155.3,948
m1186052.1,949
m1186052.2,950
m1186052.3,951
198-5320.1,952
198-5320.2,953
198-5320.3,954
l3216346.1,955
l2858163.1,956
m1047813.2,957
l2973149.2,958
l3086079.2,959
m1069574.2,960
l2710530.2,961
m1069285.1,962
m1069285.3,963
m4113348.1,964
m4113348.3,965
l2879074.1,966
m1026916.2,967
e193509.1,968
e193509.2,969
e193509.3,970
m1047794.2,971
m1047796.2,972
l3027116.1,973
l3027116.2,974
l3027116.3,975
l2929261.1,976
m1166375.1,977
m1166375.2,978
m1166375.3,979
p895080.1,980
l2973156.2,981
m1069311.3,982
m1069311.1,983
m1069311.2,984
m1069208.3,985
l2691945.3,986
n1140820.2,987
m1026468.2,988
p901909.2,989
m1026662.1,990
m1026662.3,991
m1026662.2,992
n1141473.1,993
m1026941.1,994
m1026942.1,995
n1137985.1,996
m1047713.1,997
m1047713.2,998
m1047713.3,999
m1047720.1,1000
m1047720.2,1001
m1047720.3,1002
m1108298.1,1003
m1108298.2,1004
m1108298.3,1005
196-36167.1,1006
196-36167.2,1007
196-36167.3,1008
e183472.1,1009
e183472.2,1010
e183472.3,1011
l2989566.1,1012
l2989566.2,1013
l2989566.3,1014
m1010007.1,1015
m1010004.1,1016
p862322.1,1017
p862322.2,1018
p862322.3,1019
m1089188.3,1020
m1089189.3,1021
l2972704.3,1022
l3263051.3,1023
n1139544.3,1024
l2897776.3,1025
n1230122.1,1026
l2689726.1,1027
m1142868.1,1028
m1142868.2,1029
m1142868.3,1030
m1142869.1,1031
m1142869.2,1032
m1142869.3,1033
l2767414.3,1034
m1027027.3,1035
l3270853.3,1036
m1125982.2,1037
m1069572.2,1038
l3066826.2,1039
m1166356.1,1040
l2730187.1,1041
l3122825.1,1042
l2991920.1,1043
n1134474.1,1044
n1134474.2,1045
n1134474.3,1046
m1069496.1,1047
m1069496.2,1048
m1069496.3,1049
l3122826.1,1050
m1047358.1,1051
l3142078.2,1052
l2879752.2,1053
p850072.1,1054
p850072.2,1055
p850072.3,1056
221-311609.1,1057
221-311609.2,1058
221-311609.3,1059
m1027023.2,1060
m1027023.1,1061
m1027023.3,1062
l3122815.2,1063
l2724120.3,1064
m1069149.3,1065
l2729429.1,1066
l3215549.2,1067
l2897800.2,1068
l3027156.3,1069
l2860481.3,1070
n1140828.1,1071
n1140828.2,1072
n1140828.3,1073
m1026708.1,1074
m1026708.2,1075
m1026708.3,1076
m1126020.1,1077
m1126023.1,1078
m1026906.1,1079
m1209824.3,1080
m1209828.3,1081
l3195315.1,1082
m1069590.2,1083
m1069595.2,1084
m1027004.2,1085
l2897765.2,1086
m1047314.1,1087
n1137961.1,1088
l2876814.1,1089
l2876814.2,1090
l2876814.3,1091
m1026834.1,1092
m1026834.2,1093
m1026834.3,1094
m1008743.2,1095
m1008742.2,1096
p827525.1,1097
p827525.2,1098
p827525.3,1099
m1026902.1,1100
m1026902.2,1101
m1026902.3,1102
n1144663.1,1103
n1144663.2,1104
n1144663.3,1105
m1089215.1,1106
m1089215.2,1107
m1089215.3,1108
m1069467.1,1109
m1047324.1,1110
m1047324.2,1111
m1047324.3,1112
l2897780.1,1113
l2897780.2,1114
l2897780.3,1115
m1069411.1,1116
m1069411.2,1117
m1069411.3,1118
l2711226.1,1119
l2711226.2,1120
l2711226.3,1121
l3101789.1,1122
l2841616.1,1123
m1089170.3,1124
l2879062.3,1125
n1139545.3,1126
m1069174.3,1127
n1140517.1,1128
l3157718.1,1129
l2727008.2,1130
m1069629.2,1131
l2691944.1,1132
n1230121.3,1133
m1069533.1,1134
m1069533.2,1135
m1069533.3,1136
n1136356.1,1137
n1136356.2,1138
n1136356.3,1139
m1142865.1,1140
m1142865.2,1141
m1142865.3,1142
m1047526.1,1143
m1047526.2,1144
m1047526.3,1145
n1136666.1,1146
n1136666.2,1147
n1136666.3,1148
l2804253.1,1149
m1209790.1,1150
m1209790.2,1151
m1209790.3,1152
m1209788.1,1153
m1209788.2,1154
m1209788.3,1155
p850400.3,1156
l3029500.1,1157
m1026764.1,1158
m1108375.3,1159
m1069217.3,1160
l2954350.3,1161
l2802481.1,1162
l3214549.1,1163
l2851933.1,1164
l2851933.2,1165
l2851933.3,1166
l3207907.1,1167
l3207907.2,1168
l3207907.3,1169
l2841619.3,1170
m1108380.2,1171
m1108380.1,1172
m1108380.3,1173
p904452.2,1174
n1136995.3,1175
m1047613.3,1176
221-306687.2,1177
l2916625.2,1178
m1009724.1,1179
m1009720.1,1180
l2822862.3,1181
d6019477-1_int.3,1182
e182727.3,1183
m1027043.3,1184
m1027043.1,1185
m1027043.2,1186
m1026948.2,1187
m1026949.2,1188
m1089131.1,1189
m1089131.2,1190
m1089131.3,1191
l3270854.1,1192
m1209763.2,1193
l3176661.3,1194
l2970804.3,1195
p827504.1,1196
n1137957.1,1197
l2936275.2,1198
l2766722.2,1199
l3142079.2,1200
m3036162.2,1201
m1026724.1,1202
m1026724.2,1203
m1026724.3,1204
r18243.1,1205
r18243.2,1206
r18243.3,1207
l2710504.2,1208
m1142860.1,1209
m1142860.2,1210
m1142860.3,1211
p895114.1,1212
l3197652.1,1213
p827575.3,1214
m1069437.3,1215
m1069620.2,1216
l3270814.1,1217
m1026378.1,1218
l2897778.1,1219
m1069532.2,1220
l2785534.2,1221
m1069147.3,1222
l3066801.3,1223
m1069556.3,1224
m1069556.1,1225
m1069556.2,1226
p901932.3,1227
l2691967.1,1228
l2691967.2,1229
l2691967.3,1230
m1069504.1,1231
m1069504.2,1232
m1069504.3,1233
m1166393.3,1234
m1166395.3,1235
l2766718.1,1236
l2766718.2,1237
l2766718.3,1238
l3048206.1,1239
l3048206.2,1240
l3048206.3,1241
m1047821.2,1242
l2684420.2,1243
p850080.1,1244
p850080.2,1245
p850080.3,1246
221-311905.1,1247
221-311905.2,1248
221-311905.3,1249
m1089204.1,1250
l3157167.1,1251
m1186072.1,1252
m1186072.2,1253
m1186072.3,1254
m1186067.1,1255
m1186067.2,1256
m1186067.3,1257
m1047432.1,1258
l2879075.1,1259
m3037537.2,1260
l3231269.2,1261
r42247.1,1262
r42247.2,1263
r42247.3,1264
m1149233.1,1265
m1149233.2,1266
m1149233.3,1267
m1108266.2,1268
m1108265.2,1269
m1069543.2,1270
m1069535.2,1271
m1126017.1,1272
m1047711.1,1273
m1047718.1,1274
m1069136.1,1275
m1069136.2,1276
m1069136.3,1277
m1009771.2,1278
l2914323.2,1279
m1069218.3,1280
l2954351.3,1281
m1026744.1,1282
m1026744.2,1283
m1026744.3,1284
m1008752.2,1285
m1008746.2,1286
m1069457.1,1287
m1069457.2,1288
m1069457.3,1289
e182745.1,1290
n1139546.2,1291
m1026363.3,1292
l2897779.3,1293
l2841626.3,1294
l2711234.2,1295
l2973178.2,1296
m1149236.1,1297
m1149236.2,1298
m1149236.3,1299
p829974.1,1300
l3160862.3,1301
l3104850.3,1302
l2748130.2,1303
l3083019.1,1304
m1027080.1,1305
l3085389.2,1306
l2729405.2,1307
p828362.1,1308
p828362.2,1309
p828362.3,1310
n1136671.1,1311
n1136671.2,1312
n1136671.3,1313
p901941.1,1314
l3251799.1,1315
m1026308.2,1316
l2897764.2,1317
m1009840.2,1318
l2991901.2,1319
n1134470.1,1320
l3251808.1,1321
l3139086.2,1322
n1137992.1,1323
n1137992.2,1324
n1137992.3,1325
196-29520.1,1326
196-29520.2,1327
196-29520.3,1328
l3029501.2,1329
m3036165.2,1330
m1026857.1,1331
m1026859.1,1332
m1108311.3,1333
m1108311.1,1334
m1108311.2,1335
l2898526.3,1336
l3048965.1,1337
l3048965.2,1338
l3048965.3,1339
l3216123.1,1340
l3216123.2,1341
l3216123.3,1342
n1136996.1,1343
n1136996.2,1344
n1136996.3,1345
m1069202.3,1346
l2879073.3,1347
m1089093.3,1348
m1047786.2,1349
l3048207.2,1350
l3160868.2,1351
l3082988.2,1352
l2936211.3,1353
n1140525.3,1354
l3645809.3,1355
p829962.3,1356
m1142835.3,1357
l3125349.1,1358
l3125349.2,1359
l3125349.3,1360
n1138604.1,1361
n1138604.2,1362
n1138604.3,1363
d5710794-3_int.1,1364
d5710794-3_int.2,1365
d5710794-3_int.3,1366
e192860.1,1367
e192860.2,1368
e192860.3,1369
l3254216.1,1370
l2785511.1,1371
l2897784.2,1372
m1026496.2,1373
p859135.1,1374
m1027002.1,1375
m1027002.2,1376
m1027002.3,1377
l2673313.1,1378
l2673313.2,1379
l2673313.3,1380
m1047725.2,1381
m1047728.2,1382
m1047300.1,1383
m1047300.2,1384
m1047300.3,1385
m1047299.1,1386
m1047299.2,1387
m1047299.3,1388
l3122835.2,1389
l3234185.2,1390
l3065750.2,1391
l2991943.3,1392
l2952013.1,1393
m1026701.1,1394
m1026701.2,1395
m1026701.3,1396
m1026697.1,1397
m1026697.2,1398
m1026697.3,1399
m1069730.2,1400
l3159037.2,1401
m1142833.3,1402
p901913.3,1403
n1140823.1,1404
n1140823.2,1405
n1140823.3,1406
m1027066.3,1407
l2841645.3,1408
m1125959.3,1409
m1125974.3,1410
m1069191.1,1411
m1108258.2,1412
p829976.1,1413
l2955078.1,1414
n1147867.3,1415
d5837361-8_int.3,1416
m1026792.1,1417
l2821010.1,1418
m1125976.1,1419
m1125976.2,1420
m1125976.3,1421
n1142112.2,1422
p827496.2,1423
221-240988.3,1424
l3141411.3,1425
p829956.3,1426
d5535139-1_int.1,1427
d5535139-1_int.2,1428
d5535139-1_int.3,1429
e183473.1,1430
e183473.2,1431
e183473.3,1432
m1125997.1,1433
m1125997.2,1434
m1125997.3,1435
m1047518.2,1436
l2973160.2,1437
n1134471.1,1438
m1009838.2,1439
l2801896.2,1440
p827520.3,1441
m1009784.1,1442
m1009784.2,1443
m1009784.3,1444
m1009770.1,1445
m1009770.2,1446
m1009770.3,1447
n1136669.1,1448
n1136669.2,1449
n1136669.3,1450
l3103822.1,1451
l3103822.2,1452
l3103822.3,1453
m3768670.1,1454
m3768670.2,1455
m3768670.3,1456
p1123251.1,1457
n1136994.3,1458
l2729428.1,1459
m1026926.1,1460
m1026926.2,1461
m1026926.3,1462
n1138000.1,1463
221-242079.1,1464
221-242079.2,1465
221-242079.3,1466
l3011293.1,1467
l3011293.2,1468
l3011293.3,1469
m1026777.1,1470
l3233353.1,1471
l3029506.2,1472
l3010559.1,1473
m1069213.3,1474
l3178977.3,1475
m1108534.1,1476
m1108534.2,1477
m1108534.3,1478
p901934.1,1479
p829796.3,1480
n1142107.3,1481
l2691965.2,1482
l2785538.1,1483
n1139259.3,1484
l2710543.3,1485
q1301.1,1486
q1301.2,1487
q1301.3,1488
l3160872.1,1489
l3160872.2,1490
l3160872.3,1491
p827509.2,1492
m1047793.2,1493
p827555.2,1494
l2879069.1,1495
l2955006.3,1496
l2692600.3,1497
l3029505.3,1498
l2673318.3,1499
m1026682.1,1500
m1047424.2,1501
l2691949.2,1502
m1026699.2,1503
l3085403.1,1504
m4113345.3,1505
l3235255.1,1506
l3235255.2,1507
l3235255.3,1508
m1047316.1,1509
m1047316.2,1510
m1047316.3,1511
m1026886.1,1512
m1026886.2,1513
m1026886.3,1514
l3120484.1,1515
l3120484.2,1516
l3120484.3,1517
l2879078.1,1518
l2879078.2,1519
l2879078.3,1520
m1026681.1,1521
m1026681.2,1522
m1026681.3,1523
l3232902.1,1524
l3232902.2,1525
l3232902.3,1526
l3123509.1,1527
l3123509.2,1528
l3123509.3,1529
m1209772.1,1530
m1209772.2,1531
m1209772.3,1532
r20703.1,1533
r20703.2,1534
r20703.3,1535
l2859403.1,1536
l2859403.2,1537
l2859403.3,1538
m1026927.1,1539
m1026927.2,1540
m1026927.3,1541
m1125914.1,1542
m1125914.2,1543
m1125914.3,1544
l2917328.1,1545
l2917328.2,1546
l2917328.3,1547
l2841635.1,1548
l2841635.2,1549
l2841635.3,1550
l2766499.3,1551
m1047444.2,1552
m1108459.2,1553
l2802480.2,1554
l2691954.1,1555
l2691954.2,1556
l2691954.3,1557
l3122849.1,1558
l3122849.2,1559
l3122849.3,1560
l2764411.3,1561
m1026907.1,1562
m1026907.2,1563
m1026907.3,1564
l2729206.3,1565
l2804957.3,1566
l3048937.3,1567
l2822872.1,1568
l2822872.2,1569
l2822872.3,1570
l3235946.1,1571
m1126005.1,1572
m1009698.1,1573
l3156034.1,1574
l3254205.3,1575
l3197647.1,1576
m1026778.1,1577
m1026844.3,1578
m1026844.1,1579
m1026844.2,1580
n1147861.3,1581
l2973833.1,1582
l2973833.2,1583
l2973833.3,1584
m1166373.1,1585
m1166373.2,1586
m1166373.3,1587
l2991902.2,1588
m1008758.2,1589
m1026734.1,1590
l3065696.1,1591
l2748780.1,1592
m1125987.1,1593
m1125987.2,1594
m1125987.3,1595
p901945.1,1596
p901945.2,1597
p901945.3,1598
p901910.2,1599
l3027122.1,1600
m1108506.1,1601
l2841637.3,1602
n1139539.1,1603
l2710520.1,1604
m1089119.2,1605
m1089119.1,1606
m1089119.3,1607
p827521.2,1608
l3046854.2,1609
m1047478.3,1610
l2766716.3,1611
n1137003.1,1612
l2973171.2,1613
l3085392.3,1614
p875742.2,1615
m1010008.1,1616
l3784018.1,1617
l3784018.2,1618
l3784018.3,1619
m1026703.3,1620
l2973166.3,1621
l3068944.2,1622
m1047550.1,1623
m1047550.2,1624
m1047550.3,1625
l2936270.1,1626
l3086078.1,1627
m1047593.1,1628
m1047593.2,1629
m1047593.3,1630
m1047615.1,1631
m1047615.2,1632
m1047615.3,1633
m1009855.2,1634
l2748139.2,1635
n1140832.3,1636
l2841631.3,1637
m1047819.2,1638
l2916610.2,1639
l2879076.3,1640
m1089122.3,1641
l2691939.2,1642
m1069489.3,1643
l2933120.3,1644
m1069225.3,1645
m1089120.1,1646
m1089120.2,1647
m1089120.3,1648
l3645810.3,1649
m3763623.3,1650
l3649304.1,1651
m1027042.3,1652
l3178969.2,1653
l2729401.2,1654
l3235249.1,1655
l2954348.1,1656
l3066812.1,1657
l2841622.1,1658
m1209787.1,1659
m1209787.2,1660
m1209787.3,1661
l2823611.1,1662
l2823611.2,1663
l2823611.3,1664
196-35541.3,1665
m1108317.3,1666
m1047340.1,1667
l2991923.1,1668
m1026661.1,1669
p827530.1,1670
p827503.3,1671
n1147865.1,1672
l2895489.1,1673
l2730163.1,1674
l2730163.2,1675
l2730163.3,1676
m1089103.2,1677
l3048196.2,1678
l2673306.3,1679
l2726973.1,1680
l2726973.2,1681
l2726973.3,1682
m1047485.1,1683
m1047485.2,1684
m1047485.3,1685
l2991640.3,1686
m1089160.3,1687
l3160101.1,1688
m1125905.2,1689
m1026950.1,1690
m1026950.2,1691
m1026950.3,1692
m1026954.1,1693
m1026954.2,1694
m1026954.3,1695
m1047558.1,1696
m1047558.2,1697
m1047558.3,1698
n1136659.1,1699
l2766741.1,1700
l2766741.2,1701
l2766741.3,1702
m1069564.1,1703
m1069564.2,1704
m1069564.3,1705
n1136361.1,1706
m1047566.1,1707
m1047566.2,1708
m1047566.3,1709
n1137995.1,1710
n1145955.1,1711
m1069461.1,1712
m1069461.2,1713
m1069461.3,1714
p827574.1,1715
m1069156.1,1716
m1069156.2,1717
m1069156.3,1718
l3195356.1,1719
l3195356.2,1720
l3195356.3,1721
n1137996.3,1722
l3178979.3,1723
l3254231.1,1724
l3728042.1,1725
l3728043.1,1726
m1047723.1,1727
m1047729.1,1728
l2895461.1,1729
l3029518.2,1730
l2897807.2,1731
l2785520.2,1732
n1139542.3,1733
221-308718.1,1734
221-308718.2,1735
221-308718.3,1736
m1209750.2,1737
l3254869.2,1738
l2798067.2,1739
m1047403.1,1740
m1047404.1,1741
l3102793.2,1742
m1089141.1,1743
m1089141.2,1744
m1089141.3,1745
n1139547.1,1746
n1139547.2,1747
n1139547.3,1748
l2688693.1,1749
l2688693.2,1750
l2688693.3,1751
l3048222.3,1752
l3104117.3,1753
221-311583.1,1754
n1139250.1,1755
l2690187.2,1756
m1108412.2,1757
m1026690.1,1758
m1026690.2,1759
m1026690.3,1760
p873801.3,1761
m1089138.1,1762
l2841628.1,1763
m1069364.3,1764
l2689678.2,1765
m1026463.2,1766
l2692655.1,1767
l2692655.2,1768
l2692655.3,1769
m1142821.1,1770
m1142821.2,1771
m1142821.3,1772
p827508.1,1773
n1144667.1,1774
m1089162.3,1775
l3029520.2,1776
m1009655.3,1777
p827528.3,1778
l2991906.1,1779
m1027056.1,1780
l3066814.1,1781
l3066814.2,1782
l3066814.3,1783
m1108398.1,1784
m1108398.2,1785
m1108398.3,1786
m1108483.1,1787
m1108486.1,1788
m1026341.1,1789
m1026341.2,1790
m1026341.3,1791
p827531.1,1792
l2748133.3,1793
l3085399.3,1794
l2767342.1,1795
m1125944.1,1796
m1125944.2,1797
m1125944.3,1798
m1125947.1,1799
m1125947.2,1800
m1125947.3,1801
l2710511.1,1802
l2766719.1,1803
p827549.1,1804
n1140518.1,1805
l2766728.3,1806
m1069462.2,1807
l3216342.2,1808
m1027041.3,1809
l2916607.3,1810
l2710513.2,1811
m1009839.2,1812
l2973165.1,1813
m1108501.1,1814
m1108499.1,1815
m1069227.3,1816
l2785546.1,1817
m1026810.1,1818
m1108368.3,1819
l3085393.3,1820
l3178974.2,1821
m1026774.1,1822
m1026774.2,1823
m1026774.3,1824
m1026769.1,1825
m1026769.2,1826
m1026769.3,1827
l3189189.2,1828
l2821770.1,1829
m1069555.2,1830
l3252336.2,1831
p829977.1,1832
p829977.2,1833
p829977.3,1834
l2820556.1,1835
m1047410.1,1836
m1027001.2,1837
m1047344.1,1838
l3029499.1,1839
221-282818.2,1840
m1026830.3,1841
m1026830.1,1842
m1026830.2,1843
p827511.3,1844
p895105.1,1845
n1142110.1,1846
n1142111.1,1847
l2991912.1,1848
l3010569.1,1849
m1047335.1,1850
l3216368.1,1851
l3216368.2,1852
l3216368.3,1853
l2879081.1,1854
l3104144.1,1855
l2916619.2,1856
m1126031.3,1857
l3179608.3,1858
l2990098.1,1859
m1108462.1,1860
l2673326.2,1861
m1142815.1,1862
m1142815.2,1863
m1142815.3,1864
n1141477.1,1865
n1139252.2,1866
l3122812.2,1867
m1166386.3,1868
m1089163.3,1869
n1142100.1,1870
n1142100.2,1871
n1142100.3,1872
m1069456.3,1873
l2897806.3,1874
l2822865.3,1875
l3195321.1,1876
l3197646.1,1877
l3197646.2,1878
l3197646.3,1879
m1026829.2,1880
m1026829.1,1881
m1026829.3,1882
n1147859.2,1883
l3139121.1,1884
l3139121.2,1885
l3139121.3,1886
l2763153.1,1887
l2763153.2,1888
l2763153.3,1889
e182726.2,1890
l2766744.2,1891
l3216370.1,1892
l3216370.2,1893
l3216370.3,1894
226-23745.3,1895
m1142828.1,1896
m1142828.2,1897
m1142828.3,1898
l2674047.1,1899
l2674047.2,1900
l2674047.3,1901
m3949157.1,1902
l3727711.1,1903
m1026329.1,1904
m1026329.2,1905
m1026329.3,1906
m1026328.1,1907
m1026328.2,1908
m1026328.3,1909
m1108355.3,1910
m1108352.3,1911
l3086002.3,1912
n1134476.1,1913
n1134476.2,1914
n1134476.3,1915
m1069284.1,1916
m1069284.3,1917
p850401.1,1918
d5502543-2_int.1,1919
d5502543-2_int.2,1920
d5502543-2_int.3,1921
q14413.1,1922
q14413.2,1923
q14413.3,1924
l3029503.3,1925
n1140524.1,1926
m1047792.2,1927
l2876846.2,1928
m1089165.3,1929
l3216343.3,1930
l2748144.1,1931
l2748144.2,1932
l2748144.3,1933
l3010562.2,1934
m1069557.2,1935
m1047374.2,1936
l3197629.2,1937
m1089202.1,1938
m1089202.2,1939
m1089202.3,1940
m1089203.1,1941
m1089203.2,1942
m1089203.3,1943
m1026866.1,1944
m1026866.2,1945
m1026866.3,1946
m1149235.1,1947
m1149235.2,1948
m1149235.3,1949
l2766720.1,1950
m1209791.1,1951
m1209791.2,1952
m1209791.3,1953
p903354.1,1954
m1026960.1,1955
m1026960.2,1956
m1026960.3,1957
m3729981.1,1958
l3011298.1,1959
l3011298.2,1960
l3011298.3,1961
m1108524.3,1962
n1136031.3,1963
m1026722.2,1964
l2991915.2,1965
l2673320.2,1966
m1047497.2,1967
m1047497.1,1968
m1047497.3,1969
m1047755.1,1970
m3037441.1,1971
m3037441.2,1972
m3037441.3,1973
n1140824.1,1974
m1026709.1,1975
m1026709.2,1976
m1026709.3,1977
l3729298.1,1978
l3727707.1,1979
l3160123.1,1980
l2897805.1,1981
m1089094.3,1982
m1125917.1,1983
m1125917.2,1984
m1125917.3,1985
m1069154.1,1986
m1069154.2,1987
m1069154.3,1988
l3197630.1,1989
l3197630.2,1990
l3197630.3,1991
m1026343.1,1992
m1069155.1,1993
m1069155.2,1994
m1069155.3,1995
l2785523.3,1996
l3141388.3,1997
m1026786.1,1998
m1026786.2,1999
m1026786.3,2000
m1026785.1,2001
m1026785.2,2002
m1026785.3,2003
n1137958.3,2004
m1026877.1,2005
l2820583.3,2006
m1108354.3,2007
l2991911.3,2008
n1136363.1,2009
n1136363.2,2010
n1136363.3,2011
r18245.1,2012
r18245.2,2013
r18245.3,2014
221-306686.3,2015
l2970258.3,2016
l2841632.1,2017
l2841632.2,2018
l2841632.3,2019
regxfmr_190-8593.1,2020
regxfmr_190-8593.2,2021
regxfmr_190-8593.3,2022
p1197121.3,2023
l2805031.3,2024
m1069226.3,2025
l2860506.2,2026
l2954346.2,2027
l2879077.2,2028
d5860423-3_int.1,2029
d5860423-3_int.2,2030
d5860423-3_int.3,2031
190-8593.1,2032
190-8593.2,2033
190-8593.3,2034
l3139366.1,2035
l3139366.2,2036
l3139366.3,2037
m4362177.1,2038
m4362177.2,2039
m4362177.3,2040
l2763812.3,2041
l2951995.3,2042
l3197638.1,2043
m1026849.1,2044
n1137993.1,2045
l2860482.1,2046
p901946.1,2047
n1142105.1,2048
m1026905.1,2049
m1026905.2,2050
m1026905.3,2051
p827515.1,2052
m1108520.3,2053
l2804277.3,2054
l2991913.1,2055
l2933165.2,2056
l3235273.2,2057
l3029502.1,2058
l3029502.2,2059
l3029502.3,2060
m1047780.2,2061
l3066811.2,2062
m1047732.3,2063
m1047732.1,2064
m1047732.2,2065
n1137987.3,2066
l3197661.3,2067
l3122848.3,2068
m1047580.1,2069
m1047580.2,2070
m1047580.3,2071
m1108345.3,2072
m1108347.3,2073
d5655682-1_int.2,2074
e182725.2,2075
d5926308-3_int.1,2076
d5926308-3_int.2,2077
d5926308-3_int.3,2078
l2860491.1,2079
l2860491.2,2080
l2860491.3,2081
l2897770.3,2082
l3104127.2,2083
l2767343.3,2084
l2786266.1,2085
l2786266.2,2086
l2786266.3,2087
l2785512.2,2088
p827529.2,2089
n1136668.2,2090
m1027114.1,2091
l3195327.1,2092
m1027121.1,2093
m1027123.1,2094
l3104157.3,2095
p895409.3,2096
d6138608-3_int.1,2097
d6138608-3_int.2,2098
d6138608-3_int.3,2099
q14404.1,2100
q14404.2,2101
q14404.3,2102
l2991927.2,2103
m1089155.3,2104
m1089158.3,2105
m1026324.2,2106
m1026323.2,2107
l2804258.2,2108
p829978.1,2109
l2992656.1,2110
l2936271.1,2111
l2936271.2,2112
l2936271.3,2113
m1069544.2,2114
l2916598.1,2115
l2954344.3,2116
l2897767.3,2117
l2876796.1,2118
m1047756.1,2119
l3122810.2,2120
m1108379.1,2121
m1108379.2,2122
m1108379.3,2123
n1140822.3,2124
l2860478.2,2125
l2822858.2,2126
l2841620.2,2127
l3727709.1,2128
l3727710.1,2129
n1136667.1,2130
n1136667.2,2131
n1136667.3,2132
196-29519.1,2133
196-29519.2,2134
196-29519.3,2135
n1144666.3,2136
m1125989.1,2137
m1125989.2,2138
m1125989.3,2139
l2898495.1,2140
l2898495.2,2141
l2898495.3,2142
l3179674.2,2143
regxfmr_190-7361.1,2144
regxfmr_190-7361.2,2145
regxfmr_190-7361.3,2146
m1069249.3,2147
l2803194.3,2148
m1186065.1,2149
m1186065.2,2150
m1186065.3,2151
m1186064.1,2152
m1186064.2,2153
m1186064.3,2154
d6231996-1_int.2,2155
e206614.2,2156
m1209776.1,2157
m1209776.2,2158
m1209776.3,2159
m1209775.1,2160
m1209775.2,2161
m1209775.3,2162
l2804261.3,2163
l3178980.3,2164
m1047835.2,2165
m1047836.2,2166
m1125962.1,2167
m1125962.2,2168
m1125962.3,2169
l3123452.1,2170
l3123452.2,2171
l3123452.3,2172
p893610.2,2173
m1108302.2,2174
p829797.1,2175
l2841629.3,2176
l3254218.1,2177
l3254218.2,2178
l3254218.3,2179
l3778577.3,2180
l2820531.1,2181
l2820531.2,2182
l2820531.3,2183
l3626914.3,2184
l2955077.1,2185
l2955077.2,2186
l2955077.3,2187
m1166374.1,2188
m1166374.2,2189
m1166374.3,2190
n1139552.1,2191
n1139552.2,2192
n1139552.3,2193
p827533.2,2194
n1139538.2,2195
l3160098.1,2196
l3160098.2,2197
l3160098.3,2198
m1089213.1,2199
m1089213.2,2200
m1089213.3,2201
l2820590.3,2202
l3104125.1,2203
l3104125.2,2204
l3104125.3,2205
q14411.1,2206
q14411.2,2207
q14411.3,2208
l3118855.1,2209
l3118855.2,2210
l3118855.3,2211
l3231255.1,2212
l3231255.2,2213
l3231255.3,2214
d5861005-2_int.1,2215
d5861005-2_int.2,2216
d5861005-2_int.3,2217
m1027071.3,2218
l3235241.3,2219
l2729409.2,2220
l2841624.2,2221
l3235254.1,2222
l3235254.2,2223
l3235254.3,2224
m1026855.1,2225
m1026855.2,2226
m1026855.3,2227
m1026851.1,2228
m1026851.2,2229
m1026851.3,2230
m1069466.1,2231
m1069524.1,2232
m1027091.1,2233
m1027092.1,2234
l2766747.1,2235
p827560.1,2236
l2822877.1,2237
l2822877.2,2238
l2822877.3,2239
n1138598.1,2240
n1138598.2,2241
n1138598.3,2242
m1009715.1,2243
m1009705.1,2244
l3198347.3,2245
m1108489.1,2246
m1108492.1,2247
l3226771.1,2248
l3189190.1,2249
l2991918.2,2250
l2954339.2,2251
l3048200.2,2252
l3160861.3,2253
n1142098.1,2254
m1047795.2,2255
m1047552.2,2256
m1047552.1,2257
m1047552.3,2258
l2804283.1,2259
l2916627.1,2260
l3029498.1,2261
l3029498.2,2262
l3029498.3,2263
m1047773.2,2264
l2973152.2,2265
l2822870.3,2266
m1166369.1,2267
l2839305.1,2268
l2710508.2,2269
m1026861.1,2270
m1026861.2,2271
m1026861.3,2272
m1026858.1,2273
m1026858.2,2274
m1026858.3,2275
l3082992.1,2276
m1010011.1,2277
l3214069.1,2278
l3214069.2,2279
l3214069.3,2280
m1026655.3,2281
m1026655.1,2282
m1026655.2,2283
n1141475.3,2284
l3197643.2,2285
m1026339.2,2286
m1108268.2,2287
m1069310.1,2288
m1069310.2,2289
m1069310.3,2290
m1047423.1,2291
m1047420.1,2292
m1069613.2,2293
m1026823.1,2294
l2879087.1,2295
d5806920-1_int.2,2296
m1027039.2,2297
m1027039.1,2298
m1027039.3,2299
l3552667.3,2300
m1026890.1,2301
l2954357.1,2302
m1069438.3,2303
m1069438.1,2304
m1069438.2,2305
l2785530.1,2306
l2822868.1,2307
n1139264.1,2308
p827523.3,2309
m1027087.1,2310
l2726983.1,2311
l2821087.1,2312
l2673310.1,2313
l2936212.1,2314
n1142106.2,2315
l2936213.2,2316
m1027011.1,2317
m1027011.2,2318
m1027011.3,2319
m1209795.3,2320
l2746587.3,2321
n1147858.3,2322
m1108378.1,2323
m1108378.2,2324
m1108378.3,2325
m1047809.2,2326
m1026805.1,2327
l3120502.1,2328
m1069526.2,2329
l2673331.2,2330
m1108490.1,2331
m1108490.2,2332
m1108490.3,2333
m1009805.1,2334
m1009805.2,2335
m1009805.3,2336
l3122816.1,2337
l3122816.2,2338
l3122816.3,2339
l3160103.1,2340
l3160103.2,2341
l3160103.3,2342
m1069503.1,2343
m1069503.2,2344
m1069503.3,2345
n1134469.1,2346
m1089200.1,2347
l3027670.2,2348
l2691941.3,2349
m1125960.1,2350
m1125960.2,2351
m1125960.3,2352
n1136367.1,2353
n1136367.2,2354
n1136367.3,2355
m1069515.1,2356
m1069515.2,2357
m1069515.3,2358
m1069131.1,2359
p827534.1,2360
m1069530.2,2361
m1069184.1,2362
m1069184.2,2363
m1069184.3,2364
l3159645.1,2365
m1069632.2,2366
p829957.3,2367
l3160863.3,2368
p829963.2,2369
m1010014.1,2370
n1137998.3,2371
l3048199.2,2372
l3067478.1,2373
l3067478.2,2374
l3067478.3,2375
m1125994.1,2376
m1125994.2,2377
m1125994.3,2378
m1047480.1,2379
m1047480.2,2380
m1047480.3,2381
m1069483.1,2382
m1069483.2,2383
m1069483.3,2384
l2841615.1,2385
l2673305.2,2386
m1047721.1,2387
m1026366.1,2388
l3104131.1,2389
l2973167.1,2390
l2973167.2,2391
l2973167.3,2392
m1027055.1,2393
m1027055.2,2394
m1027055.3,2395
n1134475.1,2396
n1134475.2,2397
n1134475.3,2398
l3067447.1,2399
m1108350.3,2400
l3139598.2,2401
n1140829.3,2402
l3085397.2,2403
n1139540.1,2404
l2748140.1,2405
l3141412.1,2406
m1069619.2,2407
m1047769.2,2408
l3197632.2,2409
l2785524.3,2410
p827495.2,2411
l2991921.3,2412
l2710510.3,2413
l3197628.3,2414
n1140831.3,2415
n1136358.3,2416
l3104119.1,2417
l2842329.3,2418
m1125961.3,2419
l2973791.1,2420
l2973791.2,2421
l2973791.3,2422
l3179650.1,2423
l3179650.2,2424
l3179650.3,2425
p860843.3,2426
m1026961.1,2427
l2710516.1,2428
l3160864.2,2429
m1047623.1,2430
l2748157.1,2431
l3048212.1,2432
l3122824.1,2433
l2879089.3,2434
l2937757.3,2435
l3067448.3,2436
193-46661.3,2437
m1069390.1,2438
l2897801.1,2439
m1108527.2,2440
m1009650.1,2441
m1009650.2,2442
m1009650.3,2443
e203026.1,2444
e203026.2,2445
e203026.3,2446
m1026779.1,2447
l2973169.1,2448
m1026953.2,2449
q14734.1,2450
q14734.2,2451
q14734.3,2452
l3197631.1,2453
l2748127.1,2454
m1209814.1,2455
m1209814.2,2456
m1209814.3,2457
m1209811.1,2458
m1209811.2,2459
m1209811.3,2460
l2729408.2,2461
l3048228.3,2462
l2991940.3,2463
m1108395.1,2464
m1108395.2,2465
m1108395.3,2466
l2728247.1,2467
l2728247.2,2468
l2728247.3,2469
l2804271.2,2470
l2916234.1,2471
l2673316.1,2472
n1138607.1,2473
n1138607.2,2474
n1138607.3,2475
l3159448.1,2476
l3159448.2,2477
l3159448.3,2478
l3048890.3,2479
m1166402.3,2480
l3010563.1,2481
l2841623.1,2482
m1125940.2,2483
l2991908.1,2484
l3178973.1,2485
m1047826.2,2486
m1047767.2,2487
l2879068.2,2488
l3066819.1,2489
l3104853.3,2490
221-311359.1,2491
221-311359.2,2492
221-311359.3,2493
l3234149.1,2494
l3234149.2,2495
l3234149.3,2496
n1139537.1,2497
l2673346.1,2498
l2673346.2,2499
l2673346.3,2500
l3254210.3,2501
l2955005.2,2502
m1108372.2,2503
l2936268.3,2504
l2688692.1,2505
l2688692.2,2506
l2688692.3,2507
m1108286.1,2508
m1108286.2,2509
m1108286.3,2510
l2804247.2,2511
m1047744.1,2512
l3178971.1,2513
l3728040.1,2514
l3728041.1,2515
m1069509.1,2516
m1069509.2,2517
m1069509.3,2518
l2766738.1,2519
l2766738.2,2520
l2766738.3,2521
l3104128.1,2522
l2673315.1,2523
l3047289.1,2524
l3047289.2,2525
l3047289.3,2526
l2785516.2,2527
l3048963.2,2528
d5799561-2_int.1,2529
d5799561-2_int.2,2530
d5799561-2_int.3,2531
m1069199.3,2532
l2785525.3,2533
l3198356.3,2534
l3197641.1,2535
l2973161.1,2536
e183493.1,2537
e183493.2,2538
e183493.3,2539
m1125902.1,2540
m1125902.2,2541
m1125902.3,2542
l3085402.1,2543
m1026394.1,2544
m1047768.2,2545
p827554.2,2546
l2991909.1,2547
m1026736.2,2548
m1026986.1,2549
m1026986.2,2550
m1026986.3,2551
m1026997.1,2552
m1026997.2,2553
m1026997.3,2554
m4118755.1,2555
m1026978.1,2556
m1026978.2,2557
m1026978.3,2558
m1026979.1,2559
m1026979.2,2560
m1026979.3,2561
l3082981.3,2562
l3235275.1,2563
l3235275.2,2564
l3235275.3,2565
m1026347.1,2566
m1026347.2,2567
m1026347.3,2568
l2915534.1,2569
l2710519.1,2570
m1026820.1,2571
l3141403.1,2572
l3197633.1,2573
m1069500.1,2574
m1069500.2,2575
m1069500.3,2576
m1069382.1,2577
m1069382.2,2578
m1069382.3,2579
n1147866.1,2580
l2710537.2,2581
m1026935.2,2582
m1108364.3,2583
l2897789.2,2584
m1026466.2,2585
l3160878.3,2586
l2917336.3,2587
m1026977.1,2588
m1026977.2,2589
m1026977.3,2590
p895082.2,2591
l3214112.2,2592
l3160104.2,2593
l2973144.3,2594
l2748152.2,2595
m1108387.1,2596
m1108387.2,2597
m1108387.3,2598
l2955055.2,2599
l2991907.1,2600
m1047812.2,2601
m4350438.2,2602
n1142103.1,2603
n1142103.2,2604
n1142103.3,2605
l3104830.1,2606
l3104830.2,2607
l3104830.3,2608
l3197626.3,2609
m1047483.1,2610
m1047483.2,2611
m1047483.3,2612
m4277837.1,2613
m4277837.2,2614
m4277837.3,2615
l3160102.1,2616
l3160102.2,2617
l3160102.3,2618
p827514.1,2619
p827514.2,2620
p827514.3,2621
l3160793.3,2622
n1147860.3,2623
l3177881.3,2624
d5835167-6_int.1,2625
d5835167-6_int.2,2626
d5835167-6_int.3,2627
q14414.1,2628
q14414.2,2629
q14414.3,2630
l3048221.1,2631
l3048221.2,2632
l3048221.3,2633
l2748128.3,2634
l2913406.2,2635
m1069563.1,2636
n1136360.1,2637
m1166366.1,2638
m1166366.2,2639
m1166366.3,2640
196-29518.1,2641
196-29518.2,2642
196-29518.3,2643
l2805035.1,2644
m1026713.1,2645
l2991922.1,2646
l2991922.2,2647
l2991922.3,2648
l3104145.2,2649
m1027013.1,2650
m1027013.2,2651
m1027013.3,2652
l3649298.1,2653
m1047388.2,2654
l3048211.1,2655
l2766725.3,2656
l2673311.1,2657
l3008279.1,2658
l2785537.1,2659
p827498.1,2660
n1136032.1,2661
m1009834.2,2662
221-240991.1,2663
l3066817.1,2664
l2673319.1,2665
l2673319.2,2666
l2673319.3,2667
n1136993.1,2668
l3104121.1,2669
l3104113.1,2670
l3104856.1,2671
l2785518.3,2672
m1108393.1,2673
m1069494.3,2674
l2745806.3,2675
193-48013.1,2676
l3157710.2,2677
m1089176.3,2678
m1089179.3,2679
m1108257.2,2680
m1108340.3,2681
l2916605.3,2682
196-29521.2,2683
l2804245.2,2684
n1140527.3,2685
l3254915.2,2686
l3727708.1,2687
l3160105.3,2688
l3235251.3,2689
m1142798.2,2690
m1142801.2,2691
m1010016.1,2692
l3251807.1,2693
l2992657.1,2694
m1069597.2,2695
l3197653.2,2696
l2991929.2,2697
m3949154.1,2698
l2895449.1,2699
l2895449.2,2700
l2895449.3,2701
m1069463.2,2702
l3086074.3,2703
n1138595.2,2704
m3036167.2,2705
l3143999.1,2706
l3143999.2,2707
l3143999.3,2708
m1069451.3,2709
l3160115.2,2710
l2935567.2,2711
l3253570.3,2712
n1137989.3,2713
l3122814.3,2714
l2935556.2,2715
m1009651.1,2716
m1009651.2,2717
m1009651.3,2718
n1141474.1,2719
m1047737.3,2720
m1047737.1,2721
m1047737.2,2722
m1026387.1,2723
m1166361.1,2724
l2692661.1,2725
m1047522.1,2726
m1047522.2,2727
m1047522.3,2728
n1136664.1,2729
m1026320.2,2730
l2879079.2,2731
m1047649.1,2732
m1047649.2,2733
m1047649.3,2734
l3216361.2,2735
m1125913.2,2736
l3048209.2,2737
l2896685.1,2738
l2896685.2,2739
l2896685.3,2740
l2748135.1,2741
l2767409.2,2742
m1166400.3,2743
m1047435.1,2744
l2970841.1,2745
l3091052.1,2746
n1137960.1,2747
n1137960.2,2748
n1137960.3,2749
m1047309.1,2750
m1047309.2,2751
m1047309.3,2752
l3215340.1,2753
193-51796.1,2754
m1069607.2,2755
m1166398.3,2756
l3142050.3,2757
e184626.1,2758
e184626.2,2759
e184626.3,2760
m1166377.1,2761
m1166377.2,2762
m1166377.3,2763
l2989432.2,2764
l3066830.2,2765
m1209774.1,2766
m1209774.2,2767
m1209774.3,2768
m1026693.2,2769
l2991916.2,2770
m1069365.3,2771
l3235243.3,2772
p827502.1,2773
m1026970.1,2774
m1026970.2,2775
m1026970.3,2776
l3727712.1,2777
l3236011.2,2778
l3198358.2,2779
m1108316.3,2780
l2860486.3,2781
m1027000.1,2782
m1027000.2,2783
m1027000.3,2784
l2916608.1,2785
l2916608.2,2786
l2916608.3,2787
m1108514.3,2788
l2673300.2,2789
n1139255.1,2790
d6108141-1_int.1,2791
d6108141-1_int.2,2792
d6108141-1_int.3,2793
e206209.1,2794
e206209.2,2795
e206209.3,2796
m1047521.1,2797
m1047521.2,2798
m1047521.3,2799
l3030126.3,2800
l3254870.3,2801
l2915542.1,2802
l2915542.2,2803
l2915542.3,2804
l3085401.1,2805
l3010557.1,2806
l3254213.1,2807
l3254213.2,2808
l3254213.3,2809
m1069738.2,2810
l2690941.2,2811
l2748839.2,2812
d5712486-1_int.3,2813
e206210.3,2814
l2876812.1,2815
m1069497.1,2816
m1069497.2,2817
m1069497.3,2818
n1144664.3,2819
l3178972.3,2820
n1147864.1,2821
m3327097.2,2822
l3448661.2,2823
m1009828.2,2824
l2766715.2,2825
p827561.3,2826
m1026705.3,2827
p827573.2,2828
l2972930.1,2829
l2879067.1,2830
l3235252.2,2831
p827527.1,2832
p827527.2,2833
p827527.3,2834
l2785517.3,2835
221-559682.3,2836
l3082993.1,2837
m3016088.1,2838
l3122821.1,2839
l3122821.2,2840
l3122821.3,2841
d5867591-1_int.1,2842
d5867591-1_int.2,2843
d5867591-1_int.3,2844
l2730108.3,2845
m1008733.2,2846
m1026354.1,2847
m1026354.2,2848
m1026354.3,2849
m1026309.2,2850
l2804260.2,2851
l3085395.1,2852
m1026767.1,2853
l3141401.1,2854
l3104120.2,2855
m1026896.1,2856
m1026896.2,2857
m1026896.3,2858
p860847.1,2859
m1108344.3,2860
m1108353.3,2861
l2763811.3,2862
l3235256.1,2863
l3235256.2,2864
l3235256.3,2865
m3019248.2,2866
m3021569.2,2867
l3254230.1,2868
l2814529.1,2869
l2814529.2,2870
l2814529.3,2871
l2689727.1,2872
l2860484.2,2873
221-703009.3,2874
l3150961.3,2875
l2711225.3,2876
l3030200.3,2877
m1186063.1,2878
m1186063.2,2879
m1186063.3,2880
l2879054.1,2881
n1136661.3,2882
l2689691.1,2883
l2689691.2,2884
l2689691.3,2885
n1136353.2,2886
l2820535.2,2887
l2727795.3,2888
m1166368.1,2889
m1166368.2,2890
m1166368.3,2891
l3086098.1,2892
l3030197.1,2893
l3030197.2,2894
l3030197.3,2895
l2822867.2,2896
d6049822-1_int.1,2897
m1047323.1,2898
m1089174.3,2899
p827501.3,2900
l3104859.2,2901
l3101194.3,2902
l2862616.3,2903
m1069205.3,2904
e182746.1,2905
e182746.2,2906
e182746.3,2907
m1010015.1,2908
l3066813.2,2909
l2991910.2,2910
m1108331.3,2911
l2785531.1,2912
l3179646.1,2913
l3179646.2,2914
l3179646.3,2915
l3066818.2,2916
l2954345.3,2917
l2804255.2,2918
m1108356.3,2919
l2842390.3,2920
p829975.3,2921
l3160871.3,2922
m1047338.1,2923
l2691953.1,2924
l2767408.3,2925
l3728037.1,2926
p895113.3,2927
m1166396.3,2928
m1166399.3,2929
m1108507.1,2930
l3108449.1,2931
l3160109.1,2932
l3160109.2,2933
l3160109.3,2934
p901936.3,2935
m1108267.2,2936
n1145956.1,2937
l2729412.1,2938
l3160107.1,2939
l3160107.2,2940
l3160107.3,2941
l2897766.3,2942
m1026798.1,2943
l2952014.1,2944
l2748125.3,2945
l2673303.3,2946
l2879753.2,2947
l2914324.1,2948
l2876847.2,2949
m1047787.2,2950
l2691942.2,2951
m1026393.1,2952
n1140821.3,2953
l3189188.3,2954
n1136365.1,2955
n1136365.2,2956
n1136365.3,2957
m1069517.1,2958
m1069517.2,2959
m1069517.3,2960
l3254228.2,2961
n1137956.3,2962
m1142814.1,2963
m1142814.2,2964
m1142814.3,2965
l3217053.3,2966
m1026357.3,2967
m1026357.1,2968
m1026357.2,2969
l3178997.3,2970
m1125903.1,2971
m1069488.3,2972
l2764412.1,2973
n1136030.2,2974
l2785513.1,2975
m1209782.1,2976
l3217056.1,2977
m1009827.2,2978
m1069201.3,2979
m1047406.1,2980
l2691947.1,2981
m1047766.2,2982
l3216344.2,2983
p830058.3,2984
m1089199.1,2985
m1089199.2,2986
m1089199.3,2987
m1089197.1,2988
m1089197.2,2989
m1089197.3,2990
n1140526.3,2991
m3763620.3,2992
l2729207.3,2993
228-961799-3_int.3,2994
m1108335.3,2995
m1027036.2,2996
l3010580.2,2997
m1010003.1,2998
p901933.1,2999
l3141394.2,3000
m1069465.1,3001
l3104154.3,3002
l3104155.3,3003
d6047588-1_int.2,3004
f739844.2,3005
l3104130.2,3006
l2841625.3,3007
l3010566.3,3008
m1027038.2,3009
l2935568.2,3010
m1047293.1,3011
m1047293.2,3012
m1047293.3,3013
p901905.2,3014
l2897777.1,3015
l2897777.2,3016
l2897777.3,3017
l2860488.2,3018
l3122811.1,3019
l2897774.2,3020
l3254211.2,3021
m1069513.1,3022
m1069513.2,3023
m1069513.3,3024
l2691938.2,3025
l2804256.1,3026
l2804256.2,3027
l2804256.3,3028
m1047688.3,3029
m1047688.1,3030
m1047688.2,3031
l2822863.3,3032
m1069505.1,3033
m1069505.2,3034
m1069505.3,3035
m1047311.1,3036
l2748158.1,3037
l3254234.2,3038
p903360.1,3039
l3214064.2,3040
n1140523.3,3041
l2766724.3,3042
m1069554.2,3043
m1108526.1,3044
m1108526.2,3045
m1108526.3,3046
n1139251.3,3047
l3011229.1,3048
m1166362.1,3049
l3197639.1,3050
l3085391.2,3051
l2691952.1,3052
l2691952.2,3053
l2691952.3,3054
l2897781.1,3055
d6049825-1_int.1,3056
d6049825-1_int.2,3057
d6049825-1_int.3,3058
e182748.1,3059
e182748.2,3060
e182748.3,3061
l2691950.3,3062
l2916609.3,3063
m1069498.1,3064
m1069498.2,3065
m1069498.3,3066
m1069499.1,3067
m1069499.2,3068
m1069499.3,3069
l3104132.1,3070
l2805034.1,3071
l2822866.1,3072
l2822866.2,3073
l2822866.3,3074
p827563.2,3075
l3160100.2,3076
l3085390.2,3077
l2954361.2,3078
e182744.2,3079
l2801895.2,3080
l2691973.1,3081
m1047671.1,3082
m1026984.1,3083
m1026984.2,3084
m1026984.3,3085
m1209751.2,3086
p827505.3,3087
l3066829.3,3088
l2879063.2,3089
n1140528.1,3090
l3649297.1,3091
n1140817.1,3092
n1140817.2,3093
n1140817.3,3094
n1136029.2,3095
n1136028.1,3096
n1136028.2,3097
n1136028.3,3098
n1139258.3,3099
m1142875.1,3100
m1142875.2,3101
m1142875.3,3102
m1026895.3,3103
l2820528.3,3104
n1138608.3,3105
l3048230.3,3106
n1139260.1,3107
n1139260.2,3108
n1139260.3,3109
l2925506.1,3110
l2925506.2,3111
l2925506.3,3112
l2729434.2,3113
m1069549.1,3114
m1069549.2,3115
m1069549.3,3116
l2970811.1,3117
n1137988.1,3118
p829798.1,3119
l2841621.1,3120
l2841621.2,3121
l2841621.3,3122
n1137986.1,3123
n1137986.2,3124
n1137986.3,3125
n1141479.1,3126
l3198348.1,3127
l2876813.1,3128
l3104118.3,3129
l2748126.3,3130
m1166394.3,3131
l0247171.2,3132
l3179607.2,3133
l2861197.3,3134
l3160896.3,3135
l3067506.3,3136
l3029497.3,3137
l3047073.3,3138
221-559681.3,3139
l3104133.1,3140
l3122819.3,3141
l3048889.3,3142
m1027068.3,3143
l3235268.3,3144
l3008232.2,3145
m1149249.3,3146
m1142808.2,3147
m1027100.1,3148
l3140238.1,3149
l3235257.1,3150
l3235257.2,3151
l3235257.3,3152
l3010564.3,3153
l2691946.2,3154
l3139103.1,3155
m1026732.1,3156
e182723.3,3157
l3119793.2,3158
m1047371.2,3159
m1026807.1,3160
m1026807.2,3161
m1026807.3,3162
n1140521.1,3163
n1140521.2,3164
n1140521.3,3165
l3066807.3,3166
n1138606.3,3167
m1069335.3,3168
n1142102.1,3169
l2804956.1,3170
m1047777.2,3171
l3254212.2,3172
l2820533.1,3173
l2879055.3,3174
m1047434.1,3175
m1026665.1,3176
l3232933.1,3177
l3104115.2,3178
l3086075.2,3179
m1108484.1,3180
m1108484.2,3181
m1108484.3,3182
l2822857.2,3183
l3104126.3,3184
p827542.2,3185
m1209807.1,3186
m1209807.2,3187
m1209807.3,3188
m1209805.1,3189
m1209805.2,3190
m1209805.3,3191
l2989565.1,3192
e182733.1,3193
e182733.2,3194
e182733.3,3195
l2806553.3,3196
l3122813.1,3197
l2729411.1,3198
l2935555.1,3199
m3037453.1,3200
l3215203.1,3201
l3215203.2,3202
l3215203.3,3203
m1026812.1,3204
l3122847.1,3205
n1138594.1,3206
m1026679.1,3207
l3141396.3,3208
l3066808.3,3209
m3036170.1,3210
m3036170.2,3211
m3036170.3,3212
n1136362.1,3213
m1026773.1,3214
l3195751.1,3215
m1026660.1,3216
l3085410.2,3217
m1026670.1,3218
m1026670.2,3219
m1026670.3,3220
l3178982.1,3221
m1125988.1,3222
m1125988.2,3223
m1125988.3,3224
l3197636.2,3225
m1089132.3,3226
l2876798.1,3227
l2876798.2,3228
l2876798.3,3229
n1136660.1,3230
l3104136.1,3231
l3104136.2,3232
l3104136.3,3233
l3048888.3,3234
d5587291-3_int.1,3235
d5587291-3_int.2,3236
d5587291-3_int.3,3237
190-8581.1,3238
190-8581.2,3239
190-8581.3,3240
l3197644.1,3241
m1009843.2,3242
l3251806.2,3243
m1069516.1,3244
m1069516.2,3245
m1069516.3,3246
l3251830.1,3247
l2804249.1,3248
l2804249.2,3249
l2804249.3,3250
l2935557.1,3251
m1069250.3,3252
l2690868.3,3253
l3030204.1,3254
l3030204.2,3255
l3030204.3,3256
l3179637.3,3257
m1108262.2,3258
m1108261.2,3259
d5513564-1_int.1,3260
d5513564-1_int.2,3261
d5513564-1_int.3,3262
e192201.1,3263
e192201.2,3264
e192201.3,3265
r20185.1,3266
r20185.2,3267
r20185.3,3268
l3181545.1,3269
l3181545.2,3270
l3181545.3,3271
n1138603.1,3272
n1138603.2,3273
n1138603.3,3274
l3178976.1,3275
l3065665.1,3276
l2785514.1,3277
l2710536.1,3278
l2936216.3,3279
m1026969.2,3280
l3048231.2,3281
m1069328.3,3282
d6198039-1_int.1,3283
d6198039-1_int.2,3284
d6198039-1_int.3,3285
e206217.1,3286
e206217.2,3287
e206217.3,3288
l2879071.2,3289
l3029504.2,3290
m1026796.1,3291
m1026796.2,3292
m1026796.3,3293
p827553.2,3294
l2804251.1,3295
m1069133.1,3296
l2764399.2,3297
p895117.2,3298
l2842383.1,3299
l2842383.2,3300
l2842383.3,3301
l2745811.3,3302
l2804252.1,3303
l3066815.1,3304
l3066815.2,3305
l3066815.3,3306
p895075.3,3307
l2710544.1,3308
n1140519.1,3309
n1140519.2,3310
n1140519.3,3311
l3160117.2,3312
l3029510.2,3313
e182731.2,3314
n1136658.1,3315
n1136658.2,3316
n1136658.3,3317
l2730149.1,3318
l2730149.2,3319
l2730149.3,3320
l2860500.2,3321
l3216347.3,3322
l2767341.1,3323
l2767341.2,3324
l2767341.3,3325
e206211.1,3326
e206211.2,3327
e206211.3,3328
n1134480.1,3329
n1134480.2,3330
n1134480.3,3331
l3030203.3,3332
l2879773.1,3333
l2879773.2,3334
l2879773.3,3335
l2804282.3,3336
n1137005.1,3337
n1137005.2,3338
n1137005.3,3339
m1047574.1,3340
m1047574.2,3341
m1047574.3,3342
l3225319.2,3343
l3048201.2,3344
m1126025.1,3345
l2823545.1,3346
l3160108.2,3347
n1134478.1,3348
n1134478.2,3349
n1134478.3,3350
l3029055.2,3351
m1047577.1,3352
m1047577.2,3353
m1047577.3,3354
m1209797.1,3355
m1209797.2,3356
m1209797.3,3357
l3645811.3,3358
l3254229.2,3359
l2710521.1,3360
m1009807.1,3361
m1009807.2,3362
m1009807.3,3363
n1136672.3,3364
l3253995.3,3365
l2841638.3,3366
l2860492.3,3367
l2691959.2,3368
l2973159.1,3369
l2822859.2,3370
l2973158.3,3371
l2674052.3,3372
m1125990.1,3373
m1125990.2,3374
m1125990.3,3375
n1136366.1,3376
n1136366.2,3377
n1136366.3,3378
l2916620.1,3379
l2916620.2,3380
l2916620.3,3381
m1026472.2,3382
m1026939.2,3383
l3104124.2,3384
l3233412.1,3385
l3235266.3,3386
l3235267.3,3387
l3235248.3,3388
l3217064.2,3389
l3200222.2,3390
l3729297.1,3391
l3197625.3,3392
l2917333.1,3393
n1140516.3,3394
m1209748.2,3395
l3142099.2,3396
l2898457.1,3397
m1166376.1,3398
m1166376.2,3399
m1166376.3,3400
l2842384.1,3401
l2842384.2,3402
l2842384.3,3403
l2763407.3,3404
d6023352-1_int.1,3405
d6023352-1_int.2,3406
d6023352-1_int.3,3407
m1047750.1,3408
l2708293.1,3409
l3176656.1,3410
m1047548.1,3411
m1047548.2,3412
m1047548.3,3413
m1089185.1,3414
m1089185.2,3415
m1089185.3,3416
l2748781.1,3417
m1026695.1,3418
m1026695.2,3419
m1026695.3,3420
n1140818.1,3421
n1140818.2,3422
n1140818.3,3423
l2860501.2,3424
m1209800.3,3425
m1209800.1,3426
m1209800.2,3427
l2839332.3,3428
l2954353.1,3429
l2726974.2,3430
l2785527.1,3431
l2766729.1,3432
m1069376.2,3433
m1069376.1,3434
m1069376.3,3435
m1027005.2,3436
l3176660.2,3437
m1125943.3,3438
m1026874.1,3439
m1125969.2,3440
m1125969.1,3441
m1125969.3,3442
l2673343.2,3443
l2764436.2,3444
d5565090-1_int.2,3445
l3029495.2,3446
n1134479.1,3447
n1134479.2,3448
n1134479.3,3449
l2823592.1,3450
l2823592.2,3451
l2823592.3,3452
l2933164.1,3453
l2933164.2,3454
l2933164.3,3455
l2992624.1,3456
l2992624.2,3457
l2992624.3,3458
l3232301.3,3459
m1010017.1,3460
l2858175.1,3461
m1009820.2,3462
l3045895.3,3463
l2841618.1,3464
m1209817.1,3465
m1209817.2,3466
m1209817.3,3467
l2785547.2,3468
221-311595.3,3469
f739841.2,3470
l0247160.2,3471
l3122823.2,3472
l3048966.3,3473
m1142810.2,3474
m1142810.1,3475
m1142810.3,3476
m1027109.1,3477
l3101788.1,3478
p903490.3,3479
l2916603.2,3480
l3160106.1,3481
d5563942-4_int.1,3482
d5563942-4_int.2,3483
d5563942-4_int.3,3484
q16483.1,3485
q16483.2,3486
q16483.3,3487
m1069514.1,3488
m1069514.2,3489
m1069514.3,3490
p850083.1,3491
p850083.2,3492
p850083.3,3493
l3178988.2,3494
l3010568.1,3495
m1026356.1,3496
m1026356.2,3497
m1026356.3,3498
l2989600.1,3499
m1026487.2,3500
m1069348.3,3501
l2804248.2,3502
l2729413.1,3503
l2673314.3,3504
l2785528.2,3505
l2897773.1,3506
l3010567.3,3507
l2991917.2,3508
l2766730.2,3509
m1166407.3,3510
m1008753.2,3511
m1047419.1,3512
m1089207.1,3513
m1089207.2,3514
m1089207.3,3515
m1047572.1,3516
m1047572.2,3517
m1047572.3,3518
m1108329.3,3519
n1138599.1,3520
n1138599.2,3521
n1138599.3,3522
l3217057.1,3523
193-103041.3,3524
l2785515.3,3525
m1069206.3,3526
l2729424.1,3527
l2917359.1,3528
m3037538.1,3529
l3027133.1,3530
l3197627.3,3531
m1069187.1,3532
l2748129.1,3533
d6290228-6_int.1,3534
d6290228-6_int.2,3535
d6290228-6_int.3,3536
q16642.1,3537
q16642.2,3538
q16642.3,3539
n1136657.1,3540
n1136657.2,3541
n1136657.3,3542
l3027671.1,3543
m1108423.1,3544
n1136665.1,3545
l2710532.3,3546
l2785526.2,3547
l2857591.1,3548
l2841630.3,3549
l3312692.1,3550
m1069495.1,3551
m1069495.2,3552
m1069495.3,3553
l3179678.1,3554
l3179678.2,3555
l3179678.3,3556
m1149225.2,3557
r42246.1,3558
r42246.2,3559
r42246.3,3560
l3632979.1,3561
p841985.2,3562
l3104796.3,3563
n1141476.1,3564
l2785519.1,3565
l3104122.1,3566
l3197618.1,3567
e192258.1,3568
e192258.2,3569
e192258.3,3570
d5534970-1_int.1,3571
d5534970-1_int.2,3572
d5534970-1_int.3,3573
l2841633.1,3574
l2841633.2,3575
l2841633.3,3576
l3254206.2,3577
n1145954.1,3578
n1145954.2,3579
n1145954.3,3580
p827580.1,3581
p827580.2,3582
p827580.3,3583
l2955074.1,3584
l2955074.2,3585
l2955074.3,3586
l2970845.2,3587
l3010585.1,3588
l2861219.2,3589
l3104135.1,3590
l3254203.2,3591
l2954352.3,3592
m1047400.1,3593
l2842379.1,3594
l2916617.2,3595
n1136670.1,3596
n1136670.2,3597
n1136670.3,3598
l2766727.2,3599
l2727019.1,3600
l2801909.1,3601
l2801909.2,3602
l2801909.3,3603
m1047831.2,3604
l2748131.2,3605
l2729427.2,3606
l2766717.3,3607
l2879064.1,3608
l3195318.2,3609
l3254204.1,3610
l2973148.1,3611
l2801902.2,3612
l2748146.1,3613
n1139549.1,3614
n1138593.1,3615
l3197624.2,3616
m1069558.2,3617
l3197654.1,3618
l2710505.2,3619
l2879065.2,3620
m1166358.3,3621
l2898522.1,3622
l2992556.3,3623
196-35813.1,3624
196-35813.2,3625
196-35813.3,3626
l3064514.3,3627
l3141402.3,3628
l2859391.2,3629
l2860489.1,3630
m1026989.2,3631
m1209752.2,3632
l2710514.2,3633
l2726975.2,3634
l3649306.1,3635
l2767407.2,3636
l2730107.3,3637
m4113347.3,3638
m4113347.1,3639
m4113347.2,3640
l3216339.2,3641
d5472341-1_int.2,3642
f739842.2,3643
l2897792.1,3644
m1026800.1,3645
m1026800.2,3646
m1026800.3,3647
m1026797.1,3648
m1026797.2,3649
m1026797.3,3650
l2729407.2,3651
l3342743.3,3652
l3122818.3,3653
m1047430.1,3654
l3048203.2,3655
l2936276.2,3656
l2860499.2,3657
p827564.3,3658
l3030205.3,3659
l3008248.1,3660
l2804250.3,3661
l2954354.1,3662
l2673321.1,3663
l3197634.2,3664
l3141389.1,3665
l2935559.1,3666
p895087.1,3667
l3254217.1,3668
l3254217.2,3669
l3254217.3,3670
l3101782.1,3671
l2745799.3,3672
l3082983.2,3673
l2691966.2,3674
n1136368.1,3675
l3197642.3,3676
l2973157.1,3677
l2935550.3,3678
d5865224-1_int.2,3679
l3066821.1,3680
m1009691.1,3681
l3178975.2,3682
m1069518.1,3683
m1069518.2,3684
m1069518.3,3685
l2916618.2,3686
l2710515.3,3687
l3235258.1,3688
l3235258.2,3689
l3235258.3,3690
l3141395.3,3691
n1136997.3,3692
l3104123.3,3693
190-7361.1,3694
190-7361.2,3695
190-7361.3,3696
l3645812.3,3697
228-1353934-4_int.3,3698
l3254214.2,3699
d5686080-1_int.1,3700
d5686080-1_int.2,3701
d5686080-1_int.3,3702
l2766749.1,3703
l2766749.2,3704
l2766749.3,3705
l2692660.1,3706
l2955076.1,3707
m1125979.3,3708
l3160114.1,3709
l3235245.3,3710
m1026876.1,3711
m1026876.2,3712
m1026876.3,3713
l2785535.2,3714
l2973150.1,3715
l3160113.2,3716
l2710518.1,3717
l3195310.1,3718
l3142098.2,3719
m1026784.3,3720
l2897771.2,3721
l2917255.3,3722
l3254215.3,3723
l2989571.1,3724
l3179699.2,3725
l3029507.2,3726
l2748124.2,3727
d5958866-1_int.1,3728
d5958866-1_int.2,3729
d5958866-1_int.3,3730
l2861218.1,3731
l2861218.2,3732
l2861218.3,3733
l0247162.2,3734
l2935552.3,3735
l3216350.1,3736
l3197660.2,3737
m1026880.1,3738
l2822860.2,3739
l3101787.1,3740
l3027132.1,3741
l3179673.3,3742
l2879092.3,3743
l2803199.1,3744
l2803199.2,3745
l2803199.3,3746
l3254208.3,3747
m1027014.3,3748
m1047433.1,3749
l2991905.1,3750
l2935560.3,3751
l3085400.3,3752
l2764403.1,3753
m1108535.1,3754
m1108535.2,3755
m1108535.3,3756
l2785521.3,3757
l3216988.2,3758
l3649305.1,3759
l2983432.1,3760
l3315860.2,3761
m1125966.2,3762
l2729423.3,3763
d6140776-1_int.1,3764
l2673307.3,3765
l2685809.1,3766
l3254209.3,3767
l2860477.1,3768
p827548.1,3769
l3048946.3,3770
l2839331.1,3771
l2973180.2,3772
l3066806.3,3773
l2785529.3,3774
l3177894.1,3775
l2731712.2,3776
l2917310.2,3777
d5682346-3_int.1,3778
d5682346-3_int.2,3779
d5682346-3_int.3,3780
l3085394.3,3781
l3236004.3,3782
l2879066.2,3783
l3048214.1,3784
l3120504.1,3785
p827537.1,3786
228-979371-2_int.3,3787
l2785543.2,3788
m1047837.2,3789
l2916602.1,3790
d6140778-1_int.2,3791
l2766748.1,3792
regxfmr_190-8581.1,3793
regxfmr_190-8581.2,3794
regxfmr_190-8581.3,3795
l3104129.1,3796
m1027110.1,3797
l3047058.1,3798
l2801949.2,3799
l2710525.3,3800
l3197640.3,3801
l3010561.1,3802
l3141390.2,3803
d5746546-1_int.3,3804
d5956499-2_int.1,3805
d5956499-2_int.2,3806
d5956499-2_int.3,3807
l2823592_cap.1,3808
l2823592_cap.2,3809
l2823592_cap.3,3810
q16642_cap.1,3811
q16642_cap.2,3812
q16642_cap.3,3813
q16483_cap.1,3814
q16483_cap.2,3815
q16483_cap.3,3816
hvmv_sub_hsb.1,3817
hvmv_sub_hsb.2,3818
hvmv_sub_hsb.3,3819
regxfmr_hvmv_sub_lsb.1,3820
regxfmr_hvmv_sub_lsb.2,3821
regxfmr_hvmv_sub_lsb.3,3822
x2804253a.1,3823
x2804253a.2,3824
x3254213b.1,3825
x3254213b.2,3826
x3216339b.1,3827
x3216339b.2,3828
x2954355a.1,3829
x2954355a.2,3830
x2861197c.1,3831
x2861197c.2,3832
x2842379a.1,3833
x2842379a.2,3834
x2841636b.1,3835
x2841636b.2,3836
x3047289a.1,3837
x3047289a.2,3838
x3047289b.1,3839
x3047289b.2,3840
x3047289c.1,3841
x3047289c.2,3842
x3085399c.1,3843
x3085399c.2,3844
x3085391b.1,3845
x3085391b.2,3846
x2897778a.1,3847
x2897778a.2,3848
x3197647a.1,3849
x3197647a.2,3850
x2936275b.1,3851
x2936275b.2,3852
x2729408b.1,3853
x2729408b.2,3854
x2673310a.1,3855
x2673310a.2,3856
x3048212a.1,3857
x3048212a.2,3858
x3104133a.1,3859
x3104133a.2,3860
x2879087a.1,3861
x2879087a.2,3862
x2710510c.1,3863
x2710510c.2,3864
x3122810b.1,3865
x3122810b.2,3866
x2954352c.1,3867
x2954352c.2,3868
x2729411a.1,3869
x2729411a.2,3870
x3178971a.1,3871
x3178971a.2,3872
x3254234b.1,3873
x3254234b.2,3874
x_293471a.1,3875
x_293471a.2,3876
x_293471b.1,3877
x_293471b.2,3878
x_293471c.1,3879
x_293471c.2,3880
x2860482a.1,3881
x2860482a.2,3882
x2763811c.1,3883
x2763811c.2,3884
x3251799a.1,3885
x3251799a.2,3886
x2898526c.1,3887
x2898526c.2,3888
x2897780b.1,3889
x2897780b.2,3890
x3027124c.1,3891
x3027124c.2,3892
x2954361b.1,3893
x2954361b.2,3894
x2745811c.1,3895
x2745811c.2,3896
x2841633a.1,3897
x2841633a.2,3898
x2917359a.1,3899
x2917359a.2,3900
x2748158a.1,3901
x2748158a.2,3902
x2955047a.1,3903
x2955047a.2,3904
x3122837c.1,3905
x3122837c.2,3906
x2804269b.1,3907
x2804269b.2,3908
x3157708c.1,3909
x3157708c.2,3910
x3179682c.1,3911
x3179682c.2,3912
x2822877b.1,3913
x2822877b.2,3914
x3141393c.1,3915
x3141393c.2,3916
x2897801a.1,3917
x2897801a.2,3918
x3217056a.1,3919
x3217056a.2,3920
x2936270a.1,3921
x2936270a.2,3922
x3235249a.1,3923
x3235249a.2,3924
x3217052c.1,3925
x3217052c.2,3926
x2916598a.1,3927
x2916598a.2,3928
x3048206a.1,3929
x3048206a.2,3930
x3141402c.1,3931
x3141402c.2,3932
x3235256a.1,3933
x3235256a.2,3934
x3178973a.1,3935
x3178973a.2,3936
x3197654a.1,3937
x3197654a.2,3938
x3066809c.1,3939
x3066809c.2,3940
x2766742b.1,3941
x2766742b.2,3942
x2991908a.1,3943
x2991908a.2,3944
x3065750b.1,3945
x3065750b.2,3946
x3085401a.1,3947
x3085401a.2,3948
x2729413a.1,3949
x2729413a.2,3950
x3254915b.1,3951
x3254915b.2,3952
x2748131b.1,3953
x2748131b.2,3954
x3066810c.1,3955
x3066810c.2,3956
x2973146b.1,3957
x2973146b.2,3958
x2973180b.1,3959
x2973180b.2,3960
x2973167b.1,3961
x2973167b.2,3962
x2841621c.1,3963
x2841621c.2,3964
x3123509c.1,3965
x3123509c.2,3966
x2841627a.1,3967
x2841627a.2,3968
x3235250b.1,3969
x3235250b.2,3970
x3728037a.1,3971
x3728037a.2,3972
x3142078b.1,3973
x3142078b.2,3974
x2879066b.1,3975
x2879066b.2,3976
x3235254c.1,3977
x3235254c.2,3978
x2917330a.1,3979
x2917330a.2,3980
x2914323b.1,3981
x2914323b.2,3982
x3197640c.1,3983
x3197640c.2,3984
x3179673c.1,3985
x3179673c.2,3986
x3048228c.1,3987
x3048228c.2,3988
x3104126c.1,3989
x3104126c.2,3990
x2990098a.1,3991
x2990098a.2,3992
x2879067a.1,3993
x2879067a.2,3994
x3176656a.1,3995
x3176656a.2,3996
x2710532c.1,3997
x2710532c.2,3998
x3160115b.1,3999
x3160115b.2,4000
x3103822c.1,4001
x3103822c.2,4002
x2805034a.1,4003
x2805034a.2,4004
x3157167a.1,4005
x3157167a.2,4006
x2916620a.1,4007
x2916620a.2,4008
x2916620b.1,4009
x2916620b.2,4010
x2916620c.1,4011
x2916620c.2,4012
x3027132a.1,4013
x3027132a.2,4014
x2822862c.1,4015
x2822862c.2,4016
x2937757c.1,4017
x2937757c.2,4018
x2860483b.1,4019
x2860483b.2,4020
x3048210a.1,4021
x3048210a.2,4022
x3312692a.1,4023
x3312692a.2,4024
x3251854a.1,4025
x3251854a.2,4026
x3085398b.1,4027
x3085398b.2,4028
x3254207a.1,4029
x3254207a.2,4030
x2729424a.1,4031
x2729424a.2,4032
x3066816a.1,4033
x3066816a.2,4034
x2785518c.1,4035
x2785518c.2,4036
x3029503c.1,4037
x3029503c.2,4038
x2748140a.1,4039
x2748140a.2,4040
x2891575c.1,4041
x2891575c.2,4042
x2842329c.1,4043
x2842329c.2,4044
x3254212b.1,4045
x3254212b.2,4046
x3198348a.1,4047
x3198348a.2,4048
x3178979c.1,4049
x3178979c.2,4050
x2879054a.1,4051
x2879054a.2,4052
x3085388b.1,4053
x3085388b.2,4054
x2991914c.1,4055
x2991914c.2,4056
x2785534b.1,4057
x2785534b.2,4058
x3122835b.1,4059
x3122835b.2,4060
x3085395a.1,4061
x3085395a.2,4062
x2879064a.1,4063
x2879064a.2,4064
x3066814b.1,4065
x3066814b.2,4066
x2821087a.1,4067
x2821087a.2,4068
x2860479b.1,4069
x2860479b.2,4070
x3728042a.1,4071
x3728042a.2,4072
x2935557a.1,4073
x2935557a.2,4074
x2822864c.1,4075
x2822864c.2,4076
x3235247a.1,4077
x3235247a.2,4078
x3251807a.1,4079
x3251807a.2,4080
x2804282c.1,4081
x2804282c.2,4082
x2935560c.1,4083
x2935560c.2,4084
x3104145b.1,4085
x3104145b.2,4086
x3086078a.1,4087
x3086078a.2,4088
x2860477a.1,4089
x2860477a.2,4090
x3645811c.1,4091
x3645811c.2,4092
x3102793b.1,4093
x3102793b.2,4094
x2991910b.1,4095
x2991910b.2,4096
x2710511a.1,4097
x2710511a.2,4098
x2860486c.1,4099
x2860486c.2,4100
x2935551c.1,4101
x2935551c.2,4102
x2729409b.1,4103
x2729409b.2,4104
x2973833b.1,4105
x2973833b.2,4106
x2897769c.1,4107
x2897769c.2,4108
x3216368c.1,4109
x3216368c.2,4110
x2860490a.1,4111
x2860490a.2,4112
x2861158c.1,4113
x2861158c.2,4114
x3141399c.1,4115
x3141399c.2,4116
x3122816b.1,4117
x3122816b.2,4118
x2992556c.1,4119
x2992556c.2,4120
x2897779c.1,4121
x2897779c.2,4122
x2970811a.1,4123
x2970811a.2,4124
x2991933c.1,4125
x2991933c.2,4126
x2729428a.1,4127
x2729428a.2,4128
x3254216a.1,4129
x3254216a.2,4130
x2897807b.1,4131
x2897807b.2,4132
x2898522a.1,4133
x2898522a.2,4134
x3048230c.1,4135
x3048230c.2,4136
x3195327a.1,4137
x3195327a.2,4138
x3047058a.1,4139
x3047058a.2,4140
x2673313b.1,4141
x2673313b.2,4142
x3649302a.1,4143
x3649302a.2,4144
x3729297a.1,4145
x3729297a.2,4146
x2858163a.1,4147
x2858163a.2,4148
x3214112b.1,4149
x3214112b.2,4150
x2685805a.1,4151
x2685805a.2,4152
x2991912a.1,4153
x2991912a.2,4154
x3140238a.1,4155
x3140238a.2,4156
x3066830b.1,4157
x3066830b.2,4158
x3160878c.1,4159
x3160878c.2,4160
x2916609c.1,4161
x2916609c.2,4162
x2876814a.1,4163
x2876814a.2,4164
x3197646b.1,4165
x3197646b.2,4166
x2973151a.1,4167
x2973151a.2,4168
x3197627c.1,4169
x3197627c.2,4170
x2764412a.1,4171
x2764412a.2,4172
x2766716c.1,4173
x2766716c.2,4174
x2991917b.1,4175
x2991917b.2,4176
x3254229b.1,4177
x3254229b.2,4178
x2935556b.1,4179
x2935556b.2,4180
x3197660b.1,4181
x3197660b.2,4182
x2989565a.1,4183
x2989565a.2,4184
x3645809c.1,4185
x3645809c.2,4186
x3086075b.1,4187
x3086075b.2,4188
x3122824a.1,4189
x3122824a.2,4190
x3216338b.1,4191
x3216338b.2,4192
x2729405b.1,4193
x2729405b.2,4194
x2823545a.1,4195
x2823545a.2,4196
x2916610b.1,4197
x2916610b.2,4198
x3177665a.1,4199
x3177665a.2,4200
x2803199a.1,4201
x2803199a.2,4202
x2803199b.1,4203
x2803199b.2,4204
x2803199c.1,4205
x2803199c.2,4206
x2691952a.1,4207
x2691952a.2,4208
x2748144a.1,4209
x2748144a.2,4210
x3029504b.1,4211
x3029504b.2,4212
x3197635b.1,4213
x3197635b.2,4214
x2724120c.1,4215
x2724120c.2,4216
x3235244a.1,4217
x3235244a.2,4218
x2804254a.1,4219
x2804254a.2,4220
x2820531b.1,4221
x2820531b.2,4222
x3254214b.1,4223
x3254214b.2,4224
x2691966b.1,4225
x2691966b.2,4226
x3122822a.1,4227
x3122822a.2,4228
x3197639a.1,4229
x3197639a.2,4230
x3120503a.1,4231
x3120503a.2,4232
x3216349b.1,4233
x3216349b.2,4234
x3027670b.1,4235
x3027670b.2,4236
x3085392c.1,4237
x3085392c.2,4238
x3010556a.1,4239
x3010556a.2,4240
x3232902a.1,4241
x3232902a.2,4242
x3101782a.1,4243
x3101782a.2,4244
x2766715b.1,4245
x2766715b.2,4246
x2970804c.1,4247
x2970804c.2,4248
x3178975b.1,4249
x3178975b.2,4250
x2841648a.1,4251
x2841648a.2,4252
x3029497c.1,4253
x3029497c.2,4254
x3029520b.1,4255
x3029520b.2,4256
x2766744b.1,4257
x2766744b.2,4258
x3029518b.1,4259
x3029518b.2,4260
x2936214a.1,4261
x2936214a.2,4262
x2954346b.1,4263
x2954346b.2,4264
x2879061b.1,4265
x2879061b.2,4266
x3141394b.1,4267
x3141394b.2,4268
x3142098b.1,4269
x3142098b.2,4270
x3645812c.1,4271
x3645812c.2,4272
x2916627a.1,4273
x2916627a.2,4274
x3066815c.1,4275
x3066815c.2,4276
x3179678b.1,4277
x3179678b.2,4278
x3254237a.1,4279
x3254237a.2,4280
x2710512b.1,4281
x2710512b.2,4282
x3104125b.1,4283
x3104125b.2,4284
x3010559a.1,4285
x3010559a.2,4286
x2897790c.1,4287
x2897790c.2,4288
x2711225c.1,4289
x2711225c.2,4290
x2766729a.1,4291
x2766729a.2,4292
x3235275b.1,4293
x3235275b.2,4294
x3728038a.1,4295
x3728038a.2,4296
x3048222c.1,4297
x3048222c.2,4298
x2841630c.1,4299
x2841630c.2,4300
x2991907a.1,4301
x2991907a.2,4302
x2973144c.1,4303
x2973144c.2,4304
x3178976a.1,4305
x3178976a.2,4306
x3159448a.1,4307
x3159448a.2,4308
x3231255c.1,4309
x3231255c.2,4310
x3197626c.1,4311
x3197626c.2,4312
x2802480b.1,4313
x2802480b.2,4314
x2823544a.1,4315
x2823544a.2,4316
x2841624b.1,4317
x2841624b.2,4318
x3101194c.1,4319
x3101194c.2,4320
x2841619c.1,4321
x2841619c.2,4322
x2861218c.1,4323
x2861218c.2,4324
x2710513b.1,4325
x2710513b.2,4326
x2879062c.1,4327
x2879062c.2,4328
x2879767b.1,4329
x2879767b.2,4330
x2766725c.1,4331
x2766725c.2,4332
x3141396c.1,4333
x3141396c.2,4334
x2879752b.1,4335
x2879752b.2,4336
x2991940c.1,4337
x2991940c.2,4338
x2673321a.1,4339
x2673321a.2,4340
x2673326b.1,4341
x2673326b.2,4342
x2925506c.1,4343
x2925506c.2,4344
x2730106c.1,4345
x2730106c.2,4346
x2820556a.1,4347
x2820556a.2,4348
x3235248c.1,4349
x3235248c.2,4350
x2822871b.1,4351
x2822871b.2,4352
x2955076a.1,4353
x2955076a.2,4354
x2955005b.1,4355
x2955005b.2,4356
x3254208c.1,4357
x3254208c.2,4358
x3178978a.1,4359
x3178978a.2,4360
x3235253a.1,4361
x3235253a.2,4362
x3235241c.1,4363
x3235241c.2,4364
x3197636b.1,4365
x3197636b.2,4366
x3066811b.1,4367
x3066811b.2,4368
x3632979a.1,4369
x3632979a.2,4370
x3086074c.1,4371
x3086074c.2,4372
x2674051a.1,4373
x2674051a.2,4374
x3178981b.1,4375
x3178981b.2,4376
x3046854b.1,4377
x3046854b.2,4378
x2860506b.1,4379
x2860506b.2,4380
x3048966c.1,4381
x3048966c.2,4382
x2822872b.1,4383
x2822872b.2,4384
x3214071c.1,4385
x3214071c.2,4386
x2786273b.1,4387
x2786273b.2,4388
x3104853c.1,4389
x3104853c.2,4390
x2973158c.1,4391
x2973158c.2,4392
x3216123a.1,4393
x3216123a.2,4394
x2860485b.1,4395
x2860485b.2,4396
x3235946a.1,4397
x3235946a.2,4398
x2973148a.1,4399
x2973148a.2,4400
x3066829c.1,4401
x3066829c.2,4402
x3085393c.1,4403
x3085393c.2,4404
x2673322b.1,4405
x2673322b.2,4406
x3263051c.1,4407
x3263051c.2,4408
x2860500b.1,4409
x2860500b.2,4410
x3048211a.1,4411
x3048211a.2,4412
x3728041a.1,4413
x3728041a.2,4414
x3048199b.1,4415
x3048199b.2,4416
x3104136b.1,4417
x3104136b.2,4418
x2916599a.1,4419
x2916599a.2,4420
x3104134c.1,4421
x3104134c.2,4422
x2954344c.1,4423
x2954344c.2,4424
x3142099b.1,4425
x3142099b.2,4426
x2710515c.1,4427
x2710515c.2,4428
x3011298c.1,4429
x3011298c.2,4430
x3066812a.1,4431
x3066812a.2,4432
x3141403a.1,4433
x3141403a.2,4434
x3120484c.1,4435
x3120484c.2,4436
x2860504a.1,4437
x2860504a.2,4438
x2766750c.1,4439
x2766750c.2,4440
x2879077b.1,4441
x2879077b.2,4442
x3159037b.1,4443
x3159037b.2,4444
x3160793c.1,4445
x3160793c.2,4446
x3233412a.1,4447
x3233412a.2,4448
x2841620b.1,4449
x2841620b.2,4450
x3253995c.1,4451
x3253995c.2,4452
x2936279c.1,4453
x2936279c.2,4454
x2804277c.1,4455
x2804277c.2,4456
x2860489a.1,4457
x2860489a.2,4458
x2690868c.1,4459
x2690868c.2,4460
x3176661c.1,4461
x3176661c.2,4462
x2766746c.1,4463
x2766746c.2,4464
x3189189b.1,4465
x3189189b.2,4466
x3048196b.1,4467
x3048196b.2,4468
x2879074a.1,4469
x2879074a.2,4470
x3067478a.1,4471
x3067478a.2,4472
x2766726b.1,4473
x2766726b.2,4474
x2936271a.1,4475
x2936271a.2,4476
x2917328b.1,4477
x2917328b.2,4478
x3160103c.1,4479
x3160103c.2,4480
x3448661b.1,4481
x3448661b.2,4482
x2991901b.1,4483
x2991901b.2,4484
x2860499b.1,4485
x2860499b.2,4486
x2726975b.1,4487
x2726975b.2,4488
x2673300b.1,4489
x2673300b.2,4490
x2730107c.1,4491
x2730107c.2,4492
x2916619b.1,4493
x2916619b.2,4494
x2710525c.1,4495
x2710525c.2,4496
x2804260b.1,4497
x2804260b.2,4498
x3197631a.1,4499
x3197631a.2,4500
x2973153a.1,4501
x2973153a.2,4502
x3122813a.1,4503
x3122813a.2,4504
x2935567b.1,4505
x2935567b.2,4506
x2917336c.1,4507
x2917336c.2,4508
x2954350c.1,4509
x2954350c.2,4510
x3234185b.1,4511
x3234185b.2,4512
x3160107a.1,4513
x3160107a.2,4514
x3141401a.1,4515
x3141401a.2,4516
x2972704c.1,4517
x2972704c.2,4518
x3197644a.1,4519
x3197644a.2,4520
x2897805a.1,4521
x2897805a.2,4522
x2766499c.1,4523
x2766499c.2,4524
x3104132a.1,4525
x3104132a.2,4526
x2989564b.1,4527
x2989564b.2,4528
x2991923a.1,4529
x2991923a.2,4530
x3217053c.1,4531
x3217053c.2,4532
x3216345b.1,4533
x3216345b.2,4534
x2766721a.1,4535
x2766721a.2,4536
x3119793b.1,4537
x3119793b.2,4538
x2821010a.1,4539
x2821010a.2,4540
x3104118c.1,4541
x3104118c.2,4542
x3160101a.1,4543
x3160101a.2,4544
x2692633c.1,4545
x2692633c.2,4546
x2691950c.1,4547
x2691950c.2,4548
x3160108b.1,4549
x3160108b.2,4550
x2822873b.1,4551
x2822873b.2,4552
x3048887b.1,4553
x3048887b.2,4554
x3254227b.1,4555
x3254227b.2,4556
x2992624a.1,4557
x2992624a.2,4558
x3226771a.1,4559
x3226771a.2,4560
x3086002c.1,4561
x3086002c.2,4562
x3045895c.1,4563
x3045895c.2,4564
x2973160b.1,4565
x2973160b.2,4566
x2764403a.1,4567
x2764403a.2,4568
x3122812b.1,4569
x3122812b.2,4570
x3176660b.1,4571
x3176660b.2,4572
x2991943c.1,4573
x2991943c.2,4574
x2691941c.1,4575
x2691941c.2,4576
x2983432a.1,4577
x2983432a.2,4578
x3215549b.1,4579
x3215549b.2,4580
x2955077c.1,4581
x2955077c.2,4582
x2973157a.1,4583
x2973157a.2,4584
x2691951c.1,4585
x2691951c.2,4586
x3030199c.1,4587
x3030199c.2,4588
x2692655c.1,4589
x2692655c.2,4590
x2785546a.1,4591
x2785546a.2,4592
x2935559a.1,4593
x2935559a.2,4594
x2972930a.1,4595
x2972930a.2,4596
x2822866b.1,4597
x2822866b.2,4598
x2748781a.1,4599
x2748781a.2,4600
x3645810c.1,4601
x3645810c.2,4602
x2879076c.1,4603
x2879076c.2,4604
x2841616a.1,4605
x2841616a.2,4606
x2935554a.1,4607
x2935554a.2,4608
x2879075a.1,4609
x2879075a.2,4610
x2839305a.1,4611
x2839305a.2,4612
x2879753b.1,4613
x2879753b.2,4614
x2748129a.1,4615
x2748129a.2,4616
x2991906a.1,4617
x2991906a.2,4618
x2804247b.1,4619
x2804247b.2,4620
x3195318b.1,4621
x3195318b.2,4622
x3048888c.1,4623
x3048888c.2,4624
x2935552c.1,4625
x2935552c.2,4626
x2876797a.1,4627
x2876797a.2,4628
x3085389b.1,4629
x3085389b.2,4630
x2916603b.1,4631
x2916603b.2,4632
x2710518a.1,4633
x2710518a.2,4634
x3160896c.1,4635
x3160896c.2,4636
x2897776c.1,4637
x2897776c.2,4638
x2913406b.1,4639
x2913406b.2,4640
x2991915b.1,4641
x2991915b.2,4642
x2711224b.1,4643
x2711224b.2,4644
x2897766c.1,4645
x2897766c.2,4646
x2897775c.1,4647
x2897775c.2,4648
x3029495b.1,4649
x3029495b.2,4650
x2911069b.1,4651
x2911069b.2,4652
x3197633a.1,4653
x3197633a.2,4654
x3066817a.1,4655
x3066817a.2,4656
x2879089c.1,4657
x2879089c.2,4658
x3195315a.1,4659
x3195315a.2,4660
x2785529c.1,4661
x2785529c.2,4662
x2992656a.1,4663
x2992656a.2,4664
x2692661a.1,4665
x2692661a.2,4666
x3160114a.1,4667
x3160114a.2,4668
x3082992a.1,4669
x3082992a.2,4670
x2710537b.1,4671
x2710537b.2,4672
x3254238b.1,4673
x3254238b.2,4674
x2862616c.1,4675
x2862616c.2,4676
x2785526b.1,4677
x2785526b.2,4678
x2915542a.1,4679
x2915542a.2,4680
x2915542b.1,4681
x2915542b.2,4682
x2915542c.1,4683
x2915542c.2,4684
x3122820a.1,4685
x3122820a.2,4686
x3029505c.1,4687
x3029505c.2,4688
x2785522b.1,4689
x2785522b.2,4690
x2710543c.1,4691
x2710543c.2,4692
x2917310b.1,4693
x2917310b.2,4694
x3082993a.1,4695
x3082993a.2,4696
x3729298a.1,4697
x3729298a.2,4698
x2990826a.1,4699
x2990826a.2,4700
x2990826b.1,4701
x2990826b.2,4702
x2990826c.1,4703
x2990826c.2,4704
x2897792a.1,4705
x2897792a.2,4706
x2804261c.1,4707
x2804261c.2,4708
x3189190a.1,4709
x3189190a.2,4710
x2689691a.1,4711
x2689691a.2,4712
x3195751a.1,4713
x3195751a.2,4714
x2785517c.1,4715
x2785517c.2,4716
x2916606c.1,4717
x2916606c.2,4718
x3254217c.1,4719
x3254217c.2,4720
x2841641b.1,4721
x2841641b.2,4722
x2804256b.1,4723
x2804256b.2,4724
x3122818c.1,4725
x3122818c.2,4726
x2691953a.1,4727
x2691953a.2,4728
x2692654a.1,4729
x2692654a.2,4730
x3235246b.1,4731
x3235246b.2,4732
x2955078a.1,4733
x2955078a.2,4734
x3139598b.1,4735
x3139598b.2,4736
x2763812c.1,4737
x2763812c.2,4738
x2767414c.1,4739
x2767414c.2,4740
x2991918b.1,4741
x2991918b.2,4742
x3008248a.1,4743
x3008248a.2,4744
x3160865a.1,4745
x3160865a.2,4746
x3029510b.1,4747
x3029510b.2,4748
x2748126c.1,4749
x2748126c.2,4750
x3216358a.1,4751
x3216358a.2,4752
x2936276b.1,4753
x2936276b.2,4754
x2729207c.1,4755
x2729207c.2,4756
x2897768c.1,4757
x2897768c.2,4758
x2917255c.1,4759
x2917255c.2,4760
x2933120c.1,4761
x2933120c.2,4762
x2684420b.1,4763
x2684420b.2,4764
x2766723a.1,4765
x2766723a.2,4766
x3104120b.1,4767
x3104120b.2,4768
x3066813b.1,4769
x3066813b.2,4770
x2822860b.1,4771
x2822860b.2,4772
x2933135a.1,4773
x2933135a.2,4774
x3649298a.1,4775
x3649298a.2,4776
x3104130b.1,4777
x3104130b.2,4778
x2785538a.1,4779
x2785538a.2,4780
x3122849b.1,4781
x3122849b.2,4782
x2879794a.1,4783
x2879794a.2,4784
x2879069a.1,4785
x2879069a.2,4786
x3104113a.1,4787
x3104113a.2,4788
x2861222a.1,4789
x2861222a.2,4790
x3141411c.1,4791
x3141411c.2,4792
x3178982a.1,4793
x3178982a.2,4794
x3029498c.1,4795
x3029498c.2,4796
x2952013a.1,4797
x2952013a.2,4798
x2860488b.1,4799
x2860488b.2,4800
x2691945c.1,4801
x2691945c.2,4802
x3214549a.1,4803
x3214549a.2,4804
x2710536a.1,4805
x2710536a.2,4806
x2804956a.1,4807
x2804956a.2,4808
x3160105c.1,4809
x3160105c.2,4810
x3010563a.1,4811
x3010563a.2,4812
x3649297a.1,4813
x3649297a.2,4814
x2823611a.1,4815
x2823611a.2,4816
x2860487c.1,4817
x2860487c.2,4818
x3197629b.1,4819
x3197629b.2,4820
x2691943b.1,4821
x2691943b.2,4822
x2673311a.1,4823
x2673311a.2,4824
x2767343c.1,4825
x2767343c.2,4826
x2879063b.1,4827
x2879063b.2,4828
x3254219c.1,4829
x3254219c.2,4830
x3197653b.1,4831
x3197653b.2,4832
x3251806b.1,4833
x3251806b.2,4834
x2673308b.1,4835
x2673308b.2,4836
x3254203b.1,4837
x3254203b.2,4838
x2814529a.1,4839
x2814529a.2,4840
x2814529b.1,4841
x2814529b.2,4842
x2814529c.1,4843
x2814529c.2,4844
x2823592a.1,4845
x2823592a.2,4846
x2766718c.1,4847
x2766718c.2,4848
x2727795c.1,4849
x2727795c.2,4850
x2955055b.1,4851
x2955055b.2,4852
x2766722b.1,4853
x2766722b.2,4854
x2804957c.1,4855
x2804957c.2,4856
x3010570a.1,4857
x3010570a.2,4858
x3649299a.1,4859
x3649299a.2,4860
x2766717c.1,4861
x2766717c.2,4862
x3254870c.1,4863
x3254870c.2,4864
x2801895b.1,4865
x2801895b.2,4866
x2673320b.1,4867
x2673320b.2,4868
x3198358b.1,4869
x3198358b.2,4870
x3064514c.1,4871
x3064514c.2,4872
x2729429a.1,4873
x2729429a.2,4874
x2785525c.1,4875
x2785525c.2,4876
x2860492c.1,4877
x2860492c.2,4878
x2973154a.1,4879
x2973154a.2,4880
x2691973a.1,4881
x2691973a.2,4882
x3085394c.1,4883
x3085394c.2,4884
x2897791b.1,4885
x2897791b.2,4886
x2726983a.1,4887
x2726983a.2,4888
x2711234b.1,4889
x2711234b.2,4890
x3178980c.1,4891
x3178980c.2,4892
x3728039a.1,4893
x3728039a.2,4894
x2786266a.1,4895
x2786266a.2,4896
x2954338b.1,4897
x2954338b.2,4898
x3254869b.1,4899
x3254869b.2,4900
x3198356c.1,4901
x3198356c.2,4902
x2730163c.1,4903
x2730163c.2,4904
x3048965b.1,4905
x3048965b.2,4906
x3010561a.1,4907
x3010561a.2,4908
x3160102b.1,4909
x3160102b.2,4910
x3066806c.1,4911
x3066806c.2,4912
x3216361b.1,4913
x3216361b.2,4914
x2879092c.1,4915
x2879092c.2,4916
x3104117c.1,4917
x3104117c.2,4918
x2935568b.1,4919
x2935568b.2,4920
x2710530b.1,4921
x2710530b.2,4922
x2841618a.1,4923
x2841618a.2,4924
x3728043a.1,4925
x3728043a.2,4926
x2897765b.1,4927
x2897765b.2,4928
x2804283a.1,4929
x2804283a.2,4930
x3150961c.1,4931
x3150961c.2,4932
x2859391b.1,4933
x2859391b.2,4934
x3254206b.1,4935
x3254206b.2,4936
x3104122a.1,4937
x3104122a.2,4938
x3254218a.1,4939
x3254218a.2,4940
x2804255b.1,4941
x2804255b.2,4942
x2766748a.1,4943
x2766748a.2,4944
x2691938b.1,4945
x2691938b.2,4946
x3027671a.1,4947
x3027671a.2,4948
x2860501b.1,4949
x2860501b.2,4950
x2897764b.1,4951
x2897764b.2,4952
x3068944b.1,4953
x3068944b.2,4954
x2897781a.1,4955
x2897781a.2,4956
x2748132a.1,4957
x2748132a.2,4958
x2766727b.1,4959
x2766727b.2,4960
x2954339b.1,4961
x2954339b.2,4962
x2673316a.1,4963
x2673316a.2,4964
x3649304a.1,4965
x3649304a.2,4966
x2710508b.1,4967
x2710508b.2,4968
x2710520a.1,4969
x2710520a.2,4970
x3010567c.1,4971
x3010567c.2,4972
x2876798b.1,4973
x2876798b.2,4974
x3253570c.1,4975
x3253570c.2,4976
x3216350a.1,4977
x3216350a.2,4978
x2804257b.1,4979
x2804257b.2,4980
x3048937c.1,4981
x3048937c.2,4982
x2748157a.1,4983
x2748157a.2,4984
x3008237c.1,4985
x3008237c.2,4986
x3235258a.1,4987
x3235258a.2,4988
x3235258b.1,4989
x3235258b.2,4990
x3235258c.1,4991
x3235258c.2,4992
x2766738c.1,4993
x2766738c.2,4994
x2691948b.1,4995
x2691948b.2,4996
x2674052c.1,4997
x2674052c.2,4998
x3160868b.1,4999
x3160868b.2,5000
x3048889c.1,5001
x3048889c.2,5002
x3236004c.1,5003
x3236004c.2,5004
x3235255b.1,5005
x3235255b.2,5006
x3067447a.1,5007
x3067447a.2,5008
x2989432b.1,5009
x2989432b.2,5010
x2973164a.1,5011
x2973164a.2,5012
x3010565c.1,5013
x3010565c.2,5014
x2689678b.1,5015
x2689678b.2,5016
x2748840b.1,5017
x2748840b.2,5018
x2989566b.1,5019
x2989566b.2,5020
x3141388c.1,5021
x3141388c.2,5022
x2673317a.1,5023
x2673317a.2,5024
x2822870c.1,5025
x2822870c.2,5026
x2745799c.1,5027
x2745799c.2,5028
x2786274c.1,5029
x2786274c.2,5030
x2897772a.1,5031
x2897772a.2,5032
x2935566c.1,5033
x2935566c.2,5034
x3091052a.1,5035
x3091052a.2,5036
x3010566c.1,5037
x3010566c.2,5038
x3104131a.1,5039
x3104131a.2,5040
x3216336a.1,5041
x3216336a.2,5042
x2858166a.1,5043
x2858166a.2,5044
x2748128c.1,5045
x2748128c.2,5046
x2673318c.1,5047
x2673318c.2,5048
x2973169a.1,5049
x2973169a.2,5050
x3160106a.1,5051
x3160106a.2,5052
x2842384c.1,5053
x2842384c.2,5054
x2767341c.1,5055
x2767341c.2,5056
x3189188c.1,5057
x3189188c.2,5058
x2710544a.1,5059
x2710544a.2,5060
x3160123a.1,5061
x3160123a.2,5062
x2991927b.1,5063
x2991927b.2,5064
x3122847a.1,5065
x3122847a.2,5066
x3008232b.1,5067
x3008232b.2,5068
x3179607b.1,5069
x3179607b.2,5070
x2673346c.1,5071
x2673346c.2,5072
x3104127b.1,5073
x3104127b.2,5074
x3195321a.1,5075
x3195321a.2,5076
x2673303c.1,5077
x2673303c.2,5078
x2895461a.1,5079
x2895461a.2,5080
x3027116a.1,5081
x3027116a.2,5082
x2992657a.1,5083
x2992657a.2,5084
x3104154c.1,5085
x3104154c.2,5086
x3010580b.1,5087
x3010580b.2,5088
x3727710a.1,5089
x3727710a.2,5090
x2692664c.1,5091
x2692664c.2,5092
x3215385a.1,5093
x3215385a.2,5094
x3215385b.1,5095
x3215385b.2,5096
x3215385c.1,5097
x3215385c.2,5098
x2860493a.1,5099
x2860493a.2,5100
x3177881c.1,5101
x3177881c.2,5102
x3727709a.1,5103
x3727709a.2,5104
x2785528b.1,5105
x2785528b.2,5106
x2973171b.1,5107
x2973171b.2,5108
x2785523c.1,5109
x2785523c.2,5110
x3649300a.1,5111
x3649300a.2,5112
x2748133c.1,5113
x2748133c.2,5114
x3233353a.1,5115
x3233353a.2,5116
x2785547b.1,5117
x2785547b.2,5118
x2897800b.1,5119
x2897800b.2,5120
x2991939b.1,5121
x2991939b.2,5122
x2948732b.1,5123
x2948732b.2,5124
x0247162b.1,5125
x0247162b.2,5126
x2879065b.1,5127
x2879065b.2,5128
x3104121a.1,5129
x3104121a.2,5130
x2763153a.1,5131
x2763153a.2,5132
x2766724c.1,5133
x2766724c.2,5134
x2805031c.1,5135
x2805031c.2,5136
x2805036b.1,5137
x2805036b.2,5138
x3197625c.1,5139
x3197625c.2,5140
x3142049c.1,5141
x3142049c.2,5142
x3342743c.1,5143
x3342743c.2,5144
x2785524c.1,5145
x2785524c.2,5146
x2973166c.1,5147
x2973166c.2,5148
x3225319b.1,5149
x3225319b.2,5150
x3270814a.1,5151
x3270814a.2,5152
x3122814c.1,5153
x3122814c.2,5154
x2897770c.1,5155
x2897770c.2,5156
x3197634b.1,5157
x3197634b.2,5158
x3030204a.1,5159
x3030204a.2,5160
x3102286b.1,5161
x3102286b.2,5162
x2801909c.1,5163
x2801909c.2,5164
x3122811a.1,5165
x3122811a.2,5166
x2822869a.1,5167
x2822869a.2,5168
x3086098a.1,5169
x3086098a.2,5170
x3120504a.1,5171
x3120504a.2,5172
x3727712a.1,5173
x3727712a.2,5174
x3101789a.1,5175
x3101789a.2,5176
x3254210c.1,5177
x3254210c.2,5178
x2730187a.1,5179
x2730187a.2,5180
x3216367b.1,5181
x3216367b.2,5182
x2710509c.1,5183
x2710509c.2,5184
x3066805a.1,5185
x3066805a.2,5186
x3197661c.1,5187
x3197661c.2,5188
x3179608c.1,5189
x3179608c.2,5190
x2916234a.1,5191
x2916234a.2,5192
x3085402a.1,5193
x3085402a.2,5194
x2875754c.1,5195
x2875754c.2,5196
x2860478b.1,5197
x2860478b.2,5198
x2766732b.1,5199
x2766732b.2,5200
x3198355b.1,5201
x3198355b.2,5202
x3065665a.1,5203
x3065665a.2,5204
x2897771b.1,5205
x2897771b.2,5206
x2785516b.1,5207
x2785516b.2,5208
x2729206c.1,5209
x2729206c.2,5210
x3195310a.1,5211
x3195310a.2,5212
x3232301c.1,5213
x3232301c.2,5214
x3048946c.1,5215
x3048946c.2,5216
x2861157c.1,5217
x2861157c.2,5218
x3029183b.1,5219
x3029183b.2,5220
x3085396a.1,5221
x3085396a.2,5222
x2748146a.1,5223
x2748146a.2,5224
x2691954b.1,5225
x2691954b.2,5226
x2895449c.1,5227
x2895449c.2,5228
x2991911c.1,5229
x2991911c.2,5230
x2785515c.1,5231
x2785515c.2,5232
x2804262a.1,5233
x2804262a.2,5234
x0247160b.1,5235
x0247160b.2,5236
x2785537a.1,5237
x2785537a.2,5238
x3122819c.1,5239
x3122819c.2,5240
x2804245b.1,5241
x2804245b.2,5242
x2879068b.1,5243
x2879068b.2,5244
x2767409b.1,5245
x2767409b.2,5246
x2685809a.1,5247
x2685809a.2,5248
x3197637c.1,5249
x3197637c.2,5250
x3066818b.1,5251
x3066818b.2,5252
x2763407c.1,5253
x2763407c.2,5254
x2711226b.1,5255
x2711226b.2,5256
x3160109b.1,5257
x3160109b.2,5258
x2710516a.1,5259
x2710516a.2,5260
x3197641a.1,5261
x3197641a.2,5262
x2954351c.1,5263
x2954351c.2,5264
x2804272b.1,5265
x2804272b.2,5266
x2785519a.1,5267
x2785519a.2,5268
x2955006c.1,5269
x2955006c.2,5270
x3104123c.1,5271
x3104123c.2,5272
x2729414a.1,5273
x2729414a.2,5274
x2729414b.1,5275
x2729414b.2,5276
x2729414c.1,5277
x2729414c.2,5278
x2692660a.1,5279
x2692660a.2,5280
x2897793a.1,5281
x2897793a.2,5282
x3235266c.1,5283
x3235266c.2,5284
x2915534a.1,5285
x2915534a.2,5286
x2804259a.1,5287
x2804259a.2,5288
x2764399b.1,5289
x2764399b.2,5290
x2822863c.1,5291
x2822863c.2,5292
x3217057a.1,5293
x3217057a.2,5294
x3215203a.1,5295
x3215203a.2,5296
x3215203b.1,5297
x3215203b.2,5298
x3215203c.1,5299
x3215203c.2,5300
x3048221a.1,5301
x3048221a.2,5302
x2767408c.1,5303
x2767408c.2,5304
x3122848c.1,5305
x3122848c.2,5306
x2841635a.1,5307
x2841635a.2,5308
x2973162b.1,5309
x2973162b.2,5310
x3122821b.1,5311
x3122821b.2,5312
x3123452c.1,5313
x3123452c.2,5314
x3029500a.1,5315
x3029500a.2,5316
x3216344b.1,5317
x3216344b.2,5318
x2748125c.1,5319
x2748125c.2,5320
x2785520b.1,5321
x2785520b.2,5322
x3104119a.1,5323
x3104119a.2,5324
x2710517a.1,5325
x2710517a.2,5326
x3048227a.1,5327
x3048227a.2,5328
x3048209b.1,5329
x3048209b.2,5330
x3216370a.1,5331
x3216370a.2,5332
x3216370b.1,5333
x3216370b.2,5334
x3216370c.1,5335
x3216370c.2,5336
x3066819a.1,5337
x3066819a.2,5338
x2673314c.1,5339
x2673314c.2,5340
x3197643b.1,5341
x3197643b.2,5342
x2803194c.1,5343
x2803194c.2,5344
x2916617b.1,5345
x2916617b.2,5346
x3778577c.1,5347
x3778577c.2,5348
x2991916b.1,5349
x2991916b.2,5350
x2897554c.1,5351
x2897554c.2,5352
x3141397b.1,5353
x3141397b.2,5354
x2916608c.1,5355
x2916608c.2,5356
x3082983b.1,5357
x3082983b.2,5358
x2804248b.1,5359
x2804248b.2,5360
x2841639a.1,5361
x2841639a.2,5362
x3197645a.1,5363
x3197645a.2,5364
x2730108c.1,5365
x2730108c.2,5366
x2897806c.1,5367
x2897806c.2,5368
x3178977c.1,5369
x3178977c.2,5370
x2841631c.1,5371
x2841631c.2,5372
x3235945c.1,5373
x3235945c.2,5374
x2748839b.1,5375
x2748839b.2,5376
x2989571a.1,5377
x2989571a.2,5378
x3552667c.1,5379
x3552667c.2,5380
x3216347c.1,5381
x3216347c.2,5382
x2897789b.1,5383
x2897789b.2,5384
x3160100b.1,5385
x3160100b.2,5386
x2973156b.1,5387
x2973156b.2,5388
x3048214a.1,5389
x3048214a.2,5390
x2766719a.1,5391
x2766719a.2,5392
x2729401b.1,5393
x2729401b.2,5394
x2991640c.1,5395
x2991640c.2,5396
x3139366a.1,5397
x3139366a.2,5398
x2728247a.1,5399
x2728247a.2,5400
x2728247b.1,5401
x2728247b.2,5402
x2728247c.1,5403
x2728247c.2,5404
x2673306c.1,5405
x2673306c.2,5406
x2954357a.1,5407
x2954357a.2,5408
x3141395c.1,5409
x3141395c.2,5410
x2876796a.1,5411
x2876796a.2,5412
x3197642c.1,5413
x3197642c.2,5414
x3254873c.1,5415
x3254873c.2,5416
x2822858b.1,5417
x2822858b.2,5418
x3728040a.1,5419
x3728040a.2,5420
x3157710b.1,5421
x3157710b.2,5422
x2710514b.1,5423
x2710514b.2,5424
x2763072b.1,5425
x2763072b.2,5426
x2710519a.1,5427
x2710519a.2,5428
x3727711a.1,5429
x3727711a.2,5430
x2691936a.1,5431
x2691936a.2,5432
x2841638c.1,5433
x2841638c.2,5434
x3254209c.1,5435
x3254209c.2,5436
x3010557a.1,5437
x3010557a.2,5438
x2820528c.1,5439
x2820528c.2,5440
x3251808a.1,5441
x3251808a.2,5442
x3649305a.1,5443
x3649305a.2,5444
x3157718a.1,5445
x3157718a.2,5446
x3010569a.1,5447
x3010569a.2,5448
x2785527a.1,5449
x2785527a.2,5450
x3047073c.1,5451
x3047073c.2,5452
x3649306a.1,5453
x3649306a.2,5454
x2973161a.1,5455
x2973161a.2,5456
x2688692b.1,5457
x2688692b.2,5458
x3254220c.1,5459
x3254220c.2,5460
x3141389a.1,5461
x3141389a.2,5462
x3197618a.1,5463
x3197618a.2,5464
x3143999a.1,5465
x3143999a.2,5466
x2691949b.1,5467
x2691949b.2,5468
x3066807c.1,5469
x3066807c.2,5470
x2876812a.1,5471
x2876812a.2,5472
x2841634b.1,5473
x2841634b.2,5474
x3235245c.1,5475
x3235245c.2,5476
x3104135a.1,5477
x3104135a.2,5478
x2952014a.1,5479
x2952014a.2,5480
x3048205c.1,5481
x3048205c.2,5482
x2861223b.1,5483
x2861223b.2,5484
x2936268c.1,5485
x2936268c.2,5486
x2879055c.1,5487
x2879055c.2,5488
x2690941b.1,5489
x2690941b.2,5490
x2897773a.1,5491
x2897773a.2,5492
x3104850c.1,5493
x3104850c.2,5494
x3139086b.1,5495
x3139086b.2,5496
x3727707a.1,5497
x3727707a.2,5498
x3030126c.1,5499
x3030126c.2,5500
x2879079b.1,5501
x2879079b.2,5502
x3066821a.1,5503
x3066821a.2,5504
x3254204a.1,5505
x3254204a.2,5506
x2748135a.1,5507
x2748135a.2,5508
x2841623a.1,5509
x2841623a.2,5510
x2954349b.1,5511
x2954349b.2,5512
x2801902b.1,5513
x2801902b.2,5514
x2729434b.1,5515
x2729434b.2,5516
x3048962a.1,5517
x3048962a.2,5518
x2857591a.1,5519
x2857591a.2,5520
x3048890c.1,5521
x3048890c.2,5522
x2936211c.1,5523
x2936211c.2,5524
x2820535b.1,5525
x2820535b.2,5526
x3097861c.1,5527
x3097861c.2,5528
x3141390b.1,5529
x3141390b.2,5530
x3141412a.1,5531
x3141412a.2,5532
x2991920a.1,5533
x2991920a.2,5534
x3160861c.1,5535
x3160861c.2,5536
x2876813a.1,5537
x2876813a.2,5538
x2729410c.1,5539
x2729410c.2,5540
x2841637c.1,5541
x2841637c.2,5542
x3122817c.1,5543
x3122817c.2,5544
x3086079b.1,5545
x3086079b.2,5546
x3179699b.1,5547
x3179699b.2,5548
x3085390b.1,5549
x3085390b.2,5550
x2897767c.1,5551
x2897767c.2,5552
x3104124b.1,5553
x3104124b.2,5554
x2804251a.1,5555
x2804251a.2,5556
x3066808c.1,5557
x3066808c.2,5558
x2897774b.1,5559
x2897774b.2,5560
x3104115b.1,5561
x3104115b.2,5562
x0247171b.1,5563
x0247171b.2,5564
x3214055c.1,5565
x3214055c.2,5566
x3104830c.1,5567
x3104830c.2,5568
x3254211b.1,5569
x3254211b.2,5570
x2729407b.1,5571
x2729407b.2,5572
x3027133a.1,5573
x3027133a.2,5574
x2691944a.1,5575
x2691944a.2,5576
x2745806c.1,5577
x2745806c.2,5578
x2878848c.1,5579
x2878848c.2,5580
x2991909a.1,5581
x2991909a.2,5582
x2726973a.1,5583
x2726973a.2,5584
x2691947a.1,5585
x2691947a.2,5586
x2952007c.1,5587
x2952007c.2,5588
x3198347c.1,5589
x3198347c.2,5590
x2916625b.1,5591
x2916625b.2,5592
x2820533a.1,5593
x2820533a.2,5594
x2785531a.1,5595
x2785531a.2,5596
x3120502a.1,5597
x3120502a.2,5598
x3252336b.1,5599
x3252336b.2,5600
x2954353a.1,5601
x2954353a.2,5602
x2673312a.1,5603
x2673312a.2,5604
x2766720a.1,5605
x2766720a.2,5606
x2879070b.1,5607
x2879070b.2,5608
x3179674b.1,5609
x3179674b.2,5610
x3029506b.1,5611
x3029506b.2,5612
x3216348a.1,5613
x3216348a.2,5614
x3048231b.1,5615
x3048231b.2,5616
x3065696a.1,5617
x3065696a.2,5618
x3178974b.1,5619
x3178974b.2,5620
x2916607c.1,5621
x2916607c.2,5622
x3197652a.1,5623
x3197652a.2,5624
x2691939b.1,5625
x2691939b.2,5626
x2858175a.1,5627
x2858175a.2,5628
x3085400c.1,5629
x3085400c.2,5630
x3178969b.1,5631
x3178969b.2,5632
x2748139b.1,5633
x2748139b.2,5634
x3235242c.1,5635
x3235242c.2,5636
x2729412a.1,5637
x2729412a.2,5638
x3082981c.1,5639
x3082981c.2,5640
x2766747a.1,5641
x2766747a.2,5642
x3179646b.1,5643
x3179646b.2,5644
x3235251c.1,5645
x3235251c.2,5646
x2766749b.1,5647
x2766749b.2,5648
x3010568a.1,5649
x3010568a.2,5650
x2991902b.1,5651
x2991902b.2,5652
x2954348a.1,5653
x2954348a.2,5654
x2860484b.1,5655
x2860484b.2,5656
x2879078a.1,5657
x2879078a.2,5658
x3649301a.1,5659
x3649301a.2,5660
x2804252a.1,5661
x2804252a.2,5662
x2783231b.1,5663
x2783231b.2,5664
x2710504b.1,5665
x2710504b.2,5666
x2935547b.1,5667
x2935547b.2,5668
x3048201b.1,5669
x3048201b.2,5670
x2804250c.1,5671
x2804250c.2,5672
x3081380a.1,5673
x3081380a.2,5674
x3172805a.1,5675
x3172805a.2,5676
x2822867b.1,5677
x2822867b.2,5678
x2991922a.1,5679
x2991922a.2,5680
x3010560b.1,5681
x3010560b.2,5682
x2785536b.1,5683
x2785536b.2,5684
x3160872c.1,5685
x3160872c.2,5686
x2973178b.1,5687
x2973178b.2,5688
x2731712b.1,5689
x2731712b.2,5690
x2841628a.1,5691
x2841628a.2,5692
x2748152b.1,5693
x2748152b.2,5694
x2916602a.1,5695
x2916602a.2,5696
x2929261a.1,5697
x2929261a.2,5698
x2710521a.1,5699
x2710521a.2,5700
x3142079b.1,5701
x3142079b.2,5702
x2879072b.1,5703
x2879072b.2,5704
x2729427b.1,5705
x2729427b.2,5706
x2954347b.1,5707
x2954347b.2,5708
x2767340a.1,5709
x2767340a.2,5710
x2767340b.1,5711
x2767340b.2,5712
x2767340c.1,5713
x2767340c.2,5714
x3104157c.1,5715
x3104157c.2,5716
x3122815b.1,5717
x3122815b.2,5718
x2916605c.1,5719
x2916605c.2,5720
x3234149a.1,5721
x3234149a.2,5722
x3234149b.1,5723
x3234149b.2,5724
x3234149c.1,5725
x3234149c.2,5726
x3160862c.1,5727
x3160862c.2,5728
x3233413b.1,5729
x3233413b.2,5730
x2822865c.1,5731
x2822865c.2,5732
x2879081a.1,5733
x2879081a.2,5734
x2691946b.1,5735
x2691946b.2,5736
x2806553c.1,5737
x2806553c.2,5738
x3254215c.1,5739
x3254215c.2,5740
x2951995c.1,5741
x2951995c.2,5742
x3197628c.1,5743
x3197628c.2,5744
x2673343b.1,5745
x2673343b.2,5746
x3160864b.1,5747
x3160864b.2,5748
x2730149c.1,5749
x2730149c.2,5750
x3160113b.1,5751
x3160113b.2,5752
x3010585a.1,5753
x3010585a.2,5754
x2766730b.1,5755
x2766730b.2,5756
x3160871c.1,5757
x3160871c.2,5758
x3104129a.1,5759
x3104129a.2,5760
x3254205c.1,5761
x3254205c.2,5762
x2785511a.1,5763
x2785511a.2,5764
x2822857b.1,5765
x2822857b.2,5766
x3067448c.1,5767
x3067448c.2,5768
x2955081a.1,5769
x2955081a.2,5770
x3235268c.1,5771
x3235268c.2,5772
x2842330c.1,5773
x2842330c.2,5774
x2821770a.1,5775
x2821770a.2,5776
x2691959b.1,5777
x2691959b.2,5778
x3011229a.1,5779
x3011229a.2,5780
x2936216c.1,5781
x2936216c.2,5782
x2879073c.1,5783
x2879073c.2,5784
x2935553b.1,5785
x2935553b.2,5786
x2748130b.1,5787
x2748130b.2,5788
x3085410b.1,5789
x3085410b.2,5790
x2916618b.1,5791
x2916618b.2,5792
x3010564c.1,5793
x3010564c.2,5794
x3217064b.1,5795
x3217064b.2,5796
x3048968c.1,5797
x3048968c.2,5798
x2673319c.1,5799
x2673319c.2,5800
x2897777c.1,5801
x2897777c.2,5802
x3784018a.1,5803
x3784018a.2,5804
x3141400a.1,5805
x3141400a.2,5806
x3235252b.1,5807
x3235252b.2,5808
x2764411c.1,5809
x2764411c.2,5810
x3030200c.1,5811
x3030200c.2,5812
x2746587c.1,5813
x2746587c.2,5814
x3010562b.1,5815
x3010562b.2,5816
x2896685a.1,5817
x2896685a.2,5818
x2896685b.1,5819
x2896685b.2,5820
x2896685c.1,5821
x2896685c.2,5822
x2748143a.1,5823
x2748143a.2,5824
x3216351a.1,5825
x3216351a.2,5826
x3156034a.1,5827
x3156034a.2,5828
x3104128a.1,5829
x3104128a.2,5830
x2673309c.1,5831
x2673309c.2,5832
x3104155c.1,5833
x3104155c.2,5834
x2729430b.1,5835
x2729430b.2,5836
x3197630a.1,5837
x3197630a.2,5838
x2860481c.1,5839
x2860481c.2,5840
x2973152b.1,5841
x2973152b.2,5842
x3160117b.1,5843
x3160117b.2,5844
x3197624b.1,5845
x3197624b.2,5846
x2708744b.1,5847
x2708744b.2,5848
x3067506c.1,5849
x3067506c.2,5850
x2841625c.1,5851
x2841625c.2,5852
x2785512b.1,5853
x2785512b.2,5854
x2673305b.1,5855
x2673305b.2,5856
x2860480b.1,5857
x2860480b.2,5858
x2914324a.1,5859
x2914324a.2,5860
x2766741a.1,5861
x2766741a.2,5862
x3178988b.1,5863
x3178988b.2,5864
x2729423c.1,5865
x2729423c.2,5866
x2991929b.1,5867
x2991929b.2,5868
x2767342a.1,5869
x2767342a.2,5870
x2936212a.1,5871
x2936212a.2,5872
x2861219b.1,5873
x2861219b.2,5874
x3120376a.1,5875
x3120376a.2,5876
x2991919a.1,5877
x2991919a.2,5878
x3066804a.1,5879
x3066804a.2,5880
x2935550c.1,5881
x2935550c.2,5882
x2691942b.1,5883
x2691942b.2,5884
x2842383a.1,5885
x2842383a.2,5886
x3160863c.1,5887
x3160863c.2,5888
x2935549b.1,5889
x2935549b.2,5890
x3027122a.1,5891
x3027122a.2,5892
x2673331b.1,5893
x2673331b.2,5894
x3254231a.1,5895
x3254231a.2,5896
x2785543b.1,5897
x2785543b.2,5898
x2970258c.1,5899
x2970258c.2,5900
x2748124b.1,5901
x2748124b.2,5902
x2879773a.1,5903
x2879773a.2,5904
x2841626c.1,5905
x2841626c.2,5906
x2991905a.1,5907
x2991905a.2,5908
x2822861a.1,5909
x2822861a.2,5910
x3216337a.1,5911
x3216337a.2,5912
x2674047c.1,5913
x2674047c.2,5914
x2691967b.1,5915
x2691967b.2,5916
x3626914c.1,5917
x3626914c.2,5918
x3177894a.1,5919
x3177894a.2,5920
x2690187b.1,5921
x2690187b.2,5922
x3122827a.1,5923
x3122827a.2,5924
x3315860b.1,5925
x3315860b.2,5926
x2973165a.1,5927
x2973165a.2,5928
x2691965b.1,5929
x2691965b.2,5930
x3216346a.1,5931
x3216346a.2,5932
x3235267c.1,5933
x3235267c.2,5934
x3066801c.1,5935
x3066801c.2,5936
x2898515c.1,5937
x2898515c.2,5938
x2804258b.1,5939
x2804258b.2,5940
x2954354a.1,5941
x2954354a.2,5942
x2802481a.1,5943
x2802481a.2,5944
x2710505b.1,5945
x2710505b.2,5946
x3104114b.1,5947
x3104114b.2,5948
x2798067b.1,5949
x2798067b.2,5950
x3122825a.1,5951
x3122825a.2,5952
x2710546b.1,5953
x2710546b.2,5954
x2879071b.1,5955
x2879071b.2,5956
x2785514a.1,5957
x2785514a.2,5958
x2898457a.1,5959
x2898457a.2,5960
x3727708a.1,5961
x3727708a.2,5962
x3216988b.1,5963
x3216988b.2,5964
x3197632b.1,5965
x3197632b.2,5966
x3178997c.1,5967
x3178997c.2,5968
x2785535b.1,5969
x2785535b.2,5970
x3216343c.1,5971
x3216343c.2,5972
x2748127a.1,5973
x2748127a.2,5974
x2673323c.1,5975
x2673323c.2,5976
x3104859b.1,5977
x3104859b.2,5978
x2859403a.1,5979
x2859403a.2,5980
x2954345c.1,5981
x2954345c.2,5982
x3160098a.1,5983
x3160098a.2,5984
x3254228b.1,5985
x3254228b.2,5986
x3101788a.1,5987
x3101788a.2,5988
x2785513a.1,5989
x2785513a.2,5990
x3231269b.1,5991
x3231269b.2,5992
x2991921c.1,5993
x2991921c.2,5994
x3122826a.1,5995
x3122826a.2,5996
x2842390c.1,5997
x2842390c.2,5998
x2991913a.1,5999
x2991913a.2,6000
x3104144a.1,6001
x3104144a.2,6002
x2804270b.1,6003
x2804270b.2,6004
x2917333a.1,6005
x2917333a.2,6006
x2673315a.1,6007
x2673315a.2,6008
x2688693c.1,6009
x2688693c.2,6010
x2841645c.1,6011
x2841645c.2,6012
x3048200b.1,6013
x3048200b.2,6014
x3048208a.1,6015
x3048208a.2,6016
x3067507c.1,6017
x3067507c.2,6018
x2804249c.1,6019
x2804249c.2,6020
x2936213b.1,6021
x2936213b.2,6022
x3215340a.1,6023
x3215340a.2,6024
x3118855c.1,6025
x3118855c.2,6026
x3085397b.1,6027
x3085397b.2,6028
x3104796c.1,6029
x3104796c.2,6030
x3108449a.1,6031
x3108449a.2,6032
x2673307c.1,6033
x2673307c.2,6034
x2973159a.1,6035
x2973159a.2,6036
x3101787a.1,6037
x3101787a.2,6038
x2785521c.1,6039
x2785521c.2,6040
x3235273b.1,6041
x3235273b.2,6042
x2692600c.1,6043
x2692600c.2,6044
x3179637c.1,6045
x3179637c.2,6046
x2729406c.1,6047
x2729406c.2,6048
x3029499a.1,6049
x3029499a.2,6050
x3179650b.1,6051
x3179650b.2,6052
x2748780a.1,6053
x2748780a.2,6054
x3141398a.1,6055
x3141398a.2,6056
x3085403a.1,6057
x3085403a.2,6058
x3236011b.1,6059
x3236011b.2,6060
x2710542b.1,6061
x2710542b.2,6062
x2801896b.1,6063
x2801896b.2,6064
x3029501b.1,6065
x3029501b.2,6066
x3159645a.1,6067
x3159645a.2,6068
x3125349c.1,6069
x3125349c.2,6070
x2973149b.1,6071
x2973149b.2,6072
x3030205c.1,6073
x3030205c.2,6074
x2841615a.1,6075
x2841615a.2,6076
x2767407b.1,6077
x2767407b.2,6078
x3139103a.1,6079
x3139103a.2,6080
x3011293a.1,6081
x3011293a.2,6082
x3011293b.1,6083
x3011293b.2,6084
x3011293c.1,6085
x3011293c.2,6086
x3181545c.1,6087
x3181545c.2,6088
x2935555a.1,6089
x2935555a.2,6090
x3048207b.1,6091
x3048207b.2,6092
x3160104b.1,6093
x3160104b.2,6094
x2851933a.1,6095
x2851933a.2,6096
x2851933b.1,6097
x2851933b.2,6098
x2851933c.1,6099
x2851933c.2,6100
x2897784b.1,6101
x2897784b.2,6102
x3207907a.1,6103
x3207907a.2,6104
x3207907b.1,6105
x3207907b.2,6106
x3207907c.1,6107
x3207907c.2,6108
x2726974b.1,6109
x2726974b.2,6110
x3029502a.1,6111
x3029502a.2,6112
x3178972c.1,6113
x3178972c.2,6114
x3029055b.1,6115
x3029055b.2,6116
x3029507b.1,6117
x3029507b.2,6118
x3254230a.1,6119
x3254230a.2,6120
x3030203c.1,6121
x3030203c.2,6122
x3048203b.1,6123
x3048203b.2,6124
x3048963b.1,6125
x3048963b.2,6126
x2674027b.1,6127
x2674027b.2,6128
x2973163b.1,6129
x2973163b.2,6130
x2955074a.1,6131
x2955074a.2,6132
x3216342b.1,6133
x3216342b.2,6134
x3235243c.1,6135
x3235243c.2,6136
x3214069c.1,6137
x3214069c.2,6138
x2841632b.1,6139
x2841632b.2,6140
x2822859b.1,6141
x2822859b.2,6142
x3142050c.1,6143
x3142050c.2,6144
x2973155a.1,6145
x2973155a.2,6146
x2973791a.1,6147
x2973791a.2,6148
x2841629c.1,6149
x2841629c.2,6150
x2822868a.1,6151
x2822868a.2,6152
x3122823b.1,6153
x3122823b.2,6154
x2952003b.1,6155
x2952003b.2,6156
x3104856a.1,6157
x3104856a.2,6158
x2786204c.1,6159
x2786204c.2,6160
x2841622a.1,6161
x2841622a.2,6162
x2973150a.1,6163
x2973150a.2,6164
x3066826b.1,6165
x3066826b.2,6166
x3197638a.1,6167
x3197638a.2,6168
x2785530a.1,6169
x2785530a.2,6170
x3082988b.1,6171
x3082988b.2,6172
x2860491a.1,6173
x2860491a.2,6174
x2860491b.1,6175
x2860491b.2,6176
sx2673305b.1,6177
sx2673305b.2,6178
sx3048196b.1,6179
sx3048196b.2,6180
sx2991911c.1,6181
sx2991911c.2,6182
sx2973158c.1,6183
sx2973158c.2,6184
sx3048208a.1,6185
sx3048208a.2,6186
sx3029502a.1,6187
sx3029502a.2,6188
sx3104125b.1,6189
sx3104125b.2,6190
sx3160107a.1,6191
sx3160107a.2,6192
sx2785516b.1,6193
sx2785516b.2,6194
sx3141400a.1,6195
sx3141400a.2,6196
sx2897775c.1,6197
sx2897775c.2,6198
sx3010565c.1,6199
sx3010565c.2,6200
sx2916609c.1,6201
sx2916609c.2,6202
sx2879073c.1,6203
sx2879073c.2,6204
sx3104126c.1,6205
sx3104126c.2,6206
sx3029503c.1,6207
sx3029503c.2,6208
sx2691950c.1,6209
sx2691950c.2,6210
sx2691951c.1,6211
sx2691951c.2,6212
sx2879076c.1,6213
sx2879076c.2,6214
sx2841630c.1,6215
sx2841630c.2,6216
sx2841629c.1,6217
sx2841629c.2,6218
sx2785523c.1,6219
sx2785523c.2,6220
sx3216347c.1,6221
sx3216347c.2,6222
sx3141388c.1,6223
sx3141388c.2,6224
sx3066801c.1,6225
sx3066801c.2,6226
sx2879055c.1,6227
sx2879055c.2,6228
sx2973144c.1,6229
sx2973144c.2,6230
sx2785518c.1,6231
sx2785518c.2,6232
sx2766717c.1,6233
sx2766717c.2,6234
sx2673309c.1,6235
sx2673309c.2,6236
sx3104113a.1,6237
sx3104113a.2,6238
sx3104121a.1,6239
sx3104121a.2,6240
sx2673310a.1,6241
sx2673310a.2,6242
sx2916627a.1,6243
sx2916627a.2,6244
sx2804283a.1,6245
sx2804283a.2,6246
sx3104122a.1,6247
sx3104122a.2,6248
sx2785519a.1,6249
sx2785519a.2,6250
sx2748129a.1,6251
sx2748129a.2,6252
sx2973151a.1,6253
sx2973151a.2,6254
sx2748146a.1,6255
sx2748146a.2,6256
sx2991913a.1,6257
sx2991913a.2,6258
sx3235253a.1,6259
sx3235253a.2,6260
sx2991907a.1,6261
sx2991907a.2,6262
sx2879064a.1,6263
sx2879064a.2,6264
sx3197637c.1,6265
sx3197637c.2,6266
sx2860487c.1,6267
sx2860487c.2,6268
sx2841638c.1,6269
sx2841638c.2,6270
sx3235256a.1,6271
sx3235256a.2,6272
sx3197630a.1,6273
sx3197630a.2,6274
sx3104120b.1,6275
sx3104120b.2,6276
sx2804251a.1,6277
sx2804251a.2,6278
sx3254210c.1,6279
sx3254210c.2,6280
sx3048206a.1,6281
sx3048206a.2,6282
sx2710510c.1,6283
sx2710510c.2,6284
sx3197628c.1,6285
sx3197628c.2,6286
sx2766718c.1,6287
sx2766718c.2,6288
sx3010556a.1,6289
sx3010556a.2,6290
sx2710520a.1,6291
sx2710520a.2,6292
sx2710521a.1,6293
sx2710521a.2,6294
sx3085396a.1,6295
sx3085396a.2,6296
sx3122813a.1,6297
sx3122813a.2,6298
sx3254219c.1,6299
sx3254219c.2,6300
sx3254220c.1,6301
sx3254220c.2,6302
sx3104134c.1,6303
sx3104134c.2,6304
sx2860490a.1,6305
sx2860490a.2,6306
sx3254218a.1,6307
sx3254218a.2,6308
sx3066818b.1,6309
sx3066818b.2,6310
sx2785528b.1,6311
sx2785528b.2,6312
sx2748130b.1,6313
sx2748130b.2,6314
sx3254212b.1,6315
sx3254212b.2,6316
sx2785520b.1,6317
sx2785520b.2,6318
sx2729411a.1,6319
sx2729411a.2,6320
sx2897781a.1,6321
sx2897781a.2,6322
sx3197644a.1,6323
sx3197644a.2,6324
sx3010566c.1,6325
sx3010566c.2,6326
sx3236011b.1,6327
sx3236011b.2,6328
sx3198358b.1,6329
sx3198358b.2,6330
sx3104859b.1,6331
sx3104859b.2,6332
sx2936275b.1,6333
sx2936275b.2,6334
sx3179674b.1,6335
sx3179674b.2,6336
sx2748840b.1,6337
sx2748840b.2,6338
sx3142099b.1,6339
sx3142099b.2,6340
sx3011298c.1,6341
sx3011298c.2,6342
sx2711234b.1,6343
sx2711234b.2,6344
sx3198355b.1,6345
sx3198355b.2,6346
sx2879773a.1,6347
sx2879773a.2,6348
sx2786274c.1,6349
sx2786274c.2,6350
sx3179682c.1,6351
sx3179682c.2,6352
sx2936270a.1,6353
sx2936270a.2,6354
sx3086078a.1,6355
sx3086078a.2,6356
sx3217056a.1,6357
sx3217056a.2,6358
sx3217057a.1,6359
sx3217057a.2,6360
sx2936268c.1,6361
sx2936268c.2,6362
sx2823592a.1,6363
sx2823592a.2,6364
sx3160863c.1,6365
sx3160863c.2,6366
sx2730108c.1,6367
sx2730108c.2,6368
sx2786204c.1,6369
sx2786204c.2,6370
sx2936216c.1,6371
sx2936216c.2,6372
sx3029498c.1,6373
sx3029498c.2,6374
sx2991912a.1,6375
sx2991912a.2,6376
sx3104128a.1,6377
sx3104128a.2,6378
sx2673315a.1,6379
sx2673315a.2,6380
sx2766721a.1,6381
sx2766721a.2,6382
sx2991906a.1,6383
sx2991906a.2,6384
sx2879054a.1,6385
sx2879054a.2,6386
sx3254211b.1,6387
sx3254211b.2,6388
sx2729407b.1,6389
sx2729407b.2,6390
sx2691942b.1,6391
sx2691942b.2,6392
sx3197629b.1,6393
sx3197629b.2,6394
sx2879065b.1,6395
sx2879065b.2,6396
sx0247160b.1,6397
sx0247160b.2,6398
sx0247162b.1,6399
sx0247162b.2,6400
sx2766732b.1,6401
sx2766732b.2,6402
sx2897784b.1,6403
sx2897784b.2,6404
sx0247171b.1,6405
sx0247171b.2,6406
sx2936279c.1,6407
sx2936279c.2,6408
sx3179678b.1,6409
sx3179678b.2,6410
sx3179650b.1,6411
sx3179650b.2,6412
sx2730107c.1,6413
sx2730107c.2,6414
sx3048888c.1,6415
sx3048888c.2,6416
sx3064514c.1,6417
sx3064514c.2,6418
sx2861158c.1,6419
sx2861158c.2,6420
sx2952007c.1,6421
sx2952007c.2,6422
sx3254873c.1,6423
sx3254873c.2,6424
sx2745811c.1,6425
sx2745811c.2,6426
sx3142050c.1,6427
sx3142050c.2,6428
sx2861157c.1,6429
sx2861157c.2,6430
sx3086079b.1,6431
sx3086079b.2,6432
sx2936276b.1,6433
sx2936276b.2,6434
sx2861223b.1,6435
sx2861223b.2,6436
sx3086075b.1,6437
sx3086075b.2,6438
sx2730187a.1,6439
sx2730187a.2,6440
sx3104856a.1,6441
sx3104856a.2,6442
sx2861222a.1,6443
sx2861222a.2,6444
sx2917330a.1,6445
sx2917330a.2,6446
sx2879794a.1,6447
sx2879794a.2,6448
sx2936271a.1,6449
sx2936271a.2,6450
sx2955074a.1,6451
sx2955074a.2,6452
sx3030199c.1,6453
sx3030199c.2,6454
sx2730163c.1,6455
sx2730163c.2,6456
sx2992624a.1,6457
sx2992624a.2,6458
sx2692654a.1,6459
sx2692654a.2,6460
sx2842379a.1,6461
sx2842379a.2,6462
sx2805031c.1,6463
sx2805031c.2,6464
sx3068944b.1,6465
sx3068944b.2,6466
sx2767407b.1,6467
sx2767407b.2,6468
sx2879767b.1,6469
sx2879767b.2,6470
sx2711224b.1,6471
sx2711224b.2,6472
sx3142098b.1,6473
sx3142098b.2,6474
sx2748839b.1,6475
sx2748839b.2,6476
sx2917310b.1,6477
sx2917310b.2,6478
sx2861218c.1,6479
sx2861218c.2,6480
sx2955081a.1,6481
sx2955081a.2,6482
sx3160878c.1,6483
sx3160878c.2,6484
sx2917336c.1,6485
sx2917336c.2,6486
sx2674047c.1,6487
sx2674047c.2,6488
sx3160865a.1,6489
sx3160865a.2,6490
sx2767408c.1,6491
sx2767408c.2,6492
sx3104853c.1,6493
sx3104853c.2,6494
sx3254915b.1,6495
sx3254915b.2,6496
sx3048963b.1,6497
sx3048963b.2,6498
sx2711226b.1,6499
sx2711226b.2,6500
sx3217052c.1,6501
sx3217052c.2,6502
sx3217053c.1,6503
sx3217053c.2,6504
sx3086074c.1,6505
sx3086074c.2,6506
sx3067507c.1,6507
sx3067507c.2,6508
sx2955078a.1,6509
sx2955078a.2,6510
sx2955077c.1,6511
sx2955077c.2,6512
sx3160872c.1,6513
sx3160872c.2,6514
sx3198348a.1,6515
sx3198348a.2,6516
sx2711225c.1,6517
sx2711225c.2,6518
sx3030200c.1,6519
sx3030200c.2,6520
sx3048962a.1,6521
sx3048962a.2,6522
sx3160861c.1,6523
sx3160861c.2,6524
sx3104850c.1,6525
sx3104850c.2,6526
sx3251799a.1,6527
sx3251799a.2,6528
sx2936211c.1,6529
sx2936211c.2,6530
sx2842329c.1,6531
sx2842329c.2,6532
sx3104796c.1,6533
sx3104796c.2,6534
sx3236004c.1,6535
sx3236004c.2,6536
sx3160896c.1,6537
sx3160896c.2,6538
sx3123452c.1,6539
sx3123452c.2,6540
sx3254869b.1,6541
sx3254869b.2,6542
sx3030126c.1,6543
sx3030126c.2,6544
sx2767341c.1,6545
sx2767341c.2,6546
sx3254870c.1,6547
sx3254870c.2,6548
sx3048887b.1,6549
sx3048887b.2,6550
sx2955005b.1,6551
sx2955005b.2,6552
sx3216988b.1,6553
sx3216988b.2,6554
sx3179607b.1,6555
sx3179607b.2,6556
sx2898457a.1,6557
sx2898457a.2,6558
sx2767340a.1,6559
sx2767340a.2,6560
sx2767340b.1,6561
sx2767340b.2,6562
sx2767340c.1,6563
sx2767340c.2,6564
sx3067478a.1,6565
sx3067478a.2,6566
sx2730149c.1,6567
sx2730149c.2,6568
sx2989566b.1,6569
sx2989566b.2,6570
sx2973791a.1,6571
sx2973791a.2,6572
sx3029055b.1,6573
sx3029055b.2,6574
sx3067506c.1,6575
sx3067506c.2,6576
sx2898515c.1,6577
sx2898515c.2,6578
sx3198347c.1,6579
sx3198347c.2,6580
sx3048946c.1,6581
sx3048946c.2,6582
sx3048966c.1,6583
sx3048966c.2,6584
sx2992656a.1,6585
sx2992656a.2,6586
sx2973833b.1,6587
sx2973833b.2,6588
sx2786266a.1,6589
sx2786266a.2,6590
sx2917333a.1,6591
sx2917333a.2,6592
sx2842383a.1,6593
sx2842383a.2,6594
sx2842384c.1,6595
sx2842384c.2,6596
sx3160871c.1,6597
sx3160871c.2,6598
sx3030203c.1,6599
sx3030203c.2,6600
sx3179673c.1,6601
sx3179673c.2,6602
sx3048965b.1,6603
sx3048965b.2,6604
sx2692660a.1,6605
sx2692660a.2,6606
sx2805034a.1,6607
sx2805034a.2,6608
sx2898522a.1,6609
sx2898522a.2,6610
sx2692661a.1,6611
sx2692661a.2,6612
sx3067448c.1,6613
sx3067448c.2,6614
sx2935552c.1,6615
sx2935552c.2,6616
sx2822864c.1,6617
sx2822864c.2,6618
sx2822865c.1,6619
sx2822865c.2,6620
sx2916605c.1,6621
sx2916605c.2,6622
sx3085394c.1,6623
sx3085394c.2,6624
sx2804250c.1,6625
sx2804250c.2,6626
sx3048205c.1,6627
sx3048205c.2,6628
sx3048228c.1,6629
sx3048228c.2,6630
sx2935550c.1,6631
sx2935550c.2,6632
sx2710509c.1,6633
sx2710509c.2,6634
sx2822862c.1,6635
sx2822862c.2,6636
sx3066806c.1,6637
sx3066806c.2,6638
sx2916606c.1,6639
sx2916606c.2,6640
sx3235243c.1,6641
sx3235243c.2,6642
sx2786273b.1,6643
sx2786273b.2,6644
sx2805036b.1,6645
sx2805036b.2,6646
sx3178997c.1,6647
sx3178997c.2,6648
sx3122849b.1,6649
sx3122849b.2,6650
sx2766750c.1,6651
sx2766750c.2,6652
sx2763153a.1,6653
sx2763153a.2,6654
sx3104157c.1,6655
sx3104157c.2,6656
sx_293471a.1,6657
sx_293471a.2,6658
sx_293471b.1,6659
sx_293471b.2,6660
sx_293471c.1,6661
sx_293471c.2,6662
sx2748158a.1,6663
sx2748158a.2,6664
sx3104133a.1,6665
sx3104133a.2,6666
sx2673346c.1,6667
sx2673346c.2,6668
sx3254238b.1,6669
sx3254238b.2,6670
sx3048230c.1,6671
sx3048230c.2,6672
sx2841637c.1,6673
sx2841637c.2,6674
sx2897780b.1,6675
sx2897780b.2,6676
sx3235255b.1,6677
sx3235255b.2,6678
sx3216370a.1,6679
sx3216370a.2,6680
sx3216370b.1,6681
sx3216370b.2,6682
sx3216370c.1,6683
sx3216370c.2,6684
sx2785527a.1,6685
sx2785527a.2,6686
sx2766729a.1,6687
sx2766729a.2,6688
sx3197641a.1,6689
sx3197641a.2,6690
sx2973161a.1,6691
sx2973161a.2,6692
sx2673306c.1,6693
sx2673306c.2,6694
sx2785515c.1,6695
sx2785515c.2,6696
sx2729429a.1,6697
sx2729429a.2,6698
sx2841633a.1,6699
sx2841633a.2,6700
sx3235258a.1,6701
sx3235258a.2,6702
sx3235258b.1,6703
sx3235258b.2,6704
sx3235258c.1,6705
sx3235258c.2,6706
sx2729414a.1,6707
sx2729414a.2,6708
sx2729414b.1,6709
sx2729414b.2,6710
sx2729414c.1,6711
sx2729414c.2,6712
sx2973167b.1,6713
sx2973167b.2,6714
sx3189189b.1,6715
sx3189189b.2,6716
sx3189188c.1,6717
sx3189188c.2,6718
sx2935560c.1,6719
sx2935560c.2,6720
sx2916610b.1,6721
sx2916610b.2,6722
sx3216368c.1,6723
sx3216368c.2,6724
sx3207907a.1,6725
sx3207907a.2,6726
sx3207907b.1,6727
sx3207907b.2,6728
sx3207907c.1,6729
sx3207907c.2,6730
sx2973166c.1,6731
sx2973166c.2,6732
sx2710532c.1,6733
sx2710532c.2,6734
sx2860504a.1,6735
sx2860504a.2,6736
sx3085403a.1,6737
sx3085403a.2,6738
sx2954355a.1,6739
sx2954355a.2,6740
sx3122827a.1,6741
sx3122827a.2,6742
sx3195751a.1,6743
sx3195751a.2,6744
sx2766724c.1,6745
sx2766724c.2,6746
sx3197647a.1,6747
sx3197647a.2,6748
sx2821010a.1,6749
sx2821010a.2,6750
sx2895461a.1,6751
sx2895461a.2,6752
sx2952014a.1,6753
sx2952014a.2,6754
sx3010585a.1,6755
sx3010585a.2,6756
sx3120502a.1,6757
sx3120502a.2,6758
sx3101789a.1,6759
sx3101789a.2,6760
sx3178982a.1,6761
sx3178982a.2,6762
sx2841623a.1,6763
sx2841623a.2,6764
sx3010563a.1,6765
sx3010563a.2,6766
sx2766727b.1,6767
sx2766727b.2,6768
sx3029507b.1,6769
sx3029507b.2,6770
sx3197643b.1,6771
sx3197643b.2,6772
sx3122823b.1,6773
sx3122823b.2,6774
sx2766726b.1,6775
sx2766726b.2,6776
sx2785526b.1,6777
sx2785526b.2,6778
sx2973162b.1,6779
sx2973162b.2,6780
sx3010570a.1,6781
sx3010570a.2,6782
sx2991919a.1,6783
sx2991919a.2,6784
sx3122824a.1,6785
sx3122824a.2,6786
sx2860489a.1,6787
sx2860489a.2,6788
sx3104131a.1,6789
sx3104131a.2,6790
sx3048210a.1,6791
sx3048210a.2,6792
sx2897778a.1,6793
sx2897778a.2,6794
sx3104132a.1,6795
sx3104132a.2,6796
sx3085402a.1,6797
sx3085402a.2,6798
sx2804252a.1,6799
sx2804252a.2,6800
sx3048214a.1,6801
sx3048214a.2,6802
sx3235275b.1,6803
sx3235275b.2,6804
sx2897779c.1,6805
sx2897779c.2,6806
sx2804261c.1,6807
sx2804261c.2,6808
sx3178980c.1,6809
sx3178980c.2,6810
sx2973164a.1,6811
sx2973164a.2,6812
sx2748132a.1,6813
sx2748132a.2,6814
sx3254205c.1,6815
sx3254205c.2,6816
sx3010569a.1,6817
sx3010569a.2,6818
sx2673321a.1,6819
sx2673321a.2,6820
sx2954354a.1,6821
sx2954354a.2,6822
sx2710519a.1,6823
sx2710519a.2,6824
sx3066819a.1,6825
sx3066819a.2,6826
sx3029499a.1,6827
sx3029499a.2,6828
sx2897772a.1,6829
sx2897772a.2,6830
sx3122826a.1,6831
sx3122826a.2,6832
sx2691953a.1,6833
sx2691953a.2,6834
sx2860491a.1,6835
sx2860491a.2,6836
sx2860491b.1,6837
sx2860491b.2,6838
sx2991922a.1,6839
sx2991922a.2,6840
sx2991923a.1,6841
sx2991923a.2,6842
sx3085400c.1,6843
sx3085400c.2,6844
sx3141399c.1,6845
sx3141399c.2,6846
sx2954351c.1,6847
sx2954351c.2,6848
sx3235266c.1,6849
sx3235266c.2,6850
sx2841626c.1,6851
sx2841626c.2,6852
sx2954350c.1,6853
sx2954350c.2,6854
sx3178977c.1,6855
sx3178977c.2,6856
sx3160105c.1,6857
sx3160105c.2,6858
sx2691945c.1,6859
sx2691945c.2,6860
sx3010567c.1,6861
sx3010567c.2,6862
sx2841625c.1,6863
sx2841625c.2,6864
sx2897776c.1,6865
sx2897776c.2,6866
sx3254215c.1,6867
sx3254215c.2,6868
sx3122819c.1,6869
sx3122819c.2,6870
sx2748133c.1,6871
sx2748133c.2,6872
sx3085399c.1,6873
sx3085399c.2,6874
sx2879074a.1,6875
sx2879074a.2,6876
sx3122820a.1,6877
sx3122820a.2,6878
sx2710517a.1,6879
sx2710517a.2,6880
sx3197639a.1,6881
sx3197639a.2,6882
sx3160106a.1,6883
sx3160106a.2,6884
sx3008248a.1,6885
sx3008248a.2,6886
sx3235247a.1,6887
sx3235247a.2,6888
sx2673312a.1,6889
sx2673312a.2,6890
sx2691944a.1,6891
sx2691944a.2,6892
sx2710516a.1,6893
sx2710516a.2,6894
sx2804256b.1,6895
sx2804256b.2,6896
sx2954347b.1,6897
sx2954347b.2,6898
sx3178975b.1,6899
sx3178975b.2,6900
sx3160100b.1,6901
sx3160100b.2,6902
sx3085390b.1,6903
sx3085390b.2,6904
sx2748152b.1,6905
sx2748152b.2,6906
sx2729434b.1,6907
sx2729434b.2,6908
sx2916608c.1,6909
sx2916608c.2,6910
sx2673313b.1,6911
sx2673313b.2,6912
sx2804257b.1,6913
sx2804257b.2,6914
sx2860485b.1,6915
sx2860485b.2,6916
sx2860506b.1,6917
sx2860506b.2,6918
sx3122815b.1,6919
sx3122815b.2,6920
sx3254213b.1,6921
sx3254213b.2,6922
sx2785543b.1,6923
sx2785543b.2,6924
sx3235248c.1,6925
sx3235248c.2,6926
sx2764412a.1,6927
sx2764412a.2,6928
sx3027132a.1,6929
sx3027132a.2,6930
sx3101787a.1,6931
sx3101787a.2,6932
sx3101788a.1,6933
sx3101788a.2,6934
sx2876812a.1,6935
sx2876812a.2,6936
sx2970811a.1,6937
sx2970811a.2,6938
sx2916607c.1,6939
sx2916607c.2,6940
sx3010564c.1,6941
sx3010564c.2,6942
sx2710515c.1,6943
sx2710515c.2,6944
sx2766746c.1,6945
sx2766746c.2,6946
sx2691941c.1,6947
sx2691941c.2,6948
sx3235241c.1,6949
sx3235241c.2,6950
sx3104118c.1,6951
sx3104118c.2,6952
sx2748126c.1,6953
sx2748126c.2,6954
sx3235267c.1,6955
sx3235267c.2,6956
sx2841645c.1,6957
sx2841645c.2,6958
sx3066829c.1,6959
sx3066829c.2,6960
sx3254203b.1,6961
sx3254203b.2,6962
sx2860480b.1,6963
sx2860480b.2,6964
sx3197624b.1,6965
sx3197624b.2,6966
sx2822860b.1,6967
sx2822860b.2,6968
sx3048199b.1,6969
sx3048199b.2,6970
sx2710508b.1,6971
sx2710508b.2,6972
sx3122810b.1,6973
sx3122810b.2,6974
sx2897765b.1,6975
sx2897765b.2,6976
sx2804248b.1,6977
sx2804248b.2,6978
sx2785512b.1,6979
sx2785512b.2,6980
sx2935553b.1,6981
sx2935553b.2,6982
sx3048207b.1,6983
sx3048207b.2,6984
sx2729427b.1,6985
sx2729427b.2,6986
sx2748131b.1,6987
sx2748131b.2,6988
sx2879066b.1,6989
sx2879066b.2,6990
sx2973152b.1,6991
sx2973152b.2,6992
sx2879068b.1,6993
sx2879068b.2,6994
sx2860484b.1,6995
sx2860484b.2,6996
sx3085397b.1,6997
sx3085397b.2,6998
sx3066812a.1,6999
sx3066812a.2,7000
sx3216344b.1,7001
sx3216344b.2,7002
sx2860501b.1,7003
sx2860501b.2,7004
sx3197632b.1,7005
sx3197632b.2,7006
sx2710514b.1,7007
sx2710514b.2,7008
sx3048203b.1,7009
sx3048203b.2,7010
sx2860500b.1,7011
sx2860500b.2,7012
sx3197660b.1,7013
sx3197660b.2,7014
sx2897800b.1,7015
sx2897800b.2,7016
sx3235246b.1,7017
sx3235246b.2,7018
sx2710512b.1,7019
sx2710512b.2,7020
sx2897791b.1,7021
sx2897791b.2,7022
sx2916618b.1,7023
sx2916618b.2,7024
sx3160113b.1,7025
sx3160113b.2,7026
sx2804269b.1,7027
sx2804269b.2,7028
sx2989564b.1,7029
sx2989564b.2,7030
sx2897789b.1,7031
sx2897789b.2,7032
sx2690941b.1,7033
sx2690941b.2,7034
sx3234185b.1,7035
sx3234185b.2,7036
sx3065750b.1,7037
sx3065750b.2,7038
sx3159037b.1,7039
sx3159037b.2,7040
sx2748124b.1,7041
sx2748124b.2,7042
sx2710504b.1,7043
sx2710504b.2,7044
sx2954346b.1,7045
sx2954346b.2,7046
sx2710505b.1,7047
sx2710505b.2,7048
sx3178974b.1,7049
sx3178974b.2,7050
sx2691943b.1,7051
sx2691943b.2,7052
sx2916603b.1,7053
sx2916603b.2,7054
sx2804254a.1,7055
sx2804254a.2,7056
sx2710513b.1,7057
sx2710513b.2,7058
sx2973149b.1,7059
sx2973149b.2,7060
sx3010562b.1,7061
sx3010562b.2,7062
sx3254228b.1,7063
sx3254228b.2,7064
sx2936213b.1,7065
sx2936213b.2,7066
sx2692633c.1,7067
sx2692633c.2,7068
sx3179646b.1,7069
sx3179646b.2,7070
sx3104830c.1,7071
sx3104830c.2,7072
sx3142078b.1,7073
sx3142078b.2,7074
sx2879752b.1,7075
sx2879752b.2,7076
sx2952003b.1,7077
sx2952003b.2,7078
sx2990826a.1,7079
sx2990826a.2,7080
sx2990826b.1,7081
sx2990826b.2,7082
sx2990826c.1,7083
sx2990826c.2,7084
sx3197626c.1,7085
sx3197626c.2,7086
sx3066807c.1,7087
sx3066807c.2,7088
sx3197627c.1,7089
sx3197627c.2,7090
sx3216343c.1,7091
sx3216343c.2,7092
sx3085393c.1,7093
sx3085393c.2,7094
sx2897770c.1,7095
sx2897770c.2,7096
sx2748128c.1,7097
sx2748128c.2,7098
sx3085392c.1,7099
sx3085392c.2,7100
sx3029497c.1,7101
sx3029497c.2,7102
sx2673307c.1,7103
sx2673307c.2,7104
sx2729406c.1,7105
sx2729406c.2,7106
sx2897768c.1,7107
sx2897768c.2,7108
sx2822863c.1,7109
sx2822863c.2,7110
sx2841619c.1,7111
sx2841619c.2,7112
sx2804282c.1,7113
sx2804282c.2,7114
sx3104154c.1,7115
sx3104154c.2,7116
sx2897806c.1,7117
sx2897806c.2,7118
sx3216342b.1,7119
sx3216342b.2,7120
sx2879063b.1,7121
sx2879063b.2,7122
sx3048227a.1,7123
sx3048227a.2,7124
sx3216367b.1,7125
sx3216367b.2,7126
sx3010561a.1,7127
sx3010561a.2,7128
sx2991939b.1,7129
sx2991939b.2,7130
sx2673308b.1,7131
sx2673308b.2,7132
sx3066808c.1,7133
sx3066808c.2,7134
sx3141396c.1,7135
sx3141396c.2,7136
sx3066810c.1,7137
sx3066810c.2,7138
sx2897769c.1,7139
sx2897769c.2,7140
sx2766749b.1,7141
sx2766749b.2,7142
sx2973178b.1,7143
sx2973178b.2,7144
sx3029518b.1,7145
sx3029518b.2,7146
sx2935549b.1,7147
sx2935549b.2,7148
sx3122811a.1,7149
sx3122811a.2,7150
sx3254207a.1,7151
sx3254207a.2,7152
sx2822877b.1,7153
sx2822877b.2,7154
sx2841618a.1,7155
sx2841618a.2,7156
sx3066805a.1,7157
sx3066805a.2,7158
sx2785514a.1,7159
sx2785514a.2,7160
sx3235244a.1,7161
sx3235244a.2,7162
sx2785513a.1,7163
sx2785513a.2,7164
sx3160101a.1,7165
sx3160101a.2,7166
sx3010559a.1,7167
sx3010559a.2,7168
sx3159448a.1,7169
sx3159448a.2,7170
sx2973156b.1,7171
sx2973156b.2,7172
sx3029501b.1,7173
sx3029501b.2,7174
sx2691949b.1,7175
sx2691949b.2,7176
sx3104127b.1,7177
sx3104127b.2,7178
sx2897774b.1,7179
sx2897774b.2,7180
sx2879061b.1,7181
sx2879061b.2,7182
sx3066813b.1,7183
sx3066813b.2,7184
sx2991910b.1,7185
sx2991910b.2,7186
sx2879072b.1,7187
sx2879072b.2,7188
sx3197635b.1,7189
sx3197635b.2,7190
sx2804258b.1,7191
sx2804258b.2,7192
sx3235250b.1,7193
sx3235250b.2,7194
sx2954349b.1,7195
sx2954349b.2,7196
sx2766722b.1,7197
sx2766722b.2,7198
sx2879071b.1,7199
sx2879071b.2,7200
sx3029504b.1,7201
sx3029504b.2,7202
sx2691948b.1,7203
sx2691948b.2,7204
sx2710546b.1,7205
sx2710546b.2,7206
sx2785547b.1,7207
sx2785547b.2,7208
sx3254214b.1,7209
sx3254214b.2,7210
sx3160104b.1,7211
sx3160104b.2,7212
sx3216349b.1,7213
sx3216349b.2,7214
sx2879077b.1,7215
sx2879077b.2,7216
sx2991916b.1,7217
sx2991916b.2,7218
sx3235245c.1,7219
sx3235245c.2,7220
sx2766716c.1,7221
sx2766716c.2,7222
sx3254209c.1,7223
sx3254209c.2,7224
sx3254204a.1,7225
sx3254204a.2,7226
sx2841627a.1,7227
sx2841627a.2,7228
sx3216348a.1,7229
sx3216348a.2,7230
sx2691947a.1,7231
sx2691947a.2,7232
sx2841648a.1,7233
sx2841648a.2,7234
sx2973157a.1,7235
sx2973157a.2,7236
sx3178978a.1,7237
sx3178978a.2,7238
sx2879075a.1,7239
sx2879075a.2,7240
sx3082992a.1,7241
sx3082992a.2,7242
sx2728247a.1,7243
sx2728247a.2,7244
sx2728247b.1,7245
sx2728247b.2,7246
sx2728247c.1,7247
sx2728247c.2,7248
sx3197633a.1,7249
sx3197633a.2,7250
sx2879069a.1,7251
sx2879069a.2,7252
sx3178971a.1,7253
sx3178971a.2,7254
sx2973154a.1,7255
sx2973154a.2,7256
sx2973155a.1,7257
sx2973155a.2,7258
sx3122814c.1,7259
sx3122814c.2,7260
sx2991908a.1,7261
sx2991908a.2,7262
sx2860481c.1,7263
sx2860481c.2,7264
sx2841621c.1,7265
sx2841621c.2,7266
sx2804255b.1,7267
sx2804255b.2,7268
sx2954345c.1,7269
sx2954345c.2,7270
sx2935555a.1,7271
sx2935555a.2,7272
sx2897773a.1,7273
sx2897773a.2,7274
sx2748127a.1,7275
sx2748127a.2,7276
sx3197631a.1,7277
sx3197631a.2,7278
sx2935554a.1,7279
sx2935554a.2,7280
sx2822866b.1,7281
sx2822866b.2,7282
sx3178972c.1,7283
sx3178972c.2,7284
sx3104123c.1,7285
sx3104123c.2,7286
sx2973153a.1,7287
sx2973153a.2,7288
sx3216123a.1,7289
sx3216123a.2,7290
sx2972930a.1,7291
sx2972930a.2,7292
sx3029506b.1,7293
sx3029506b.2,7294
sx2785521c.1,7295
sx2785521c.2,7296
sx3197661c.1,7297
sx3197661c.2,7298
sx3216345b.1,7299
sx3216345b.2,7300
sx2879070b.1,7301
sx2879070b.2,7302
sx2973160b.1,7303
sx2973160b.2,7304
sx3066815c.1,7305
sx3066815c.2,7306
sx2897777c.1,7307
sx2897777c.2,7308
sx2991914c.1,7309
sx2991914c.2,7310
sx2822869a.1,7311
sx2822869a.2,7312
sx2729410c.1,7313
sx2729410c.2,7314
sx3197640c.1,7315
sx3197640c.2,7316
sx2954353a.1,7317
sx2954353a.2,7318
sx3160109b.1,7319
sx3160109b.2,7320
sx3104136b.1,7321
sx3104136b.2,7322
sx2822872b.1,7323
sx2822872b.2,7324
sx3122821b.1,7325
sx3122821b.2,7326
sx2860482a.1,7327
sx2860482a.2,7328
sx3010560b.1,7329
sx3010560b.2,7330
sx3104119a.1,7331
sx3104119a.2,7332
sx2785517c.1,7333
sx2785517c.2,7334
sx3066809c.1,7335
sx3066809c.2,7336
sx2954344c.1,7337
sx2954344c.2,7338
sx2897767c.1,7339
sx2897767c.2,7340
sx3254208c.1,7341
sx3254208c.2,7342
sx2748125c.1,7343
sx2748125c.2,7344
sx2673303c.1,7345
sx2673303c.2,7346
sx3104117c.1,7347
sx3104117c.2,7348
sx3010568a.1,7349
sx3010568a.2,7350
sx3029505c.1,7351
sx3029505c.2,7352
sx2673318c.1,7353
sx2673318c.2,7354
sx3178979c.1,7355
sx3178979c.2,7356
sx3104129a.1,7357
sx3104129a.2,7358
sx3141401a.1,7359
sx3141401a.2,7360
sx2841632b.1,7361
sx2841632b.2,7362
sx2748157a.1,7363
sx2748157a.2,7364
sx2785537a.1,7365
sx2785537a.2,7366
sx2691967b.1,7367
sx2691967b.2,7368
sx2916620a.1,7369
sx2916620a.2,7370
sx2916620b.1,7371
sx2916620b.2,7372
sx2916620c.1,7373
sx2916620c.2,7374
sx2766738c.1,7375
sx2766738c.2,7376
sx3066814b.1,7377
sx3066814b.2,7378
sx2820535b.1,7379
sx2820535b.2,7380
sx2785534b.1,7381
sx2785534b.2,7382
sx2691965b.1,7383
sx2691965b.2,7384
sx2748144a.1,7385
sx2748144a.2,7386
sx2897792a.1,7387
sx2897792a.2,7388
sx2785538a.1,7389
sx2785538a.2,7390
sx2897793a.1,7391
sx2897793a.2,7392
sx3254231a.1,7393
sx3254231a.2,7394
sx3254230a.1,7395
sx3254230a.2,7396
sx2673331b.1,7397
sx2673331b.2,7398
sx2935567b.1,7399
sx2935567b.2,7400
sx2804272b.1,7401
sx2804272b.2,7402
sx3160115b.1,7403
sx3160115b.2,7404
sx3254227b.1,7405
sx3254227b.2,7406
sx2860499b.1,7407
sx2860499b.2,7408
sx3254229b.1,7409
sx3254229b.2,7410
sx2822873b.1,7411
sx2822873b.2,7412
sx3178988b.1,7413
sx3178988b.2,7414
sx2785536b.1,7415
sx2785536b.2,7416
sx3066826b.1,7417
sx3066826b.2,7418
sx3197653b.1,7419
sx3197653b.2,7420
sx2785535b.1,7421
sx2785535b.2,7422
sx2916619b.1,7423
sx2916619b.2,7424
sx2916617b.1,7425
sx2916617b.2,7426
sx3122835b.1,7427
sx3122835b.2,7428
sx2691966b.1,7429
sx2691966b.2,7430
sx3104145b.1,7431
sx3104145b.2,7432
sx2973171b.1,7433
sx2973171b.2,7434
sx2804270b.1,7435
sx2804270b.2,7436
sx3235273b.1,7437
sx3235273b.2,7438
sx2729423c.1,7439
sx2729423c.2,7440
sx2729424a.1,7441
sx2729424a.2,7442
sx3160114a.1,7443
sx3160114a.2,7444
sx3104144a.1,7445
sx3104144a.2,7446
sx3197652a.1,7447
sx3197652a.2,7448
sx3141394b.1,7449
sx3141394b.2,7450
sx2804277c.1,7451
sx2804277c.2,7452
sx3197625c.1,7453
sx3197625c.2,7454
sx2785511a.1,7455
sx2785511a.2,7456
sx2973148a.1,7457
sx2973148a.2,7458
sx3160098a.1,7459
sx3160098a.2,7460
sx2916602a.1,7461
sx2916602a.2,7462
sx3231255c.1,7463
sx3231255c.2,7464
sx3118855c.1,7465
sx3118855c.2,7466
sx3085410b.1,7467
sx3085410b.2,7468
sx2992556c.1,7469
sx2992556c.2,7470
sx3198356c.1,7471
sx3198356c.2,7472
sx3048968c.1,7473
sx3048968c.2,7474
sx2767414c.1,7475
sx2767414c.2,7476
sx3045895c.1,7477
sx3045895c.2,7478
sx2692664c.1,7479
sx2692664c.2,7480
sx2991901b.1,7481
sx2991901b.2,7482
sx2673322b.1,7483
sx2673322b.2,7484
sx2766730b.1,7485
sx2766730b.2,7486
sx2689691a.1,7487
sx2689691a.2,7488
sx2914323b.1,7489
sx2914323b.2,7490
sx3048222c.1,7491
sx3048222c.2,7492
sx3122837c.1,7493
sx3122837c.2,7494
sx2991933c.1,7495
sx2991933c.2,7496
sx2710525c.1,7497
sx2710525c.2,7498
sx2673323c.1,7499
sx2673323c.2,7500
sx2710542b.1,7501
sx2710542b.2,7502
sx2766742b.1,7503
sx2766742b.2,7504
sx3254234b.1,7505
sx3254234b.2,7506
sx3104114b.1,7507
sx3104114b.2,7508
sx2822857b.1,7509
sx2822857b.2,7510
sx2691939b.1,7511
sx2691939b.2,7512
sx2860478b.1,7513
sx2860478b.2,7514
sx2822858b.1,7515
sx2822858b.2,7516
sx3254206b.1,7517
sx3254206b.2,7518
sx2766715b.1,7519
sx2766715b.2,7520
sx2860479b.1,7521
sx2860479b.2,7522
sx3178969b.1,7523
sx3178969b.2,7524
sx2729401b.1,7525
sx2729401b.2,7526
sx2804245b.1,7527
sx2804245b.2,7528
sx3216338b.1,7529
sx3216338b.2,7530
sx2691938b.1,7531
sx2691938b.2,7532
sx2673326b.1,7533
sx2673326b.2,7534
sx3251806b.1,7535
sx3251806b.2,7536
sx3160108b.1,7537
sx3160108b.2,7538
sx2841624b.1,7539
sx2841624b.2,7540
sx2729409b.1,7541
sx2729409b.2,7542
sx3029510b.1,7543
sx3029510b.2,7544
sx2991927b.1,7545
sx2991927b.2,7546
sx2954338b.1,7547
sx2954338b.2,7548
sx3197634b.1,7549
sx3197634b.2,7550
sx2729408b.1,7551
sx2729408b.2,7552
sx2991909a.1,7553
sx2991909a.2,7554
sx3085398b.1,7555
sx3085398b.2,7556
sx2673314c.1,7557
sx2673314c.2,7558
sx3122817c.1,7559
sx3122817c.2,7560
sx3160102b.1,7561
sx3160102b.2,7562
sx2822871b.1,7563
sx2822871b.2,7564
sx2876813a.1,7565
sx2876813a.2,7566
sx2952013a.1,7567
sx2952013a.2,7568
sx2916598a.1,7569
sx2916598a.2,7570
sx3048212a.1,7571
sx3048212a.2,7572
sx2691973a.1,7573
sx2691973a.2,7574
sx2954357a.1,7575
sx2954357a.2,7576
sx2841639a.1,7577
sx2841639a.2,7578
sx2804262a.1,7579
sx2804262a.2,7580
sx2973165a.1,7581
sx2973165a.2,7582
sx2785529c.1,7583
sx2785529c.2,7584
sx3197646b.1,7585
sx3197646b.2,7586
sx3141389a.1,7587
sx3141389a.2,7588
sx3197618a.1,7589
sx3197618a.2,7590
sx2691936a.1,7591
sx2691936a.2,7592
sx3216336a.1,7593
sx3216336a.2,7594
sx3216337a.1,7595
sx3216337a.2,7596
sx2841615a.1,7597
sx2841615a.2,7598
sx2954348a.1,7599
sx2954348a.2,7600
sx3235249a.1,7601
sx3235249a.2,7602
sx2916599a.1,7603
sx2916599a.2,7604
sx3122816b.1,7605
sx3122816b.2,7606
sx3160103c.1,7607
sx3160103c.2,7608
sx2935556b.1,7609
sx2935556b.2,7610
sx3104124b.1,7611
sx3104124b.2,7612
sx2970804c.1,7613
sx2970804c.2,7614
sx3176661c.1,7615
sx3176661c.2,7616
sx3048937c.1,7617
sx3048937c.2,7618
sx2804957c.1,7619
sx2804957c.2,7620
sx2767343c.1,7621
sx2767343c.2,7622
sx3179608c.1,7623
sx3179608c.2,7624
sx3086002c.1,7625
sx3086002c.2,7626
sx2842330c.1,7627
sx2842330c.2,7628
sx3235945c.1,7629
sx3235945c.2,7630
sx2955006c.1,7631
sx2955006c.2,7632
sx2692600c.1,7633
sx2692600c.2,7634
sx3235946a.1,7635
sx3235946a.2,7636
sx3011229a.1,7637
sx3011229a.2,7638
sx2767342a.1,7639
sx2767342a.2,7640
sx2748780a.1,7641
sx2748780a.2,7642
sx2823544a.1,7643
sx2823544a.2,7644
sx3195321a.1,7645
sx3195321a.2,7646
sx2823545a.1,7647
sx2823545a.2,7648
sx3101782a.1,7649
sx3101782a.2,7650
sx2936214a.1,7651
sx2936214a.2,7652
sx3142049c.1,7653
sx3142049c.2,7654
sx2804956a.1,7655
sx2804956a.2,7656
sx2730106c.1,7657
sx2730106c.2,7658
sx2936212a.1,7659
sx2936212a.2,7660
sx3029495b.1,7661
sx3029495b.2,7662
sx2804247b.1,7663
sx2804247b.2,7664
sx3104115b.1,7665
sx3104115b.2,7666
sx2954339b.1,7667
sx2954339b.2,7668
sx3048200b.1,7669
sx3048200b.2,7670
sx3216339b.1,7671
sx3216339b.2,7672
sx3048201b.1,7673
sx3048201b.2,7674
sx3141390b.1,7675
sx3141390b.2,7676
sx2710537b.1,7677
sx2710537b.2,7678
sx2673300b.1,7679
sx2673300b.2,7680
sx3085388b.1,7681
sx3085388b.2,7682
sx2822859b.1,7683
sx2822859b.2,7684
sx2991902b.1,7685
sx2991902b.2,7686
sx2991918b.1,7687
sx2991918b.2,7688
sx2897764b.1,7689
sx2897764b.2,7690
sx2860488b.1,7691
sx2860488b.2,7692
sx2804260b.1,7693
sx2804260b.2,7694
sx2973163b.1,7695
sx2973163b.2,7696
sx3104130b.1,7697
sx3104130b.2,7698
sx2879079b.1,7699
sx2879079b.2,7700
sx2991917b.1,7701
sx2991917b.2,7702
sx2841636b.1,7703
sx2841636b.2,7704
sx3085389b.1,7705
sx3085389b.2,7706
sx2673319c.1,7707
sx2673319c.2,7708
sx2841631c.1,7709
sx2841631c.2,7710
sx3216350a.1,7711
sx3216350a.2,7712
sx3141402c.1,7713
sx3141402c.2,7714
sx3197642c.1,7715
sx3197642c.2,7716
sx2691952a.1,7717
sx2691952a.2,7718
sx2879081a.1,7719
sx2879081a.2,7720
sx2785530a.1,7721
sx2785530a.2,7722
sx2766723a.1,7723
sx2766723a.2,7724
sx3122822a.1,7725
sx3122822a.2,7726
sx2766747a.1,7727
sx2766747a.2,7728
sx2858163a.1,7729
sx2858163a.2,7730
sx3216346a.1,7731
sx3216346a.2,7732
sx3029500a.1,7733
sx3029500a.2,7734
sx3156034a.1,7735
sx3156034a.2,7736
sx3066821a.1,7737
sx3066821a.2,7738
sx2748140a.1,7739
sx2748140a.2,7740
sx3141412a.1,7741
sx3141412a.2,7742
sx2991915b.1,7743
sx2991915b.2,7744
sx2673320b.1,7745
sx2673320b.2,7746
sx2841634b.1,7747
sx2841634b.2,7748
sx2766720a.1,7749
sx2766720a.2,7750
sx3235254c.1,7751
sx3235254c.2,7752
sx2935566c.1,7753
sx2935566c.2,7754
sx3141393c.1,7755
sx3141393c.2,7756
sx3030204a.1,7757
sx3030204a.2,7758
sx3160868b.1,7759
sx3160868b.2,7760
sx2785524c.1,7761
sx2785524c.2,7762
sx3235268c.1,7763
sx3235268c.2,7764
sx3122825a.1,7765
sx3122825a.2,7766
sx2991920a.1,7767
sx2991920a.2,7768
sx2973146b.1,7769
sx2973146b.2,7770
sx2935568b.1,7771
sx2935568b.2,7772
sx2814529a.1,7773
sx2814529a.2,7774
sx2814529b.1,7775
sx2814529b.2,7776
sx2814529c.1,7777
sx2814529c.2,7778
sx3122818c.1,7779
sx3122818c.2,7780
sx3048209b.1,7781
sx3048209b.2,7782
sx2841628a.1,7783
sx2841628a.2,7784
sx2673316a.1,7785
sx2673316a.2,7786
sx2748143a.1,7787
sx2748143a.2,7788
sx2860477a.1,7789
sx2860477a.2,7790
sx3066811b.1,7791
sx3066811b.2,7792
sx2954352c.1,7793
sx2954352c.2,7794
sx3160864b.1,7795
sx3160864b.2,7796
sx3085401a.1,7797
sx3085401a.2,7798
sx2766744b.1,7799
sx2766744b.2,7800
sx2804259a.1,7801
sx2804259a.2,7802
sx2860486c.1,7803
sx2860486c.2,7804
sx2785522b.1,7805
sx2785522b.2,7806
sx2897766c.1,7807
sx2897766c.2,7808
sx3048889c.1,7809
sx3048889c.2,7810
sx3048890c.1,7811
sx3048890c.2,7812
sx2991921c.1,7813
sx2991921c.2,7814
sx3011293a.1,7815
sx3011293a.2,7816
sx3011293b.1,7817
sx3011293b.2,7818
sx3011293c.1,7819
sx3011293c.2,7820
sx3123509c.1,7821
sx3123509c.2,7822
sx2841620b.1,7823
sx2841620b.2,7824
sx2991929b.1,7825
sx2991929b.2,7826
sx3160793c.1,7827
sx3160793c.2,7828
sx2691946b.1,7829
sx2691946b.2,7830
sx2991940c.1,7831
sx2991940c.2,7832
sx3197636b.1,7833
sx3197636b.2,7834
sx2991905a.1,7835
sx2991905a.2,7836
sx3141395c.1,7837
sx3141395c.2,7838
sx2748135a.1,7839
sx2748135a.2,7840
sx2729412a.1,7841
sx2729412a.2,7842
sx2839305a.1,7843
sx2839305a.2,7844
sx3160123a.1,7845
sx3160123a.2,7846
sx2822861a.1,7847
sx2822861a.2,7848
sx2841616a.1,7849
sx2841616a.2,7850
sx3122812b.1,7851
sx3122812b.2,7852
sx2897771b.1,7853
sx2897771b.2,7854
sx3178973a.1,7855
sx3178973a.2,7856
sx3141411c.1,7857
sx3141411c.2,7858
sx2710518a.1,7859
sx2710518a.2,7860
sx3085391b.1,7861
sx3085391b.2,7862
sx2955076a.1,7863
sx2955076a.2,7864
sx2729430b.1,7865
sx2729430b.2,7866
sx3142079b.1,7867
sx3142079b.2,7868
sx2955055b.1,7869
sx2955055b.2,7870
sx2879753b.1,7871
sx2879753b.2,7872
sx2842390c.1,7873
sx2842390c.2,7874
sx2710511a.1,7875
sx2710511a.2,7876
sx2766719a.1,7877
sx2766719a.2,7878
sx3160117b.1,7879
sx3160117b.2,7880
sx2897790c.1,7881
sx2897790c.2,7882
sx3066817a.1,7883
sx3066817a.2,7884
sx2841641b.1,7885
sx2841641b.2,7886
sx2674027b.1,7887
sx2674027b.2,7888
sx3010557a.1,7889
sx3010557a.2,7890
sx3235242c.1,7891
sx3235242c.2,7892
sx2973150a.1,7893
sx2973150a.2,7894
sx3066804a.1,7895
sx3066804a.2,7896
sx2879067a.1,7897
sx2879067a.2,7898
sx2710530b.1,7899
sx2710530b.2,7900
sx2748781a.1,7901
sx2748781a.2,7902
sx3197654a.1,7903
sx3197654a.2,7904
sx2954361b.1,7905
sx2954361b.2,7906
sx2935547b.1,7907
sx2935547b.2,7908
sx3215385a.1,7909
sx3215385a.2,7910
sx3215385b.1,7911
sx3215385b.2,7912
sx3215385c.1,7913
sx3215385c.2,7914
sx2841622a.1,7915
sx2841622a.2,7916
sx2879062c.1,7917
sx2879062c.2,7918
sx2917255c.1,7919
sx2917255c.2,7920
sx3160862c.1,7921
sx3160862c.2,7922
sx3067447a.1,7923
sx3067447a.2,7924
sx3179637c.1,7925
sx3179637c.2,7926
sx2822867b.1,7927
sx2822867b.2,7928
sx2766741a.1,7929
sx2766741a.2,7930
sx2897807b.1,7931
sx2897807b.2,7932
sx2823611a.1,7933
sx2823611a.2,7934
sx3141398a.1,7935
sx3141398a.2,7936
sx3235251c.1,7937
sx3235251c.2,7938
sx2935551c.1,7939
sx2935551c.2,7940
sx3235252b.1,7941
sx3235252b.2,7942
sx2917328b.1,7943
sx2917328b.2,7944
sx2989565a.1,7945
sx2989565a.2,7946
sx2692655c.1,7947
sx2692655c.2,7948
sx2861219b.1,7949
sx2861219b.2,7950
sx2674051a.1,7951
sx2674051a.2,7952
sx2804249c.1,7953
sx2804249c.2,7954
sx3030205c.1,7955
sx3030205c.2,7956
sx3085395a.1,7957
sx3085395a.2,7958
sx2767409b.1,7959
sx2767409b.2,7960
sx3217064b.1,7961
sx3217064b.2,7962
sx2729405b.1,7963
sx2729405b.2,7964
sx3179699b.1,7965
sx3179699b.2,7966
sx2898526c.1,7967
sx2898526c.2,7968
sx2674052c.1,7969
sx2674052c.2,7970
sx2851933a.1,7971
sx2851933a.2,7972
sx2851933b.1,7973
sx2851933b.2,7974
sx2851933c.1,7975
sx2851933c.2,7976
sx2860492c.1,7977
sx2860492c.2,7978
sx3197645a.1,7979
sx3197645a.2,7980
sx3048211a.1,7981
sx3048211a.2,7982
sx2804253a.1,7983
sx2804253a.2,7984
sx3178981b.1,7985
sx3178981b.2,7986
sx2785525c.1,7987
sx2785525c.2,7988
sx2860483b.1,7989
sx2860483b.2,7990
sx3141397b.1,7991
sx3141397b.2,7992
sx3253995c.1,7993
sx3253995c.2,7994
sx2710536a.1,7995
sx2710536a.2,7996
sx3197638a.1,7997
sx3197638a.2,7998
sx2935557a.1,7999
sx2935557a.2,8000
sx2673311a.1,8001
sx2673311a.2,8002
sx2729413a.1,8003
sx2729413a.2,8004
sx3122848c.1,8005
sx3122848c.2,8006
sx2973169a.1,8007
sx2973169a.2,8008
sx2822868a.1,8009
sx2822868a.2,8010
sx2860493a.1,8011
sx2860493a.2,8012
sx3178976a.1,8013
sx3178976a.2,8014
sx2673317a.1,8015
sx2673317a.2,8016
sx2729428a.1,8017
sx2729428a.2,8018
sx2973159a.1,8019
sx2973159a.2,8020
sx3254216a.1,8021
sx3254216a.2,8022
sx2973180b.1,8023
sx2973180b.2,8024
sx3066816a.1,8025
sx3066816a.2,8026
sx3216351a.1,8027
sx3216351a.2,8028
sx2841635a.1,8029
sx2841635a.2,8030
sx3254217c.1,8031
sx3254217c.2,8032
sx2822870c.1,8033
sx2822870c.2,8034
sx2766725c.1,8035
sx2766725c.2,8036
sx2879078a.1,8037
sx2879078a.2,8038
sx3048221a.1,8039
sx3048221a.2,8040
sx2879092c.1,8041
sx2879092c.2,8042
sx2691954b.1,8043
sx2691954b.2,8044
sx3104135a.1,8045
sx3104135a.2,8046
sx2991943c.1,8047
sx2991943c.2,8048
sx3233353a.1,8049
sx3233353a.2,8050
sx3141403a.1,8051
sx3141403a.2,8052
sx2785546a.1,8053
sx2785546a.2,8054
sx2879087a.1,8055
sx2879087a.2,8056
sx2785531a.1,8057
sx2785531a.2,8058
sx3216358a.1,8059
sx3216358a.2,8060
sx2748139b.1,8061
sx2748139b.2,8062
sx2935559a.1,8063
sx2935559a.2,8064
sx3048231b.1,8065
sx3048231b.2,8066
sx2691959b.1,8067
sx2691959b.2,8068
sx2731712b.1,8069
sx2731712b.2,8070
sx3010580b.1,8071
sx3010580b.2,8072
sx3216361b.1,8073
sx3216361b.2,8074
sx2879089c.1,8075
sx2879089c.2,8076
sx3232301c.1,8077
sx3232301c.2,8078
sx2763811c.1,8079
sx2763811c.2,8080
sx2970258c.1,8081
sx2970258c.2,8082
sx2763812c.1,8083
sx2763812c.2,8084
sx3101194c.1,8085
sx3101194c.2,8086
sx2916625b.1,8087
sx2916625b.2,8088
sx2955047a.1,8089
sx2955047a.2,8090
sx3066830b.1,8091
sx3066830b.2,8092
sx2673343b.1,8093
sx2673343b.2,8094
sx2766748a.1,8095
sx2766748a.2,8096
sx2897801a.1,8097
sx2897801a.2,8098
sx2897805a.1,8099
sx2897805a.2,8100
sx3086098a.1,8101
sx3086098a.2,8102
sx3104155c.1,8103
sx3104155c.2,8104
sx2710543c.1,8105
sx2710543c.2,8106
sx2861197c.1,8107
sx2861197c.2,8108
sx2992657a.1,8109
sx2992657a.2,8110
sx3254237a.1,8111
sx3254237a.2,8112
sx2710544a.1,8113
sx2710544a.2,8114
sx2917359a.1,8115
sx2917359a.2,8116
sx3122847a.1,8117
sx3122847a.2,8118
sx3029520b.1,8119
sx3029520b.2,8120
sx3150961c.1,8121
sx3150961c.2,8122
sx2684420b.1,8123
sx2684420b.2,8124
sx2685809a.1,8125
sx2685809a.2,8126
sx3097861c.1,8127
sx3097861c.2,8128
sx2798067b.1,8129
sx2798067b.2,8130
sx2929261a.1,8131
sx2929261a.2,8132
sx2891575c.1,8133
sx2891575c.2,8134
sx2685805a.1,8135
sx2685805a.2,8136
sx3225319b.1,8137
sx3225319b.2,8138
sx2925506c.1,8139
sx2925506c.2,8140
sx2983432a.1,8141
sx2983432a.2,8142
sx2948732b.1,8143
sx2948732b.2,8144
sx2911069b.1,8145
sx2911069b.2,8146
sx2724120c.1,8147
sx2724120c.2,8148
sx2858175a.1,8149
sx2858175a.2,8150
sx3251807a.1,8151
sx3251807a.2,8152
sx3231269b.1,8153
sx3231269b.2,8154
sx3081380a.1,8155
sx3081380a.2,8156
sx3139103a.1,8157
sx3139103a.2,8158
sx2876814a.1,8159
sx2876814a.2,8160
sx3120503a.1,8161
sx3120503a.2,8162
sx3120504a.1,8163
sx3120504a.2,8164
sx2875754c.1,8165
sx2875754c.2,8166
sx3195327a.1,8167
sx3195327a.2,8168
sx2763407c.1,8169
sx2763407c.2,8170
sx2688692b.1,8171
sx2688692b.2,8172
sx2688693c.1,8173
sx2688693c.2,8174
sx2913406b.1,8175
sx2913406b.2,8176
sx2989571a.1,8177
sx2989571a.2,8178
sx2764411c.1,8179
sx2764411c.2,8180
sx3119793b.1,8181
sx3119793b.2,8182
sx3251808a.1,8183
sx3251808a.2,8184
sx3027133a.1,8185
sx3027133a.2,8186
sx2857591a.1,8187
sx2857591a.2,8188
sx2726983a.1,8189
sx2726983a.2,8190
sx3157167a.1,8191
sx3157167a.2,8192
sx3082993a.1,8193
sx3082993a.2,8194
sx3120376a.1,8195
sx3120376a.2,8196
sx2989432b.1,8197
sx2989432b.2,8198
sx3120484c.1,8199
sx3120484c.2,8200
sx2820528c.1,8201
sx2820528c.2,8202
sx2745799c.1,8203
sx2745799c.2,8204
sx3270814a.1,8205
sx3270814a.2,8206
sx2801895b.1,8207
sx2801895b.2,8208
sx2801896b.1,8209
sx2801896b.2,8210
sx3214055c.1,8211
sx3214055c.2,8212
sx3195310a.1,8213
sx3195310a.2,8214
sx3008232b.1,8215
sx3008232b.2,8216
sx2764399b.1,8217
sx2764399b.2,8218
sx3027116a.1,8219
sx3027116a.2,8220
sx2689678b.1,8221
sx2689678b.2,8222
sx2951995c.1,8223
sx2951995c.2,8224
sx3139086b.1,8225
sx3139086b.2,8226
sx2933120c.1,8227
sx2933120c.2,8228
sx2726973a.1,8229
sx2726973a.2,8230
sx2820531b.1,8231
sx2820531b.2,8232
sx3157708c.1,8233
sx3157708c.2,8234
sx2858166a.1,8235
sx2858166a.2,8236
sx2764403a.1,8237
sx2764403a.2,8238
sx2895449c.1,8239
sx2895449c.2,8240
sx3176656a.1,8241
sx3176656a.2,8242
sx2820533a.1,8243
sx2820533a.2,8244
sx2876796a.1,8245
sx2876796a.2,8246
sx2876797a.1,8247
sx2876797a.2,8248
sx3157710b.1,8249
sx3157710b.2,8250
sx2726974b.1,8251
sx2726974b.2,8252
sx2726975b.1,8253
sx2726975b.2,8254
sx3195315a.1,8255
sx3195315a.2,8256
sx3143999a.1,8257
sx3143999a.2,8258
sx3125349c.1,8259
sx3125349c.2,8260
sx3181545c.1,8261
sx3181545c.2,8262
sx3082981c.1,8263
sx3082981c.2,8264
sx2876798b.1,8265
sx2876798b.2,8266
sx3008237c.1,8267
sx3008237c.2,8268
sx2783231b.1,8269
sx2783231b.2,8270
sx3176660b.1,8271
sx3176660b.2,8272
sx3082983b.1,8273
sx3082983b.2,8274
sx2801902b.1,8275
sx2801902b.2,8276
sx3157718a.1,8277
sx3157718a.2,8278
sx2745806c.1,8279
sx2745806c.2,8280
sx3195318b.1,8281
sx3195318b.2,8282
sx3214071c.1,8283
sx3214071c.2,8284
sx3214069c.1,8285
sx3214069c.2,8286
sx3232902a.1,8287
sx3232902a.2,8288
sx3027122a.1,8289
sx3027122a.2,8290
sx3082988b.1,8291
sx3082988b.2,8292
sx3027124c.1,8293
sx3027124c.2,8294
sx2801909c.1,8295
sx2801909c.2,8296
sx2914324a.1,8297
sx2914324a.2,8298
sx2820556a.1,8299
sx2820556a.2,8300
sx2933135a.1,8301
sx2933135a.2,8302
sx3139366a.1,8303
sx3139366a.2,8304
sx2708744b.1,8305
sx2708744b.2,8306
sx2690187b.1,8307
sx2690187b.2,8308
sx3233412a.1,8309
sx3233412a.2,8310
sx3027670b.1,8311
sx3027670b.2,8312
sx2821087a.1,8313
sx2821087a.2,8314
sx2990098a.1,8315
sx2990098a.2,8316
sx3252336b.1,8317
sx3252336b.2,8318
sx2802480b.1,8319
sx2802480b.2,8320
sx3233413b.1,8321
sx3233413b.2,8322
sx3027671a.1,8323
sx3027671a.2,8324
sx3102286b.1,8325
sx3102286b.2,8326
sx2802481a.1,8327
sx2802481a.2,8328
sx3214549a.1,8329
sx3214549a.2,8330
sx3139598b.1,8331
sx3139598b.2,8332
sx3214112b.1,8333
sx3214112b.2,8334
sx3251854a.1,8335
sx3251854a.2,8336
sx2763072b.1,8337
sx2763072b.2,8338
sx3172805a.1,8339
sx3172805a.2,8340
sx3226771a.1,8341
sx3226771a.2,8342
sx3189190a.1,8343
sx3189190a.2,8344
sx2896685a.1,8345
sx2896685a.2,8346
sx2896685b.1,8347
sx2896685b.2,8348
sx2896685c.1,8349
sx2896685c.2,8350
sx2937757c.1,8351
sx2937757c.2,8352
sx2806553c.1,8353
sx2806553c.2,8354
sx2862616c.1,8355
sx2862616c.2,8356
sx2746587c.1,8357
sx2746587c.2,8358
sx2727795c.1,8359
sx2727795c.2,8360
sx3177665a.1,8361
sx3177665a.2,8362
sx3046854b.1,8363
sx3046854b.2,8364
sx3102793b.1,8365
sx3102793b.2,8366
sx2803199a.1,8367
sx2803199a.2,8368
sx2803199b.1,8369
sx2803199b.2,8370
sx2803199c.1,8371
sx2803199c.2,8372
sx3215203a.1,8373
sx3215203a.2,8374
sx3215203b.1,8375
sx3215203b.2,8376
sx3215203c.1,8377
sx3215203c.2,8378
sx3065665a.1,8379
sx3065665a.2,8380
sx3177881c.1,8381
sx3177881c.2,8382
sx3047058a.1,8383
sx3047058a.2,8384
sx3177894a.1,8385
sx3177894a.2,8386
sx3140238a.1,8387
sx3140238a.2,8388
sx2821770a.1,8389
sx2821770a.2,8390
sx2915534a.1,8391
sx2915534a.2,8392
sx2690868c.1,8393
sx2690868c.2,8394
sx2803194c.1,8395
sx2803194c.2,8396
sx3047073c.1,8397
sx3047073c.2,8398
sx3065696a.1,8399
sx3065696a.2,8400
sx2915542a.1,8401
sx2915542a.2,8402
sx2915542b.1,8403
sx2915542b.2,8404
sx2915542c.1,8405
sx2915542c.2,8406
sx3234149a.1,8407
sx3234149a.2,8408
sx3234149b.1,8409
sx3234149b.2,8410
sx3234149c.1,8411
sx3234149c.2,8412
sx2859391b.1,8413
sx2859391b.2,8414
sx2859403a.1,8415
sx2859403a.2,8416
sx3215340a.1,8417
sx3215340a.2,8418
sx3047289a.1,8419
sx3047289a.2,8420
sx3047289b.1,8421
sx3047289b.2,8422
sx3047289c.1,8423
sx3047289c.2,8424
sx3215549b.1,8425
sx3215549b.2,8426
sx3253570c.1,8427
sx3253570c.2,8428
sx2972704c.1,8429
sx2972704c.2,8430
sx3159645a.1,8431
sx3159645a.2,8432
sx3091052a.1,8433
sx3091052a.2,8434
sx2916234a.1,8435
sx2916234a.2,8436
sx3029183b.1,8437
sx3029183b.2,8438
sx3108449a.1,8439
sx3108449a.2,8440
sx3103822c.1,8441
sx3103822c.2,8442
sx2991640c.1,8443
sx2991640c.2,8444
sx2729206c.1,8445
sx2729206c.2,8446
sx2897554c.1,8447
sx2897554c.2,8448
sx2729207c.1,8449
sx2729207c.2,8450
sx2766499c.1,8451
sx2766499c.2,8452
sx2878848c.1,8453
sx2878848c.2,8454
sx3263051c.1,8455
sx3263051c.2,8456
sx3312692a.1,8457
sx3312692a.2,8458
sx3315860b.1,8459
sx3315860b.2,8460
sx3342743c.1,8461
sx3342743c.2,8462
sx3448661b.1,8463
sx3448661b.2,8464
sx3552667c.1,8465
sx3552667c.2,8466
sx3626914c.1,8467
sx3626914c.2,8468
sx3632979a.1,8469
sx3632979a.2,8470
sx3645809c.1,8471
sx3645809c.2,8472
sx3645810c.1,8473
sx3645810c.2,8474
sx3645811c.1,8475
sx3645811c.2,8476
sx3645812c.1,8477
sx3645812c.2,8478
sx3649297a.1,8479
sx3649297a.2,8480
sx3649298a.1,8481
sx3649298a.2,8482
sx3649299a.1,8483
sx3649299a.2,8484
sx3649300a.1,8485
sx3649300a.2,8486
sx3649301a.1,8487
sx3649301a.2,8488
sx3649302a.1,8489
sx3649302a.2,8490
sx3649304a.1,8491
sx3649304a.2,8492
sx3649305a.1,8493
sx3649305a.2,8494
sx3649306a.1,8495
sx3649306a.2,8496
sx3729297a.1,8497
sx3729297a.2,8498
sx3729298a.1,8499
sx3729298a.2,8500
sx3727707a.1,8501
sx3727707a.2,8502
sx3727708a.1,8503
sx3727708a.2,8504
sx3727709a.1,8505
sx3727709a.2,8506
sx3727710a.1,8507
sx3727710a.2,8508
sx3727711a.1,8509
sx3727711a.2,8510
sx3727712a.1,8511
sx3727712a.2,8512
sx3728037a.1,8513
sx3728037a.2,8514
sx3728038a.1,8515
sx3728038a.2,8516
sx3728039a.1,8517
sx3728039a.2,8518
sx3728040a.1,8519
sx3728040a.2,8520
sx3728041a.1,8521
sx3728041a.2,8522
sx3728042a.1,8523
sx3728042a.2,8524
sx3728043a.1,8525
sx3728043a.2,8526
sx3778577c.1,8527
sx3778577c.2,8528
sx3784018a.1,8529
sx3784018a.2,8530
