node,FEEDER_REGA,FEEDER_REGB,FEEDER_REGC,VREG2_A,VREG2_B,VREG2_C,VREG3_A,VREG3_B,VREG3_C,VREG4_A,VREG4_B,VREG4_C
l2673322.2,0.0,13.312102859034026,0.0,0.0,6.278300452451024,0.0,0.0,8.784542252425043,0.0,0.0,0.0,0.0
l2673309.3,0.0,0.0,9.79861487378452,0.0,0.0,0.0,0.0,0.0,0.0,0.0,0.0,3.3012911876866413
l2804270.2,0.0,7.868015896862265,0.0,0.0,0.0,0.0,0.0,3.3404552902532854,0.0,0.0,0.0,0.0
l2935553.2,0.0,12.8834210896579,0.0,0.0,5.8496186830749,0.0,0.0,8.35586048304892,0.0,0.0,0.0,0.0
l2748840.2,0.0,2.8812910760889,0.0,0.0,0.0,0.0,0.0,0.0,0.0,0.0,0.0,0.0
l3085398.2,0.0,10.476553930268564,0.0,0.0,3.442751523685564,0.0,0.0,5.948993323659582,0.0,0.0,0.0,0.0
l3216367.2,0.0,10.179705332653167,0.0,0.0,3.145902926070168,0.0,0.0,5.652144726044186,0.0,0.0,0.0,0.0
l3254207.1,11.813903146307108,0.0,0.0,4.869300531654673,0.0,0.0,7.348349071648473,0.0,0.0,0.0,0.0,0.0
l2729406.3,0.0,0.0,8.525546746143975,0.0,0.0,0.0,0.0,0.0,0.0,0.0,0.0,0.0
l2897768.3,0.0,0.0,8.899078187732835,0.0,0.0,0.0,0.0,0.0,0.0,0.0,0.0,0.0
l3649301.1,8.981685563839521,0.0,0.0,2.037082949187092,0.0,0.0,4.516131489180891,0.0,0.0,0.0,0.0,0.0
l3649302.1,9.072260888236292,0.0,0.0,2.1276582735838625,0.0,0.0,4.606706813577662,0.0,0.0,0.0,0.0,0.0
l2822871.2,0.0,9.609215947621282,0.0,0.0,2.575413541038281,0.0,0.0,5.0816553410123,0.0,0.0,0.0,0.0
l2973163.2,0.0,15.998664609221096,0.0,0.0,0.0,0.0,0.0,0.0,0.0,0.0,9.490141274934889,0.0
l3728038.1,9.441975399598302,0.0,0.0,2.49737278494587,0.0,0.0,4.976421324939671,0.0,0.0,0.0,0.0,0.0
l3728039.1,9.555601313159832,0.0,0.0,2.6109986985074003,0.0,0.0,5.090047238501201,0.0,0.0,0.0,0.0,0.0
l3216351.1,12.174688555610109,0.0,0.0,5.230085940957675,0.0,0.0,7.709134480951475,0.0,0.0,0.0,0.0,0.0
l2952007.3,0.0,0.0,6.680330862046521,0.0,0.0,0.0,0.0,0.0,0.0,0.0,0.0,0.0
l2861158.3,0.0,0.0,6.923019446968167,0.0,0.0,0.0,0.0,0.0,0.0,0.0,0.0,0.0
l2730106.3,0.0,0.0,3.940558314781598,0.0,0.0,0.0,0.0,0.0,0.0,0.0,0.0,0.0
l3172805.1,13.301806005895829,0.0,0.0,6.357203391243395,0.0,0.0,8.836251931237195,0.0,0.0,0.0,0.0,0.0
l3048962.1,2.348318926668923,0.0,0.0,0.0,0.0,0.0,0.0,0.0,0.0,0.0,0.0,0.0
l2991914.3,0.0,0.0,8.443266168107172,0.0,0.0,1.5229625482347164,0.0,0.0,3.996766076149658,0.0,0.0,0.0
l2973154.1,11.834364427730112,0.0,0.0,4.889761813077677,0.0,0.0,7.368810353071477,0.0,0.0,0.0,0.0,0.0
l3010565.3,0.0,0.0,8.279105239614914,0.0,0.0,0.0,0.0,0.0,0.0,0.0,0.0,1.7817815535170327
l2897775.3,0.0,0.0,8.481376988448208,0.0,0.0,0.0,0.0,0.0,0.0,0.0,0.0,1.9840533023503264
l2804269.2,0.0,9.430658186795243,0.0,0.0,0.0,0.0,0.0,4.903097580186267,0.0,0.0,0.0,0.0
l2783231.2,0.0,6.645989061717423,0.0,0.0,0.0,0.0,0.0,2.118428455108444,0.0,0.0,0.0,0.0
l2748143.1,6.763054538657276,0.0,0.0,0.0,0.0,0.0,2.2975004639986425,0.0,0.0,0.0,0.0,0.0
l3251854.1,6.859368813148724,0.0,0.0,0.0,0.0,0.0,2.393814738490091,0.0,0.0,0.0,0.0,0.0
l2935549.2,0.0,11.062672378140766,0.0,0.0,4.028869971557765,0.0,0.0,6.535111771531784,0.0,0.0,0.0,0.0
l3235242.3,0.0,0.0,5.597118683098003,0.0,0.0,0.0,0.0,0.0,1.1506185911404887,0.0,0.0,0.0
l3030199.3,0.0,0.0,2.7725189101615286,0.0,0.0,0.0,0.0,0.0,0.0,0.0,0.0,0.0
l2860487.3,0.0,0.0,7.6297413077094784,0.0,0.0,0.0,0.0,0.0,0.0,0.0,0.0,1.1324176216115984
l3102286.2,0.0,5.1628841103138665,0.0,0.0,0.0,0.0,0.0,0.0,0.0,0.0,0.0,0.0
293471.1,12.306946124619309,0.0,0.0,0.0,0.0,0.0,0.0,0.0,0.0,5.788575778094598,0.0,0.0
293471.2,0.0,12.287505387611342,0.0,0.0,0.0,0.0,0.0,0.0,0.0,0.0,5.778982053325136,0.0
293471.3,0.0,0.0,12.288927080516178,0.0,0.0,0.0,0.0,0.0,0.0,0.0,0.0,5.791603394418296
l3198355.2,0.0,4.078072919922581,0.0,0.0,0.0,0.0,0.0,0.0,0.0,0.0,0.0,0.0
l2860504.1,12.050838406769492,0.0,0.0,5.106235792117058,0.0,0.0,7.585284332110858,0.0,0.0,0.0,0.0,0.0
l2860493.1,12.350141460422154,0.0,0.0,5.405538845769721,0.0,0.0,7.88458738576352,0.0,0.0,0.0,0.0,0.0
l2935551.3,0.0,0.0,8.108525802392874,0.0,0.0,0.0,0.0,0.0,0.0,0.0,0.0,0.0
l2879070.2,0.0,8.44487503374307,0.0,0.0,1.4110726271600704,0.0,0.0,3.917314427134089,0.0,0.0,0.0,0.0
l3216345.2,0.0,8.54267990697312,0.0,0.0,1.5088775003901205,0.0,0.0,4.015119300364139,0.0,0.0,0.0,0.0
l2991919.1,14.241547727071012,0.0,0.0,0.0,0.0,0.0,0.0,0.0,0.0,7.723177380546303,0.0,0.0
l3048227.1,10.209680513506962,0.0,0.0,3.265077898854529,0.0,0.0,5.744126438848328,0.0,0.0,0.0,0.0,0.0
l2785522.2,0.0,14.44778235722436,0.0,0.0,7.413979950641358,0.0,0.0,9.920221750615378,0.0,0.0,0.0,0.0
l3216338.2,0.0,13.99215187451338,0.0,0.0,6.95834946793038,0.0,0.0,9.464591267904396,0.0,0.0,0.0,0.0
l2973146.2,0.0,14.076293383844192,0.0,0.0,7.042490977261195,0.0,0.0,9.54873277723521,0.0,0.0,0.0,0.0
l2973164.1,15.234971664937834,0.0,0.0,0.0,0.0,0.0,0.0,0.0,0.0,8.716601318413126,0.0,0.0
l3120376.1,10.008981821798972,0.0,0.0,3.0643792071465388,0.0,0.0,5.5434277471403375,0.0,0.0,0.0,0.0,0.0
l3141393.3,0.0,0.0,5.956706824402447,0.0,0.0,0.0,0.0,0.0,1.5102067324449333,0.0,0.0,0.0
l3216349.2,0.0,15.339155115502194,0.0,0.0,8.305352708919196,0.0,0.0,10.811594508893211,0.0,0.0,0.0,0.0
l2748132.1,16.625189478935106,0.0,0.0,9.68058686428267,0.0,0.0,12.159635404276468,0.0,0.0,0.0,0.0,0.0
l3122820.1,13.511641070407736,0.0,0.0,6.567038455755307,0.0,0.0,9.046086995749103,0.0,0.0,0.0,0.0,0.0
l3141398.1,13.5969712659321,0.0,0.0,6.652368651279671,0.0,0.0,9.131417191273467,0.0,0.0,0.0,0.0,0.0
l3048968.3,0.0,0.0,6.225595759804068,0.0,0.0,0.0,0.0,0.0,0.0,0.0,0.0,0.0
l2766746.3,0.0,0.0,14.72412226768601,0.0,0.0,7.803818647813554,0.0,0.0,10.277622175728496,0.0,0.0,0.0
l2973151.1,8.75999206649898,0.0,0.0,0.0,0.0,0.0,0.0,0.0,0.0,2.241621719974272,0.0,0.0
l3179682.3,0.0,0.0,3.543793014874749,0.0,0.0,0.0,0.0,0.0,0.0,0.0,0.0,0.0
l2786274.3,0.0,0.0,3.596971191329966,0.0,0.0,0.0,0.0,0.0,0.0,0.0,0.0,0.0
l3066816.1,12.448258951256982,0.0,0.0,5.503656336604547,0.0,0.0,7.982704876598347,0.0,0.0,0.0,0.0,0.0
l2766723.1,12.359997026476847,0.0,0.0,5.415394411824416,0.0,0.0,7.894442951818216,0.0,0.0,0.0,0.0,0.0
l3122822.1,12.46961389485137,0.0,0.0,5.525011280198939,0.0,0.0,8.004059820192738,0.0,0.0,0.0,0.0,0.0
l2673312.1,13.029053567549006,0.0,0.0,6.084450952896574,0.0,0.0,8.563499492890372,0.0,0.0,0.0,0.0,0.0
l3235247.1,13.267847179693767,0.0,0.0,6.323244565041335,0.0,0.0,8.802293105035135,0.0,0.0,0.0,0.0,0.0
l3254873.3,0.0,0.0,5.659355083128455,0.0,0.0,0.0,0.0,0.0,0.0,0.0,0.0,0.0
l2861157.3,0.0,0.0,3.63655059581265,0.0,0.0,0.0,0.0,0.0,0.0,0.0,0.0,0.0
l2822873.2,0.0,7.871351540500842,0.0,0.0,0.0,0.0,0.0,3.343790933891863,0.0,0.0,0.0,0.0
l2875754.3,0.0,0.0,3.8849905125790873,0.0,0.0,0.0,0.0,0.0,0.0,0.0,0.0,0.0
l2786204.3,0.0,0.0,1.5210439555165634,0.0,0.0,0.0,0.0,0.0,0.0,0.0,0.0,0.0
l2767340.1,3.50665282478528,0.0,0.0,0.0,0.0,0.0,0.0,0.0,0.0,0.0,0.0,0.0
l2767340.2,0.0,3.553378593780443,0.0,0.0,0.0,0.0,0.0,0.0,0.0,0.0,0.0,0.0
l2767340.3,0.0,0.0,3.5054650687355235,0.0,0.0,0.0,0.0,0.0,0.0,0.0,0.0,0.0
l2710546.2,0.0,14.752765970492629,0.0,0.0,7.718963563909629,0.0,0.0,10.225205363883646,0.0,0.0,0.0,0.0
l2674027.2,0.0,4.445962892692108,0.0,0.0,0.0,0.0,0.0,0.0,0.0,0.0,0.0,0.0
l2692633.3,0.0,0.0,4.416779232476262,0.0,0.0,0.0,0.0,0.0,0.0,0.0,0.0,0.0
l2674051.1,3.474199755526412,0.0,0.0,0.0,0.0,0.0,0.0,0.0,0.0,0.0,0.0,0.0
l3097861.3,0.0,0.0,5.359907699655291,0.0,0.0,0.0,0.0,0.0,0.9134076076977764,0.0,0.0,0.0
l2973153.1,8.768838463884336,0.0,0.0,1.824235849231902,0.0,0.0,4.303284389225702,0.0,0.0,0.0,0.0,0.0
l2898515.3,0.0,0.0,2.3052672125503118,0.0,0.0,0.0,0.0,0.0,0.0,0.0,0.0,0.0
l3235250.2,0.0,13.68932304827482,0.0,0.0,6.655520641691821,0.0,0.0,9.161762441665838,0.0,0.0,0.0,0.0
l2955081.1,3.4072116375735733,0.0,0.0,0.0,0.0,0.0,0.0,0.0,0.0,0.0,0.0,0.0
l2973162.2,0.0,14.060259290638594,0.0,0.0,0.0,0.0,0.0,0.0,0.0,0.0,7.551735956352389,0.0
l2860479.2,0.0,13.169771794686442,0.0,0.0,6.13596938810344,0.0,0.0,8.642211188077459,0.0,0.0,0.0,0.0
l2933135.1,3.823910533168457,0.0,0.0,0.0,0.0,0.0,0.0,0.0,0.0,0.0,0.0,0.0
l2729414.1,10.978008955889472,0.0,0.0,4.033406341237042,0.0,0.0,6.512454881230841,0.0,0.0,0.0,0.0,0.0
l2729414.2,0.0,11.053901323733191,0.0,0.0,4.020098917150194,0.0,0.0,6.526340717124213,0.0,0.0,0.0,0.0
l2729414.3,0.0,0.0,10.971445130081625,0.0,0.0,4.051141510209167,0.0,0.0,6.524945038124109,0.0,0.0,0.0
l2729430.2,0.0,11.80129168454624,0.0,0.0,4.767489277963239,0.0,0.0,7.273731077937257,0.0,0.0,0.0,0.0
l2766742.2,0.0,12.009641938355108,0.0,0.0,4.975839531772107,0.0,0.0,7.482081331746126,0.0,0.0,0.0,0.0
l2860483.2,0.0,12.915273807137709,0.0,0.0,5.88147140055471,0.0,0.0,8.38771320052873,0.0,0.0,0.0,0.0
l2860490.1,10.144493139033818,0.0,0.0,0.0,0.0,0.0,0.0,0.0,0.0,3.626122792509108,0.0,0.0
l3104134.3,0.0,0.0,10.24717782063514,0.0,0.0,0.0,0.0,0.0,0.0,0.0,0.0,3.74985413453726
l3048208.1,6.879628817581323,0.0,0.0,0.0,0.0,0.0,0.0,0.0,0.0,0.3612584710566138,0.0,0.0
l2955047.1,4.291707925559379,0.0,0.0,0.0,0.0,0.0,0.0,0.0,0.0,0.0,0.0,0.0
l2766721.1,6.297786824900571,0.0,0.0,0.0,0.0,0.0,0.0,0.0,0.0,0.0,0.0,0.0
l3029183.2,0.0,16.263817814529606,0.0,0.0,9.230015407946606,0.0,0.0,11.736257207920625,0.0,0.0,0.0,0.0
l2710512.2,0.0,13.918474058734764,0.0,0.0,6.884671652151766,0.0,0.0,9.390913452125783,0.0,0.0,0.0,0.0
l3197645.1,10.844368757085048,0.0,0.0,0.0,0.0,0.0,0.0,0.0,0.0,4.325998410560339,0.0,0.0
l3235253.1,8.373732807378769,0.0,0.0,0.0,0.0,0.0,0.0,0.0,0.0,1.8553624608540609,0.0,0.0
l3214071.3,0.0,0.0,2.890822440198145,0.0,0.0,0.0,0.0,0.0,0.0,0.0,0.0,0.0
l2860480.2,0.0,16.213850704569296,0.0,0.0,9.180048297986298,0.0,0.0,11.686290097960317,0.0,0.0,0.0,0.0
l2710517.1,13.174839425576495,0.0,0.0,6.230236810924065,0.0,0.0,8.709285350917863,0.0,0.0,0.0,0.0,0.0
l2935547.2,0.0,9.878216186207023,0.0,0.0,0.0,0.0,0.0,5.350655579598047,0.0,0.0,0.0,0.0
l3216336.1,10.8929668323344,0.0,0.0,3.948364217681966,0.0,0.0,6.427412757675764,0.0,0.0,0.0,0.0,0.0
l3142049.3,0.0,0.0,4.025794328548088,0.0,0.0,0.0,0.0,0.0,0.0,0.0,0.0,0.0
l3010556.1,8.08954751514154,0.0,0.0,0.0,0.0,0.0,0.0,0.0,0.0,1.5711771686168294,0.0,0.0
l2991933.3,0.0,0.0,11.967211062386038,0.0,0.0,5.046907442513583,0.0,0.0,7.5207109704285235,0.0,0.0,0.0
l3122837.3,0.0,0.0,12.126911021560751,0.0,0.0,5.206607401688297,0.0,0.0,7.680410929603237,0.0,0.0,0.0
l2691936.1,11.02136134470397,0.0,0.0,4.076758730051537,0.0,0.0,6.555807270045336,0.0,0.0,0.0,0.0,0.0
l2897772.1,12.640991177247423,0.0,0.0,0.0,0.0,0.0,0.0,0.0,0.0,6.122620830722713,0.0,0.0
l2766732.2,0.0,13.080868903588748,0.0,0.0,0.0,0.0,0.0,0.0,0.0,0.0,6.572345569302541,0.0
l2989564.2,0.0,9.549699771337558,0.0,0.0,0.0,0.0,0.0,5.02213916472858,0.0,0.0,0.0,0.0
l2766726.2,0.0,14.407124500052475,0.0,0.0,0.0,0.0,0.0,0.0,0.0,0.0,7.898601165766269,0.0
l3254237.1,4.880431035398923,0.0,0.0,0.0,0.0,0.0,0.0,0.0,0.0,0.0,0.0,0.0
l2804262.1,9.138076461182724,0.0,0.0,2.193473846530291,0.0,0.0,4.67252238652409,0.0,0.0,0.0,0.0,0.0
l2841639.1,9.281291281679676,0.0,0.0,2.336688667027241,0.0,0.0,4.81573720702104,0.0,0.0,0.0,0.0,0.0
l2708744.2,0.0,4.199023223957884,0.0,0.0,0.0,0.0,0.0,0.0,0.0,0.0,0.0,0.0
l2897790.3,0.0,0.0,6.569831309991355,0.0,0.0,0.0,0.0,0.0,2.123331218033841,0.0,0.0,0.0
l2935566.3,0.0,0.0,6.670996889030911,0.0,0.0,0.0,0.0,0.0,2.224496797073397,0.0,0.0,0.0
l3216337.1,10.879010616089069,0.0,0.0,3.9344080014366334,0.0,0.0,6.413456541430431,0.0,0.0,0.0,0.0,0.0
l3120503.1,17.563920974092348,0.0,0.0,10.619318359439918,0.0,0.0,13.098366899433715,0.0,0.0,0.0,0.0,0.0
l3215385.1,5.561516563051358,0.0,0.0,0.0,0.0,0.0,0.0,0.0,0.0,0.0,0.0,0.0
l3215385.2,0.0,5.552639972384462,0.0,0.0,0.0,0.0,0.0,0.0,0.0,0.0,0.0,0.0
l3215385.3,0.0,0.0,5.539722360672854,0.0,0.0,0.0,0.0,0.0,0.0,0.0,0.0,0.0
l3157708.3,0.0,0.0,8.14555708214384,0.0,0.0,1.2252534622713842,0.0,0.0,3.699056990186326,0.0,0.0,0.0
l3048205.3,0.0,0.0,5.424213193131482,0.0,0.0,0.0,0.0,0.0,0.0,0.0,0.0,0.0
l2673317.1,12.98352369196572,0.0,0.0,6.038921077313288,0.0,0.0,8.517969617307086,0.0,0.0,0.0,0.0,0.0
l3178981.2,0.0,10.007473643630563,0.0,0.0,0.0,0.0,0.0,0.0,0.0,0.0,3.4989503093443566,0.0
l2879794.1,3.1742047539374543,0.0,0.0,0.0,0.0,0.0,0.0,0.0,0.0,0.0,0.0,0.0
l2785536.2,0.0,7.863500574208414,0.0,0.0,0.0,0.0,0.0,3.335939967599435,0.0,0.0,0.0,0.0
l3104114.2,0.0,12.477107170222684,0.0,0.0,5.4433047636396825,0.0,0.0,7.949546563613701,0.0,0.0,0.0,0.0
l2673308.2,0.0,9.953688243935224,0.0,0.0,2.9198858373522243,0.0,0.0,5.426127637326243,0.0,0.0,0.0,0.0
l2991939.2,0.0,10.07702159841984,0.0,0.0,3.0432191918368408,0.0,0.0,5.549460991810859,0.0,0.0,0.0,0.0
l2916606.3,0.0,0.0,5.201307568544968,0.0,0.0,0.0,0.0,0.0,0.0,0.0,0.0,0.0
l2822864.3,0.0,0.0,5.319631791318716,0.0,0.0,0.0,0.0,0.0,0.0,0.0,0.0,0.0
l3141397.2,0.0,13.024507237022789,0.0,0.0,5.990704830439789,0.0,0.0,8.496946630413808,0.0,0.0,0.0,0.0
l3649299.1,8.800681830913632,0.0,0.0,1.856079216261201,0.0,0.0,4.335127756255,0.0,0.0,0.0,0.0,0.0
l3048887.2,0.0,3.3739380521795117,0.0,0.0,0.0,0.0,0.0,0.0,0.0,0.0,0.0,0.0
l2879072.2,0.0,13.061562581571396,0.0,0.0,6.027760174988398,0.0,0.0,8.534001974962415,0.0,0.0,0.0,0.0
l3235244.1,12.411468951530644,0.0,0.0,5.466866336878212,0.0,0.0,7.945914876872012,0.0,0.0,0.0,0.0,0.0
l2685805.1,11.142600621522943,0.0,0.0,4.197998006870513,0.0,0.0,6.677046546864312,0.0,0.0,0.0,0.0,0.0
l2786273.2,0.0,9.32730982546856,0.0,0.0,0.0,0.0,0.0,0.0,0.0,0.0,2.818786491182353,0.0
l3254238.2,0.0,12.002679351591071,0.0,0.0,0.0,0.0,0.0,0.0,0.0,0.0,5.494156017304865,0.0
l2897554.3,0.0,0.0,9.086543296662873,0.0,0.0,2.1662396767904157,0.0,0.0,4.640043204705356,0.0,0.0,0.0
l2897791.2,0.0,9.674226575389875,0.0,0.0,0.0,0.0,0.0,5.146665968780898,0.0,0.0,0.0,0.0
l2936214.1,4.089352053555845,0.0,0.0,0.0,0.0,0.0,0.0,0.0,0.0,0.0,0.0,0.0
l3066810.3,0.0,0.0,10.666722009908302,0.0,0.0,3.7464183900358456,0.0,0.0,6.220221917950787,0.0,0.0,0.0
l2897769.3,0.0,0.0,10.91533980201139,0.0,0.0,3.995036182138935,0.0,0.0,6.468839710053876,0.0,0.0,0.0
l2858166.1,7.624622123136883,0.0,0.0,0.6800195084844504,0.0,0.0,3.1590680484782494,0.0,0.0,0.0,0.0,0.0
l3081380.1,2.1274865165714183,0.0,0.0,0.0,0.0,0.0,0.0,0.0,0.0,0.0,0.0,0.0
l2804272.2,0.0,7.211270550044569,0.0,0.0,0.0,0.0,0.0,2.68370994343559,0.0,0.0,0.0,0.0
l2841641.2,0.0,7.325405024388366,0.0,0.0,0.0,0.0,0.0,2.7978444177793875,0.0,0.0,0.0,0.0
l3216348.1,15.903163801383323,0.0,0.0,8.958561186730892,0.0,0.0,11.43760972672469,0.0,0.0,0.0,0.0,0.0
l2841627.1,16.254147906764786,0.0,0.0,9.309545292112352,0.0,0.0,11.78859383210615,0.0,0.0,0.0,0.0,0.0
l2916599.1,10.210281752046424,0.0,0.0,3.265679137393992,0.0,0.0,5.74472767738779,0.0,0.0,0.0,0.0,0.0
l2954349.2,0.0,14.088148208297412,0.0,0.0,7.054345801714415,0.0,0.0,9.560587601688432,0.0,0.0,0.0,0.0
l3235246.2,0.0,13.770416945616429,0.0,0.0,6.73661453903343,0.0,0.0,9.24285633900745,0.0,0.0,0.0,0.0
l2711224.2,0.0,3.436057337965524,0.0,0.0,0.0,0.0,0.0,0.0,0.0,0.0,0.0,0.0
l3122817.3,0.0,0.0,10.536327160523788,0.0,0.0,3.616023540651331,0.0,0.0,6.089827068566272,0.0,0.0,0.0
l2861223.2,0.0,1.3867859209933306,0.0,0.0,0.0,0.0,0.0,0.0,0.0,0.0,0.0,0.0
l3085396.1,10.343699648397669,0.0,0.0,0.0,0.0,0.0,0.0,0.0,0.0,3.8253293018729577,0.0,0.0
l3160865.1,2.348706241247752,0.0,0.0,0.0,0.0,0.0,0.0,0.0,0.0,0.0,0.0,0.0
l2673323.3,0.0,0.0,12.318669259925784,0.0,0.0,5.398365640053327,0.0,0.0,7.872169167968268,0.0,0.0,0.0
l2822869.1,8.679496888151666,0.0,0.0,1.7348942734992328,0.0,0.0,4.213942813493032,0.0,0.0,0.0,0.0,0.0
l2729410.3,0.0,0.0,8.892996676928373,0.0,0.0,1.9726930570559185,0.0,0.0,4.44649658497086,0.0,0.0,0.0
l3178978.1,13.645605906638584,0.0,0.0,6.70100329198615,0.0,0.0,9.180051831979949,0.0,0.0,0.0,0.0,0.0
l3066805.1,12.213180816857424,0.0,0.0,5.26857820220499,0.0,0.0,7.74762674219879,0.0,0.0,0.0,0.0,0.0
l3216358.1,9.859047663271689,0.0,0.0,2.914445048619252,0.0,0.0,5.393493588613051,0.0,0.0,0.0,0.0,0.0
l2804259.1,14.319689425039634,0.0,0.0,0.0,0.0,0.0,0.0,0.0,0.0,7.801319078514924,0.0,0.0
l2879767.2,0.0,3.221070962932756,0.0,0.0,0.0,0.0,0.0,0.0,0.0,0.0,0.0,0.0
l3066809.3,0.0,0.0,10.255683541626372,0.0,0.0,3.3353799217539155,0.0,0.0,5.809183449668858,0.0,0.0,0.0
l2954338.2,0.0,12.633380946624136,0.0,0.0,5.599578540041135,0.0,0.0,8.105820340015153,0.0,0.0,0.0,0.0
l2841648.1,15.852185618321524,0.0,0.0,8.907583003669092,0.0,0.0,11.38663154366289,0.0,0.0,0.0,0.0,0.0
l2954347.2,0.0,12.24950847239199,0.0,0.0,5.215706065808988,0.0,0.0,7.721947865783006,0.0,0.0,0.0,0.0
l3027124.3,0.0,0.0,6.294660091966263,0.0,0.0,0.0,0.0,0.0,0.0,0.0,0.0,0.0
l2691948.2,0.0,14.62793183381124,0.0,0.0,7.594129427228243,0.0,0.0,10.10037122720226,0.0,0.0,0.0,0.0
l2710542.2,0.0,11.733460280983168,0.0,0.0,4.699657874400167,0.0,0.0,7.205899674374185,0.0,0.0,0.0,0.0
l2917330.1,3.3915825531413764,0.0,0.0,0.0,0.0,0.0,0.0,0.0,0.0,0.0,0.0,0.0
l2861222.1,3.563289130968451,0.0,0.0,0.0,0.0,0.0,0.0,0.0,0.0,0.0,0.0,0.0
l2878848.3,0.0,0.0,8.720291526841974,0.0,0.0,1.799987906969517,0.0,0.0,4.273791434884458,0.0,0.0,0.0
l3177665.1,9.30858630582972,0.0,0.0,2.3639836911772885,0.0,0.0,4.843032231171088,0.0,0.0,0.0,0.0,0.0
l2805036.2,0.0,9.66162286493199,0.0,0.0,0.0,0.0,0.0,0.0,0.0,0.0,3.1530995306457847,0.0
l2692654.1,3.092826436687077,0.0,0.0,0.0,0.0,0.0,0.0,0.0,0.0,0.0,0.0,0.0
l3141400.1,5.58704732255449,0.0,0.0,0.0,0.0,0.0,0.0,0.0,0.0,0.0,0.0,0.0
l3048210.1,15.05601042860146,0.0,0.0,0.0,0.0,0.0,0.0,0.0,0.0,8.53764008207675,0.0,0.0
l3214055.3,0.0,0.0,14.367810003715622,0.0,0.0,0.0,0.0,0.0,0.0,0.0,0.0,7.870486317617739
l2936279.3,0.0,0.0,4.123904350094933,0.0,0.0,0.0,0.0,0.0,0.0,0.0,0.0,0.0
l2841634.2,0.0,16.055155732475978,0.0,0.0,9.02135332589298,0.0,0.0,11.527595125866997,0.0,0.0,0.0,0.0
l3010570.1,14.504863837458,0.0,0.0,0.0,0.0,0.0,0.0,0.0,0.0,7.986493490933289,0.0,0.0
l2879061.2,0.0,12.848975849108916,0.0,0.0,5.815173442525917,0.0,0.0,8.321415242499935,0.0,0.0,0.0,0.0
l2891575.3,0.0,0.0,8.05197783930177,0.0,0.0,0.0,0.0,0.0,0.0,0.0,0.0,0.0
l2897793.1,6.714825056461717,0.0,0.0,0.0,0.0,0.0,2.249270981803084,0.0,0.0,0.0,0.0,0.0
l3197637.3,0.0,0.0,7.777797105356253,0.0,0.0,0.0,0.0,0.0,0.0,0.0,0.0,1.2804734192583722
l3197635.2,0.0,13.607165307343813,0.0,0.0,6.573362900760815,0.0,0.0,9.079604700734832,0.0,0.0,0.0,0.0
l2804257.2,0.0,13.61685199324878,0.0,0.0,6.583049586665777,0.0,0.0,9.089291386639797,0.0,0.0,0.0,0.0
l2860485.2,0.0,13.702204918605238,0.0,0.0,6.668402512022235,0.0,0.0,9.174644311996255,0.0,0.0,0.0,0.0
l3235945.3,0.0,0.0,5.214354571911682,0.0,0.0,0.0,0.0,0.0,0.767854479954167,0.0,0.0,0.0
l2842330.3,0.0,0.0,5.27569244554311,0.0,0.0,0.0,0.0,0.0,0.8291923535855952,0.0,0.0,0.0
l2804254.1,12.354479028747798,0.0,0.0,5.409876414095364,0.0,0.0,7.8889249540891635,0.0,0.0,0.0,0.0,0.0
l2710509.3,0.0,0.0,6.189068003211993,0.0,0.0,0.0,0.0,0.0,0.0,0.0,0.0,0.0
l2763072.2,0.0,15.49638315158816,0.0,0.0,0.0,0.0,0.0,0.0,0.0,0.0,8.987859817301953,0.0
l3010560.2,0.0,9.557697265148716,0.0,0.0,2.5238948585657166,0.0,0.0,5.030136658539735,0.0,0.0,0.0,0.0
l3254219.3,0.0,0.0,10.387052084538675,0.0,0.0,0.0,0.0,0.0,0.0,0.0,0.0,3.8897283984407935
l3254220.3,0.0,0.0,10.4792199550512,0.0,0.0,0.0,0.0,0.0,0.0,0.0,0.0,3.981896268953318
l2691951.3,0.0,0.0,7.380284672727268,0.0,0.0,0.0,0.0,0.0,0.0,0.0,0.0,0.8829609866293877
l2841636.2,0.0,14.77987150013366,0.0,0.0,0.0,0.0,0.0,0.0,0.0,0.0,8.271348165847455,0.0
l2990826.1,5.550346124338179,0.0,0.0,0.0,0.0,0.0,0.0,0.0,0.0,0.0,0.0,0.0
l2990826.2,0.0,5.516801647182031,0.0,0.0,0.0,0.0,0.0,0.0,0.0,0.0,0.0,0.0
l2990826.3,0.0,0.0,5.451176669070421,0.0,0.0,0.0,0.0,0.0,0.0,0.0,0.0,0.0
l2911069.2,0.0,14.592721562759172,0.0,0.0,7.558919156176172,0.0,0.0,10.065160956150187,0.0,0.0,0.0,0.0
l2948732.2,0.0,14.910331948524176,0.0,0.0,7.876529541941176,0.0,0.0,10.382771341915191,0.0,0.0,0.0,0.0
l2876797.1,11.17998224744966,0.0,0.0,4.235379632797226,0.0,0.0,6.714428172791026,0.0,0.0,0.0,0.0,0.0
l3254227.2,0.0,6.929170809889803,0.0,0.0,0.0,0.0,0.0,2.401610203280824,0.0,0.0,0.0,0.0
l3217052.3,0.0,0.0,2.634508225074108,0.0,0.0,0.0,0.0,0.0,0.0,0.0,0.0,0.0
l2822861.1,11.017606115193232,0.0,0.0,4.073003500540801,0.0,0.0,6.552052040534599,0.0,0.0,0.0,0.0,0.0
l2935554.1,9.325143326508298,0.0,0.0,2.380540711855865,0.0,0.0,4.859589251849664,0.0,0.0,0.0,0.0,0.0
l2766750.3,0.0,0.0,13.060650365957448,0.0,0.0,0.0,0.0,0.0,0.0,0.0,0.0,6.563326679859565
l3649300.1,8.89381902929951,0.0,0.0,1.9492164146470787,0.0,0.0,4.428264954640878,0.0,0.0,0.0,0.0,0.0
l3066804.1,7.953679163438664,0.0,0.0,0.0,0.0,0.0,3.4881250887800306,0.0,0.0,0.0,0.0,0.0
l2691943.2,0.0,15.247568632808248,0.0,0.0,8.21376622622525,0.0,0.0,10.720008026199269,0.0,0.0,0.0,0.0
l3085388.2,0.0,18.347342619403005,0.0,0.0,0.0,0.0,0.0,0.0,0.0,0.0,11.8388192851168,0.0
l3233413.2,0.0,4.993549502384016,0.0,0.0,0.0,0.0,0.0,0.0,0.0,0.0,0.0,0.0
l3122827.1,11.654380430014132,0.0,0.0,4.7097778153617,0.0,0.0,7.188826355355499,0.0,0.0,0.0,0.0,0.0
l2954355.1,11.766581216462304,0.0,0.0,4.821978601809869,0.0,0.0,7.301027141803669,0.0,0.0,0.0,0.0,0.0
l2952003.2,0.0,4.537835076313007,0.0,0.0,0.0,0.0,0.0,0.0,0.0,0.0,0.0,0.0
l3008237.3,0.0,0.0,6.587443600477915,0.0,0.0,0.0,0.0,0.0,2.140943508520401,0.0,0.0,0.0
l3141399.3,0.0,0.0,9.618467050751612,0.0,0.0,0.0,0.0,0.0,0.0,0.0,0.0,3.1211433646537343
l3067507.3,0.0,0.0,2.273768300525335,0.0,0.0,0.0,0.0,0.0,0.0,0.0,0.0,0.0
l2692664.3,0.0,0.0,4.450572237960946,0.0,0.0,0.0,0.0,0.0,0.0,0.0,0.0,0.0
l2823544.1,5.527499566099904,0.0,0.0,0.0,0.0,0.0,0.0,0.0,0.0,0.0,0.0,0.0
l2973155.1,10.949105101191371,0.0,0.0,4.0045024865389385,0.0,0.0,6.483551026532738,0.0,0.0,0.0,0.0,0.0
l3216346.1,13.882851016397405,0.0,0.0,6.9382484017449695,0.0,0.0,9.417296941738767,0.0,0.0,0.0,0.0,0.0
l2858163.1,14.127678468324255,0.0,0.0,7.183075853671824,0.0,0.0,9.662124393665623,0.0,0.0,0.0,0.0,0.0
l2973149.2,0.0,15.288617932138097,0.0,0.0,8.254815525555095,0.0,0.0,10.761057325529116,0.0,0.0,0.0,0.0
l3086079.2,0.0,1.2353427783087552,0.0,0.0,0.0,0.0,0.0,0.0,0.0,0.0,0.0,0.0
l2710530.2,0.0,7.792808637484971,0.0,0.0,0.0,0.0,0.0,3.265248030875993,0.0,0.0,0.0,0.0
l2879074.1,13.405271197195708,0.0,0.0,6.460668582543277,0.0,0.0,8.939717122537074,0.0,0.0,0.0,0.0,0.0
l3027116.1,12.35130961590436,0.0,0.0,0.0,0.0,0.0,0.0,0.0,0.0,5.83293926937965,0.0,0.0
l2929261.1,9.325993642516927,0.0,0.0,2.381391027864494,0.0,0.0,4.860439567858294,0.0,0.0,0.0,0.0,0.0
l2973156.2,0.0,12.173407287440895,0.0,0.0,5.139604880857895,0.0,0.0,7.645846680831914,0.0,0.0,0.0,0.0
l2691945.3,0.0,0.0,8.379208556086533,0.0,0.0,0.0,0.0,0.0,0.0,0.0,0.0,1.881884869988653
l2989566.2,0.0,3.860492919446693,0.0,0.0,0.0,0.0,0.0,0.0,0.0,0.0,0.0,0.0
l2972704.3,0.0,0.0,7.751946202889595,0.0,0.0,0.0,0.0,0.0,0.0,0.0,0.0,1.2546225167917149
l3263051.3,0.0,0.0,7.828358296725092,0.0,0.0,0.0,0.0,0.0,0.0,0.0,0.0,1.3310346106272124
l2897776.3,0.0,0.0,9.51597300280456,0.0,0.0,0.0,0.0,0.0,0.0,0.0,0.0,3.0186493167066804
l2767414.3,0.0,0.0,3.906619447125257,0.0,0.0,0.0,0.0,0.0,0.0,0.0,0.0,0.0
l3066826.2,0.0,7.828839321177974,0.0,0.0,0.0,0.0,0.0,3.301278714568995,0.0,0.0,0.0,0.0
l2730187.1,1.8670003940684572,0.0,0.0,0.0,0.0,0.0,0.0,0.0,0.0,0.0,0.0,0.0
l3122825.1,14.424282626194788,0.0,0.0,0.0,0.0,0.0,0.0,0.0,0.0,7.905912279670079,0.0,0.0
l2991920.1,14.511706148048424,0.0,0.0,0.0,0.0,0.0,0.0,0.0,0.0,7.993335801523713,0.0,0.0
l3122826.1,10.903948530150847,0.0,0.0,0.0,0.0,0.0,0.0,0.0,0.0,4.385578183626136,0.0,0.0
l3142078.2,0.0,13.6602378599205,0.0,0.0,0.0,0.0,0.0,0.0,0.0,0.0,7.151714525634294,0.0
l2879752.2,0.0,13.918638489083266,0.0,0.0,0.0,0.0,0.0,0.0,0.0,0.0,7.410115154797059,0.0
l3122815.2,0.0,13.852306184643655,0.0,0.0,6.818503778060656,0.0,0.0,9.324745578034674,0.0,0.0,0.0,0.0
l2724120.3,0.0,0.0,9.464444390742033,0.0,0.0,0.0,0.0,0.0,0.0,0.0,0.0,2.9671207046441515
l2729429.1,10.080522025862566,0.0,0.0,3.135919411210133,0.0,0.0,5.6149679512039326,0.0,0.0,0.0,0.0,0.0
l3215549.2,0.0,12.710971562743842,0.0,0.0,5.677169156160844,0.0,0.0,8.183410956134862,0.0,0.0,0.0,0.0
l2897800.2,0.0,12.986373350154675,0.0,0.0,5.952570943571678,0.0,0.0,8.458812743545698,0.0,0.0,0.0,0.0
l2860481.3,0.0,0.0,10.561139250690056,0.0,0.0,3.6408356308176,0.0,0.0,6.114639158732542,0.0,0.0,0.0
l3195315.1,8.453903848263339,0.0,0.0,0.0,0.0,0.0,0.0,0.0,0.0,1.9355335017386304,0.0,0.0
l2897765.2,0.0,14.189030422976073,0.0,0.0,7.155228016393074,0.0,0.0,9.661469816367092,0.0,0.0,0.0,0.0
l2876814.1,11.251169846067894,0.0,0.0,4.30656723141546,0.0,0.0,6.78561577140926,0.0,0.0,0.0,0.0,0.0
l2897780.2,0.0,11.140439907861962,0.0,0.0,0.0,0.0,0.0,0.0,0.0,0.0,4.631916573575755,0.0
l2711226.2,0.0,2.5703432693976254,0.0,0.0,0.0,0.0,0.0,0.0,0.0,0.0,0.0,0.0
l3101789.1,13.20186794470997,0.0,0.0,6.257265330057537,0.0,0.0,8.736313870051337,0.0,0.0,0.0,0.0,0.0
l2841616.1,11.313849812443872,0.0,0.0,4.369247197791438,0.0,0.0,6.848295737785237,0.0,0.0,0.0,0.0,0.0
l2879062.3,0.0,0.0,7.822056762124615,0.0,0.0,0.0,0.0,0.0,0.0,0.0,0.0,0.0
l3157718.1,4.988698118582385,0.0,0.0,0.0,0.0,0.0,0.5231440439237512,0.0,0.0,0.0,0.0,0.0
l2691944.1,12.855209742297,0.0,0.0,5.910607127644566,0.0,0.0,8.389655667638365,0.0,0.0,0.0,0.0,0.0
l2804253.1,8.641424744520837,0.0,0.0,0.0,0.0,0.0,0.0,0.0,0.0,2.123054397996129,0.0,0.0
l3029500.1,14.016576658717234,0.0,0.0,7.0719740440648,0.0,0.0,9.5510225840586,0.0,0.0,0.0,0.0,0.0
l2954350.3,0.0,0.0,8.960400212219373,0.0,0.0,0.0,0.0,0.0,0.0,0.0,0.0,2.463076526121493
l2802481.1,4.890462082091309,0.0,0.0,0.0,0.0,0.0,0.0,0.0,0.0,0.0,0.0,0.0
l3214549.1,4.988481062703156,0.0,0.0,0.0,0.0,0.0,0.0,0.0,0.0,0.0,0.0,0.0
l2851933.1,11.712158908192956,0.0,0.0,4.767556293540523,0.0,0.0,7.246604833534323,0.0,0.0,0.0,0.0,0.0
l2851933.2,0.0,11.785228445976111,0.0,0.0,4.751426039393115,0.0,0.0,7.257667839367134,0.0,0.0,0.0,0.0
l2851933.3,0.0,0.0,11.705930325924356,0.0,0.0,4.785626706051898,0.0,0.0,7.259430233966841,0.0,0.0,0.0
l3207907.1,11.746087332066084,0.0,0.0,4.801484717413652,0.0,0.0,7.280533257407452,0.0,0.0,0.0,0.0,0.0
l3207907.2,0.0,11.819154902339408,0.0,0.0,4.785352495756409,0.0,0.0,7.291594295730428,0.0,0.0,0.0,0.0
l3207907.3,0.0,0.0,11.7398601453231,0.0,0.0,4.819556525450645,0.0,0.0,7.293360053365587,0.0,0.0,0.0
l2841619.3,0.0,0.0,9.611919256229202,0.0,0.0,0.0,0.0,0.0,0.0,0.0,0.0,0.0
l2916625.2,0.0,11.84167258593201,0.0,0.0,0.0,0.0,0.0,0.0,0.0,0.0,5.3331492516458034,0.0
l2822862.3,0.0,0.0,6.296259819292211,0.0,0.0,0.0,0.0,0.0,0.0,0.0,0.0,0.0
l3176661.3,0.0,0.0,8.572344386518498,0.0,0.0,0.0,0.0,0.0,0.0,0.0,0.0,0.0
l2970804.3,0.0,0.0,8.682998723201452,0.0,0.0,0.0,0.0,0.0,0.0,0.0,0.0,0.0
l2936275.2,0.0,1.6030050920348888,0.0,0.0,0.0,0.0,0.0,0.0,0.0,0.0,0.0,0.0
l2766722.2,0.0,14.177405147547647,0.0,0.0,7.143602740964651,0.0,0.0,9.649844540938668,0.0,0.0,0.0,0.0
l3142079.2,0.0,3.914803575773745,0.0,0.0,0.0,0.0,0.0,0.0,0.0,0.0,0.0,0.0
l2710504.2,0.0,15.14266033777448,0.0,0.0,8.108857931191482,0.0,0.0,10.6150997311655,0.0,0.0,0.0,0.0
l3197652.1,6.71920833346673,0.0,0.0,0.0,0.0,0.0,2.2536542588080968,0.0,0.0,0.0,0.0,0.0
l3270814.1,11.258250331694882,0.0,0.0,4.313647717042447,0.0,0.0,6.792696257036246,0.0,0.0,0.0,0.0,0.0
l2897778.1,15.094245833636258,0.0,0.0,0.0,0.0,0.0,0.0,0.0,0.0,8.57587548711155,0.0,0.0
l2785534.2,0.0,6.5818668881753455,0.0,0.0,0.0,0.0,0.0,2.0543062815663657,0.0,0.0,0.0,0.0
l3066801.3,0.0,0.0,8.923466287757915,0.0,0.0,0.0,0.0,0.0,0.0,0.0,0.0,2.4261426016600325
l2691967.2,0.0,6.596190031364508,0.0,0.0,0.0,0.0,0.0,2.0686294247555286,0.0,0.0,0.0,0.0
l2766718.3,0.0,0.0,8.273539263090665,0.0,0.0,0.0,0.0,0.0,0.0,0.0,0.0,1.7762155769927843
l3048206.1,8.470068940070833,0.0,0.0,0.0,0.0,0.0,0.0,0.0,0.0,1.9516985935461224,0.0,0.0
l2684420.2,0.0,14.576124384846068,0.0,0.0,7.54232197826307,0.0,0.0,10.048563778237089,0.0,0.0,0.0,0.0
l3157167.1,5.374189773684855,0.0,0.0,0.0,0.0,0.0,0.9086356990262208,0.0,0.0,0.0,0.0,0.0
l2879075.1,14.05440664148831,0.0,0.0,7.109804026835877,0.0,0.0,9.588852566829676,0.0,0.0,0.0,0.0,0.0
l3231269.2,0.0,14.833718912918696,0.0,0.0,7.799916506335696,0.0,0.0,10.306158306309714,0.0,0.0,0.0,0.0
l2914323.2,0.0,13.143519522947756,0.0,0.0,6.109717116364754,0.0,0.0,8.615958916338773,0.0,0.0,0.0,0.0
l2954351.3,0.0,0.0,9.591231306230933,0.0,0.0,0.0,0.0,0.0,0.0,0.0,0.0,3.093907620133054
l2897779.3,0.0,0.0,13.751316149917194,0.0,0.0,0.0,0.0,0.0,0.0,0.0,0.0,7.25399246381931
l2841626.3,0.0,0.0,8.79873299028324,0.0,0.0,0.0,0.0,0.0,0.0,0.0,0.0,2.30140930418536
l2711234.2,0.0,3.8565853104101575,0.0,0.0,0.0,0.0,0.0,0.0,0.0,0.0,0.0,0.0
l2973178.2,0.0,10.998852242980618,0.0,0.0,3.9650498363976174,0.0,0.0,6.471291636371637,0.0,0.0,0.0,0.0
l3160862.3,0.0,0.0,3.012708061197128,0.0,0.0,0.0,0.0,0.0,0.0,0.0,0.0,0.0
l3104850.3,0.0,0.0,3.2025398483323606,0.0,0.0,0.0,0.0,0.0,0.0,0.0,0.0,0.0
l2748130.2,0.0,10.545272628141992,0.0,0.0,0.0,0.0,0.0,0.0,0.0,0.0,4.036749293855786,0.0
l3085389.2,0.0,17.804238849497715,0.0,0.0,0.0,0.0,0.0,0.0,0.0,0.0,11.295715515211509,0.0
l2729405.2,0.0,9.337213170381972,0.0,0.0,0.0,0.0,0.0,0.0,0.0,0.0,2.828689836095766,0.0
l3251799.1,2.8029070359202994,0.0,0.0,0.0,0.0,0.0,0.0,0.0,0.0,0.0,0.0,0.0
l2897764.2,0.0,17.21934761435163,0.0,0.0,0.0,0.0,0.0,0.0,0.0,0.0,10.710824280065424,0.0
l2991901.2,0.0,13.91873449883543,0.0,0.0,6.884932092252431,0.0,0.0,9.391173892226448,0.0,0.0,0.0,0.0
l3251808.1,15.662222013660486,0.0,0.0,8.717619399008054,0.0,0.0,11.196667939001852,0.0,0.0,0.0,0.0,0.0
l3139086.2,0.0,14.791429607352104,0.0,0.0,7.757627200769106,0.0,0.0,10.263869000743124,0.0,0.0,0.0,0.0
l3029501.2,0.0,12.608206308272973,0.0,0.0,5.574403901689974,0.0,0.0,8.080645701663991,0.0,0.0,0.0,0.0
l2898526.3,0.0,0.0,3.547688379934229,0.0,0.0,0.0,0.0,0.0,0.0,0.0,0.0,0.0
l3048965.2,0.0,2.0306941996731256,0.0,0.0,0.0,0.0,0.0,0.0,0.0,0.0,0.0,0.0
l3216123.1,8.500621455805533,0.0,0.0,1.556018841153099,0.0,0.0,4.035067381146899,0.0,0.0,0.0,0.0,0.0
l2879073.3,0.0,0.0,8.148115059895963,0.0,0.0,0.0,0.0,0.0,0.0,0.0,0.0,1.650791373798082
l3048207.2,0.0,12.786241172998018,0.0,0.0,5.752438766415019,0.0,0.0,8.258680566389039,0.0,0.0,0.0,0.0
l3160868.2,0.0,4.1296764376433535,0.0,0.0,0.0,0.0,0.0,0.0,0.0,0.0,0.0,0.0
l3082988.2,0.0,4.168009116656947,0.0,0.0,0.0,0.0,0.0,0.0,0.0,0.0,0.0,0.0
l2936211.3,0.0,0.0,3.0833238898285678,0.0,0.0,0.0,0.0,0.0,0.0,0.0,0.0,0.0
l3645809.3,0.0,0.0,8.33765100660014,0.0,0.0,1.4173473867276831,0.0,0.0,3.891150914642624,0.0,0.0,0.0
l3125349.3,0.0,0.0,11.971771076085162,0.0,0.0,5.051467456212705,0.0,0.0,7.525270984127647,0.0,0.0,0.0
l3254216.1,16.453393942863595,0.0,0.0,9.50879132821116,0.0,0.0,11.987839868204958,0.0,0.0,0.0,0.0,0.0
l2785511.1,5.614689900643882,0.0,0.0,0.0,0.0,0.0,1.149135825985248,0.0,0.0,0.0,0.0,0.0
l2897784.2,0.0,13.150130554201173,0.0,0.0,0.0,0.0,0.0,0.0,0.0,0.0,6.641607219914968,0.0
l2673313.2,0.0,13.321317793862097,0.0,0.0,6.287515387279093,0.0,0.0,8.793757187253112,0.0,0.0,0.0,0.0
l3122835.2,0.0,8.212042265555498,0.0,0.0,0.0,0.0,0.0,3.68448165894652,0.0,0.0,0.0,0.0
l3234185.2,0.0,15.713254761192973,0.0,0.0,8.679452354609975,0.0,0.0,11.185694154583992,0.0,0.0,0.0,0.0
l3065750.2,0.0,15.903932794082715,0.0,0.0,8.870130387499717,0.0,0.0,11.376372187473736,0.0,0.0,0.0,0.0
l2991943.3,0.0,0.0,12.86835408656524,0.0,0.0,0.0,0.0,0.0,0.0,0.0,0.0,6.371030400467358
l2952013.1,10.104461659249136,0.0,0.0,3.1598590445967,0.0,0.0,5.638907584590499,0.0,0.0,0.0,0.0,0.0
l3159037.2,0.0,15.434882428902208,0.0,0.0,8.40108002231921,0.0,0.0,10.907321822293229,0.0,0.0,0.0,0.0
l2841645.3,0.0,0.0,15.412362472376024,0.0,0.0,8.492058852503568,0.0,0.0,10.96586238041851,0.0,0.0,0.0
l2955078.1,2.1529147021964623,0.0,0.0,0.0,0.0,0.0,0.0,0.0,0.0,0.0,0.0,0.0
l2821010.1,11.607457669739496,0.0,0.0,4.662855055087061,0.0,0.0,7.14190359508086,0.0,0.0,0.0,0.0,0.0
l3141411.3,0.0,0.0,13.362028846481929,0.0,0.0,6.44172522660947,0.0,0.0,8.915528754524413,0.0,0.0,0.0
l2973160.2,0.0,8.332073199092267,0.0,0.0,1.2982707925092671,0.0,0.0,3.804512592483286,0.0,0.0,0.0,0.0
l2801896.2,0.0,13.374126169775474,0.0,0.0,6.340323763192473,0.0,0.0,8.846565563166491,0.0,0.0,0.0,0.0
l3103822.3,0.0,0.0,7.939580008507543,0.0,0.0,1.019276388635087,0.0,0.0,3.4930799165500286,0.0,0.0,0.0
l2729428.1,12.53515753855108,0.0,0.0,5.590554923898646,0.0,0.0,8.069603463892445,0.0,0.0,0.0,0.0,0.0
l3011293.1,1.4189710064990284,0.0,0.0,0.0,0.0,0.0,0.0,0.0,0.0,0.0,0.0,0.0
l3011293.2,0.0,1.4390623699483396,0.0,0.0,0.0,0.0,0.0,0.0,0.0,0.0,0.0,0.0
l3011293.3,0.0,0.0,1.4118870124754743,0.0,0.0,0.0,0.0,0.0,0.0,0.0,0.0,0.0
l3233353.1,11.948212437281237,0.0,0.0,5.0036098226288015,0.0,0.0,7.482658362622601,0.0,0.0,0.0,0.0,0.0
l3029506.2,0.0,8.039077665259896,0.0,0.0,1.0052752586768965,0.0,0.0,3.5115170586509152,0.0,0.0,0.0,0.0
l3010559.1,12.73054238472311,0.0,0.0,5.785939770070678,0.0,0.0,8.264988310064478,0.0,0.0,0.0,0.0,0.0
l3178977.3,0.0,0.0,8.684241497275142,0.0,0.0,0.0,0.0,0.0,0.0,0.0,0.0,2.1869178111772607
l2691965.2,0.0,6.615633318236368,0.0,0.0,0.0,0.0,0.0,2.088072711627388,0.0,0.0,0.0,0.0
l2785538.1,6.592869374668042,0.0,0.0,0.0,0.0,0.0,2.127315300009408,0.0,0.0,0.0,0.0,0.0
l2710543.3,0.0,0.0,10.708383258677138,0.0,0.0,3.788079638804682,0.0,0.0,6.261883166719624,0.0,0.0,0.0
l3160872.3,0.0,0.0,2.1628145375969137,0.0,0.0,0.0,0.0,0.0,0.0,0.0,0.0,0.0
l2879069.1,11.95727438989566,0.0,0.0,5.012671775243226,0.0,0.0,7.491720315237026,0.0,0.0,0.0,0.0,0.0
l2955006.3,0.0,0.0,5.085572839975067,0.0,0.0,0.0,0.0,0.0,0.6390727480175521,0.0,0.0,0.0
l2692600.3,0.0,0.0,5.171619416608767,0.0,0.0,0.0,0.0,0.0,0.7251193246512517,0.0,0.0,0.0
l3029505.3,0.0,0.0,7.263558033957047,0.0,0.0,0.3432544140845903,0.0,0.0,2.817057941999532,0.0,0.0,0.0
l2673318.3,0.0,0.0,7.406584549407836,0.0,0.0,0.48628092953538,0.0,0.0,2.960084457450322,0.0,0.0,0.0
l2691949.2,0.0,13.288149505623217,0.0,0.0,6.254347099040216,0.0,0.0,8.760588899014236,0.0,0.0,0.0,0.0
l3085403.1,12.475977220728849,0.0,0.0,5.5313746060764135,0.0,0.0,8.010423146070213,0.0,0.0,0.0,0.0,0.0
l3235255.2,0.0,11.224046591208424,0.0,0.0,0.0,0.0,0.0,0.0,0.0,0.0,4.715523256922216,0.0
l3120484.3,0.0,0.0,9.769854075491642,0.0,0.0,2.849550455619185,0.0,0.0,5.323353983534126,0.0,0.0,0.0
l2879078.1,12.272728511067294,0.0,0.0,5.328125896414861,0.0,0.0,7.80717443640866,0.0,0.0,0.0,0.0,0.0
l3232902.1,3.793628356441391,0.0,0.0,0.0,0.0,0.0,0.0,0.0,0.0,0.0,0.0,0.0
l3123509.3,0.0,0.0,1.4236181690306982,0.0,0.0,0.0,0.0,0.0,0.0,0.0,0.0,0.0
l2859403.1,3.685261193704629,0.0,0.0,0.0,0.0,0.0,0.0,0.0,0.0,0.0,0.0,0.0
l2917328.2,0.0,3.12765153695156,0.0,0.0,0.0,0.0,0.0,0.0,0.0,0.0,0.0,0.0
l2841635.1,8.565206945703812,0.0,0.0,1.620604331051379,0.0,0.0,4.099652871045178,0.0,0.0,0.0,0.0,0.0
l2766499.3,0.0,0.0,8.879411299033006,0.0,0.0,1.959107679160549,0.0,0.0,4.43291120707549,0.0,0.0,0.0
l2802480.2,0.0,4.718109701300851,0.0,0.0,0.0,0.0,0.0,0.0,0.0,0.0,0.0,0.0
l2691954.2,0.0,13.116286735725122,0.0,0.0,0.0,0.0,0.0,0.0,0.0,0.0,6.607763401438917,0.0
l3122849.2,0.0,13.239487828720408,0.0,0.0,0.0,0.0,0.0,0.0,0.0,0.0,6.730964494434201,0.0
l2764411.3,0.0,0.0,8.096523819241593,0.0,0.0,0.0,0.0,0.0,0.0,0.0,0.0,0.0
l2729206.3,0.0,0.0,8.561020804747315,0.0,0.0,1.6407171848748583,0.0,0.0,4.1145207127898,0.0,0.0,0.0
l2804957.3,0.0,0.0,8.33129889076834,0.0,0.0,0.0,0.0,0.0,0.0,0.0,0.0,0.0
l3048937.3,0.0,0.0,8.41696313941746,0.0,0.0,0.0,0.0,0.0,0.0,0.0,0.0,0.0
l2822872.2,0.0,8.743445056449954,0.0,0.0,1.7096426498669528,0.0,0.0,4.215884449840972,0.0,0.0,0.0,0.0
l3235946.1,4.832180076389022,0.0,0.0,0.0,0.0,0.0,0.0,0.0,0.0,0.0,0.0,0.0
l3156034.1,13.728095517106231,0.0,0.0,6.7834929024538,0.0,0.0,9.2625414424476,0.0,0.0,0.0,0.0,0.0
l3254205.3,0.0,0.0,13.71065724793182,0.0,0.0,0.0,0.0,0.0,0.0,0.0,0.0,7.213333561833936
l3197647.1,10.25060989804414,0.0,0.0,3.306007283391707,0.0,0.0,5.785055823385507,0.0,0.0,0.0,0.0,0.0
l2973833.2,0.0,1.5464797366804974,0.0,0.0,0.0,0.0,0.0,0.0,0.0,0.0,0.0,0.0
l2991902.2,0.0,17.198091203877876,0.0,0.0,0.0,0.0,0.0,0.0,0.0,0.0,10.68956786959167,0.0
l3065696.1,14.687080988658131,0.0,0.0,7.7424783740057,0.0,0.0,10.2215269139995,0.0,0.0,0.0,0.0,0.0
l2748780.1,5.394757257409791,0.0,0.0,0.0,0.0,0.0,0.0,0.0,0.0,0.0,0.0,0.0
l3027122.1,4.279322102332813,0.0,0.0,0.0,0.0,0.0,0.0,0.0,0.0,0.0,0.0,0.0
l2841637.3,0.0,0.0,13.299468238515802,0.0,0.0,0.0,0.0,0.0,0.0,0.0,0.0,6.8021445524179205
l2710520.1,10.084032677114129,0.0,0.0,0.0,0.0,0.0,0.0,0.0,0.0,3.56566233058942,0.0,0.0
l3046854.2,0.0,14.45251649833924,0.0,0.0,7.418714091756244,0.0,0.0,9.92495589173026,0.0,0.0,0.0,0.0
l2766716.3,0.0,0.0,9.725454886857724,0.0,0.0,2.8051512669852685,0.0,0.0,5.27895479490021,0.0,0.0,0.0
l2973171.2,0.0,7.7456350440587185,0.0,0.0,0.0,0.0,0.0,3.218074437449739,0.0,0.0,0.0,0.0
l3085392.3,0.0,0.0,7.645932649397976,0.0,0.0,0.0,0.0,0.0,0.0,0.0,0.0,0.0
l3784018.1,11.072122063001148,0.0,0.0,4.127519448348715,0.0,0.0,6.606567988342515,0.0,0.0,0.0,0.0,0.0
l2973166.3,0.0,0.0,12.04650776193226,0.0,0.0,5.126204142059805,0.0,0.0,7.600007669974747,0.0,0.0,0.0
l3068944.2,0.0,3.229630925860232,0.0,0.0,0.0,0.0,0.0,0.0,0.0,0.0,0.0,0.0
l2936270.1,0.6265585711361801,0.0,0.0,0.0,0.0,0.0,0.0,0.0,0.0,0.0,0.0,0.0
l3086078.1,0.7427734252846176,0.0,0.0,0.0,0.0,0.0,0.0,0.0,0.0,0.0,0.0,0.0
l2748139.2,0.0,13.699907456184546,0.0,0.0,6.666105049601543,0.0,0.0,9.172346849575565,0.0,0.0,0.0,0.0
l2841631.3,0.0,0.0,12.863756794534677,0.0,0.0,5.943453174662221,0.0,0.0,8.417256702577163,0.0,0.0,0.0
l2916610.2,0.0,12.043103474120864,0.0,0.0,5.009301067537865,0.0,0.0,7.515542867511884,0.0,0.0,0.0,0.0
l2879076.3,0.0,0.0,7.529479830015966,0.0,0.0,0.0,0.0,0.0,0.0,0.0,0.0,1.0321561439180862
l2691939.2,0.0,12.704035396404697,0.0,0.0,5.670232989821694,0.0,0.0,8.176474789795714,0.0,0.0,0.0,0.0
l2933120.3,0.0,0.0,10.837516518540651,0.0,0.0,3.917212898668196,0.0,0.0,6.391016426583138,0.0,0.0,0.0
l3645810.3,0.0,0.0,8.500228877786366,0.0,0.0,1.5799252579139087,0.0,0.0,4.0537287858288495,0.0,0.0,0.0
l3649304.1,9.162405450356664,0.0,0.0,2.217802835704235,0.0,0.0,4.696851375698034,0.0,0.0,0.0,0.0,0.0
l3178969.2,0.0,13.191742744120452,0.0,0.0,6.1579403375374495,0.0,0.0,8.66418213751147,0.0,0.0,0.0,0.0
l2729401.2,0.0,13.33866641536514,0.0,0.0,6.304864008782139,0.0,0.0,8.811105808756158,0.0,0.0,0.0,0.0
l3235249.1,10.39210014235248,0.0,0.0,3.4474975277000475,0.0,0.0,5.926546067693846,0.0,0.0,0.0,0.0,0.0
l2954348.1,10.571730324944316,0.0,0.0,3.6271277102918815,0.0,0.0,6.10617625028568,0.0,0.0,0.0,0.0,0.0
l3066812.1,11.706367314349356,0.0,0.0,4.761764699696922,0.0,0.0,7.240813239690722,0.0,0.0,0.0,0.0,0.0
l2841622.1,11.839157761290096,0.0,0.0,4.894555146637662,0.0,0.0,7.373603686631461,0.0,0.0,0.0,0.0,0.0
l2823611.1,0.8108999343002978,0.0,0.0,0.0,0.0,0.0,0.0,0.0,0.0,0.0,0.0,0.0
l2991923.1,10.724801551325216,0.0,0.0,0.0,0.0,0.0,0.0,0.0,0.0,4.206431204800505,0.0,0.0
l2730163.3,0.0,0.0,2.8414149078155626,0.0,0.0,0.0,0.0,0.0,0.0,0.0,0.0,0.0
l3048196.2,0.0,7.932271655456604,0.0,0.0,0.0,0.0,0.0,0.0,0.0,0.0,1.423748321170397,0.0
l2673306.3,0.0,0.0,9.447772074291098,0.0,0.0,0.0,0.0,0.0,0.0,0.0,0.0,0.0
l2726973.1,8.82431494134477,0.0,0.0,1.8797123266923377,0.0,0.0,4.358760866686136,0.0,0.0,0.0,0.0,0.0
l2991640.3,0.0,0.0,6.803190646594644,0.0,0.0,0.0,0.0,0.0,0.0,0.0,0.0,0.0
l3160101.1,12.709603392534408,0.0,0.0,5.765000777881976,0.0,0.0,8.244049317875776,0.0,0.0,0.0,0.0,0.0
l2766741.1,11.654820055107312,0.0,0.0,4.710217440454878,0.0,0.0,7.189265980448678,0.0,0.0,0.0,0.0,0.0
l3178979.3,0.0,0.0,7.064374789648684,0.0,0.0,0.1440711697762282,0.0,0.0,2.61787469769117,0.0,0.0,0.0
l3254231.1,6.859632959208247,0.0,0.0,0.0,0.0,0.0,2.3940788845496126,0.0,0.0,0.0,0.0,0.0
l3728042.1,9.541681621438396,0.0,0.0,2.597079006785961,0.0,0.0,5.0761275467797615,0.0,0.0,0.0,0.0,0.0
l3728043.1,9.6366494639834,0.0,0.0,2.692046849330966,0.0,0.0,5.171095389324766,0.0,0.0,0.0,0.0,0.0
l2895461.1,11.35375120834713,0.0,0.0,4.409148593694695,0.0,0.0,6.888197133688495,0.0,0.0,0.0,0.0,0.0
l3029518.2,0.0,10.937539579010895,0.0,0.0,3.903737172427895,0.0,0.0,6.409978972401914,0.0,0.0,0.0,0.0
l2897807.2,0.0,11.07014945551902,0.0,0.0,4.036347048936018,0.0,0.0,6.542588848910037,0.0,0.0,0.0,0.0
l2785520.2,0.0,11.12064093497355,0.0,0.0,0.0,0.0,0.0,0.0,0.0,0.0,4.612117600687345,0.0
l3254869.2,0.0,3.407795788815756,0.0,0.0,0.0,0.0,0.0,0.0,0.0,0.0,0.0,0.0
l2798067.2,0.0,3.5110838170961496,0.0,0.0,0.0,0.0,0.0,0.0,0.0,0.0,0.0,0.0
l3102793.2,0.0,8.852409918147744,0.0,0.0,0.0,0.0,0.0,4.324849311538765,0.0,0.0,0.0,0.0
l2688693.3,0.0,0.0,4.846489894971262,0.0,0.0,0.0,0.0,0.0,0.0,0.0,0.0,0.0
l3048222.3,0.0,0.0,12.416071055078245,0.0,0.0,5.49576743520579,0.0,0.0,7.969570963120731,0.0,0.0,0.0
l3104117.3,0.0,0.0,11.197288997706137,0.0,0.0,4.27698537783368,0.0,0.0,6.750788905748623,0.0,0.0,0.0
l2690187.2,0.0,4.303971412950494,0.0,0.0,0.0,0.0,0.0,0.0,0.0,0.0,0.0,0.0
l2841628.1,5.9233141406367205,0.0,0.0,0.0,0.0,0.0,0.0,0.0,0.0,0.0,0.0,0.0
l2689678.2,0.0,12.317212726742746,0.0,0.0,0.0,0.0,0.0,0.0,0.0,0.0,5.80868939245654,0.0
l2692655.3,0.0,0.0,2.48090630669694,0.0,0.0,0.0,0.0,0.0,0.0,0.0,0.0,0.0
l3029520.2,0.0,14.88802330868242,0.0,0.0,7.8542209020994225,0.0,0.0,10.36046270207344,0.0,0.0,0.0,0.0
l2991906.1,6.514006078910956,0.0,0.0,0.0,0.0,0.0,0.0,0.0,0.0,0.0,0.0,0.0
l3066814.2,0.0,6.044538954153685,0.0,0.0,0.0,0.0,0.0,1.5169783475447052,0.0,0.0,0.0,0.0
l2748133.3,0.0,0.0,9.62367999771076,0.0,0.0,0.0,0.0,0.0,0.0,0.0,0.0,3.126356311612881
l3085399.3,0.0,0.0,9.782578525401442,0.0,0.0,0.0,0.0,0.0,0.0,0.0,0.0,3.2852548393035628
l2767342.1,5.300999352651799,0.0,0.0,0.0,0.0,0.0,0.0,0.0,0.0,0.0,0.0,0.0
l2710511.1,9.041729422293916,0.0,0.0,2.0971268076414837,0.0,0.0,4.576175347635283,0.0,0.0,0.0,0.0,0.0
l2766719.1,9.138368198353508,0.0,0.0,2.193765583701074,0.0,0.0,4.672814123694875,0.0,0.0,0.0,0.0,0.0
l3216342.2,0.0,10.38016813068285,0.0,0.0,3.346365724099851,0.0,0.0,5.8526075240738695,0.0,0.0,0.0,0.0
l2916607.3,0.0,0.0,14.05319188903783,0.0,0.0,7.132888269165374,0.0,0.0,9.606691797080314,0.0,0.0,0.0
l2710513.2,0.0,14.384286682114633,0.0,0.0,7.350484275531633,0.0,0.0,9.856726075505652,0.0,0.0,0.0,0.0
l2973165.1,9.168100494654857,0.0,0.0,2.223497880002423,0.0,0.0,4.702546419996223,0.0,0.0,0.0,0.0,0.0
l2785546.1,10.29770410467551,0.0,0.0,3.353101490023076,0.0,0.0,5.832150030016876,0.0,0.0,0.0,0.0,0.0
l3085393.3,0.0,0.0,7.956566604553215,0.0,0.0,0.0,0.0,0.0,0.0,0.0,0.0,0.0
l3178974.2,0.0,14.726424911514432,0.0,0.0,7.692622504931435,0.0,0.0,10.198864304905454,0.0,0.0,0.0,0.0
l3189189.2,0.0,11.719960062279023,0.0,0.0,4.686157655696025,0.0,0.0,7.192399455670044,0.0,0.0,0.0,0.0
l2821770.1,12.60953873453457,0.0,0.0,5.664936119882135,0.0,0.0,8.143984659875935,0.0,0.0,0.0,0.0,0.0
l3252336.2,0.0,4.806644117238448,0.0,0.0,0.0,0.0,0.0,0.0,0.0,0.0,0.0,0.0
l2820556.1,15.352443513895125,0.0,0.0,8.407840899242691,0.0,0.0,10.886889439236487,0.0,0.0,0.0,0.0,0.0
l3029499.1,12.649174946425624,0.0,0.0,0.0,0.0,0.0,0.0,0.0,0.0,6.130804599900912,0.0,0.0
l2991912.1,5.534261068567601,0.0,0.0,0.0,0.0,0.0,0.0,0.0,0.0,0.0,0.0,0.0
l3010569.1,12.155342759926228,0.0,0.0,0.0,0.0,0.0,0.0,0.0,0.0,5.636972413401516,0.0,0.0
l3216368.3,0.0,0.0,11.751355945669454,0.0,0.0,4.831052325796998,0.0,0.0,7.30485585371194,0.0,0.0,0.0
l2879081.1,12.235477949289969,0.0,0.0,5.290875334637533,0.0,0.0,7.769923874631332,0.0,0.0,0.0,0.0,0.0
l3104144.1,6.670485780154264,0.0,0.0,0.0,0.0,0.0,2.20493170549563,0.0,0.0,0.0,0.0,0.0
l2916619.2,0.0,8.413417936517355,0.0,0.0,0.0,0.0,0.0,3.885857329908376,0.0,0.0,0.0,0.0
l3179608.3,0.0,0.0,5.614124002795736,0.0,0.0,0.0,0.0,0.0,1.1676239108382205,0.0,0.0,0.0
l2990098.1,4.512526136008964,0.0,0.0,0.0,0.0,0.0,0.0,0.0,0.0,0.0,0.0,0.0
l2673326.2,0.0,13.643814383515968,0.0,0.0,6.610011976932968,0.0,0.0,9.116253776906984,0.0,0.0,0.0,0.0
l3122812.2,0.0,11.601182367993207,0.0,0.0,4.567379961410207,0.0,0.0,7.073621761384226,0.0,0.0,0.0,0.0
l2897806.3,0.0,0.0,9.707406510321311,0.0,0.0,0.0,0.0,0.0,0.0,0.0,0.0,0.0
l2822865.3,0.0,0.0,5.052954773687127,0.0,0.0,0.0,0.0,0.0,0.0,0.0,0.0,0.0
l3195321.1,5.682194560394214,0.0,0.0,0.0,0.0,0.0,0.0,0.0,0.0,0.0,0.0,0.0
l3197646.2,0.0,9.347214163613756,0.0,0.0,2.313411757030755,0.0,0.0,4.819653557004774,0.0,0.0,0.0,0.0
l2763153.1,12.835130249417958,0.0,0.0,0.0,0.0,0.0,0.0,0.0,0.0,6.316759902893248,0.0,0.0
l2766744.2,0.0,13.98376154256504,0.0,0.0,6.94995913598204,0.0,0.0,9.456200935956058,0.0,0.0,0.0,0.0
l3216370.1,11.368479462789011,0.0,0.0,0.0,0.0,0.0,0.0,0.0,0.0,4.850109116264302,0.0,0.0
l3216370.2,0.0,11.350587574221356,0.0,0.0,0.0,0.0,0.0,0.0,0.0,0.0,4.842064239935149,0.0
l3216370.3,0.0,0.0,11.34997036790595,0.0,0.0,0.0,0.0,0.0,0.0,0.0,0.0,4.852646681808068
l2674047.3,0.0,0.0,2.435666896273284,0.0,0.0,0.0,0.0,0.0,0.0,0.0,0.0,0.0
l3727711.1,9.206707149221389,0.0,0.0,2.262104534568953,0.0,0.0,4.741153074562754,0.0,0.0,0.0,0.0,0.0
l3086002.3,0.0,0.0,5.385279695689567,0.0,0.0,0.0,0.0,0.0,0.938779603732052,0.0,0.0,0.0
l3029503.3,0.0,0.0,7.804064025697716,0.0,0.0,0.0,0.0,0.0,0.0,0.0,0.0,1.3067403395998365
l3216343.3,0.0,0.0,7.373138352068017,0.0,0.0,0.0,0.0,0.0,0.0,0.0,0.0,0.0
l2748144.1,6.313900972718786,0.0,0.0,0.0,0.0,0.0,1.8483468980601525,0.0,0.0,0.0,0.0,0.0
l3010562.2,0.0,12.791243928594351,0.0,0.0,5.757441522011354,0.0,0.0,8.263683321985374,0.0,0.0,0.0,0.0
l3197629.2,0.0,12.505593918987245,0.0,0.0,0.0,0.0,0.0,0.0,0.0,0.0,5.997070584701037,0.0
l2766720.1,10.751425664536054,0.0,0.0,3.806823049883621,0.0,0.0,6.28587158987742,0.0,0.0,0.0,0.0,0.0
l3011298.3,0.0,0.0,3.808640236168533,0.0,0.0,0.0,0.0,0.0,0.0,0.0,0.0,0.0
l2991915.2,0.0,15.898618336235826,0.0,0.0,8.864815929652828,0.0,0.0,11.371057729626845,0.0,0.0,0.0,0.0
l2673320.2,0.0,15.984246366531323,0.0,0.0,8.950443959948325,0.0,0.0,11.456685759922342,0.0,0.0,0.0,0.0
l3729298.1,8.964244249868328,0.0,0.0,2.019641635215894,0.0,0.0,4.498690175209694,0.0,0.0,0.0,0.0,0.0
l3727707.1,9.04982961845938,0.0,0.0,2.1052270038069456,0.0,0.0,4.584275543800746,0.0,0.0,0.0,0.0,0.0
l3160123.1,10.38640165731884,0.0,0.0,3.441799042666408,0.0,0.0,5.920847582660207,0.0,0.0,0.0,0.0,0.0
l2897805.1,10.518213283668684,0.0,0.0,3.5736106690162512,0.0,0.0,6.05265920901005,0.0,0.0,0.0,0.0,0.0
l3197630.1,9.36021171353455,0.0,0.0,0.0,0.0,0.0,0.0,0.0,0.0,2.8418413670098404,0.0,0.0
l2785523.3,0.0,0.0,7.784310945625579,0.0,0.0,0.0,0.0,0.0,0.0,0.0,0.0,1.2869872595276988
l3141388.3,0.0,0.0,7.975608934412623,0.0,0.0,0.0,0.0,0.0,0.0,0.0,0.0,1.4782852483147426
l2991911.3,0.0,0.0,7.220797144483252,0.0,0.0,0.0,0.0,0.0,0.0,0.0,0.0,0.7234734583853718
l2970258.3,0.0,0.0,12.371003480157071,0.0,0.0,5.450699860284614,0.0,0.0,7.924503388199557,0.0,0.0,0.0
l2841632.2,0.0,7.006278787682843,0.0,0.0,0.0,0.0,0.0,2.478718181073864,0.0,0.0,0.0,0.0
l2805031.3,0.0,0.0,3.0389251944834776,0.0,0.0,0.0,0.0,0.0,0.0,0.0,0.0,0.0
l2860506.2,0.0,14.001493249933796,0.0,0.0,6.967690843350793,0.0,0.0,9.473932643324812,0.0,0.0,0.0,0.0
l2954346.2,0.0,14.236103553446698,0.0,0.0,7.202301146863701,0.0,0.0,9.70854294683772,0.0,0.0,0.0,0.0
l2879077.2,0.0,15.449866952555968,0.0,0.0,8.41606454597297,0.0,0.0,10.922306345946987,0.0,0.0,0.0,0.0
l3139366.1,1.5090736406643597,0.0,0.0,0.0,0.0,0.0,0.0,0.0,0.0,0.0,0.0,0.0
l2763812.3,0.0,0.0,12.76399468068129,0.0,0.0,5.843691060808832,0.0,0.0,8.317494588723774,0.0,0.0,0.0
l2951995.3,0.0,0.0,12.967955591941324,0.0,0.0,6.047651972068866,0.0,0.0,8.521455499983807,0.0,0.0,0.0
l3197638.1,10.307672648377556,0.0,0.0,3.363070033725124,0.0,0.0,5.842118573718922,0.0,0.0,0.0,0.0,0.0
l2860482.1,9.458876624436682,0.0,0.0,2.5142740097842484,0.0,0.0,4.993322549778047,0.0,0.0,0.0,0.0,0.0
l2804277.3,0.0,0.0,5.042280531523208,0.0,0.0,0.0,0.0,0.0,0.5957804395656929,0.0,0.0,0.0
l2991913.1,8.434808832412273,0.0,0.0,0.0,0.0,0.0,0.0,0.0,0.0,1.916438485887564,0.0,0.0
l3235273.2,0.0,8.075370083732746,0.0,0.0,0.0,0.0,0.0,3.5478094771237667,0.0,0.0,0.0,0.0
l3029502.1,6.343691946512667,0.0,0.0,0.0,0.0,0.0,0.0,0.0,0.0,0.0,0.0,0.0
l3066811.2,0.0,12.55723885729357,0.0,0.0,5.5234364507105695,0.0,0.0,8.02967825068459,0.0,0.0,0.0,0.0
l3197661.3,0.0,0.0,9.218934594417377,0.0,0.0,2.298630974544921,0.0,0.0,4.772434502459863,0.0,0.0,0.0
l3122848.3,0.0,0.0,9.316535011142651,0.0,0.0,2.396231391270197,0.0,0.0,4.870034919185138,0.0,0.0,0.0
l2860491.1,10.829640082079832,0.0,0.0,0.0,0.0,0.0,0.0,0.0,0.0,4.311269735555121,0.0,0.0
l2860491.2,0.0,10.812633248845072,0.0,0.0,0.0,0.0,0.0,0.0,0.0,0.0,4.3041099145588655,0.0
l2897770.3,0.0,0.0,7.921708312425808,0.0,0.0,0.0,0.0,0.0,0.0,0.0,0.0,0.0
l3104127.2,0.0,13.253674919921757,0.0,0.0,6.219872513338756,0.0,0.0,8.726114313312774,0.0,0.0,0.0,0.0
l2767343.3,0.0,0.0,8.201855372639162,0.0,0.0,0.0,0.0,0.0,0.0,0.0,0.0,0.0
l2786266.1,1.6117016530030437,0.0,0.0,0.0,0.0,0.0,0.0,0.0,0.0,0.0,0.0,0.0
l2785512.2,0.0,14.933668206245134,0.0,0.0,7.899865799662134,0.0,0.0,10.406107599636156,0.0,0.0,0.0,0.0
l3195327.1,16.326713718661438,0.0,0.0,9.382111104009004,0.0,0.0,11.861159644002802,0.0,0.0,0.0,0.0,0.0
l3104157.3,0.0,0.0,12.664632952931834,0.0,0.0,0.0,0.0,0.0,0.0,0.0,0.0,6.167309266833952
l2991927.2,0.0,13.831269950097306,0.0,0.0,6.797467543514305,0.0,0.0,9.303709343488324,0.0,0.0,0.0,0.0
l2804258.2,0.0,13.602034067556476,0.0,0.0,6.568231660973479,0.0,0.0,9.074473460947496,0.0,0.0,0.0,0.0
l2992656.1,1.6584296240290148,0.0,0.0,0.0,0.0,0.0,0.0,0.0,0.0,0.0,0.0,0.0
l2936271.1,2.805073392768842,0.0,0.0,0.0,0.0,0.0,0.0,0.0,0.0,0.0,0.0,0.0
l2916598.1,10.035189900505245,0.0,0.0,3.09058728585281,0.0,0.0,5.569635825846609,0.0,0.0,0.0,0.0,0.0
l2954344.3,0.0,0.0,10.505734069845948,0.0,0.0,3.585430449973492,0.0,0.0,6.059233977888434,0.0,0.0,0.0
l2897767.3,0.0,0.0,10.60338927621809,0.0,0.0,3.6830856563456345,0.0,0.0,6.156889184260576,0.0,0.0,0.0
l2876796.1,11.567358065528325,0.0,0.0,4.62275545087589,0.0,0.0,7.10180399086969,0.0,0.0,0.0,0.0,0.0
l3122810.2,0.0,14.8474505629508,0.0,0.0,7.813648156367803,0.0,0.0,10.319889956341822,0.0,0.0,0.0,0.0
l2860478.2,0.0,12.820079109977584,0.0,0.0,5.786276703394583,0.0,0.0,8.292518503368601,0.0,0.0,0.0,0.0
l2822858.2,0.0,12.938688755077797,0.0,0.0,5.904886348494795,0.0,0.0,8.411128148468814,0.0,0.0,0.0,0.0
l2841620.2,0.0,10.66090591292504,0.0,0.0,0.0,0.0,0.0,0.0,0.0,0.0,4.152382578638833,0.0
l3727709.1,9.226816022689828,0.0,0.0,2.2822134080373955,0.0,0.0,4.761261948031196,0.0,0.0,0.0,0.0,0.0
l3727710.1,9.330657733880466,0.0,0.0,2.386055119228033,0.0,0.0,4.865103659221834,0.0,0.0,0.0,0.0,0.0
l3179674.2,0.0,1.7771236338315548,0.0,0.0,0.0,0.0,0.0,0.0,0.0,0.0,0.0,0.0
l2803194.3,0.0,0.0,12.673787374754562,0.0,0.0,5.7534837548821045,0.0,0.0,8.227287282797047,0.0,0.0,0.0
l2804261.3,0.0,0.0,13.936490753955086,0.0,0.0,0.0,0.0,0.0,0.0,0.0,0.0,7.439167067857201
l3178980.3,0.0,0.0,14.12300678334459,0.0,0.0,0.0,0.0,0.0,0.0,0.0,0.0,7.625683097246704
l3123452.3,0.0,0.0,3.079109925019641,0.0,0.0,0.0,0.0,0.0,0.0,0.0,0.0,0.0
l2841629.3,0.0,0.0,7.589699237033948,0.0,0.0,0.0,0.0,0.0,0.0,0.0,0.0,1.092375550936068
l3254218.1,10.00752952383327,0.0,0.0,0.0,0.0,0.0,0.0,0.0,0.0,3.4891591773085597,0.0,0.0
l3778577.3,0.0,0.0,10.994513653034964,0.0,0.0,4.07421003316251,0.0,0.0,6.548013561077451,0.0,0.0,0.0
l2820531.2,0.0,8.366450733695448,0.0,0.0,1.3326483271124483,0.0,0.0,3.838890127086467,0.0,0.0,0.0,0.0
l3626914.3,0.0,0.0,8.050880870503928,0.0,0.0,0.0,0.0,0.0,0.0,0.0,0.0,1.5535571844060467
l2955077.3,0.0,0.0,2.0913418990736723,0.0,0.0,0.0,0.0,0.0,0.0,0.0,0.0,0.0
l3160098.1,5.453087585299102,0.0,0.0,0.0,0.0,0.0,0.987533510640468,0.0,0.0,0.0,0.0,0.0
l3104125.2,0.0,6.076815256144558,0.0,0.0,0.0,0.0,0.0,0.0,0.0,0.0,0.0,0.0
l3118855.3,0.0,0.0,5.568939789480768,0.0,0.0,0.0,0.0,0.0,1.1224396975232536,0.0,0.0,0.0
l3231255.3,0.0,0.0,5.606472791402831,0.0,0.0,0.0,0.0,0.0,1.159972699445316,0.0,0.0,0.0
l3235241.3,0.0,0.0,15.041607365754716,0.0,0.0,8.12130374588226,0.0,0.0,10.595107273797202,0.0,0.0,0.0
l2729409.2,0.0,13.877325311793076,0.0,0.0,6.843522905210077,0.0,0.0,9.349764705184096,0.0,0.0,0.0,0.0
l2841624.2,0.0,14.043718994346165,0.0,0.0,7.009916587763164,0.0,0.0,9.516158387737182,0.0,0.0,0.0,0.0
l3235254.3,0.0,0.0,8.588216796146316,0.0,0.0,1.6679131762738597,0.0,0.0,4.141716704188801,0.0,0.0,0.0
l2766747.1,14.428387733902374,0.0,0.0,7.483785119249942,0.0,0.0,9.96283365924374,0.0,0.0,0.0,0.0,0.0
l2822877.2,0.0,11.87140930918609,0.0,0.0,4.837606902603089,0.0,0.0,7.343848702577108,0.0,0.0,0.0,0.0
l3198347.3,0.0,0.0,2.6436749490304163,0.0,0.0,0.0,0.0,0.0,0.0,0.0,0.0,0.0
l3226771.1,12.082299900018828,0.0,0.0,5.137697285366396,0.0,0.0,7.616745825360195,0.0,0.0,0.0,0.0,0.0
l3189190.1,12.314808975718764,0.0,0.0,5.370206361066331,0.0,0.0,7.849254901060131,0.0,0.0,0.0,0.0,0.0
l2991918.2,0.0,17.052445847646005,0.0,0.0,0.0,0.0,0.0,0.0,0.0,0.0,10.5439225133598,0.0
l2954339.2,0.0,17.966083844964675,0.0,0.0,0.0,0.0,0.0,0.0,0.0,0.0,11.45756051067847,0.0
l3048200.2,0.0,18.086423225313894,0.0,0.0,0.0,0.0,0.0,0.0,0.0,0.0,11.577899891027686,0.0
l3160861.3,0.0,0.0,2.55870512054814,0.0,0.0,0.0,0.0,0.0,0.0,0.0,0.0,0.0
l2804283.1,9.2349905173404,0.0,0.0,0.0,0.0,0.0,0.0,0.0,0.0,2.7166201708156947,0.0,0.0
l2916627.1,9.428169442814998,0.0,0.0,0.0,0.0,0.0,0.0,0.0,0.0,2.909799096290291,0.0,0.0
l3029498.3,0.0,0.0,5.21403369663808,0.0,0.0,0.0,0.0,0.0,0.0,0.0,0.0,0.0
l2973152.2,0.0,12.216486980718472,0.0,0.0,5.182684574135473,0.0,0.0,7.688926374109492,0.0,0.0,0.0,0.0
l2822870.3,0.0,0.0,9.244014108497495,0.0,0.0,2.3237104886250406,0.0,0.0,4.797514016539982,0.0,0.0,0.0
l2839305.1,1.6583731287524277,0.0,0.0,0.0,0.0,0.0,0.0,0.0,0.0,0.0,0.0,0.0
l2710508.2,0.0,15.985259866029253,0.0,0.0,8.951457459446255,0.0,0.0,11.457699259420274,0.0,0.0,0.0,0.0
l3082992.1,15.734382965179728,0.0,0.0,8.789780350527296,0.0,0.0,11.268828890521094,0.0,0.0,0.0,0.0,0.0
l3214069.3,0.0,0.0,2.940407767424907,0.0,0.0,0.0,0.0,0.0,0.0,0.0,0.0,0.0
l3197643.2,0.0,15.066981554944332,0.0,0.0,0.0,0.0,0.0,0.0,0.0,0.0,8.558458220658128,0.0
l2879087.1,10.254271722121365,0.0,0.0,3.309669107468929,0.0,0.0,5.788717647462728,0.0,0.0,0.0,0.0,0.0
l3552667.3,0.0,0.0,2.726733508182813,0.0,0.0,0.0,0.0,0.0,0.0,0.0,0.0,0.0
l2954357.1,10.310808909276592,0.0,0.0,3.3662062946241584,0.0,0.0,5.845254834617957,0.0,0.0,0.0,0.0,0.0
l2785530.1,12.109638326384896,0.0,0.0,5.165035711732462,0.0,0.0,7.644084251726261,0.0,0.0,0.0,0.0,0.0
l2822868.1,12.27549911050615,0.0,0.0,5.330896495853717,0.0,0.0,7.809945035847517,0.0,0.0,0.0,0.0,0.0
l2726983.1,15.222710062917947,0.0,0.0,8.278107448265516,0.0,0.0,10.757155988259314,0.0,0.0,0.0,0.0,0.0
l2821087.1,4.404365651349943,0.0,0.0,0.0,0.0,0.0,0.0,0.0,0.0,0.0,0.0,0.0
l2673310.1,9.539742706751516,0.0,0.0,0.0,0.0,0.0,0.0,0.0,0.0,3.021372360226809,0.0,0.0
l2936212.1,3.980134680268153,0.0,0.0,0.0,0.0,0.0,0.0,0.0,0.0,0.0,0.0,0.0
l2936213.2,0.0,4.66568946997976,0.0,0.0,0.0,0.0,0.0,0.1381288633707804,0.0,0.0,0.0,0.0
l2746587.3,0.0,0.0,11.822016375341388,0.0,0.0,4.901712755468932,0.0,0.0,7.375516283383872,0.0,0.0,0.0
l3120502.1,11.040420312151824,0.0,0.0,4.095817697499388,0.0,0.0,6.574866237493188,0.0,0.0,0.0,0.0,0.0
l2673331.2,0.0,7.54090151113548,0.0,0.0,0.0,0.0,0.0,3.0133409045265016,0.0,0.0,0.0,0.0
l3122816.2,0.0,10.835364112974023,0.0,0.0,3.8015617063910216,0.0,0.0,6.30780350636504,0.0,0.0,0.0,0.0
l3160103.3,0.0,0.0,11.45705936047681,0.0,0.0,4.536755740604353,0.0,0.0,7.010559268519295,0.0,0.0,0.0
l3027670.2,0.0,4.468516600516908,0.0,0.0,0.0,0.0,0.0,0.0,0.0,0.0,0.0,0.0
l2691941.3,0.0,0.0,15.263076292695754,0.0,0.0,8.342772672823298,0.0,0.0,10.81657620073824,0.0,0.0,0.0
l3159645.1,9.356563023749317,0.0,0.0,2.411960409096882,0.0,0.0,4.891008949090682,0.0,0.0,0.0,0.0,0.0
l3160863.3,0.0,0.0,0.7632918032005453,0.0,0.0,0.0,0.0,0.0,0.0,0.0,0.0,0.0
l3048199.2,0.0,16.28054535258005,0.0,0.0,9.246742945997052,0.0,0.0,11.752984745971071,0.0,0.0,0.0,0.0
l3067478.1,3.487119413370426,0.0,0.0,0.0,0.0,0.0,0.0,0.0,0.0,0.0,0.0,0.0
l2841615.1,10.721263733364207,0.0,0.0,3.776661118711775,0.0,0.0,6.255709658705573,0.0,0.0,0.0,0.0,0.0
l2673305.2,0.0,8.013403800883582,0.0,0.0,0.0,0.0,0.0,0.0,0.0,0.0,1.5048804665973747,0.0
l3104131.1,14.705160310330117,0.0,0.0,0.0,0.0,0.0,0.0,0.0,0.0,8.186789963805406,0.0,0.0
l2973167.2,0.0,11.41404221708206,0.0,0.0,4.38023981049906,0.0,0.0,6.886481610473079,0.0,0.0,0.0,0.0
l3067447.1,3.9622590326774247,0.0,0.0,0.0,0.0,0.0,0.0,0.0,0.0,0.0,0.0,0.0
l3139598.2,0.0,11.995058701658,0.0,0.0,0.0,0.0,0.0,0.0,0.0,0.0,5.486535367371794,0.0
l3085397.2,0.0,13.115616636749984,0.0,0.0,6.081814230166984,0.0,0.0,8.588056030141004,0.0,0.0,0.0,0.0
l2748140.1,13.961747731715208,0.0,0.0,7.017145117062774,0.0,0.0,9.496193657056574,0.0,0.0,0.0,0.0,0.0
l3141412.1,14.111840118026354,0.0,0.0,7.167237503373919,0.0,0.0,9.64628604336772,0.0,0.0,0.0,0.0,0.0
l3197632.2,0.0,11.982777447873788,0.0,0.0,4.9489750412907885,0.0,0.0,7.455216841264807,0.0,0.0,0.0,0.0
l2785524.3,0.0,0.0,7.962037622480894,0.0,0.0,0.0,0.0,0.0,0.0,0.0,0.0,1.4647139363830135
l2991921.3,0.0,0.0,13.068528542548329,0.0,0.0,0.0,0.0,0.0,0.0,0.0,0.0,6.571204856450447
l2710510.3,0.0,0.0,8.60554867558898,0.0,0.0,0.0,0.0,0.0,0.0,0.0,0.0,2.108224989491098
l3197628.3,0.0,0.0,8.721785726148426,0.0,0.0,0.0,0.0,0.0,0.0,0.0,0.0,2.224462040050545
l3104119.1,9.692085486697628,0.0,0.0,2.747482872045196,0.0,0.0,5.2265314120389945,0.0,0.0,0.0,0.0,0.0
l2842329.3,0.0,0.0,3.2339867879224893,0.0,0.0,0.0,0.0,0.0,0.0,0.0,0.0,0.0
l2973791.1,3.713597279966213,0.0,0.0,0.0,0.0,0.0,0.0,0.0,0.0,0.0,0.0,0.0
l3179650.2,0.0,3.8144034631098287,0.0,0.0,0.0,0.0,0.0,0.0,0.0,0.0,0.0,0.0
l2710516.1,12.69581530278252,0.0,0.0,5.751212688130087,0.0,0.0,8.230261228123886,0.0,0.0,0.0,0.0,0.0
l3160864.2,0.0,3.026468372482821,0.0,0.0,0.0,0.0,0.0,0.0,0.0,0.0,0.0,0.0
l2748157.1,7.030171595165563,0.0,0.0,0.0,0.0,0.0,2.5646175205069306,0.0,0.0,0.0,0.0,0.0
l3048212.1,9.98630216931758,0.0,0.0,3.0416995546651453,0.0,0.0,5.520748094658943,0.0,0.0,0.0,0.0,0.0
l3122824.1,14.650663680470563,0.0,0.0,0.0,0.0,0.0,0.0,0.0,0.0,8.132293333945853,0.0,0.0
l2879089.3,0.0,0.0,14.949282826732524,0.0,0.0,8.028979206860068,0.0,0.0,10.50278273477501,0.0,0.0,0.0
l2937757.3,0.0,0.0,3.7161359534412655,0.0,0.0,0.0,0.0,0.0,0.0,0.0,0.0,0.0
l3067448.3,0.0,0.0,3.832265736471253,0.0,0.0,0.0,0.0,0.0,0.0,0.0,0.0,0.0
l2897801.1,12.033656042035895,0.0,0.0,5.089053427383462,0.0,0.0,7.568101967377261,0.0,0.0,0.0,0.0,0.0
l2973169.1,14.540412265905111,0.0,0.0,7.595809651252678,0.0,0.0,10.07485819124648,0.0,0.0,0.0,0.0,0.0
l3197631.1,9.767282645490209,0.0,0.0,2.822680030837773,0.0,0.0,5.301728570831572,0.0,0.0,0.0,0.0,0.0
l2748127.1,9.868723446499786,0.0,0.0,2.9241208318473526,0.0,0.0,5.403169371841152,0.0,0.0,0.0,0.0,0.0
l2729408.2,0.0,10.575635782787325,0.0,0.0,3.541833376204323,0.0,0.0,6.048075176178342,0.0,0.0,0.0,0.0
l3048228.3,0.0,0.0,5.846797208334575,0.0,0.0,0.0,0.0,0.0,0.0,0.0,0.0,0.0
l2991940.3,0.0,0.0,5.977148127340109,0.0,0.0,0.0,0.0,0.0,0.0,0.0,0.0,0.0
l2728247.1,5.420103492501264,0.0,0.0,0.0,0.0,0.0,0.0,0.0,0.0,0.0,0.0,0.0
l2728247.2,0.0,5.386677573713331,0.0,0.0,0.0,0.0,0.0,0.0,0.0,0.0,0.0,0.0
l2728247.3,0.0,0.0,5.321000677804371,0.0,0.0,0.0,0.0,0.0,0.0,0.0,0.0,0.0
l2916234.1,14.502258255001182,0.0,0.0,7.55765564034875,0.0,0.0,10.036704180342548,0.0,0.0,0.0,0.0,0.0
l2673316.1,5.705044153529794,0.0,0.0,0.0,0.0,0.0,0.0,0.0,0.0,0.0,0.0,0.0
l3159448.1,12.320204470676911,0.0,0.0,5.375601856024477,0.0,0.0,7.854650396018276,0.0,0.0,0.0,0.0,0.0
l3048890.3,0.0,0.0,6.043742881969783,0.0,0.0,0.0,0.0,0.0,0.0,0.0,0.0,0.0
l3010563.1,13.485197766845683,0.0,0.0,6.54059515219325,0.0,0.0,9.01964369218705,0.0,0.0,0.0,0.0,0.0
l2841623.1,13.573573571712169,0.0,0.0,6.628970957059736,0.0,0.0,9.108019497053537,0.0,0.0,0.0,0.0,0.0
l2991908.1,10.538159711947246,0.0,0.0,3.5935570972948128,0.0,0.0,6.072605637288612,0.0,0.0,0.0,0.0,0.0
l3178973.1,10.682981504943852,0.0,0.0,3.7383788902914175,0.0,0.0,6.217427430285218,0.0,0.0,0.0,0.0,0.0
l2879068.2,0.0,11.901317569048931,0.0,0.0,4.867515162465934,0.0,0.0,7.373756962439954,0.0,0.0,0.0,0.0
l3066819.1,12.612865766176975,0.0,0.0,0.0,0.0,0.0,0.0,0.0,0.0,6.094495419652265,0.0,0.0
l3104853.3,0.0,0.0,2.363402851946323,0.0,0.0,0.0,0.0,0.0,0.0,0.0,0.0,0.0
l3234149.1,1.8168155007970257,0.0,0.0,0.0,0.0,0.0,0.0,0.0,0.0,0.0,0.0,0.0
l3234149.2,0.0,1.7986486229043637,0.0,0.0,0.0,0.0,0.0,0.0,0.0,0.0,0.0,0.0
l3234149.3,0.0,0.0,1.802056831594951,0.0,0.0,0.0,0.0,0.0,0.0,0.0,0.0,0.0
l2673346.3,0.0,0.0,11.75491892218682,0.0,0.0,0.0,0.0,0.0,0.0,0.0,0.0,5.257595236088938
l3254210.3,0.0,0.0,9.012057135978536,0.0,0.0,0.0,0.0,0.0,0.0,0.0,0.0,2.514733449880657
l2955005.2,0.0,3.560896392728015,0.0,0.0,0.0,0.0,0.0,0.0,0.0,0.0,0.0,0.0
l2936268.3,0.0,0.0,0.867237530327164,0.0,0.0,0.0,0.0,0.0,0.0,0.0,0.0,0.0
l2688692.2,0.0,4.9363568351035,0.0,0.0,0.0,0.0,0.0,0.0,0.0,0.0,0.0,0.0
l2804247.2,0.0,18.39027913090482,0.0,0.0,0.0,0.0,0.0,0.0,0.0,0.0,11.88175579661861,0.0
l3178971.1,12.638181668412464,0.0,0.0,5.693579053760028,0.0,0.0,8.172627593753827,0.0,0.0,0.0,0.0,0.0
l3728040.1,9.64228014395212,0.0,0.0,2.697677529299688,0.0,0.0,5.176726069293489,0.0,0.0,0.0,0.0,0.0
l3728041.1,9.696990315489916,0.0,0.0,2.752387700837485,0.0,0.0,5.231436240831286,0.0,0.0,0.0,0.0,0.0
l2766738.3,0.0,0.0,6.07161632270879,0.0,0.0,0.0,0.0,0.0,1.6251162307512756,0.0,0.0,0.0
l3104128.1,5.749814914997683,0.0,0.0,0.0,0.0,0.0,0.0,0.0,0.0,0.0,0.0,0.0
l2673315.1,5.97331264903448,0.0,0.0,0.0,0.0,0.0,0.0,0.0,0.0,0.0,0.0,0.0
l3047289.1,5.615885199801025,0.0,0.0,0.0,0.0,0.0,0.0,0.0,0.0,0.0,0.0,0.0
l3047289.2,0.0,5.606988573786532,0.0,0.0,0.0,0.0,0.0,0.0,0.0,0.0,0.0,0.0
l3047289.3,0.0,0.0,5.594293911767853,0.0,0.0,0.0,0.0,0.0,0.0,0.0,0.0,0.0
l2785516.2,0.0,8.856714214963596,0.0,0.0,0.0,0.0,0.0,0.0,0.0,0.0,2.348190880677389,0.0
l3048963.2,0.0,3.50790972582514,0.0,0.0,0.0,0.0,0.0,0.0,0.0,0.0,0.0,0.0
l2785525.3,0.0,0.0,8.034054157953468,0.0,0.0,0.0,0.0,0.0,0.0,0.0,0.0,1.5367304718555883
l3198356.3,0.0,0.0,5.762553150551072,0.0,0.0,0.0,0.0,0.0,0.0,0.0,0.0,0.0
l3197641.1,9.625554358811598,0.0,0.0,2.6809517441591657,0.0,0.0,5.160000284152965,0.0,0.0,0.0,0.0,0.0
l2973161.1,9.812822163433648,0.0,0.0,2.8682195487812145,0.0,0.0,5.347268088775014,0.0,0.0,0.0,0.0,0.0
l3085402.1,15.49564576377003,0.0,0.0,0.0,0.0,0.0,0.0,0.0,0.0,8.977275417245322,0.0,0.0
l2991909.1,10.26744397140256,0.0,0.0,3.322841356750128,0.0,0.0,5.801889896743927,0.0,0.0,0.0,0.0,0.0
l3082981.3,0.0,0.0,7.515932169513018,0.0,0.0,0.0,0.0,0.0,0.0,0.0,0.0,0.0
l3235275.2,0.0,13.669604116434291,0.0,0.0,0.0,0.0,0.0,0.0,0.0,0.0,7.161080782148086,0.0
l2915534.1,13.103785092942044,0.0,0.0,6.159182478289608,0.0,0.0,8.638231018283408,0.0,0.0,0.0,0.0,0.0
l2710519.1,12.409569863754603,0.0,0.0,0.0,0.0,0.0,0.0,0.0,0.0,5.891199517229893,0.0,0.0
l3141403.1,10.116835255528583,0.0,0.0,3.17223264087615,0.0,0.0,5.651281180869949,0.0,0.0,0.0,0.0,0.0
l3197633.1,12.19170698004424,0.0,0.0,5.247104365391805,0.0,0.0,7.726152905385605,0.0,0.0,0.0,0.0,0.0
l2710537.2,0.0,17.59346463323224,0.0,0.0,0.0,0.0,0.0,0.0,0.0,0.0,11.084941298946031,0.0
l2897789.2,0.0,9.702468861608292,0.0,0.0,0.0,0.0,0.0,5.174908254999314,0.0,0.0,0.0,0.0
l3160878.3,0.0,0.0,4.243435127079465,0.0,0.0,0.0,0.0,0.0,0.0,0.0,0.0,0.0
l2917336.3,0.0,0.0,4.616643019635889,0.0,0.0,0.0,0.0,0.0,0.0,0.0,0.0,0.0
l3214112.2,0.0,15.003887320008689,0.0,0.0,7.97008491342569,0.0,0.0,10.476326713399708,0.0,0.0,0.0,0.0
l3160104.2,0.0,15.152466250116932,0.0,0.0,8.118663843533934,0.0,0.0,10.624905643507953,0.0,0.0,0.0,0.0
l2973144.3,0.0,0.0,9.142545168786745,0.0,0.0,0.0,0.0,0.0,0.0,0.0,0.0,2.645221482688863
l2748152.2,0.0,12.564880754440347,0.0,0.0,5.531078347857346,0.0,0.0,8.037320147831366,0.0,0.0,0.0,0.0
l2955055.2,0.0,3.980260567048645,0.0,0.0,0.0,0.0,0.0,0.0,0.0,0.0,0.0,0.0
l2991907.1,8.147709538317223,0.0,0.0,0.0,0.0,0.0,0.0,0.0,0.0,1.6293391917925142,0.0,0.0
l3104830.3,0.0,0.0,4.12472102471251,0.0,0.0,0.0,0.0,0.0,0.0,0.0,0.0,0.0
l3197626.3,0.0,0.0,6.792194625679598,0.0,0.0,0.0,0.0,0.0,0.0,0.0,0.0,0.0
l3160102.2,0.0,10.808472534092507,0.0,0.0,3.774670127509508,0.0,0.0,6.280911927483527,0.0,0.0,0.0,0.0
l3160793.3,0.0,0.0,3.612750713246815,0.0,0.0,0.0,0.0,0.0,0.0,0.0,0.0,0.0
l3177881.3,0.0,0.0,11.452877971313812,0.0,0.0,4.532574351441356,0.0,0.0,7.006377879356297,0.0,0.0,0.0
l3048221.1,12.450969828136875,0.0,0.0,5.506367213484444,0.0,0.0,7.985415753478244,0.0,0.0,0.0,0.0,0.0
l2748128.3,0.0,0.0,7.162210544758182,0.0,0.0,0.0,0.0,0.0,0.0,0.0,0.0,0.0
l2913406.2,0.0,14.64747665410797,0.0,0.0,7.613674247524973,0.0,0.0,10.11991604749899,0.0,0.0,0.0,0.0
l2991922.1,10.535564146838412,0.0,0.0,0.0,0.0,0.0,0.0,0.0,0.0,4.017193800313701,0.0,0.0
l3104145.2,0.0,8.038519440335763,0.0,0.0,0.0,0.0,0.0,3.5109588337267827,0.0,0.0,0.0,0.0
l3649298.1,8.707833230297297,0.0,0.0,1.763230615644865,0.0,0.0,4.242279155638664,0.0,0.0,0.0,0.0,0.0
l3048211.1,11.148214966886476,0.0,0.0,0.0,0.0,0.0,0.0,0.0,0.0,4.629844620361766,0.0,0.0
l2766725.3,0.0,0.0,9.33555382986629,0.0,0.0,2.4152502099938338,0.0,0.0,4.889053737908776,0.0,0.0,0.0
l2673311.1,10.582151710538778,0.0,0.0,3.6375490958863455,0.0,0.0,6.116597635880144,0.0,0.0,0.0,0.0,0.0
l2785537.1,7.200069911512635,0.0,0.0,0.0,0.0,0.0,2.7345158368540026,0.0,0.0,0.0,0.0,0.0
l3066817.1,12.93532271096881,0.0,0.0,5.990720096316375,0.0,0.0,8.469768636310175,0.0,0.0,0.0,0.0,0.0
l2673319.3,0.0,0.0,13.080487830734343,0.0,0.0,6.160184210861888,0.0,0.0,8.633987738776831,0.0,0.0,0.0
l3104121.1,9.652727144952433,0.0,0.0,0.0,0.0,0.0,0.0,0.0,0.0,3.134356798427726,0.0,0.0
l3104113.1,9.70000910538286,0.0,0.0,0.0,0.0,0.0,0.0,0.0,0.0,3.181638758858154,0.0,0.0
l3104856.1,1.925206204873937,0.0,0.0,0.0,0.0,0.0,0.0,0.0,0.0,0.0,0.0,0.0
l2785518.3,0.0,0.0,9.645745203257578,0.0,0.0,0.0,0.0,0.0,0.0,0.0,0.0,3.1484215171596976
l2745806.3,0.0,0.0,11.46548963210979,0.0,0.0,4.545186012237336,0.0,0.0,7.018989540152278,0.0,0.0,0.0
l3157710.2,0.0,12.30796725547713,0.0,0.0,5.274164848894133,0.0,0.0,7.780406648868151,0.0,0.0,0.0,0.0
l2916605.3,0.0,0.0,4.913446663692997,0.0,0.0,0.0,0.0,0.0,0.0,0.0,0.0,0.0
l2804245.2,0.0,13.361756538669011,0.0,0.0,6.327954132086012,0.0,0.0,8.83419593206003,0.0,0.0,0.0,0.0
l3254915.2,0.0,3.78382332501321,0.0,0.0,0.0,0.0,0.0,0.0,0.0,0.0,0.0,0.0
l3727708.1,9.128939988257736,0.0,0.0,2.184337373605304,0.0,0.0,4.663385913599104,0.0,0.0,0.0,0.0,0.0
l3160105.3,0.0,0.0,8.798613926571733,0.0,0.0,0.0,0.0,0.0,0.0,0.0,0.0,2.301290240473852
l3235251.3,0.0,0.0,8.918996741987922,0.0,0.0,0.0,0.0,0.0,0.0,0.0,0.0,2.421673055890041
l3251807.1,17.43593215934657,0.0,0.0,10.49132954469414,0.0,0.0,12.97037808468794,0.0,0.0,0.0,0.0,0.0
l2992657.1,3.3125020299823267,0.0,0.0,0.0,0.0,0.0,0.0,0.0,0.0,0.0,0.0,0.0
l3197653.2,0.0,10.01426812569296,0.0,0.0,0.0,0.0,0.0,5.486707519083979,0.0,0.0,0.0,0.0
l2991929.2,0.0,8.748512624446002,0.0,0.0,0.0,0.0,0.0,4.220952017837024,0.0,0.0,0.0,0.0
l2895449.3,0.0,0.0,9.60867430825731,0.0,0.0,2.688370688384855,0.0,0.0,5.162174216299796,0.0,0.0,0.0
l3086074.3,0.0,0.0,2.6660744595718984,0.0,0.0,0.0,0.0,0.0,0.0,0.0,0.0,0.0
l3143999.1,12.15977755097474,0.0,0.0,5.215174936322308,0.0,0.0,7.6942234763161075,0.0,0.0,0.0,0.0,0.0
l3160115.2,0.0,7.377139326522249,0.0,0.0,0.0,0.0,0.0,2.8495787199132696,0.0,0.0,0.0,0.0
l2935567.2,0.0,7.5312932839983855,0.0,0.0,0.0,0.0,0.0,3.0037326773894057,0.0,0.0,0.0,0.0
l3253570.3,0.0,0.0,3.588722410996331,0.0,0.0,0.0,0.0,0.0,0.0,0.0,0.0,0.0
l3122814.3,0.0,0.0,10.503273054203431,0.0,0.0,3.5829694343309773,0.0,0.0,6.056772962245919,0.0,0.0,0.0
l2935556.2,0.0,12.913533202821863,0.0,0.0,5.879730796238862,0.0,0.0,8.38597259621288,0.0,0.0,0.0,0.0
l2692661.1,1.975193283204004,0.0,0.0,0.0,0.0,0.0,0.0,0.0,0.0,0.0,0.0,0.0
l2879079.2,0.0,15.334074142834334,0.0,0.0,0.0,0.0,0.0,0.0,0.0,0.0,8.825550808548128,0.0
l3216361.2,0.0,12.91764153114232,0.0,0.0,5.883839124559317,0.0,0.0,8.390080924533336,0.0,0.0,0.0,0.0
l3048209.2,0.0,16.07856478078805,0.0,0.0,9.044762374205051,0.0,0.0,11.551004174179068,0.0,0.0,0.0,0.0
l2896685.1,5.436673528275177,0.0,0.0,0.0,0.0,0.0,0.0,0.0,0.0,0.0,0.0,0.0
l2896685.2,0.0,5.403223293320157,0.0,0.0,0.0,0.0,0.0,0.0,0.0,0.0,0.0,0.0
l2896685.3,0.0,0.0,5.337474558761215,0.0,0.0,0.0,0.0,0.0,0.0,0.0,0.0,0.0
l2748135.1,14.058642740805062,0.0,0.0,0.0,0.0,0.0,0.0,0.0,0.0,7.540272394280352,0.0,0.0
l2767409.2,0.0,4.365081944606984,0.0,0.0,0.0,0.0,0.0,0.0,0.0,0.0,0.0,0.0
l3091052.1,16.768281520493094,0.0,0.0,9.82367890584066,0.0,0.0,12.302727445834456,0.0,0.0,0.0,0.0,0.0
l3215340.1,15.026674961845732,0.0,0.0,8.0820723471933,0.0,0.0,10.561120887187098,0.0,0.0,0.0,0.0,0.0
l3142050.3,0.0,0.0,5.8883943807926125,0.0,0.0,0.0,0.0,0.0,0.0,0.0,0.0,0.0
l2989432.2,0.0,13.177934534702471,0.0,0.0,6.144132128119471,0.0,0.0,8.650373928093492,0.0,0.0,0.0,0.0
l3066830.2,0.0,13.335049101029036,0.0,0.0,6.3012466944460375,0.0,0.0,8.807488494420058,0.0,0.0,0.0,0.0
l2991916.2,0.0,15.76796495605858,0.0,0.0,8.734162549475581,0.0,0.0,11.240404349449598,0.0,0.0,0.0,0.0
l3235243.3,0.0,0.0,12.908013926098288,0.0,0.0,5.987710306225832,0.0,0.0,8.461513834140774,0.0,0.0,0.0
l3727712.1,9.267841058573833,0.0,0.0,2.3232384439213964,0.0,0.0,4.802286983915197,0.0,0.0,0.0,0.0,0.0
l3236011.2,0.0,3.929166050260863,0.0,0.0,0.0,0.0,0.0,0.0,0.0,0.0,0.0,0.0
l3198358.2,0.0,4.147119905206394,0.0,0.0,0.0,0.0,0.0,0.0,0.0,0.0,0.0,0.0
l2860486.3,0.0,0.0,9.424864983035492,0.0,0.0,0.0,0.0,0.0,0.0,0.0,0.0,2.9275412969376124
l2916608.3,0.0,0.0,12.937590739708014,0.0,0.0,6.017287119835557,0.0,0.0,8.491090647750498,0.0,0.0,0.0
l2673300.2,0.0,17.449603506550606,0.0,0.0,0.0,0.0,0.0,0.0,0.0,0.0,10.9410801722644,0.0
l3030126.3,0.0,0.0,3.3924436763019843,0.0,0.0,0.0,0.0,0.0,0.0,0.0,0.0,0.0
l3254870.3,0.0,0.0,3.484470285932405,0.0,0.0,0.0,0.0,0.0,0.0,0.0,0.0,0.0
l2915542.1,5.165653565092715,0.0,0.0,0.0,0.0,0.0,0.0,0.0,0.0,0.0,0.0,0.0
l2915542.2,0.0,5.132508197079416,0.0,0.0,0.0,0.0,0.0,0.0,0.0,0.0,0.0,0.0
l2915542.3,0.0,0.0,5.067541668073195,0.0,0.0,0.0,0.0,0.0,0.0,0.0,0.0,0.0
l3085401.1,7.437638770298853,0.0,0.0,0.49303615564642,0.0,0.0,2.972084695640219,0.0,0.0,0.0,0.0,0.0
l3010557.1,5.341757949159545,0.0,0.0,0.0,0.0,0.0,0.8762038745009106,0.0,0.0,0.0,0.0,0.0
l3254213.2,0.0,13.77474331830209,0.0,0.0,6.740940911719087,0.0,0.0,9.247182711693108,0.0,0.0,0.0,0.0
l2690941.2,0.0,15.71888591625613,0.0,0.0,8.685083509673133,0.0,0.0,11.191325309647151,0.0,0.0,0.0,0.0
l2748839.2,0.0,3.731023547994463,0.0,0.0,0.0,0.0,0.0,0.0,0.0,0.0,0.0,0.0
l2876812.1,16.311404472504528,0.0,0.0,9.366801857852096,0.0,0.0,11.845850397845894,0.0,0.0,0.0,0.0,0.0
l3178972.3,0.0,0.0,9.184932460662717,0.0,0.0,2.264628840790259,0.0,0.0,4.738432368705201,0.0,0.0,0.0
l3448661.2,0.0,15.039327918257763,0.0,0.0,8.005525511674767,0.0,0.0,10.511767311648786,0.0,0.0,0.0,0.0
l2766715.2,0.0,12.935196208071224,0.0,0.0,5.901393801488222,0.0,0.0,8.40763560146224,0.0,0.0,0.0,0.0
l2972930.1,8.305615711916019,0.0,0.0,1.3610130972635863,0.0,0.0,3.840061637257385,0.0,0.0,0.0,0.0,0.0
l2879067.1,12.69536256767175,0.0,0.0,5.750759953019316,0.0,0.0,8.229808493013115,0.0,0.0,0.0,0.0,0.0
l3235252.2,0.0,12.705547154335202,0.0,0.0,5.671744747752204,0.0,0.0,8.17798654772622,0.0,0.0,0.0,0.0
l2785517.3,0.0,0.0,10.06383864183728,0.0,0.0,3.143535021964823,0.0,0.0,5.617338549879765,0.0,0.0,0.0
l3082993.1,18.39035525662848,0.0,0.0,11.44575264197605,0.0,0.0,13.924801181969848,0.0,0.0,0.0,0.0,0.0
l3122821.2,0.0,9.232710460555955,0.0,0.0,2.198908053972957,0.0,0.0,4.705149853946976,0.0,0.0,0.0,0.0
l2730108.3,0.0,0.0,1.3592623895314513,0.0,0.0,0.0,0.0,0.0,0.0,0.0,0.0,0.0
l2804260.2,0.0,16.582180195589217,0.0,0.0,0.0,0.0,0.0,0.0,0.0,0.0,10.07365686130301,0.0
l3085395.1,8.90358408910246,0.0,0.0,0.0,0.0,0.0,0.0,0.0,0.0,2.385213742577749,0.0,0.0
l3141401.1,7.154864952716004,0.0,0.0,0.2102623380635715,0.0,0.0,2.6893108780573707,0.0,0.0,0.0,0.0,0.0
l3104120.2,0.0,9.122955896165784,0.0,0.0,0.0,0.0,0.0,0.0,0.0,0.0,2.6144325618795783,0.0
l2763811.3,0.0,0.0,12.652985305941186,0.0,0.0,5.732681686068728,0.0,0.0,8.20648521398367,0.0,0.0,0.0
l3235256.1,9.590438288492484,0.0,0.0,0.0,0.0,0.0,0.0,0.0,0.0,3.0720679419677746,0.0,0.0
l3254230.1,6.954546038294528,0.0,0.0,0.0,0.0,0.0,2.488991963635895,0.0,0.0,0.0,0.0,0.0
l2814529.1,11.900116006541126,0.0,0.0,4.955513391888694,0.0,0.0,7.434561931882493,0.0,0.0,0.0,0.0,0.0
l2814529.2,0.0,11.97297724144232,0.0,0.0,4.939174834859322,0.0,0.0,7.44541663483334,0.0,0.0,0.0,0.0
l2814529.3,0.0,0.0,11.894236568215836,0.0,0.0,4.973932948343379,0.0,0.0,7.447736476258322,0.0,0.0,0.0
l2860484.2,0.0,11.902917469770646,0.0,0.0,4.869115063187646,0.0,0.0,7.375356863161666,0.0,0.0,0.0,0.0
l3150961.3,0.0,0.0,4.213638608765172,0.0,0.0,0.0,0.0,0.0,0.0,0.0,0.0,0.0
l2711225.3,0.0,0.0,2.384080609335491,0.0,0.0,0.0,0.0,0.0,0.0,0.0,0.0,0.0
l3030200.3,0.0,0.0,2.573786761993982,0.0,0.0,0.0,0.0,0.0,0.0,0.0,0.0,0.0
l2879054.1,6.6373765657837245,0.0,0.0,0.0,0.0,0.0,0.0,0.0,0.0,0.0,0.0,0.0
l2689691.1,12.941543837214818,0.0,0.0,5.996941222562384,0.0,0.0,8.475989762556184,0.0,0.0,0.0,0.0,0.0
l2820535.2,0.0,6.322429337801808,0.0,0.0,0.0,0.0,0.0,1.7948687311928273,0.0,0.0,0.0,0.0
l2727795.3,0.0,0.0,7.705899627864778,0.0,0.0,0.0,0.0,0.0,0.0,0.0,0.0,1.2085759417668969
l3086098.1,1.5072139883343418,0.0,0.0,0.0,0.0,0.0,0.0,0.0,0.0,0.0,0.0,0.0
l2822867.2,0.0,12.683900887284151,0.0,0.0,5.650098480701154,0.0,0.0,8.156340280675172,0.0,0.0,0.0,0.0
l3104859.2,0.0,4.350928697378548,0.0,0.0,0.0,0.0,0.0,0.0,0.0,0.0,0.0,0.0
l3101194.3,0.0,0.0,13.134630882685167,0.0,0.0,6.214327262812713,0.0,0.0,8.688130790727653,0.0,0.0,0.0
l2862616.3,0.0,0.0,13.380526897422447,0.0,0.0,6.460223277549992,0.0,0.0,8.934026805464931,0.0,0.0,0.0
l3066813.2,0.0,12.809575104253335,0.0,0.0,5.775772697670337,0.0,0.0,8.282014497644354,0.0,0.0,0.0,0.0
l2991910.2,0.0,12.9747831429017,0.0,0.0,5.940980736318702,0.0,0.0,8.447222536292719,0.0,0.0,0.0,0.0
l2785531.1,9.685593303237107,0.0,0.0,2.740990688584673,0.0,0.0,5.2200392285784725,0.0,0.0,0.0,0.0,0.0
l3179646.2,0.0,4.387434584741982,0.0,0.0,0.0,0.0,0.0,0.0,0.0,0.0,0.0,0.0
l3066818.2,0.0,9.89284804982551,0.0,0.0,0.0,0.0,0.0,0.0,0.0,0.0,3.384324715539303,0.0
l2954345.3,0.0,0.0,9.779823897133324,0.0,0.0,2.8595202772608683,0.0,0.0,5.33332380517581,0.0,0.0,0.0
l2804255.2,0.0,10.234314779295913,0.0,0.0,3.200512372712914,0.0,0.0,5.706754172686933,0.0,0.0,0.0,0.0
l2842390.3,0.0,0.0,6.394736644856239,0.0,0.0,0.0,0.0,0.0,0.0,0.0,0.0,0.0
l3160871.3,0.0,0.0,1.8905859086670689,0.0,0.0,0.0,0.0,0.0,0.0,0.0,0.0,0.0
l2691953.1,11.34921557427372,0.0,0.0,0.0,0.0,0.0,0.0,0.0,0.0,4.830845227749011,0.0,0.0
l2767408.3,0.0,0.0,2.405689702549417,0.0,0.0,0.0,0.0,0.0,0.0,0.0,0.0,0.0
l3728037.1,9.287607608562178,0.0,0.0,2.3430049939097453,0.0,0.0,4.822053533903546,0.0,0.0,0.0,0.0,0.0
l3108449.1,4.731647095811772,0.0,0.0,0.0,0.0,0.0,0.0,0.0,0.0,0.0,0.0,0.0
l3160109.2,0.0,8.483211382447065,0.0,0.0,1.4494089758640658,0.0,0.0,3.955650775838084,0.0,0.0,0.0,0.0
l2729412.1,13.92645581178736,0.0,0.0,0.0,0.0,0.0,0.0,0.0,0.0,7.4080854652626495,0.0,0.0
l3160107.1,5.878554979877528,0.0,0.0,0.0,0.0,0.0,0.0,0.0,0.0,0.0,0.0,0.0
l2897766.3,0.0,0.0,6.475317712873023,0.0,0.0,0.0,0.0,0.0,0.0,0.0,0.0,0.0
l2952014.1,11.186577794622108,0.0,0.0,4.24197517996967,0.0,0.0,6.72102371996347,0.0,0.0,0.0,0.0,0.0
l2748125.3,0.0,0.0,10.737371599920433,0.0,0.0,3.8170679800479776,0.0,0.0,6.29087150796292,0.0,0.0,0.0
l2673303.3,0.0,0.0,10.840818776980855,0.0,0.0,3.920515157108402,0.0,0.0,6.394318685023344,0.0,0.0,0.0
l2879753.2,0.0,4.001407485017743,0.0,0.0,0.0,0.0,0.0,0.0,0.0,0.0,0.0,0.0
l2914324.1,10.663402455744134,0.0,0.0,3.718799841091698,0.0,0.0,6.197848381085498,0.0,0.0,0.0,0.0,0.0
l2691942.2,0.0,12.0466293672949,0.0,0.0,0.0,0.0,0.0,0.0,0.0,0.0,5.5381060330086935,0.0
l3189188.3,0.0,0.0,11.5697410627883,0.0,0.0,4.649437442915845,0.0,0.0,7.123240970830787,0.0,0.0,0.0
l3254228.2,0.0,9.5037716553659,0.0,0.0,0.0,0.0,0.0,4.97621104875692,0.0,0.0,0.0,0.0
l3217053.3,0.0,0.0,2.4926617421661734,0.0,0.0,0.0,0.0,0.0,0.0,0.0,0.0,0.0
l3178997.3,0.0,0.0,13.516635038210822,0.0,0.0,0.0,0.0,0.0,0.0,0.0,0.0,7.019311352112939
l2764412.1,15.213513744388065,0.0,0.0,8.268911129735633,0.0,0.0,10.74795966972943,0.0,0.0,0.0,0.0,0.0
l2785513.1,12.660150985501367,0.0,0.0,5.715548370848935,0.0,0.0,8.194596910842735,0.0,0.0,0.0,0.0,0.0
l3217056.1,1.0737131345584263,0.0,0.0,0.0,0.0,0.0,0.0,0.0,0.0,0.0,0.0,0.0
l2691947.1,15.974580420824696,0.0,0.0,9.029977806172264,0.0,0.0,11.509026346166062,0.0,0.0,0.0,0.0,0.0
l3216344.2,0.0,11.660699843576626,0.0,0.0,4.626897436993628,0.0,0.0,7.133139236967647,0.0,0.0,0.0,0.0
l2729207.3,0.0,0.0,8.883757032956394,0.0,0.0,1.9634534130839372,0.0,0.0,4.437256940998879,0.0,0.0,0.0
l3010580.2,0.0,14.240454136950168,0.0,0.0,7.206651730367167,0.0,0.0,9.712893530341184,0.0,0.0,0.0,0.0
l3141394.2,0.0,4.796057350538987,0.0,0.0,0.0,0.0,0.0,0.2684967439300073,0.0,0.0,0.0,0.0
l3104154.3,0.0,0.0,9.38669341746964,0.0,0.0,0.0,0.0,0.0,0.0,0.0,0.0,0.0
l3104155.3,0.0,0.0,9.464216260429014,0.0,0.0,0.0,0.0,0.0,0.0,0.0,0.0,0.0
l3104130.2,0.0,15.349593203459667,0.0,0.0,0.0,0.0,0.0,0.0,0.0,0.0,8.841069869173461,0.0
l2841625.3,0.0,0.0,9.472291641306088,0.0,0.0,0.0,0.0,0.0,0.0,0.0,0.0,2.974967955208209
l3010566.3,0.0,0.0,9.639327959244902,0.0,0.0,0.0,0.0,0.0,0.0,0.0,0.0,3.142004273147023
l2935568.2,0.0,13.41701594582259,0.0,0.0,6.3832135392395895,0.0,0.0,8.88945533921361,0.0,0.0,0.0,0.0
l2897777.3,0.0,0.0,7.76767680635525,0.0,0.0,0.8473731864827941,0.0,0.0,3.321176714397736,0.0,0.0,0.0
l2860488.2,0.0,16.913674465372623,0.0,0.0,0.0,0.0,0.0,0.0,0.0,0.0,10.405151131086416,0.0
l3122811.1,11.135556257759823,0.0,0.0,4.190953643107393,0.0,0.0,6.670002183101191,0.0,0.0,0.0,0.0,0.0
l2897774.2,0.0,12.601671122194489,0.0,0.0,5.567868715611489,0.0,0.0,8.074110515585508,0.0,0.0,0.0,0.0
l3254211.2,0.0,11.48379006999038,0.0,0.0,0.0,0.0,0.0,0.0,0.0,0.0,4.975266735704175,0.0
l2691938.2,0.0,13.728720198853232,0.0,0.0,6.694917792270232,0.0,0.0,9.201159592244249,0.0,0.0,0.0,0.0
l2804256.2,0.0,12.078878770977314,0.0,0.0,5.045076364394312,0.0,0.0,7.551318164368331,0.0,0.0,0.0,0.0
l2822863.3,0.0,0.0,8.510922903858445,0.0,0.0,0.0,0.0,0.0,0.0,0.0,0.0,0.0
l2748158.1,11.640502531032048,0.0,0.0,0.0,0.0,0.0,0.0,0.0,0.0,5.122132184507337,0.0,0.0
l3254234.2,0.0,12.322683304199392,0.0,0.0,5.288880897616391,0.0,0.0,7.7951226975904095,0.0,0.0,0.0,0.0
l2766724.3,0.0,0.0,9.496276909926896,0.0,0.0,2.5759732900544403,0.0,0.0,5.049776817969383,0.0,0.0,0.0
l3011229.1,5.281927029720364,0.0,0.0,0.0,0.0,0.0,0.0,0.0,0.0,0.0,0.0,0.0
l3197639.1,13.0699622820659,0.0,0.0,6.125359667413466,0.0,0.0,8.604408207407266,0.0,0.0,0.0,0.0,0.0
l3085391.2,0.0,12.272320458894148,0.0,0.0,5.2385180523111465,0.0,0.0,7.744759852285165,0.0,0.0,0.0,0.0
l2691952.1,12.69782221617498,0.0,0.0,5.753219601522546,0.0,0.0,8.232268141516345,0.0,0.0,0.0,0.0,0.0
l2897781.1,11.266688132148373,0.0,0.0,0.0,0.0,0.0,0.0,0.0,0.0,4.748317785623662,0.0,0.0
l2691950.3,0.0,0.0,7.770467498723577,0.0,0.0,0.0,0.0,0.0,0.0,0.0,0.0,1.2731438126256966
l2916609.3,0.0,0.0,7.87240883221018,0.0,0.0,0.0,0.0,0.0,0.0,0.0,0.0,1.3750851461122993
l3104132.1,15.455453580177355,0.0,0.0,0.0,0.0,0.0,0.0,0.0,0.0,8.937083233652647,0.0,0.0
l2805034.1,1.9577570924767216,0.0,0.0,0.0,0.0,0.0,0.0,0.0,0.0,0.0,0.0,0.0
l2822866.2,0.0,9.049889982803082,0.0,0.0,2.0160875762200834,0.0,0.0,4.522329376194103,0.0,0.0,0.0,0.0
l3160100.2,0.0,14.104282153354422,0.0,0.0,7.070479746771423,0.0,0.0,9.576721546745445,0.0,0.0,0.0,0.0
l3085390.2,0.0,14.200328653906071,0.0,0.0,7.166526247323074,0.0,0.0,9.672768047297094,0.0,0.0,0.0,0.0
l2954361.2,0.0,9.30458529167653,0.0,0.0,0.0,0.0,0.0,4.77702468506755,0.0,0.0,0.0,0.0
l2801895.2,0.0,18.45490643515569,0.0,0.0,0.0,0.0,0.0,0.0,0.0,0.0,11.946383100869484,0.0
l2691973.1,10.146988184671963,0.0,0.0,3.2023855700195307,0.0,0.0,5.681434110013329,0.0,0.0,0.0,0.0,0.0
l3066829.3,0.0,0.0,15.45547676979152,0.0,0.0,8.535173149919064,0.0,0.0,11.008976677834006,0.0,0.0,0.0
l2879063.2,0.0,10.469049514522352,0.0,0.0,3.435247107939351,0.0,0.0,5.94148890791337,0.0,0.0,0.0,0.0
l3649297.1,8.616405947267587,0.0,0.0,1.671803332615155,0.0,0.0,4.150851872608953,0.0,0.0,0.0,0.0,0.0
l2820528.3,0.0,0.0,9.916878417499492,0.0,0.0,2.9965747976270354,0.0,0.0,5.470378325541977,0.0,0.0,0.0
l3048230.3,0.0,0.0,12.735778941359284,0.0,0.0,0.0,0.0,0.0,0.0,0.0,0.0,6.238455255261402
l2925506.3,0.0,0.0,10.537035101438187,0.0,0.0,3.616731481565733,0.0,0.0,6.090535009480675,0.0,0.0,0.0
l2729434.2,0.0,13.096948231824094,0.0,0.0,6.063145825241092,0.0,0.0,8.56938762521511,0.0,0.0,0.0,0.0
l2970811.1,16.41383248437264,0.0,0.0,9.46922986972021,0.0,0.0,11.948278409714009,0.0,0.0,0.0,0.0,0.0
l2841621.3,0.0,0.0,10.095715594210082,0.0,0.0,3.1754119743376266,0.0,0.0,5.649215502252568,0.0,0.0,0.0
l3198348.1,2.24195895541221,0.0,0.0,0.0,0.0,0.0,0.0,0.0,0.0,0.0,0.0,0.0
l2876813.1,9.534026700998634,0.0,0.0,2.5894240863462,0.0,0.0,5.068472626339999,0.0,0.0,0.0,0.0,0.0
l3104118.3,0.0,0.0,15.000139397618495,0.0,0.0,8.079835777746041,0.0,0.0,10.553639305660983,0.0,0.0,0.0
l2748126.3,0.0,0.0,15.114723508976358,0.0,0.0,8.194419889103902,0.0,0.0,10.668223417018844,0.0,0.0,0.0
l0247171.2,0.0,13.186418990414705,0.0,0.0,0.0,0.0,0.0,0.0,0.0,0.0,6.677895656128497,0.0
l3179607.2,0.0,3.751514211092712,0.0,0.0,0.0,0.0,0.0,0.0,0.0,0.0,0.0,0.0
l2861197.3,0.0,0.0,3.135120746879708,0.0,0.0,0.0,0.0,0.0,0.0,0.0,0.0,0.0
l3160896.3,0.0,0.0,3.272297566267177,0.0,0.0,0.0,0.0,0.0,0.0,0.0,0.0,0.0
l3067506.3,0.0,0.0,1.819475914904201,0.0,0.0,0.0,0.0,0.0,0.0,0.0,0.0,0.0
l3029497.3,0.0,0.0,7.563039994821361,0.0,0.0,0.0,0.0,0.0,0.0,0.0,0.0,0.0
l3047073.3,0.0,0.0,12.77105959199404,0.0,0.0,5.850755972121581,0.0,0.0,8.324559500036523,0.0,0.0,0.0
l3104133.1,11.84291793220133,0.0,0.0,0.0,0.0,0.0,0.0,0.0,0.0,5.324547585676617,0.0,0.0
l3122819.3,0.0,0.0,9.53501960883161,0.0,0.0,0.0,0.0,0.0,0.0,0.0,0.0,3.0376959227337306
l3048889.3,0.0,0.0,6.267265383528683,0.0,0.0,0.0,0.0,0.0,0.0,0.0,0.0,0.0
l3235268.3,0.0,0.0,15.33838911727086,0.0,0.0,8.418085497398403,0.0,0.0,10.891889025313343,0.0,0.0,0.0
l3008232.2,0.0,12.337065991812494,0.0,0.0,5.303263585229493,0.0,0.0,7.809505385203511,0.0,0.0,0.0,0.0
l3140238.1,15.87624373577112,0.0,0.0,8.931641121118687,0.0,0.0,11.410689661112484,0.0,0.0,0.0,0.0,0.0
l3010564.3,0.0,0.0,14.05429388240086,0.0,0.0,7.133990262528404,0.0,0.0,9.607793790443344,0.0,0.0,0.0
l2691946.2,0.0,7.071447712531375,0.0,0.0,0.0,0.0,0.0,0.0,0.0,0.0,0.5629243782451686,0.0
l3139103.1,16.425703510557167,0.0,0.0,9.481100895904731,0.0,0.0,11.960149435898533,0.0,0.0,0.0,0.0,0.0
l3119793.2,0.0,11.62931539457943,0.0,0.0,0.0,0.0,0.0,0.0,0.0,0.0,5.120792060293224,0.0
l3066807.3,0.0,0.0,7.334782007978138,0.0,0.0,0.0,0.0,0.0,0.0,0.0,0.0,0.0
l2804956.1,4.15557237944053,0.0,0.0,0.0,0.0,0.0,0.0,0.0,0.0,0.0,0.0,0.0
l3254212.2,0.0,10.683678665425676,0.0,0.0,0.0,0.0,0.0,0.0,0.0,0.0,4.175155331139469,0.0
l2820533.1,7.038949851758662,0.0,0.0,0.0,0.0,0.0,2.5733957771000293,0.0,0.0,0.0,0.0,0.0
l2879055.3,0.0,0.0,8.968173778915675,0.0,0.0,0.0,0.0,0.0,0.0,0.0,0.0,2.4708500928177943
l3104115.2,0.0,18.161545595828613,0.0,0.0,0.0,0.0,0.0,0.0,0.0,0.0,11.653022261542406,0.0
l3086075.2,0.0,2.7428891629398624,0.0,0.0,0.0,0.0,0.0,0.0,0.0,0.0,0.0,0.0
l2822857.2,0.0,12.657022619009334,0.0,0.0,5.623220212426332,0.0,0.0,8.129462012400351,0.0,0.0,0.0,0.0
l3104126.3,0.0,0.0,8.095356718293306,0.0,0.0,0.0,0.0,0.0,0.0,0.0,0.0,1.598033032195426
l2989565.1,3.4030509746626345,0.0,0.0,0.0,0.0,0.0,0.0,0.0,0.0,0.0,0.0,0.0
l2806553.3,0.0,0.0,4.290250855048521,0.0,0.0,0.0,0.0,0.0,0.0,0.0,0.0,0.0
l3122813.1,10.7913468318005,0.0,0.0,0.0,0.0,0.0,0.0,0.0,0.0,4.27297648527579,0.0,0.0
l2729411.1,11.282694379022317,0.0,0.0,0.0,0.0,0.0,0.0,0.0,0.0,4.764324032497606,0.0,0.0
l2935555.1,9.43810599629958,0.0,0.0,2.4935033816471472,0.0,0.0,4.972551921640947,0.0,0.0,0.0,0.0,0.0
l3215203.1,5.100115908889161,0.0,0.0,0.0,0.0,0.0,0.0,0.0,0.0,0.0,0.0,0.0
l3215203.2,0.0,5.066887658268447,0.0,0.0,0.0,0.0,0.0,0.0,0.0,0.0,0.0,0.0
l3215203.3,0.0,0.0,5.002164730125032,0.0,0.0,0.0,0.0,0.0,0.0,0.0,0.0,0.0
l3122847.1,10.427294870588575,0.0,0.0,3.4826922559361413,0.0,0.0,5.96174079592994,0.0,0.0,0.0,0.0,0.0
l3141396.3,0.0,0.0,9.828251400186447,0.0,0.0,2.9079477803139917,0.0,0.0,5.381751308228933,0.0,0.0,0.0
l3066808.3,0.0,0.0,10.058613601950777,0.0,0.0,3.138309982078318,0.0,0.0,5.61211350999326,0.0,0.0,0.0
l3195751.1,12.036173061191544,0.0,0.0,5.091570446539109,0.0,0.0,7.570618986532908,0.0,0.0,0.0,0.0,0.0
l3085410.2,0.0,7.202334685078231,0.0,0.0,0.0,0.0,0.0,2.674774078469252,0.0,0.0,0.0,0.0
l3178982.1,13.503345154424313,0.0,0.0,6.5587425397718775,0.0,0.0,9.037791079765675,0.0,0.0,0.0,0.0,0.0
l3197636.2,0.0,12.990458392573816,0.0,0.0,5.9566559859908175,0.0,0.0,8.462897785964836,0.0,0.0,0.0,0.0
l2876798.2,0.0,10.44674637939884,0.0,0.0,3.41294397281584,0.0,0.0,5.919185772789859,0.0,0.0,0.0,0.0
l3104136.2,0.0,8.58733412138094,0.0,0.0,1.5535317147979393,0.0,0.0,4.059773514771958,0.0,0.0,0.0,0.0
l3048888.3,0.0,0.0,7.204945289664169,0.0,0.0,0.0,0.0,0.0,0.0,0.0,0.0,0.0
l3197644.1,11.136550412981194,0.0,0.0,0.0,0.0,0.0,0.0,0.0,0.0,4.618180066456484,0.0,0.0
l3251806.2,0.0,13.51431673232898,0.0,0.0,6.480514325745977,0.0,0.0,8.986756125719996,0.0,0.0,0.0,0.0
l2804249.3,0.0,0.0,4.546233168273174,0.0,0.0,0.0,0.0,0.0,0.0,0.0,0.0,0.0
l2935557.1,10.483501357983942,0.0,0.0,3.5388987433315098,0.0,0.0,6.0179472833253085,0.0,0.0,0.0,0.0,0.0
l2690868.3,0.0,0.0,13.02774108050454,0.0,0.0,6.107437460632082,0.0,0.0,8.581240988547025,0.0,0.0,0.0
l3030204.1,0.8732267144802545,0.0,0.0,0.0,0.0,0.0,0.0,0.0,0.0,0.0,0.0,0.0
l3179637.3,0.0,0.0,6.038107664418932,0.0,0.0,0.0,0.0,0.0,0.0,0.0,0.0,0.0
l3181545.3,0.0,0.0,11.861919690380525,0.0,0.0,4.941616070508067,0.0,0.0,7.415419598423009,0.0,0.0,0.0
l3178976.1,14.279079400356412,0.0,0.0,7.334476785703977,0.0,0.0,9.813525325697778,0.0,0.0,0.0,0.0,0.0
l3065665.1,4.624006066762958,0.0,0.0,0.0,0.0,0.0,0.0,0.0,0.0,0.0,0.0,0.0
l2785514.1,12.2861445284431,0.0,0.0,5.341541913790667,0.0,0.0,7.820590453784466,0.0,0.0,0.0,0.0,0.0
l2710536.1,10.143859798855674,0.0,0.0,3.199257184203241,0.0,0.0,5.67830572419704,0.0,0.0,0.0,0.0,0.0
l2936216.3,0.0,0.0,1.7550503972035898,0.0,0.0,0.0,0.0,0.0,0.0,0.0,0.0,0.0
l3048231.2,0.0,13.272247907881056,0.0,0.0,0.0,0.0,0.0,0.0,0.0,0.0,6.763724573594851,0.0
l2879071.2,0.0,14.25302226029898,0.0,0.0,7.219219853715982,0.0,0.0,9.72546165369,0.0,0.0,0.0,0.0
l3029504.2,0.0,14.36773559200908,0.0,0.0,7.333933185426082,0.0,0.0,9.8401749854001,0.0,0.0,0.0,0.0
l2804251.1,9.09184629014057,0.0,0.0,0.0,0.0,0.0,0.0,0.0,0.0,2.5734759436158594,0.0,0.0
l2764399.2,0.0,12.337066709974646,0.0,0.0,5.303264303391644,0.0,0.0,7.8095061033656625,0.0,0.0,0.0,0.0
l2842383.1,1.7097928859800409,0.0,0.0,0.0,0.0,0.0,0.0,0.0,0.0,0.0,0.0,0.0
l2745811.3,0.0,0.0,5.899357303044929,0.0,0.0,0.0,0.0,0.0,0.0,0.0,0.0,0.0
l2804252.1,15.657202680645662,0.0,0.0,0.0,0.0,0.0,0.0,0.0,0.0,9.138832334120954,0.0,0.0
l3066815.3,0.0,0.0,7.772569263496461,0.0,0.0,0.8522656436240046,0.0,0.0,3.326069171538946,0.0,0.0,0.0
l2710544.1,15.98381908587748,0.0,0.0,9.039216471225048,0.0,0.0,11.518265011218846,0.0,0.0,0.0,0.0,0.0
l3160117.2,0.0,12.524132224044676,0.0,0.0,5.490329817461677,0.0,0.0,7.996571617435696,0.0,0.0,0.0,0.0
l3029510.2,0.0,13.66992562590204,0.0,0.0,6.636123219319038,0.0,0.0,9.142365019293056,0.0,0.0,0.0,0.0
l2730149.3,0.0,0.0,3.583571865637956,0.0,0.0,0.0,0.0,0.0,0.0,0.0,0.0,0.0
l2860500.2,0.0,12.726382490491734,0.0,0.0,5.692580083908735,0.0,0.0,8.198821883882754,0.0,0.0,0.0,0.0
l3216347.3,0.0,0.0,7.619349967380347,0.0,0.0,0.0,0.0,0.0,0.0,0.0,0.0,1.1220262812824664
l2767341.3,0.0,0.0,3.1908785354157225,0.0,0.0,0.0,0.0,0.0,0.0,0.0,0.0,0.0
l3030203.3,0.0,0.0,2.062173906186079,0.0,0.0,0.0,0.0,0.0,0.0,0.0,0.0,0.0
l2879773.1,3.5981070958293984,0.0,0.0,0.0,0.0,0.0,0.0,0.0,0.0,0.0,0.0,0.0
l2804282.3,0.0,0.0,9.235080319804888,0.0,0.0,0.0,0.0,0.0,0.0,0.0,0.0,0.0
l3225319.2,0.0,18.237067334652583,0.0,0.0,0.0,0.0,0.0,0.0,0.0,0.0,11.728544000366371,0.0
l3048201.2,0.0,18.33219059772123,0.0,0.0,0.0,0.0,0.0,0.0,0.0,0.0,11.82366726343502,0.0
l2823545.1,6.202932569246956,0.0,0.0,0.0,0.0,0.0,0.0,0.0,0.0,0.0,0.0,0.0
l3160108.2,0.0,13.557452493287991,0.0,0.0,6.523650086704991,0.0,0.0,9.029891886679009,0.0,0.0,0.0,0.0
l3029055.2,0.0,3.469943488844576,0.0,0.0,0.0,0.0,0.0,0.0,0.0,0.0,0.0,0.0
l3645811.3,0.0,0.0,8.668552547000418,0.0,0.0,1.7482489271279602,0.0,0.0,4.222052455042901,0.0,0.0,0.0
l3254229.2,0.0,7.42344064534182,0.0,0.0,0.0,0.0,0.0,2.8958800387328414,0.0,0.0,0.0,0.0
l2710521.1,10.2646357670164,0.0,0.0,0.0,0.0,0.0,0.0,0.0,0.0,3.746265420491692,0.0,0.0
l3253995.3,0.0,0.0,8.156929681746362,0.0,0.0,1.236626061873907,0.0,0.0,3.710429589788848,0.0,0.0,0.0
l2841638.3,0.0,0.0,9.731244713801642,0.0,0.0,0.0,0.0,0.0,0.0,0.0,0.0,3.2339210277037616
l2860492.3,0.0,0.0,9.862265169635696,0.0,0.0,0.0,0.0,0.0,0.0,0.0,0.0,3.364941483537815
l2691959.2,0.0,13.281752371730706,0.0,0.0,0.0,0.0,0.0,0.0,0.0,0.0,6.773229037444501,0.0
l2973159.1,12.814742253062889,0.0,0.0,5.870139638410456,0.0,0.0,8.349188178404255,0.0,0.0,0.0,0.0,0.0
l2822859.2,0.0,17.433985795248237,0.0,0.0,0.0,0.0,0.0,0.0,0.0,0.0,10.925462460962027,0.0
l2973158.3,0.0,0.0,6.937318044053023,0.0,0.0,0.0,0.0,0.0,0.0,0.0,0.0,0.4399943579551422
l2674052.3,0.0,0.0,6.384571052420537,0.0,0.0,0.0,0.0,0.0,0.0,0.0,0.0,0.0
l2916620.1,6.299305419514435,0.0,0.0,0.0,0.0,0.0,1.8337513448558016,0.0,0.0,0.0,0.0,0.0
l2916620.2,0.0,6.385839009523606,0.0,0.0,0.0,0.0,0.0,1.8582784029146255,0.0,0.0,0.0,0.0
l2916620.3,0.0,0.0,6.272720674003057,0.0,0.0,0.0,0.0,0.0,1.826220582045543,0.0,0.0,0.0
l3104124.2,0.0,12.79042397295095,0.0,0.0,5.756621566367949,0.0,0.0,8.262863366341968,0.0,0.0,0.0,0.0
l3233412.1,4.178075249895102,0.0,0.0,0.0,0.0,0.0,0.0,0.0,0.0,0.0,0.0,0.0
l3235266.3,0.0,0.0,8.978137281147063,0.0,0.0,0.0,0.0,0.0,0.0,0.0,0.0,2.480813595049184
l3235267.3,0.0,0.0,15.115950634080903,0.0,0.0,8.195647014208447,0.0,0.0,10.66945054212339,0.0,0.0,0.0
l3235248.3,0.0,0.0,13.94768978635866,0.0,0.0,7.027386166486201,0.0,0.0,9.501189694401145,0.0,0.0,0.0
l3217064.2,0.0,5.036219013631745,0.0,0.0,0.0,0.0,0.0,0.0,0.0,0.0,0.0,0.0
l3729297.1,8.874346153816719,0.0,0.0,1.9297435391642848,0.0,0.0,4.408792079158085,0.0,0.0,0.0,0.0,0.0
l3197625.3,0.0,0.0,5.07577595625999,0.0,0.0,0.0,0.0,0.0,0.6292758643024745,0.0,0.0,0.0
l2917333.1,1.76889899713312,0.0,0.0,0.0,0.0,0.0,0.0,0.0,0.0,0.0,0.0,0.0
l3142099.2,0.0,2.53445465067247,0.0,0.0,0.0,0.0,0.0,0.0,0.0,0.0,0.0,0.0
l2898457.1,3.4679645213724246,0.0,0.0,0.0,0.0,0.0,0.0,0.0,0.0,0.0,0.0,0.0
l2842384.3,0.0,0.0,1.7792352023575733,0.0,0.0,0.0,0.0,0.0,0.0,0.0,0.0,0.0
l2763407.3,0.0,0.0,4.197823356484673,0.0,0.0,0.0,0.0,0.0,0.0,0.0,0.0,0.0
l3176656.1,10.394997134355451,0.0,0.0,3.45039451970302,0.0,0.0,5.929443059696819,0.0,0.0,0.0,0.0,0.0
l2748781.1,6.070270795526026,0.0,0.0,0.0,0.0,0.0,0.0,0.0,0.0,0.0,0.0,0.0
l2860501.2,0.0,11.705344619225771,0.0,0.0,4.671542212642773,0.0,0.0,7.177784012616792,0.0,0.0,0.0,0.0
l2954353.1,7.54952156936994,0.0,0.0,0.604918954717507,0.0,0.0,3.083967494711306,0.0,0.0,0.0,0.0,0.0
l2726974.2,0.0,9.215137088413757,0.0,0.0,0.0,0.0,0.0,4.6875764818047765,0.0,0.0,0.0,0.0
l2785527.1,11.468007476461132,0.0,0.0,0.0,0.0,0.0,0.0,0.0,0.0,4.949637129936421,0.0,0.0
l2766729.1,11.606683907608428,0.0,0.0,0.0,0.0,0.0,0.0,0.0,0.0,5.088313561083717,0.0,0.0
l3176660.2,0.0,7.384247970648957,0.0,0.0,0.0,0.0,0.0,2.8566873640399777,0.0,0.0,0.0,0.0
l2673343.2,0.0,13.597781226100876,0.0,0.0,6.563978819517876,0.0,0.0,9.070220619491897,0.0,0.0,0.0,0.0
l3029495.2,0.0,18.2438589811476,0.0,0.0,0.0,0.0,0.0,0.0,0.0,0.0,11.735335646861389,0.0
l2823592.1,0.3529354399035994,0.0,0.0,0.0,0.0,0.0,0.0,0.0,0.0,0.0,0.0,0.0
l2992624.1,2.9169414100546867,0.0,0.0,0.0,0.0,0.0,0.0,0.0,0.0,0.0,0.0,0.0
l3232301.3,0.0,0.0,12.425366772122802,0.0,0.0,5.505063152250344,0.0,0.0,7.978866680165286,0.0,0.0,0.0
l2858175.1,17.095942750771567,0.0,0.0,10.151340136119137,0.0,0.0,12.630388676112934,0.0,0.0,0.0,0.0,0.0
l3045895.3,0.0,0.0,4.189939910600636,0.0,0.0,0.0,0.0,0.0,0.0,0.0,0.0,0.0
l2841618.1,12.031583022083582,0.0,0.0,5.086980407431149,0.0,0.0,7.566028947424948,0.0,0.0,0.0,0.0,0.0
l2785547.2,0.0,14.63862386208516,0.0,0.0,7.604821455502162,0.0,0.0,10.11106325547618,0.0,0.0,0.0,0.0
l0247160.2,0.0,12.995223065904472,0.0,0.0,0.0,0.0,0.0,0.0,0.0,0.0,6.486699731618266,0.0
l3122823.2,0.0,14.650436774725067,0.0,0.0,0.0,0.0,0.0,0.0,0.0,0.0,8.141913440438865,0.0
l3048966.3,0.0,0.0,2.0427331337462604,0.0,0.0,0.0,0.0,0.0,0.0,0.0,0.0,0.0
l3101788.1,16.231281041483825,0.0,0.0,9.286678426831395,0.0,0.0,11.765726966825191,0.0,0.0,0.0,0.0,0.0
l2916603.2,0.0,14.544937126014926,0.0,0.0,7.511134719431927,0.0,0.0,10.017376519405946,0.0,0.0,0.0,0.0
l3160106.1,12.626961416958531,0.0,0.0,5.682358802306097,0.0,0.0,8.161407342299897,0.0,0.0,0.0,0.0,0.0
l3178988.2,0.0,7.54315001122987,0.0,0.0,0.0,0.0,0.0,3.015589404620891,0.0,0.0,0.0,0.0
l3010568.1,7.308365054172794,0.0,0.0,0.3637624395203619,0.0,0.0,2.842810979514161,0.0,0.0,0.0,0.0,0.0
l2804248.2,0.0,13.963239644153882,0.0,0.0,6.929437237570883,0.0,0.0,9.435679037544904,0.0,0.0,0.0,0.0
l2729413.1,9.54159524185902,0.0,0.0,2.596992627206588,0.0,0.0,5.076041167200387,0.0,0.0,0.0,0.0,0.0
l2673314.3,0.0,0.0,10.643291933667983,0.0,0.0,3.7229883137955286,0.0,0.0,6.1967918417104695,0.0,0.0,0.0
l2785528.2,0.0,10.504334427993191,0.0,0.0,0.0,0.0,0.0,0.0,0.0,0.0,3.9958110937069855,0.0
l2897773.1,9.534488512551404,0.0,0.0,2.58988589789897,0.0,0.0,5.06893443789277,0.0,0.0,0.0,0.0,0.0
l3010567.3,0.0,0.0,8.546892324364988,0.0,0.0,0.0,0.0,0.0,0.0,0.0,0.0,2.049568638267107
l2991917.2,0.0,15.06427421115717,0.0,0.0,0.0,0.0,0.0,0.0,0.0,0.0,8.555750876870963,0.0
l2766730.2,0.0,13.298139393273752,0.0,0.0,6.264336986690752,0.0,0.0,8.770578786664771,0.0,0.0,0.0,0.0
l3217057.1,1.0431873287690276,0.0,0.0,0.0,0.0,0.0,0.0,0.0,0.0,0.0,0.0,0.0
l2785515.3,0.0,0.0,9.828997500310653,0.0,0.0,0.0,0.0,0.0,0.0,0.0,0.0,0.0
l2729424.1,6.754341418038554,0.0,0.0,0.0,0.0,0.0,2.2887873433799206,0.0,0.0,0.0,0.0,0.0
l2917359.1,3.0992094335679625,0.0,0.0,0.0,0.0,0.0,0.0,0.0,0.0,0.0,0.0,0.0
l3027133.1,10.20616090596558,0.0,0.0,3.261558291313145,0.0,0.0,5.740606831306945,0.0,0.0,0.0,0.0,0.0
l3197627.3,0.0,0.0,7.322790022929246,0.0,0.0,0.0,0.0,0.0,0.0,0.0,0.0,0.0
l2748129.1,9.030504484155085,0.0,0.0,0.0,0.0,0.0,0.0,0.0,0.0,2.5121341376303747,0.0,0.0
l3027671.1,4.697840397211391,0.0,0.0,0.0,0.0,0.0,0.0,0.0,0.0,0.0,0.0,0.0
l2710532.3,0.0,0.0,11.938305904634465,0.0,0.0,5.018002284762007,0.0,0.0,7.491805812676949,0.0,0.0,0.0
l2785526.2,0.0,14.559250692170863,0.0,0.0,0.0,0.0,0.0,0.0,0.0,0.0,8.050727357884659,0.0
l2857591.1,10.306380975697698,0.0,0.0,3.3617783610452627,0.0,0.0,5.840826901039062,0.0,0.0,0.0,0.0,0.0
l2841630.3,0.0,0.0,7.651847106824528,0.0,0.0,0.0,0.0,0.0,0.0,0.0,0.0,1.154523420726648
l3312692.1,18.544895099207555,0.0,0.0,11.600292484555126,0.0,0.0,14.079341024548924,0.0,0.0,0.0,0.0,0.0
l3179678.2,0.0,4.335426213718319,0.0,0.0,0.0,0.0,0.0,0.0,0.0,0.0,0.0,0.0
l3632979.1,12.605134492299824,0.0,0.0,5.660531877647393,0.0,0.0,8.139580417641191,0.0,0.0,0.0,0.0,0.0
l3104796.3,0.0,0.0,3.095099455027621,0.0,0.0,0.0,0.0,0.0,0.0,0.0,0.0,0.0
l2785519.1,9.003031210328999,0.0,0.0,0.0,0.0,0.0,0.0,0.0,0.0,2.484660863804291,0.0,0.0
l3104122.1,9.065626991815664,0.0,0.0,0.0,0.0,0.0,0.0,0.0,0.0,2.5472566452909566,0.0,0.0
l3197618.1,11.38531942474566,0.0,0.0,4.440716810093227,0.0,0.0,6.919765350087026,0.0,0.0,0.0,0.0,0.0
l2841633.1,9.897799450982475,0.0,0.0,2.9531968363300445,0.0,0.0,5.432245376323844,0.0,0.0,0.0,0.0,0.0
l3254206.2,0.0,12.863149459455563,0.0,0.0,5.829347052872564,0.0,0.0,8.335588852846582,0.0,0.0,0.0,0.0
l2955074.1,2.718096533920715,0.0,0.0,0.0,0.0,0.0,0.0,0.0,0.0,0.0,0.0,0.0
l3010585.1,11.02825869040073,0.0,0.0,4.083656075748294,0.0,0.0,6.562704615742094,0.0,0.0,0.0,0.0,0.0
l2861219.2,0.0,2.7117076453647173,0.0,0.0,0.0,0.0,0.0,0.0,0.0,0.0,0.0,0.0
l3104135.1,14.572375986400443,0.0,0.0,0.0,0.0,0.0,0.0,0.0,0.0,8.054005639875735,0.0,0.0
l3254203.2,0.0,16.429630385065877,0.0,0.0,9.395827978482878,0.0,0.0,11.902069778456898,0.0,0.0,0.0,0.0
l2954352.3,0.0,0.0,7.692604008251331,0.0,0.0,0.0,0.0,0.0,0.0,0.0,0.0,1.1952803221534516
l2842379.1,3.327671971026975,0.0,0.0,0.0,0.0,0.0,0.0,0.0,0.0,0.0,0.0,0.0
l2916617.2,0.0,8.636813892031116,0.0,0.0,0.0,0.0,0.0,4.109253285422136,0.0,0.0,0.0,0.0
l2766727.2,0.0,15.283918037947402,0.0,0.0,0.0,0.0,0.0,0.0,0.0,0.0,8.775394703661197,0.0
l2801909.3,0.0,0.0,0.044042426113926,0.0,0.0,0.0,0.0,0.0,0.0,0.0,0.0,0.0
l2748131.2,0.0,12.458994602811789,0.0,0.0,5.425192196228789,0.0,0.0,7.931433996202808,0.0,0.0,0.0,0.0
l2729427.2,0.0,12.566087123262896,0.0,0.0,5.532284716679896,0.0,0.0,8.038526516653915,0.0,0.0,0.0,0.0
l2766717.3,0.0,0.0,9.792172032753813,0.0,0.0,0.0,0.0,0.0,0.0,0.0,0.0,3.29484834665593
l2879064.1,8.109367807477375,0.0,0.0,0.0,0.0,0.0,0.0,0.0,0.0,1.5909974609526656,0.0,0.0
l3195318.2,0.0,12.80259462489848,0.0,0.0,0.0,0.0,0.0,0.0,0.0,0.0,6.294071290612271,0.0
l3254204.1,10.642485282816244,0.0,0.0,3.6978826681638095,0.0,0.0,6.176931208157609,0.0,0.0,0.0,0.0,0.0
l2973148.1,5.750263294432018,0.0,0.0,0.0,0.0,0.0,1.2847092197733838,0.0,0.0,0.0,0.0,0.0
l2801902.2,0.0,8.071700044556941,0.0,0.0,0.0,0.0,0.0,3.5441394379479623,0.0,0.0,0.0,0.0
l2748146.1,8.805633163353265,0.0,0.0,0.0,0.0,0.0,0.0,0.0,0.0,2.2872628168285565,0.0,0.0
l3197624.2,0.0,15.714053180322257,0.0,0.0,8.680250773739258,0.0,0.0,11.186492573713275,0.0,0.0,0.0,0.0
l3197654.1,6.6219794410594055,0.0,0.0,0.0,0.0,0.0,2.156425366400772,0.0,0.0,0.0,0.0,0.0
l2710505.2,0.0,14.769719599947557,0.0,0.0,7.73591719336456,0.0,0.0,10.242158993338576,0.0,0.0,0.0,0.0
l2879065.2,0.0,12.419918719567416,0.0,0.0,0.0,0.0,0.0,0.0,0.0,0.0,5.911395385281208,0.0
l2898522.1,2.2006587908472484,0.0,0.0,0.0,0.0,0.0,0.0,0.0,0.0,0.0,0.0,0.0
l2992556.3,0.0,0.0,3.131636154166491,0.0,0.0,0.0,0.0,0.0,0.0,0.0,0.0,0.0
l3064514.3,0.0,0.0,7.0888463405382405,0.0,0.0,0.0,0.0,0.0,0.0,0.0,0.0,0.0
l3141402.3,0.0,0.0,13.102695644227978,0.0,0.0,6.182392024355523,0.0,0.0,8.656195552270464,0.0,0.0,0.0
l2859391.2,0.0,13.383026168815013,0.0,0.0,6.349223762232012,0.0,0.0,8.85546556220603,0.0,0.0,0.0,0.0
l2860489.1,14.64561332739158,0.0,0.0,0.0,0.0,0.0,0.0,0.0,0.0,8.127242980866871,0.0,0.0
l2710514.2,0.0,11.8708781082281,0.0,0.0,4.837075701645103,0.0,0.0,7.343317501619122,0.0,0.0,0.0,0.0
l2726975.2,0.0,15.0053031125544,0.0,0.0,7.971500705971402,0.0,0.0,10.477742505945422,0.0,0.0,0.0,0.0
l3649306.1,8.912340715578173,0.0,0.0,1.9677381009257424,0.0,0.0,4.446786640919541,0.0,0.0,0.0,0.0,0.0
l2767407.2,0.0,3.3557134888408617,0.0,0.0,0.0,0.0,0.0,0.0,0.0,0.0,0.0,0.0
l2730107.3,0.0,0.0,5.805088270429939,0.0,0.0,0.0,0.0,0.0,1.3585881784724243,0.0,0.0,0.0
l3216339.2,0.0,18.37069306506932,0.0,0.0,0.0,0.0,0.0,0.0,0.0,0.0,11.862169730783114,0.0
l2897792.1,6.4170933771235,0.0,0.0,0.0,0.0,0.0,1.9515393024648664,0.0,0.0,0.0,0.0,0.0
l2729407.2,0.0,11.729212556545066,0.0,0.0,0.0,0.0,0.0,0.0,0.0,0.0,5.22068922225886,0.0
l3342743.3,0.0,0.0,8.555004932370965,0.0,0.0,1.634701312498509,0.0,0.0,4.108504840413451,0.0,0.0,0.0
l3122818.3,0.0,0.0,11.354247782743895,0.0,0.0,4.433944162871438,0.0,0.0,6.90774769078638,0.0,0.0,0.0
l3048203.2,0.0,13.821882550602629,0.0,0.0,6.788080144019632,0.0,0.0,9.29432194399365,0.0,0.0,0.0,0.0
l2936276.2,0.0,1.3755428394574991,0.0,0.0,0.0,0.0,0.0,0.0,0.0,0.0,0.0,0.0
l2860499.2,0.0,7.314872231080828,0.0,0.0,0.0,0.0,0.0,2.7873116244718483,0.0,0.0,0.0,0.0
l3030205.3,0.0,0.0,1.6705295287926267,0.0,0.0,0.0,0.0,0.0,0.0,0.0,0.0,0.0
l3008248.1,16.580645113427835,0.0,0.0,9.636042498775405,0.0,0.0,12.115091038769204,0.0,0.0,0.0,0.0,0.0
l2804250.3,0.0,0.0,5.089907654962312,0.0,0.0,0.0,0.0,0.0,0.0,0.0,0.0,0.0
l2954354.1,12.359913463406032,0.0,0.0,0.0,0.0,0.0,0.0,0.0,0.0,5.841543116881319,0.0,0.0
l2673321.1,12.467447322271656,0.0,0.0,0.0,0.0,0.0,0.0,0.0,0.0,5.949076975746941,0.0,0.0
l3197634.2,0.0,10.502391892509127,0.0,0.0,3.468589485926129,0.0,0.0,5.974831285900148,0.0,0.0,0.0,0.0
l3141389.1,11.207328948385507,0.0,0.0,4.262726333733075,0.0,0.0,6.7417748737268735,0.0,0.0,0.0,0.0,0.0
l2935559.1,15.730149480705544,0.0,0.0,0.0,0.0,0.0,0.0,0.0,0.0,9.211779134180835,0.0,0.0
l3254217.3,0.0,0.0,8.93840712905874,0.0,0.0,2.018103509186284,0.0,0.0,4.491907037101226,0.0,0.0,0.0
l3101782.1,5.96208421034743,0.0,0.0,0.0,0.0,0.0,0.0,0.0,0.0,0.0,0.0,0.0
l2745799.3,0.0,0.0,9.960656347014297,0.0,0.0,3.040352727141841,0.0,0.0,5.514156255056782,0.0,0.0,0.0
l3082983.2,0.0,7.801739392739168,0.0,0.0,0.0,0.0,0.0,3.2741787861301885,0.0,0.0,0.0,0.0
l2691966.2,0.0,7.572472538309998,0.0,0.0,0.0,0.0,0.0,3.044911931701018,0.0,0.0,0.0,0.0
l3197642.3,0.0,0.0,12.793396749083396,0.0,0.0,5.8730931292109405,0.0,0.0,8.346896657125882,0.0,0.0,0.0
l2973157.1,15.182152760615148,0.0,0.0,8.237550145962716,0.0,0.0,10.716598685956514,0.0,0.0,0.0,0.0,0.0
l2935550.3,0.0,0.0,6.197535209696191,0.0,0.0,0.0,0.0,0.0,0.0,0.0,0.0,0.0
l3066821.1,13.813512333040334,0.0,0.0,6.868909718387901,0.0,0.0,9.3479582583817,0.0,0.0,0.0,0.0,0.0
l3178975.2,0.0,13.036258201070837,0.0,0.0,6.002455794487836,0.0,0.0,8.508697594461855,0.0,0.0,0.0,0.0
l2916618.2,0.0,9.38611813855572,0.0,0.0,0.0,0.0,0.0,4.858557531946741,0.0,0.0,0.0,0.0
l2710515.3,0.0,0.0,14.2913115086901,0.0,0.0,7.371007888817644,0.0,0.0,9.844811416732586,0.0,0.0,0.0
l3235258.1,10.407269352952827,0.0,0.0,3.4626667383003946,0.0,0.0,5.941715278294194,0.0,0.0,0.0,0.0,0.0
l3235258.2,0.0,10.485565182370694,0.0,0.0,3.4517627757876945,0.0,0.0,5.958004575761713,0.0,0.0,0.0,0.0
l3235258.3,0.0,0.0,10.400417059398178,0.0,0.0,3.4801134395257214,0.0,0.0,5.953916967440664,0.0,0.0,0.0
l3141395.3,0.0,0.0,11.086341842904112,0.0,0.0,4.1660382230316575,0.0,0.0,6.639841750946599,0.0,0.0,0.0
l3104123.3,0.0,0.0,8.797124132507777,0.0,0.0,1.8768205126353212,0.0,0.0,4.350624040550263,0.0,0.0,0.0
l3645812.3,0.0,0.0,8.843505948935103,0.0,0.0,1.9232023290626472,0.0,0.0,4.3970058569775885,0.0,0.0,0.0
l3254214.2,0.0,14.883972707534502,0.0,0.0,7.850170300951503,0.0,0.0,10.35641210092552,0.0,0.0,0.0,0.0
l2766749.2,0.0,10.785982401000972,0.0,0.0,3.752179994417972,0.0,0.0,6.258421794391991,0.0,0.0,0.0,0.0
l2692660.1,2.1792464237178777,0.0,0.0,0.0,0.0,0.0,0.0,0.0,0.0,0.0,0.0,0.0
l2955076.1,2.3927193332644303,0.0,0.0,0.0,0.0,0.0,0.0,0.0,0.0,0.0,0.0,0.0
l3160114.1,6.71365819735071,0.0,0.0,0.0,0.0,0.0,2.2481041226920766,0.0,0.0,0.0,0.0,0.0
l3235245.3,0.0,0.0,9.82409399730224,0.0,0.0,2.903790377429785,0.0,0.0,5.377593905344727,0.0,0.0,0.0
l2785535.2,0.0,9.91845299204918,0.0,0.0,0.0,0.0,0.0,5.390892385440199,0.0,0.0,0.0,0.0
l2973150.1,7.668542691291873,0.0,0.0,0.0,0.0,0.0,3.2029886166332395,0.0,0.0,0.0,0.0,0.0
l3160113.2,0.0,9.370326248032194,0.0,0.0,0.0,0.0,0.0,4.842765641423215,0.0,0.0,0.0,0.0
l2710518.1,13.324261630748376,0.0,0.0,6.379659016095943,0.0,0.0,8.858707556089742,0.0,0.0,0.0,0.0,0.0
l3195310.1,15.777336432636456,0.0,0.0,0.0,0.0,0.0,0.0,0.0,0.0,9.258966086111748,0.0,0.0
l3142098.2,0.0,3.6158186928114,0.0,0.0,0.0,0.0,0.0,0.0,0.0,0.0,0.0,0.0
l2897771.2,0.0,4.639214366576189,0.0,0.0,0.0,0.0,0.0,0.0,0.0,0.0,0.0,0.0
l2917255.3,0.0,0.0,3.2817687216468654,0.0,0.0,0.0,0.0,0.0,0.0,0.0,0.0,0.0
l3254215.3,0.0,0.0,9.724702149712538,0.0,0.0,0.0,0.0,0.0,0.0,0.0,0.0,3.22737846361466
l2989571.1,18.009477103546256,0.0,0.0,11.064874488893826,0.0,0.0,13.543923028887624,0.0,0.0,0.0,0.0,0.0
l3179699.2,0.0,9.698546268706766,0.0,0.0,0.0,0.0,0.0,0.0,0.0,0.0,3.190022934420559,0.0
l3029507.2,0.0,15.271272516188516,0.0,0.0,0.0,0.0,0.0,0.0,0.0,0.0,8.762749181902311,0.0
l2748124.2,0.0,15.448030198158955,0.0,0.0,8.414227791575957,0.0,0.0,10.920469591549978,0.0,0.0,0.0,0.0
l2861218.3,0.0,0.0,3.1188211678613724,0.0,0.0,0.0,0.0,0.0,0.0,0.0,0.0,0.0
l0247162.2,0.0,13.043794192247908,0.0,0.0,0.0,0.0,0.0,0.0,0.0,0.0,6.5352708579617005,0.0
l2935552.3,0.0,0.0,4.654410627265561,0.0,0.0,0.0,0.0,0.0,0.0,0.0,0.0,0.0
l3216350.1,12.92734982445946,0.0,0.0,5.982747209807028,0.0,0.0,8.461795749800826,0.0,0.0,0.0,0.0,0.0
l3197660.2,0.0,13.591145188873522,0.0,0.0,6.557342782290523,0.0,0.0,9.063584582264545,0.0,0.0,0.0,0.0
l2822860.2,0.0,16.1848526833154,0.0,0.0,9.1510502767324,0.0,0.0,11.65729207670642,0.0,0.0,0.0,0.0
l3101787.1,16.336494687714875,0.0,0.0,9.391892073062449,0.0,0.0,11.870940613056243,0.0,0.0,0.0,0.0,0.0
l3027132.1,16.411091597243505,0.0,0.0,9.46648898259108,0.0,0.0,11.945537522584877,0.0,0.0,0.0,0.0,0.0
l3179673.3,0.0,0.0,2.166052520951322,0.0,0.0,0.0,0.0,0.0,0.0,0.0,0.0,0.0
l2879092.3,0.0,0.0,13.468636976642816,0.0,0.0,6.548333356770358,0.0,0.0,9.0221368846853,0.0,0.0,0.0
l2803199.1,4.773588825984268,0.0,0.0,0.0,0.0,0.0,0.0,0.0,0.0,0.0,0.0,0.0
l2803199.2,0.0,4.777116344281749,0.0,0.0,0.0,0.0,0.0,0.0,0.0,0.0,0.0,0.0
l2803199.3,0.0,0.0,4.709065821893588,0.0,0.0,0.0,0.0,0.0,0.0,0.0,0.0,0.0
l3254208.3,0.0,0.0,10.852887426233217,0.0,0.0,3.932583806360759,0.0,0.0,6.406387334275701,0.0,0.0,0.0
l2991905.1,11.63813437349927,0.0,0.0,4.693531758846836,0.0,0.0,7.172580298840635,0.0,0.0,0.0,0.0,0.0
l2935560.3,0.0,0.0,11.762415079738709,0.0,0.0,4.842111459866253,0.0,0.0,7.315914987781195,0.0,0.0,0.0
l3085400.3,0.0,0.0,9.88164083411807,0.0,0.0,0.0,0.0,0.0,0.0,0.0,0.0,3.3843171480201906
l2764403.1,6.795968007387699,0.0,0.0,0.0,0.0,0.0,2.3304139327290656,0.0,0.0,0.0,0.0,0.0
l2785521.3,0.0,0.0,8.286141018823313,0.0,0.0,1.3658373989508563,0.0,0.0,3.839640926865798,0.0,0.0,0.0
l3216988.2,0.0,3.7750851368676273,0.0,0.0,0.0,0.0,0.0,0.0,0.0,0.0,0.0,0.0
l3649305.1,9.25876500353544,0.0,0.0,2.3141623888830094,0.0,0.0,4.7932109288768086,0.0,0.0,0.0,0.0,0.0
l2983432.1,9.493292080145524,0.0,0.0,2.548689465493092,0.0,0.0,5.027738005486891,0.0,0.0,0.0,0.0,0.0
l3315860.2,0.0,13.512148418909335,0.0,0.0,6.478346012326333,0.0,0.0,8.984587812300353,0.0,0.0,0.0,0.0
l2729423.3,0.0,0.0,6.545532265174471,0.0,0.0,0.0,0.0,0.0,2.099032173216956,0.0,0.0,0.0
l2673307.3,0.0,0.0,8.151821248427419,0.0,0.0,0.0,0.0,0.0,0.0,0.0,0.0,0.0
l2685809.1,7.573677639808952,0.0,0.0,0.6290750251565193,0.0,0.0,3.1081235651503185,0.0,0.0,0.0,0.0,0.0
l3254209.3,0.0,0.0,9.69079218324081,0.0,0.0,2.7704885633683536,0.0,0.0,5.244292091283295,0.0,0.0,0.0
l2860477.1,11.316303736480709,0.0,0.0,4.371701121828274,0.0,0.0,6.850749661822073,0.0,0.0,0.0,0.0,0.0
l3048946.3,0.0,0.0,2.5834202848038625,0.0,0.0,0.0,0.0,0.0,0.0,0.0,0.0,0.0
l2973180.2,0.0,15.422118844649892,0.0,0.0,8.388316438066894,0.0,0.0,10.894558238040911,0.0,0.0,0.0,0.0
l3066806.3,0.0,0.0,6.389086343604011,0.0,0.0,0.0,0.0,0.0,0.0,0.0,0.0,0.0
l2785529.3,0.0,0.0,9.124830900363053,0.0,0.0,2.204527280490595,0.0,0.0,4.678330808405537,0.0,0.0,0.0
l3177894.1,18.25814296330536,0.0,0.0,11.313540348652928,0.0,0.0,13.792588888646724,0.0,0.0,0.0,0.0,0.0
l2731712.2,0.0,14.145882943979368,0.0,0.0,7.112080537396365,0.0,0.0,9.618322337370383,0.0,0.0,0.0,0.0
l2917310.2,0.0,3.8190785945059167,0.0,0.0,0.0,0.0,0.0,0.0,0.0,0.0,0.0,0.0
l3085394.3,0.0,0.0,5.084396743570457,0.0,0.0,0.0,0.0,0.0,0.0,0.0,0.0,0.0
l3236004.3,0.0,0.0,3.2097013641473566,0.0,0.0,0.0,0.0,0.0,0.0,0.0,0.0,0.0
l2879066.2,0.0,12.948528339242824,0.0,0.0,5.9147259326598265,0.0,0.0,8.420967732633846,0.0,0.0,0.0,0.0
l3048214.1,15.802774940832483,0.0,0.0,0.0,0.0,0.0,0.0,0.0,0.0,9.284404594307777,0.0,0.0
l3120504.1,17.668454893054303,0.0,0.0,10.723852278401871,0.0,0.0,13.20290081839567,0.0,0.0,0.0,0.0,0.0
l2785543.2,0.0,14.324970012719952,0.0,0.0,7.29116760613695,0.0,0.0,9.797409406110969,0.0,0.0,0.0,0.0
l2916602.1,5.549756709791133,0.0,0.0,0.0,0.0,0.0,1.0842026351324985,0.0,0.0,0.0,0.0,0.0
l2766748.1,10.107162357020886,0.0,0.0,3.1625597423684533,0.0,0.0,5.641608282362252,0.0,0.0,0.0,0.0,0.0
l3104129.1,7.272826267982719,0.0,0.0,0.3282236533302862,0.0,0.0,2.8072721933240854,0.0,0.0,0.0,0.0,0.0
l3047058.1,14.64586279888002,0.0,0.0,7.701260184227589,0.0,0.0,10.180308724221389,0.0,0.0,0.0,0.0,0.0
l2710525.3,0.0,0.0,12.629274278442644,0.0,0.0,5.7089706585701885,0.0,0.0,8.18277418648513,0.0,0.0,0.0
l3197640.3,0.0,0.0,8.410528071428145,0.0,0.0,1.4902244515556888,0.0,0.0,3.964027979470631,0.0,0.0,0.0
l3010561.1,10.4092067383613,0.0,0.0,3.464604123708865,0.0,0.0,5.943652663702664,0.0,0.0,0.0,0.0,0.0
l3141390.2,0.0,17.70149374867311,0.0,0.0,0.0,0.0,0.0,0.0,0.0,0.0,11.192970414386902,0.0
