edge_id,from_node,to_node,edge_type,Regulator,tap_column,R_full,X_full,u_idx,v_idx
0,190-7361.1,l2879064.1,line,,,1.39506047429128,0.7649046959118616,3694.0,3608.0
1,190-7361.1,l2991907.1,line,,,1.42854243899734,0.7835896259488216,3694.0,2600.0
2,190-7361.1,l3010556.1,line,,,1.37824681704876,0.7543430297137756,3694.0,428.0
3,190-7361.1,l3048208.1,line,,,0.31649958323624,0.1741714578266159,3694.0,388.0
4,190-7361.1,regxfmr_190-7361.1,regulator,VREG4_A,reg_vreg4_a_tap_pu,5.184000000000001e-07,5.184000000000001e-06,3694.0,2144.0
5,190-7361.2,l2673305.2,line,,,1.31498010917246,0.7317735518772986,3695.0,2386.0
6,190-7361.2,l2691946.2,line,,,0.48276931731416,0.2895127663553536,3695.0,3154.0
7,190-7361.2,l3048196.2,line,,,1.24343862228014,0.6934837234265786,3695.0,1678.0
8,190-7361.2,l3066818.2,line,,,2.9599246436761204,1.6408838727859367,3695.0,2916.0
9,190-7361.2,l3104120.2,line,,,2.28816313602604,1.264739927237095,3695.0,2855.0
10,190-7361.2,r18242.2,line,,,2.9834959602302105,1.652754166436507,3695.0,308.0
11,190-7361.2,regxfmr_190-7361.2,regulator,VREG4_B,reg_vreg4_b_tap_pu,5.184000000000001e-07,5.184000000000001e-06,3695.0,2145.0
12,190-7361.3,l2691951.3,line,,,0.7746033119894798,0.4238039794108478,3696.0,840.0
13,190-7361.3,l2766718.3,line,,,1.5589515126827396,0.8512414211350429,3696.0,1238.0
14,190-7361.3,l2841629.3,line,,,0.95706630485218,0.5266008283315478,3696.0,2176.0
15,190-7361.3,l2841630.3,line,,,1.01192292545466,0.5558204043984378,3696.0,3549.0
16,190-7361.3,l2860487.3,line,,,0.99399727995421,0.542530254621898,3696.0,156.0
17,190-7361.3,l2973158.3,line,,,0.38548967844947,0.2121149283791268,3696.0,3371.0
18,190-7361.3,l2991911.3,line,,,0.63430317600826,0.3479559252174399,3696.0,2008.0
19,190-7361.3,l3197637.3,line,,,1.1242537282649998,0.6129157624906338,3696.0,807.0
20,190-7361.3,l3216347.3,line,,,0.98306973177694,0.5408482951369779,3696.0,3322.0
21,190-7361.3,regxfmr_190-7361.3,regulator,VREG4_C,reg_vreg4_c_tap_pu,5.184000000000001e-07,5.184000000000001e-06,3696.0,2146.0
22,190-8581.1,l2916602.1,line,,,0.5060275668259251,0.9588698846248574,3238.0,3790.0
23,190-8581.1,l2973148.1,line,,,0.7075230028346051,1.0723287648061297,3238.0,3611.0
24,190-8581.1,l3010557.1,line,,,0.495193517189872,0.7228531041806014,3238.0,2806.0
25,190-8581.1,l3157167.1,line,,,0.535953821374972,0.7337386012051115,3238.0,1251.0
26,190-8581.1,l3157718.1,line,,,0.269098245757639,0.4486265984346638,3238.0,1129.0
27,190-8581.1,l3160098.1,line,,,0.357727013895705,0.9204639146469292,3238.0,2196.0
28,190-8581.1,regxfmr_190-8581.1,regulator,VREG3_A,reg_vreg3_a_tap_pu,5.184000000000001e-07,5.184000000000001e-06,3238.0,3793.0
29,190-8581.2,l2936213.2,line,,,0.0842630729764437,0.1094500681985637,3239.0,2316.0
30,190-8581.2,l3066814.2,line,,,0.5311930247067568,1.420935353006023,3239.0,1782.0
31,190-8581.2,regxfmr_190-8581.2,regulator,VREG3_B,reg_vreg3_b_tap_pu,5.184000000000001e-07,5.184000000000001e-06,3239.0,3794.0
32,190-8581.3,l2804277.3,line,,,0.2875044352253978,0.5218194437684508,3240.0,2054.0
33,190-8581.3,l2955006.3,line,,,0.53946424994263,0.3426255978360947,3240.0,1496.0
34,190-8581.3,l3097861.3,line,,,0.5485718893442978,0.7303302951551457,3240.0,317.0
35,190-8581.3,l3118855.3,line,,,0.4107300040413577,1.0445916610600907,3240.0,2211.0
36,190-8581.3,l3197625.3,line,,,0.3425711767883977,0.5278570850404858,3240.0,3392.0
37,190-8581.3,l3235242.3,line,,,0.4672498930215097,1.0514754774836697,3240.0,142.0
38,190-8581.3,l3235945.3,line,,,0.6551149046895699,0.4005308527932148,3240.0,811.0
39,190-8581.3,regxfmr_190-8581.3,regulator,VREG3_C,reg_vreg3_c_tap_pu,5.184000000000001e-07,5.184000000000001e-06,3240.0,3795.0
40,190-8593.1,l2685809.1,line,,,0.380222324853903,0.5011650137014438,2032.0,3766.0
41,190-8593.1,l2726973.1,line,,,1.3603807626685895,1.2971825668271788,2032.0,1680.0
42,190-8593.1,l2841635.1,line,,,1.2902463796228,0.9806236167321,2032.0,1548.0
43,190-8593.1,l2858166.1,line,,,0.4114458504077938,0.5414229807660927,2032.0,573.0
44,190-8593.1,l2954353.1,line,,,0.37330004311414,0.4759979197302258,2032.0,3429.0
45,190-8593.1,l3010568.1,line,,,0.23380686582391,0.2786708845563259,2032.0,3495.0
46,190-8593.1,l3085401.1,line,,,0.30297477565549,0.3889613555240499,2032.0,2805.0
47,190-8593.1,l3104129.1,line,,,0.25885502596117,0.2018039695846489,2032.0,3796.0
48,190-8593.1,l3141401.1,line,,,0.17865359469393,0.1108744511188065,2032.0,2854.0
49,190-8593.1,l3729297.1,line,,,1.4129265609402095,1.3143624539433458,2032.0,3391.0
50,190-8593.1,regxfmr_190-8593.1,regulator,VREG2_A,reg_vreg2_a_tap_pu,5.184000000000001e-07,5.184000000000001e-06,2032.0,2020.0
51,190-8593.2,l2729414.2,line,,,3.3678191023445616,2.195219760651591,2033.0,371.0
52,190-8593.2,l2820531.2,line,,,1.017195302103434,0.8609676423271146,2033.0,2182.0
53,190-8593.2,l2822866.2,line,,,1.553808989101907,1.2846348665574512,2033.0,3073.0
54,190-8593.2,l2879070.2,line,,,0.8427100004219206,1.1317976030674874,2033.0,202.0
55,190-8593.2,l2973167.2,line,,,3.689969748826421,2.360216949821927,2033.0,2391.0
56,190-8593.2,l3029506.2,line,,,0.6159356177729686,0.7944820076417922,2033.0,1472.0
57,190-8593.2,l3235258.2,line,,,2.870321282865682,1.917269410761533,2033.0,3689.0
58,190-8593.2,regxfmr_190-8593.2,regulator,VREG2_B,reg_vreg2_b_tap_pu,5.184000000000001e-07,5.184000000000001e-06,2033.0,2021.0
59,190-8593.3,l2897777.3,line,,,0.600131605462946,0.5982335441067068,2034.0,3017.0
60,190-8593.3,l3029505.3,line,,,0.218161529908561,0.2650078105575597,2034.0,1498.0
61,190-8593.3,l3066815.3,line,,,0.5176854388142229,0.6770217970948678,2034.0,3306.0
62,190-8593.3,l3178979.3,line,,,0.091283633252189,0.1114621023530897,2034.0,1723.0
63,190-8593.3,regxfmr_190-8593.3,regulator,VREG2_C,reg_vreg2_c_tap_pu,5.184000000000001e-07,5.184000000000001e-06,2034.0,2022.0
64,293471.1,l2748158.1,line,,,0.7202257697155598,0.3971034916385887,168.0,3037.0
65,293471.1,l3027116.1,line,,,0.2040548980429999,0.1128526832334999,168.0,973.0
66,293471.1,l3104133.1,line,,,0.8976644339180997,0.4945076316277498,168.0,3140.0
67,293471.1,l3216370.1,line,,,0.8221846356338198,0.4524733144557618,168.0,1892.0
68,293471.2,l2691954.2,line,,,0.88897689910418,0.494598936539722,169.0,1556.0
69,293471.2,l3254238.2,line,,,0.248722192428,0.1387917208944,169.0,553.0
70,293471.3,l2673346.3,line,,,0.4680916115136,0.25701158805181,170.0,2500.0
71,293471.3,l2766750.3,line,,,0.84145422993991,0.463440856156201,170.0,892.0
72,293471.3,l3048230.3,line,,,0.5552933057647299,0.309605659019427,170.0,3106.0
73,293471.3,l3104157.3,line,,,0.4881189698353,0.283939182837255,170.0,2095.0
74,293471.3,l3178997.3,line,,,1.2412775855473202,0.682674594237612,170.0,2970.0
75,293471.3,l3214055.3,line,,,1.9883589986094703,1.090560845366578,170.0,771.0
76,_hvmv_sub_lsb.1,l2823592.1,line,,,0.1167254630398838,0.3330744526649739,3.0,3450.0
77,_hvmv_sub_lsb.1,regxfmr_hvmv_sub_lsb.1,regulator,FEEDER_REGA,reg_feeder_rega_tap_pu,1.8850909090909093e-08,1.8850909090909088e-06,3.0,3820.0
78,_hvmv_sub_lsb.2,l2823592.2,line,,,0.1153298613629616,0.3415146571588899,4.0,3451.0
79,_hvmv_sub_lsb.2,regxfmr_hvmv_sub_lsb.2,regulator,FEEDER_REGB,reg_feeder_regb_tap_pu,1.8850909090909093e-08,1.8850909090909088e-06,4.0,3821.0
80,_hvmv_sub_lsb.3,l2801909.3,line,,,0.0148087657088639,0.0414781358812159,5.0,3603.0
81,_hvmv_sub_lsb.3,regxfmr_hvmv_sub_lsb.3,regulator,FEEDER_REGC,reg_feeder_regc_tap_pu,1.8850909090909093e-08,1.8850909090909088e-06,5.0,3822.0
82,l0247160.2,l0247162.2,line,,,0.2064895154696,0.1653228588914796,3471.0,3734.0
83,l0247160.2,l2689678.2,line,,,0.5296784177836,0.4232479105021798,3471.0,1765.0
84,l0247160.2,l2766732.2,line,,,0.2355567438925,0.1883371253133748,3471.0,436.0
85,l0247162.2,l2689678.2,line,,,0.56763041536,0.4535596295679999,3734.0,1765.0
86,l0247162.2,l2766732.2,line,,,0.1816016641129,0.1452439727813949,3734.0,436.0
87,l0247171.2,l2766732.2,line,,,0.0823753602856,0.0659933394122798,3132.0,436.0
88,l0247171.2,l2897784.2,line,,,0.0786693988657,0.0630334408930348,3132.0,1372.0
89,l0247171.2,l3048231.2,line,,,0.201087818956,0.1608072866777999,3132.0,3281.0
90,l2673300.2,l2710537.2,line,,,0.2642191767865,0.1460917795133799,2789.0,2581.0
91,l2673300.2,l2822859.2,line,,,0.1190525626317,0.0784800587224999,2789.0,3370.0
92,l2673300.2,l2991902.2,line,,,0.21962744053146,0.1225651898433598,2789.0,1588.0
93,l2673300.2,l3085388.2,line,,,0.78424088855256,0.4369230406688399,2789.0,902.0
94,l2673300.2,l3141390.2,line,,,0.2208112304696,0.1212068256124,2789.0,3803.0
95,l2673303.3,l2748125.3,line,,,0.09033291209436,0.05041114394976,2946.0,2945.0
96,l2673305.2,l2691946.2,line,,,1.0028307096705,0.5785324799260549,2386.0,3154.0
97,l2673305.2,l3048196.2,line,,,0.28599766945008,0.15796914841488,2386.0,1678.0
98,l2673305.2,l3066818.2,line,,,4.06075248377758,2.254005846758557,2386.0,2916.0
99,l2673305.2,l3104120.2,line,,,3.3889909761275,1.877861901209715,2386.0,2855.0
100,l2673305.2,r18242.2,line,,,4.08432380033167,2.265876140409127,2386.0,308.0
101,l2673306.3,l2822863.3,line,,,0.8121411514831001,0.467025821778685,1679.0,3032.0
102,l2673306.3,l2841619.3,line,,,0.3229955476382,0.198525955271835,1679.0,1170.0
103,l2673307.3,l2804282.3,line,,,1.22197496165613,0.676420156222225,3765.0,3336.0
104,l2673307.3,l2879062.3,line,,,0.28862891867216,0.1594928328568159,3765.0,1125.0
105,l2673307.3,l2935551.3,line,,,0.23681458886352,0.12999132568488,3765.0,198.0
106,l2673308.2,l2991939.2,line,,,0.0736466115703299,0.0989307481657599,510.0,513.0
107,l2673308.2,l3010560.2,line,,,0.2364599091779529,0.3176406249708159,510.0,831.0
108,l2673309.3,l2724120.3,line,,,0.2918068305679799,0.1628455875076798,14.0,1064.0
109,l2673309.3,l2785518.3,line,,,0.2256712600022399,0.1259380009958399,14.0,2672.0
110,l2673310.1,l2916627.1,line,,,0.0871799452668,0.0696293786323399,2313.0,2260.0
111,l2673310.1,l3104121.1,line,,,0.0882825937938,0.07051004828119,2313.0,2669.0
112,l2673311.1,l2935557.1,line,,,0.2117745129132,0.1691412824266598,2657.0,3251.0
113,l2673311.1,l3197638.1,line,,,0.2144695670973,0.1712937837576149,2657.0,2043.0
114,l2673312.1,l2691944.1,line,,,0.15180519595488,0.08471633879808,266.0,1132.0
115,l2673312.1,l3235247.1,line,,,0.186586044921,0.14902361236355,266.0,267.0
116,l2673313.2,l2748152.2,line,,,0.7620862903303798,0.6124868969561909,1379.0,2595.0
117,l2673313.2,l2804256.2,line,,,0.9685553032676398,0.7781743699833729,1379.0,3027.0
118,l2673313.2,l2804257.2,line,,,0.2282444960742,0.1877362858345796,1379.0,809.0
119,l2673313.2,l3122815.2,line,,,0.4252487730865198,0.3179813707329447,1379.0,1063.0
120,l2673313.2,l3216361.2,line,,,0.3794752149818698,0.2997894477886039,1379.0,2735.0
121,l2673313.2,l3254213.2,line,,,0.3493089764891999,0.2890985042468247,1379.0,2808.0
122,l2673314.3,l3122817.3,line,,,0.09340457346636,0.05212531390176,3504.0,601.0
123,l2673315.1,l2766721.1,line,,,0.28508119204026,0.154958719499367,2523.0,396.0
124,l2673315.1,l2991906.1,line,,,0.4721483317278,0.2634868838448,2523.0,1779.0
125,l2673315.1,l3104128.1,line,,,0.1953416780532,0.10859496275124,2523.0,2522.0
126,l2673316.1,l2841628.1,line,,,0.1705495103217,0.1362154609458349,2472.0,1763.0
127,l2673316.1,l2879773.1,line,,,1.8119226276341287,1.0752302807206635,2472.0,3333.0
128,l2673316.1,l2991912.1,line,,,0.3622627081861,0.2320273563711548,2472.0,1848.0
129,l2673316.1,l3047289.1,line,,,0.4276894380261999,0.2814962371855499,2472.0,2524.0
130,l2673316.1,l3141400.1,line,,,0.41943729150286,0.2393463976917899,2472.0,760.0
131,l2673316.1,l3160107.1,line,,,0.2149710347946,0.12095988071127,2472.0,2939.0
132,l2673316.1,l3215385.1,line,,,0.3845799368781999,0.2477819920969499,2472.0,470.0
133,l2673317.1,l2710517.1,line,,,0.16721393889101,0.092958101140157,494.0,413.0
134,l2673317.1,l2729428.1,line,,,0.39152958324396,0.2184875121663779,494.0,1459.0
135,l2673317.1,l2973159.1,line,,,0.3768168174199799,0.2364422883450578,494.0,3369.0
136,l2673317.1,l3197639.1,line,,,0.08419173478086,0.0469746918567778,494.0,3050.0
137,l2673318.3,l3029505.3,line,,,0.1117565566227,0.089258367528385,1499.0,1498.0
138,l2673319.3,l2710532.3,line,,,1.0613296709535598,0.7153323838628107,2667.0,3546.0
139,l2673319.3,l2729414.3,line,,,1.90095609062638,1.2088025873134318,2667.0,372.0
140,l2673319.3,l2766724.3,line,,,3.2280646649437297,1.927069391891098,2667.0,3042.0
141,l2673319.3,l2822870.3,line,,,3.3656874351755297,2.0097523037532325,2667.0,2266.0
142,l2673319.3,l2841631.3,line,,,0.2738537194871999,0.1585242103191097,2667.0,1637.0
143,l2673319.3,l2851933.3,line,,,1.46645152541138,0.958496472731482,2667.0,1166.0
144,l2673319.3,l2879092.3,line,,,0.33467689098744,0.1965989270277318,2667.0,3743.0
145,l2673319.3,l2935560.3,line,,,1.22069065634092,0.8395491709499627,2667.0,3751.0
146,l2673319.3,l2973166.3,line,,,1.1584477131919797,0.7634704558519507,2667.0,1621.0
147,l2673319.3,l3141402.3,line,,,0.4878937440105599,0.2662020086071399,2667.0,3628.0
148,l2673319.3,l3141411.3,line,,,0.2447672820690958,0.1391198087142438,2667.0,1425.0
149,l2673319.3,l3189188.3,line,,,1.34737735838812,0.8923990869767678,2667.0,2954.0
150,l2673319.3,l3197642.3,line,,,0.4263681659885999,0.2324983900776316,2667.0,3676.0
151,l2673319.3,l3216368.3,line,,,1.21770265983148,0.8222244981883419,2667.0,1853.0
152,l2673319.3,l3235258.3,line,,,2.39064738549927,1.4765537710161964,2667.0,3690.0
153,l2673319.3,l3254217.3,line,,,3.5568755469847697,2.1226089801127417,2667.0,3670.0
154,l2673320.2,l2991915.2,line,,,0.0669071310732,0.05343777113466,1966.0,1965.0
155,l2673320.2,l3048209.2,line,,,0.0736975320291,0.0588611675107049,1966.0,2737.0
156,l2673321.1,l2954354.1,line,,,0.09417903457872,0.051902218144812,3663.0,3662.0
157,l2673322.2,l2710542.2,line,,,1.51086023240349,0.8331793636992846,12.0,711.0
158,l2673322.2,l2766730.2,line,,,0.0955730471592,0.0533354513471999,12.0,3509.0
159,l2673322.2,l2859391.2,line,,,0.055417310982,0.0442610157341,12.0,3629.0
160,l2673322.2,l2914323.2,line,,,0.4263118401932498,0.2372558747352667,12.0,1279.0
161,l2673322.2,l3160102.2,line,,,2.1910423187396098,1.2114034676601004,12.0,2617.0
162,l2673323.3,l2710525.3,line,,,0.27147526032116,0.150919384313012,624.0,3800.0
163,l2673323.3,l2746587.3,line,,,0.5144083229736998,0.2797032536126997,624.0,2321.0
164,l2673323.3,l3120484.3,line,,,2.1348284149082577,1.3924677674195358,624.0,1517.0
165,l2673323.3,l3122817.3,line,,,1.6255656251753998,0.8902858793640979,624.0,601.0
166,l2673323.3,l3122818.3,line,,,1.0150962842016598,0.5740738985123437,624.0,3653.0
167,l2673323.3,l3160103.3,line,,,2.78216026559344,1.775139465684346,624.0,2342.0
168,l2673323.3,l3177881.3,line,,,0.8290750760568599,0.4603296764511889,624.0,2624.0
169,l2673326.2,l2691938.2,line,,,0.07414208653254,0.04137569918064,1861.0,3025.0
170,l2673326.2,l2801896.2,line,,,0.2354991445583399,0.1314225457934399,1861.0,1440.0
171,l2673331.2,l2691966.2,line,,,0.92400458792958,0.5547991065622877,2330.0,3674.0
172,l2673331.2,l2804272.2,line,,,0.3038240895894999,0.2137080712112838,2330.0,582.0
173,l2673331.2,l2973171.2,line,,,1.07218512959412,0.6445749843776526,2330.0,1613.0
174,l2673331.2,l3082983.2,line,,,1.12401889809334,0.6668609422224476,2330.0,3673.0
175,l2673331.2,l3085410.2,line,,,0.59504611577856,0.3842864688551078,2330.0,3217.0
176,l2673331.2,l3160115.2,line,,,0.75561159625962,0.4556480295088099,2330.0,2710.0
177,l2673331.2,l3176660.2,line,,,0.7491283059593401,0.4810029835330778,2330.0,3437.0
178,l2673331.2,l3235273.2,line,,,1.36314865171632,0.7998676436101274,2330.0,2057.0
179,l2673331.2,l3254227.2,line,,,0.5169884005563401,0.3270129118807478,2330.0,861.0
180,l2673331.2,l3254229.2,line,,,0.7954980873197999,0.4792157448946398,2330.0,3359.0
181,l2673343.2,l2804248.2,line,,,1.1231983913326802,0.6371015835538849,3443.0,3502.0
182,l2673343.2,l2897765.2,line,,,1.3247735256763802,0.7393025128420799,3443.0,1086.0
183,l2673343.2,l2935553.2,line,,,0.62399854491948,0.34775885391633,3443.0,18.0
184,l2673346.3,l2766750.3,line,,,1.14434204436245,0.628821030783557,2500.0,892.0
185,l2673346.3,l3048230.3,line,,,0.8581811201872699,0.474985833646783,2500.0,3106.0
186,l2673346.3,l3104157.3,line,,,0.79100678425784,0.4493193574646109,2500.0,2095.0
187,l2673346.3,l3178997.3,line,,,1.54416539996986,0.8480547688649679,2500.0,2970.0
188,l2673346.3,l3214055.3,line,,,2.2912468130320103,1.2559410199939338,2500.0,771.0
189,l2673346.3,l3216370.3,line,,,0.35510463397892,0.194638204217117,2500.0,1894.0
190,l2674027.2,l3179646.2,line,,,0.02047336045271,0.054830687970135,297.0,2914.0
191,l2674027.2,regxfmr_190-8581.2,line,,,0.0285412786460639,0.076437766400184,297.0,3794.0
192,l2674047.3,l2692655.3,line,,,0.01653307326216,0.04211011450932,1901.0,1769.0
193,l2674047.3,l2767408.3,line,,,0.1772936547760259,0.2059314032921968,1901.0,2925.0
194,l2674047.3,l2955077.3,line,,,0.1669501654804839,0.4236788547062179,1901.0,2187.0
195,l2674047.3,l3067507.3,line,,,0.0972344379453249,0.2205958692182738,1901.0,932.0
196,l2674047.3,l3104853.3,line,,,0.134301396409566,0.1819391630888369,1901.0,2490.0
197,l2674047.3,q16483.3,line,,,0.2019511343747779,0.5123400753222088,1901.0,3487.0
198,l2674051.1,l2692654.1,line,,,0.3750825018578829,0.5367939401195325,303.0,737.0
199,l2674051.1,l2955081.1,line,,,0.1657186390369689,0.1889420751695388,303.0,335.0
200,l2674051.1,l2989565.1,line,,,0.1379763419985,0.1101997360736748,303.0,3192.0
201,l2674051.1,l2992624.1,line,,,0.279962338127274,0.4818277211080686,303.0,3456.0
202,l2674052.3,l2842390.3,line,,,0.1479097317591,0.118133392772205,3372.0,2920.0
203,l2674052.3,l3198356.3,line,,,0.4860258159231,0.3881818858504047,3372.0,2534.0
204,l2684420.2,l2785512.2,line,,,0.37848385321945,0.211145709565345,1243.0,2088.0
205,l2684420.2,l2897765.2,line,,,0.3381545026028799,0.1883965702596759,1243.0,1086.0
206,l2684420.2,l2916603.2,line,,,0.2663794173568599,0.1483417987433558,1243.0,3480.0
207,l2684420.2,l3048199.2,line,,,1.4883471335342997,0.8305863262487999,1243.0,2372.0
208,l2684420.2,l3122810.2,line,,,0.22740773779416,0.1479987017384399,1243.0,2120.0
209,l2684420.2,l3197624.2,line,,,0.99367063241706,0.55452738241296,1243.0,3616.0
210,l2684420.2,l3254203.2,line,,,1.5835542427671,0.96324475242025,1243.0,3591.0
211,l2685805.1,l2710516.1,line,,,3.006601911862121,1.6790815701546102,547.0,2428.0
212,l2685805.1,l2710536.1,line,,,1.0268774764179298,0.7297944676784528,547.0,3278.0
213,l2685805.1,l2766720.1,line,,,1.23438178820872,0.7077932829581689,547.0,1950.0
214,l2685805.1,l2766748.1,line,,,1.1719894939561797,0.8845305815796028,547.0,3792.0
215,l2685805.1,l2804262.1,line,,,1.699631593341489,1.559419591587651,547.0,452.0
216,l2685805.1,l2858166.1,line,,,2.3951694723966983,2.5766908843719643,547.0,573.0
217,l2685805.1,l2876813.1,line,,,1.512644679924429,1.2840274941915912,547.0,3128.0
218,l2685805.1,l2876814.1,line,,,0.3443196193969,0.217645560069665,547.0,1089.0
219,l2685805.1,l2972930.1,line,,,2.675348908053288,2.6284163052817555,547.0,2829.0
220,l2685805.1,l2973165.1,line,,,1.7277270978905488,1.5750985561126112,547.0,1813.0
221,l2685805.1,l2991909.1,line,,,0.9913217202267598,0.6387395690395947,547.0,2547.0
222,l2685805.1,l3197638.1,line,,,1.3324699666054791,1.0127040457748178,547.0,2043.0
223,l2685805.1,l3215340.1,line,,,4.990716609320462,2.9370101008231235,547.0,2753.0
224,l2685805.1,l3216123.1,line,,,2.847269120172108,2.723217446268285,547.0,1340.0
225,l2685805.1,l3632979.1,line,,,2.9153179349974607,1.6456352028029502,547.0,3561.0
226,l2685805.1,l3649297.1,line,,,1.9133415145758683,1.9075406269036363,547.0,3091.0
227,l2685809.1,l2726973.1,line,,,1.0337898348211725,0.8685551633395308,3766.0,1680.0
228,l2685809.1,l2841635.1,line,,,0.963655451775383,0.5519962132444517,3766.0,1548.0
229,l2685809.1,l2858166.1,line,,,0.0848549225603768,0.1127955772784449,3766.0,573.0
230,l2685809.1,l2954353.1,line,,,0.046709115266723,0.0473705162425779,3766.0,3429.0
231,l2685809.1,l3010568.1,line,,,0.257635507993793,0.311323995659808,3766.0,3495.0
232,l2685809.1,l3085401.1,line,,,0.112621643177273,0.139672795330922,3766.0,2805.0
233,l2685809.1,l3104129.1,line,,,0.4869916233440929,0.503401188778555,3766.0,3796.0
234,l2685809.1,l3141401.1,line,,,0.5264876617120929,0.5700373861369566,3766.0,2854.0
235,l2685809.1,l3729297.1,line,,,1.0863356330927922,0.8857350504556977,3766.0,3391.0
236,l2688692.2,l3047289.2,line,,,0.56854832381742,0.355668008701131,2506.0,2525.0
237,l2688692.2,l3104125.2,line,,,0.99873951532142,0.5506040234678609,2506.0,2204.0
238,l2688692.2,l3179678.2,line,,,0.5256429585494997,0.2912337409121908,2506.0,3555.0
239,l2688692.2,l3215385.2,line,,,0.52570057035642,0.321626826654431,2506.0,471.0
240,l2688693.3,l2804249.3,line,,,0.2634405849912,0.1440595713826198,1751.0,3250.0
241,l2688693.3,l3029498.3,line,,,0.32234433816357,0.176585882214825,1751.0,2263.0
242,l2689678.2,l2691942.2,line,,,0.2253382130613599,0.1497933381175399,1765.0,2951.0
243,l2689678.2,l2766732.2,line,,,0.5966976437829,0.4765738959898949,1765.0,436.0
244,l2689678.2,l2879065.2,line,,,0.300450237546,0.19171032043178,1765.0,3620.0
245,l2689678.2,l3197629.2,line,,,0.3473480700936,0.27742194854268,1765.0,1937.0
246,l2689691.1,l2876814.1,line,,,1.48381223987257,0.8097317251721868,2883.0,1089.0
247,l2689691.1,l3010563.1,line,,,0.65885356257134,0.374652774777646,2883.0,2481.0
248,l2689691.1,l3029500.1,line,,,1.1121248196309,0.65281384787266,2883.0,1157.0
249,l2689691.1,l3101789.1,line,,,0.4112642291704599,0.2368998988720039,2883.0,1122.0
250,l2689691.1,l3156034.1,line,,,0.87091038421516,0.4931100797062799,2883.0,1574.0
251,l2689691.1,l3178982.1,line,,,0.66828266589848,0.3950170877782349,2883.0,3221.0
252,l2689691.1,l3216346.1,line,,,1.01408678331162,0.5539043463816961,2883.0,955.0
253,l2690187.2,l2708744.2,line,,,0.0913944334438079,0.051586625285184,1756.0,455.0
254,l2690187.2,l3027670.2,line,,,0.1432946517504598,0.08088115683508,1756.0,2348.0
255,l2690868.3,l3047073.3,line,,,0.2235318154902359,0.126170178757128,3253.0,3138.0
256,l2690941.2,l3159037.2,line,,,0.24799963408038,0.13839856330608,2811.0,1401.0
257,l2690941.2,l3234185.2,line,,,0.3255395504891399,0.1816704538862399,2811.0,1390.0
258,l2691936.1,l3141389.1,line,,,0.1633193719422599,0.0889422979658109,433.0,3665.0
259,l2691936.1,l3197618.1,line,,,0.31781817720588,0.17736146781408,433.0,3567.0
260,l2691936.1,l3216336.1,line,,,0.1121176094781599,0.0625683022905599,433.0,418.0
261,l2691936.1,l3270814.1,line,,,0.20763481455798,0.1140358537524618,433.0,1217.0
262,l2691938.2,l2991901.2,line,,,0.1659256979718,0.0925964197487999,3025.0,1319.0
263,l2691938.2,l3216338.2,line,,,0.23003576391822,0.1283736540715198,3025.0,227.0
264,l2691939.2,l2822857.2,line,,,0.16837834806186,0.1074616890083949,1642.0,3183.0
265,l2691939.2,l2860478.2,line,,,0.10172587459672,0.05583896397068,1642.0,2125.0
266,l2691939.2,l2954338.2,line,,,0.1554771296351998,0.082804807680312,1642.0,687.0
267,l2691939.2,l3104114.2,line,,,0.19892910669864,0.1091953769451599,1642.0,504.0
268,l2691941.3,l3235241.3,line,,,0.173049064335,0.13821181907925,2349.0,2219.0
269,l2691942.2,l2729407.2,line,,,0.44216583703734,0.2467548664574398,2951.0,3651.0
270,l2691942.2,l2785520.2,line,,,0.8085984947508,0.4512461092128,2951.0,1732.0
271,l2691942.2,l2879065.2,line,,,0.32596650003216,0.1819087171545599,2951.0,3620.0
272,l2691942.2,l3119793.2,line,,,0.79734304805604,0.457592581705785,2951.0,3158.0
273,l2691942.2,l3197629.2,line,,,0.37286433257976,0.2676203452654599,2951.0,1937.0
274,l2691942.2,l3254211.2,line,,,0.6758371842648,0.376938877846442,2951.0,3021.0
275,l2691943.2,l3178974.2,line,,,0.4550769900339,0.2539600586424,897.0,1821.0
276,l2691943.2,l3448661.2,line,,,0.4721179406577,0.2965594192217149,897.0,2823.0
277,l2691944.1,l2710516.1,line,,,0.13972785139524,0.07669885848306,1132.0,2428.0
278,l2691945.3,l2841626.3,line,,,0.4448233968578398,0.2482379430854398,986.0,1294.0
279,l2691945.3,l2879073.3,line,,,0.2021934119741198,0.1119018683304498,986.0,1347.0
280,l2691945.3,l2954350.3,line,,,0.5859957377117999,0.3270205155887998,986.0,1161.0
281,l2691945.3,l3010567.3,line,,,0.2250771326164199,0.1252094249329499,986.0,3507.0
282,l2691945.3,l3178977.3,line,,,0.3448461898338599,0.1924447082817599,986.0,1475.0
283,l2691946.2,l3048196.2,line,,,0.93128922277818,0.540242651475335,3154.0,1678.0
284,l2691946.2,l3066818.2,line,,,3.2285416919192804,1.811745061236612,3154.0,2916.0
285,l2691946.2,l3104120.2,line,,,2.5567801842692,1.4356011156877704,3154.0,2855.0
286,l2691946.2,r18242.2,line,,,3.2521130084733705,1.8236153548871823,3154.0,308.0
287,l2691947.1,l3082992.1,line,,,0.20984697017842,0.1168720103585679,2981.0,2276.0
288,l2691947.1,l3216348.1,line,,,0.15780870655412,0.087394815063108,2981.0,592.0
289,l2691948.2,l2785547.2,line,,,0.1645847170154999,0.1314514656220249,706.0,3468.0
290,l2691948.2,l2913406.2,line,,,0.171502018677,0.13697621578135,706.0,2635.0
291,l2691948.2,l3046854.2,line,,,0.1370641926735,0.109471215419925,706.0,1609.0
292,l2691949.2,l3104127.2,line,,,0.18734514531096,0.1045497468153598,1502.0,2083.0
293,l2691949.2,l3197636.2,line,,,0.2599520442269399,0.1450687198910398,1502.0,3225.0
294,l2691950.3,l2727795.3,line,,,0.2699175622832599,0.1845329165205697,3062.0,2888.0
295,l2691950.3,l2879076.3,line,,,0.2065975175572,0.12406660392036,3062.0,1640.0
296,l2691950.3,l2916609.3,line,,,0.0796538486034,0.0636183925896699,3062.0,3063.0
297,l2691950.3,l3029503.3,line,,,0.11948156855864,0.07624726241372,3062.0,1925.0
298,l2691951.3,l2766718.3,line,,,0.9968779570232598,0.5440984333691947,840.0,1238.0
299,l2691951.3,l2841629.3,line,,,0.3949927491926999,0.2194578405656997,840.0,2176.0
300,l2691951.3,l2841630.3,line,,,0.4498493697951799,0.2486774166325898,840.0,3549.0
301,l2691951.3,l2860487.3,line,,,0.4319237242947298,0.2353872668560498,840.0,156.0
302,l2691951.3,l2879076.3,line,,,0.1307869887433,0.07179107558645,840.0,1640.0
303,l2691951.3,l2973158.3,line,,,0.6784417962511099,0.3725332772389907,840.0,3371.0
304,l2691951.3,l2991911.3,line,,,0.3812116768010999,0.2097763590099238,840.0,2008.0
305,l2691951.3,l3197637.3,line,,,0.5621801726055198,0.3057727747247858,840.0,807.0
306,l2691951.3,l3216347.3,line,,,0.4209961761174598,0.2337053073711298,840.0,3322.0
307,l2691952.1,l2710518.1,line,,,0.54686372985889,0.3055591613679487,3052.0,3717.0
308,l2691952.1,l3048221.1,line,,,0.20848408171192,0.132175977971986,3052.0,2631.0
309,l2691952.1,l3172805.1,line,,,0.5172846008837501,0.311790089537975,3052.0,106.0
310,l2691952.1,l3216350.1,line,,,0.2010888332244499,0.1106625687268449,3052.0,3736.0
311,l2691953.1,l2785527.1,line,,,0.7463458839620399,0.4865724357466489,2924.0,3431.0
312,l2691953.1,l2860491.1,line,,,0.4194076192741,0.306685410450765,2924.0,2079.0
313,l2691953.1,l3048211.1,line,,,0.4116243930461999,0.3287585307608099,2924.0,2655.0
314,l2691953.1,l3216370.1,line,,,0.6595336945315999,0.4378899304028147,2924.0,1892.0
315,l2691954.2,l3122849.2,line,,,0.10766606785386,0.059887620992328,1556.0,1559.0
316,l2691954.2,l3254238.2,line,,,0.97332514589806,0.5410726072907459,1556.0,553.0
317,l2691959.2,l2897784.2,line,,,0.1028452735295999,0.08214105284448,3368.0,1372.0
318,l2691965.2,l2783231.2,line,,,0.29610801437498,0.167446784220815,1482.0,130.0
319,l2691965.2,l2785534.2,line,,,0.1808932630224,0.1167687715399048,1482.0,1221.0
320,l2691965.2,l2820535.2,line,,,0.2443034100576339,0.3069285595157738,1482.0,2887.0
321,l2691965.2,l2916620.2,line,,,0.3818779397278973,0.7479077852371578,1482.0,3380.0
322,l2691965.2,l3066814.2,line,,,0.2874932721471596,0.4934535349525049,1482.0,1782.0
323,l2691965.2,q16642.2,line,,,0.4874785502839314,0.8732590657639039,1482.0,3538.0
324,l2691966.2,l2804272.2,line,,,0.6527305742683199,0.3663672304265559,3674.0,582.0
325,l2691966.2,l2973171.2,line,,,0.42298171740246,0.2431312973020848,3674.0,1613.0
326,l2691966.2,l3082983.2,line,,,0.47481548590168,0.2654172551468798,3674.0,3673.0
327,l2691966.2,l3085410.2,line,,,0.62657882406066,0.3627340723996999,3674.0,3217.0
328,l2691966.2,l3160115.2,line,,,0.78714430454172,0.4340956330534019,3674.0,2710.0
329,l2691966.2,l3176660.2,line,,,0.37265405287944,0.2317584072856698,3674.0,3437.0
330,l2691966.2,l3235273.2,line,,,0.7139452395246599,0.3984239565345597,3674.0,2057.0
331,l2691966.2,l3254227.2,line,,,0.562076436303,0.3129012520609799,3674.0,861.0
332,l2691966.2,l3254229.2,line,,,0.8270307956018998,0.4576633484392318,3674.0,3359.0
333,l2691967.2,l2841632.2,line,,,0.2448781797279599,0.3289490312371199,1229.0,2018.0
334,l2691967.2,q16642.2,line,,,0.0317310984364809,0.0422816081480319,1229.0,3538.0
335,l2691973.1,l2729413.1,line,,,0.8204614240842,0.4882216988171499,3081.0,3503.0
336,l2691973.1,l2841639.1,line,,,0.75711734608212,0.4197671403433198,3081.0,453.0
337,l2691973.1,l2916598.1,line,,,0.5033879967326,0.2763177443719,3081.0,2115.0
338,l2691973.1,l2954357.1,line,,,0.14305274958156,0.07983195254496,3081.0,2302.0
339,l2691973.1,l3048212.1,line,,,0.4605316482603,0.25279320739695,3081.0,2432.0
340,l2691973.1,l3120376.1,line,,,0.4798780802319,0.26466832040367,3081.0,231.0
341,l2692600.3,l2955006.3,line,,,0.0672341704155,0.053698972792025,1497.0,1496.0
342,l2692633.3,l3104830.3,line,,,0.1067348071195978,0.271855987006571,301.0,2608.0
343,l2692633.3,regxfmr_190-8581.3,line,,,0.010859801392062,0.027660161720499,301.0,3795.0
344,l2692654.1,l2842379.1,line,,,0.18345908663776,0.14661237508966,737.0,3594.0
345,l2692654.1,l2955081.1,line,,,0.2729848490782517,0.5118349635077415,737.0,335.0
346,l2692654.1,l2989565.1,line,,,0.3147683008109829,0.4886218481464375,737.0,3192.0
347,l2692654.1,l2992624.1,line,,,0.1226897565365509,0.1260268472765959,737.0,3456.0
348,l2692655.3,l3030199.3,line,,,0.1084404302682359,0.270700172852984,1769.0,149.0
349,l2692660.1,l2767340.1,line,,,0.7549436850937699,1.3972920229013144,3706.0,288.0
350,l2692660.1,l2898457.1,line,,,0.7132264029361899,1.3736838782491103,3706.0,3397.0
351,l2692660.1,l2955076.1,line,,,0.166801220235,0.13322175512425,3706.0,3707.0
352,l2692660.1,l2955078.1,line,,,0.2412455092452599,0.1346293594641598,3706.0,1414.0
353,l2692660.1,l3048962.1,line,,,0.265600710673023,0.3473753709296659,3706.0,108.0
354,l2692660.1,l3067478.1,line,,,0.6556258597713449,1.4183049132485694,3706.0,2373.0
355,l2692660.1,l3081380.1,line,,,0.16277705493966,0.15114206880456,3706.0,579.0
356,l2692660.1,l3198348.1,line,,,0.2191488549374319,0.251641505308794,3706.0,3127.0
357,l2692660.1,l3251799.1,line,,,0.446177136514434,0.7645946732139037,3706.0,1315.0
358,l2692660.1,q16483.1,line,,,0.1878640701094059,0.2151759715898439,3706.0,3485.0
359,l2692661.1,l2839305.1,line,,,0.27772988565392,0.15245038826248,2725.0,2268.0
360,l2692661.1,l2898522.1,line,,,0.4222747159974199,0.23437123938877,2725.0,3622.0
361,l2692664.3,l2767414.3,line,,,0.47499449510682,0.2650752124891199,936.0,1034.0
362,l2692664.3,l2804250.3,line,,,1.0218912370904,0.5664613340842348,936.0,3661.0
363,l2692664.3,l2822865.3,line,,,0.98800372029918,0.5513649080068797,936.0,1875.0
364,l2692664.3,l2916605.3,line,,,0.8661814125798599,0.4833808062177597,936.0,2682.0
365,l2692664.3,l3045895.3,line,,,0.23439547328262,0.1308066315019198,936.0,3463.0
366,l2692664.3,l3048205.3,line,,,1.3123266195483,0.7320511683939298,936.0,491.0
367,l2692664.3,l3085394.3,line,,,1.01545971071142,0.5666869855627197,936.0,3781.0
368,l2708744.2,l2952003.2,line,,,0.4417532867883976,0.243411130213364,455.0,909.0
369,l2708744.2,l2989566.2,line,,,0.2964696442581976,0.163427406226304,455.0,1013.0
370,l2710504.2,l2710513.2,line,,,0.6622326748596,0.3695652661535997,1208.0,1811.0
371,l2710504.2,l2726975.2,line,,,0.35474338856736,0.1979679345177599,1208.0,3634.0
372,l2710504.2,l2748124.2,line,,,0.4547663744601,0.2498403369237199,1208.0,3727.0
373,l2710504.2,l3159037.2,line,,,0.4416109334223599,0.2464451971977599,1208.0,1401.0
374,l2710505.2,l2954346.2,line,,,0.4659681664637999,0.2600379836207999,3619.0,2027.0
375,l2710505.2,l3178974.2,line,,,0.30702942800556,0.17134070332896,3619.0,1821.0
376,l2710508.2,l2822860.2,line,,,0.155955739509,0.12455962438295,2269.0,3739.0
377,l2710508.2,l2860480.2,line,,,0.1880171513775,0.150166616675125,2269.0,412.0
378,l2710508.2,l3197624.2,line,,,0.2364076694469,0.132907788330325,2269.0,3616.0
379,l2710509.3,l2748128.3,line,,,1.10213588299334,0.615595308158455,821.0,2634.0
380,l2710509.3,l2822862.3,line,,,0.10148971047648,0.0575400368322049,821.0,1181.0
381,l2710509.3,l2897766.3,line,,,0.223666792029,0.1786394761089499,821.0,2942.0
382,l2710509.3,l2935550.3,line,,,0.2595995223786,0.1457747267461249,821.0,3678.0
383,l2710509.3,l2991640.3,line,,,0.78862974595496,0.440640215524375,821.0,1686.0
384,l2710509.3,l3048205.3,line,,,0.66800084084436,0.372528867518375,821.0,491.0
385,l2710509.3,l3048228.3,line,,,0.3762315835499599,0.2192751883839999,821.0,2462.0
386,l2710509.3,l3197626.3,line,,,0.77902771441976,0.435281710161175,821.0,2609.0
387,l2710509.3,l3197627.3,line,,,1.24235832487676,0.6938477804731751,821.0,3531.0
388,l2710509.3,l3216343.3,line,,,1.28632387721396,0.7183831766683749,821.0,1930.0
389,l2710510.3,l2766718.3,line,,,0.2909796001807299,0.1598784609199689,2413.0,1238.0
390,l2710510.3,l2841638.3,line,,,1.05705343180206,0.580948574528837,2413.0,3366.0
391,l2710510.3,l3197628.3,line,,,0.10150138040172,0.0566438143075199,2413.0,2414.0
392,l2710510.3,l3254210.3,line,,,0.4260459508107599,0.2358929002280198,2413.0,2501.0
393,l2710510.3,r18242.3,line,,,1.2194578661689297,0.668004731033262,2413.0,309.0
394,l2710511.1,l2766719.1,line,,,0.0755105919669,0.060309232619095,1802.0,1803.0
395,l2710511.1,l2929261.1,line,,,0.4414666109899197,0.2913605234877706,1802.0,976.0
396,l2710511.1,l2935554.1,line,,,0.4540223316288196,0.2674801756611358,1802.0,886.0
397,l2710511.1,l2973153.1,line,,,0.2288535526190498,0.1486456411582248,1802.0,319.0
398,l2710511.1,l3159645.1,line,,,0.4655577389341196,0.3106017637084807,1802.0,2365.0
399,l2710512.2,l2710513.2,line,,,0.40676035785528,0.2269965008044799,399.0,1811.0
400,l2710512.2,l2954346.2,line,,,0.27736278591372,0.1547849504995199,399.0,2027.0
401,l2710512.2,l3235246.2,line,,,0.12928753170762,0.0721501413019199,399.0,597.0
402,l2710513.2,l2726975.2,line,,,0.54228857871396,0.3026293182633598,1811.0,3634.0
403,l2710513.2,l2748124.2,line,,,0.9305644601919,0.5153640008325199,1811.0,3727.0
404,l2710513.2,l2954346.2,line,,,0.1977454102338,0.1103537139407999,1811.0,2027.0
405,l2710513.2,l3159037.2,line,,,0.91740901915416,0.5119688611065597,1811.0,1401.0
406,l2710514.2,l2804255.2,line,,,2.0536250273004604,1.1425324981708784,3633.0,2918.0
407,l2710514.2,l2822866.2,line,,,2.46802911111352,1.3663112055769624,3633.0,3073.0
408,l2710514.2,l2860484.2,line,,,0.7415617293512999,0.4138356023207997,3633.0,2873.0
409,l2710514.2,l2879068.2,line,,,0.7401646442462999,0.4130559456407998,3633.0,2488.0
410,l2710514.2,l3157710.2,line,,,0.382025025222,0.2123765588453999,3633.0,2677.0
411,l2710514.2,l3197632.2,line,,,0.450114528669,0.2511907097039999,3633.0,2409.0
412,l2710514.2,l3216344.2,line,,,0.3681943447696799,0.2054743690348799,3633.0,2983.0
413,l2710515.3,l2766746.3,line,,,0.3637023771552,0.2346182728481999,3687.0,249.0
414,l2710515.3,l3010564.3,line,,,0.2069702915904,0.1155017470463999,3687.0,3153.0
415,l2710516.1,l2710536.1,line,,,2.45574682703065,1.4838283310755334,2428.0,3278.0
416,l2710516.1,l2766720.1,line,,,1.95909825653016,1.0755774132646017,2428.0,1950.0
417,l2710516.1,l2766748.1,line,,,2.6008588445689,1.6385644449766834,2428.0,3792.0
418,l2710516.1,l2804262.1,line,,,3.1285009439542093,2.313453454984732,2428.0,452.0
419,l2710516.1,l2858166.1,line,,,3.824038823009418,3.330724747769044,2428.0,573.0
420,l2710516.1,l2876813.1,line,,,2.94151403053715,2.038061357588672,2428.0,3128.0
421,l2710516.1,l2876814.1,line,,,3.12514924607042,1.7164060267643455,2428.0,1089.0
422,l2710516.1,l2972930.1,line,,,4.104218258666008,3.382450168678836,2428.0,2829.0
423,l2710516.1,l2973165.1,line,,,3.156596448503269,2.329132419509692,2428.0,1813.0
424,l2710516.1,l2991909.1,line,,,2.42019107083948,1.3927734324366754,2428.0,2547.0
425,l2710516.1,l3197638.1,line,,,2.7613393172182,1.7667379091718984,2428.0,2043.0
426,l2710516.1,l3215340.1,line,,,2.30009252170886,1.4313738258188935,2428.0,2753.0
427,l2710516.1,l3216123.1,line,,,4.2761384707848284,3.4772513096653657,2428.0,1340.0
428,l2710516.1,l3632979.1,line,,,0.22469384738586,0.1399989277987198,2428.0,3561.0
429,l2710516.1,l3649297.1,line,,,3.342210865188589,2.6615744903007164,2428.0,3091.0
430,l2710517.1,l2879074.1,line,,,0.18924240780336,0.13147666127627,413.0,966.0
431,l2710517.1,l3178978.1,line,,,0.41108620224516,0.22941057956256,413.0,636.0
432,l2710518.1,l3172805.1,line,,,0.26903386503114,0.1850181536127738,3717.0,106.0
433,l2710518.1,l3216350.1,line,,,0.53057597215844,0.2980265970251037,3717.0,3736.0
434,l2710519.1,l2897772.1,line,,,0.2020834377751799,0.1127745916228798,2570.0,434.0
435,l2710519.1,l2954354.1,line,,,0.2425197906421798,0.1351276605136558,2570.0,3662.0
436,l2710519.1,l3010569.1,line,,,0.2241357220369799,0.119977491338694,2570.0,1849.0
437,l2710519.1,l3029499.1,line,,,0.2092297294651199,0.1167626479219199,2570.0,1839.0
438,l2710519.1,l3066819.1,line,,,0.1775235574764599,0.0990687159633599,2570.0,2489.0
439,l2710520.1,l2710521.1,line,,,0.1570101953295,0.0892483873514829,1604.0,3360.0
440,l2710520.1,l3085396.1,line,,,0.22602443420505,0.1278275835563379,1604.0,607.0
441,l2710520.1,l3235256.1,line,,,0.43199317840828,0.2387829857579639,1604.0,2863.0
442,l2710520.1,r18242.1,line,,,0.3630121315883099,0.200109235111587,1604.0,307.0
443,l2710521.1,l3085396.1,line,,,0.19486579239177,0.108681574352265,3360.0,607.0
444,l2710530.2,l2785536.2,line,,,0.54707297938092,0.3295653772351248,961.0,503.0
445,l2710530.2,l2822873.2,line,,,0.55451226988234,0.3323421660469616,961.0,279.0
446,l2710530.2,l3066826.2,line,,,0.2440113216387,0.1604389259796048,961.0,1039.0
447,l2710530.2,l3178988.2,line,,,0.26733408203028,0.1734544150648846,961.0,3494.0
448,l2710530.2,l3254229.2,line,,,0.31168500545202,0.1982048712727248,961.0,3359.0
449,l2710532.3,l2729414.3,line,,,0.94634798721562,0.578707197026761,3546.0,372.0
450,l2710532.3,l2766724.3,line,,,2.27345656153297,1.2969740016044276,3546.0,3042.0
451,l2710532.3,l2822870.3,line,,,2.41107933176477,1.379656913466562,3546.0,2266.0
452,l2710532.3,l2841631.3,line,,,0.8660459612907598,0.6195609195619206,3546.0,1637.0
453,l2710532.3,l2851933.3,line,,,0.5118434220006199,0.328401082444811,3546.0,1166.0
454,l2710532.3,l2935560.3,line,,,0.26608255293016,0.2094537806632919,3546.0,3751.0
455,l2710532.3,l2973166.3,line,,,0.17577318749622,0.11095881446353,3546.0,1621.0
456,l2710532.3,l3141402.3,line,,,1.08008598581412,0.7272387178499509,3546.0,3628.0
457,l2710532.3,l3189188.3,line,,,0.39276925497736,0.262303696690097,3546.0,2954.0
458,l2710532.3,l3197642.3,line,,,0.8080732728256799,0.579440668436699,3546.0,3676.0
459,l2710532.3,l3216368.3,line,,,0.26309455642072,0.192129107901671,3546.0,1853.0
460,l2710532.3,l3235258.3,line,,,1.43603928208851,0.8464583807295261,3546.0,3690.0
461,l2710532.3,l3254217.3,line,,,2.60226744357401,1.4925135898260713,3546.0,3670.0
462,l2710536.1,l2766720.1,line,,,0.6835267033772496,0.5125400438790918,3278.0,1950.0
463,l2710536.1,l2766748.1,line,,,0.3229796320312497,0.2967964402532998,3278.0,3792.0
464,l2710536.1,l2804262.1,line,,,0.8506217314165588,0.9716854502613484,3278.0,452.0
465,l2710536.1,l2858166.1,line,,,1.5461596104717676,1.988956743045662,3278.0,573.0
466,l2710536.1,l2876813.1,line,,,0.6636348179994991,0.6962933528652887,3278.0,3128.0
467,l2710536.1,l2876814.1,line,,,1.1454248106262297,0.7671189242881878,3278.0,1089.0
468,l2710536.1,l2972930.1,line,,,1.826339046128358,2.0406821639554527,3278.0,2829.0
469,l2710536.1,l2973165.1,line,,,0.8787172359656189,0.9873644147863084,3278.0,1813.0
470,l2710536.1,l2991909.1,line,,,0.2736910550658898,0.2239485755143777,3278.0,2547.0
471,l2710536.1,l3197638.1,line,,,0.4834601046805498,0.4249699044485148,3278.0,2043.0
472,l2710536.1,l3215340.1,line,,,4.439861524488991,2.7417568617440464,3278.0,2753.0
473,l2710536.1,l3216123.1,line,,,1.9982592582471776,2.1354833049419826,3278.0,1340.0
474,l2710536.1,l3632979.1,line,,,2.36446285016599,1.4503819637238733,3278.0,3561.0
475,l2710536.1,l3649297.1,line,,,1.0643316526509383,1.319806485577334,3278.0,3091.0
476,l2710537.2,l2804247.2,line,,,0.6977447452288801,0.3847929497881768,2581.0,2511.0
477,l2710537.2,l2822859.2,line,,,0.2452524752068,0.14754887025348,2581.0,3370.0
478,l2710537.2,l2954339.2,line,,,0.3276110235433999,0.1775277279890328,2581.0,2251.0
479,l2710537.2,l2991902.2,line,,,0.34582735310656,0.1916340013743399,2581.0,1588.0
480,l2710537.2,l3029495.2,line,,,0.5699036963351001,0.3134048255911668,2581.0,3446.0
481,l2710537.2,l3085389.2,line,,,0.1844490440660399,0.1020015705048149,2581.0,1306.0
482,l2710537.2,l3104115.2,line,,,0.4977463709682,0.2737965124913168,2581.0,3178.0
483,l2710542.2,l2729430.2,line,,,0.05923224189792,0.03305511804672,711.0,373.0
484,l2710542.2,l2766730.2,line,,,1.4986668554295297,0.8263747332759247,711.0,3509.0
485,l2710542.2,l2914323.2,line,,,1.3633722084464,0.7515237813825777,711.0,1279.0
486,l2710542.2,l3160102.2,line,,,0.8083018826497199,0.4497225793784159,711.0,2617.0
487,l2710543.3,l2925506.3,line,,,0.1285837560987699,0.1132537357296249,1485.0,3112.0
488,l2710543.3,l3066810.3,line,,,0.149142884697,0.1191182944323498,1485.0,566.0
489,l2710543.3,l3181545.3,line,,,0.8919233002275899,1.111493714527625,1485.0,3271.0
490,l2710544.1,l2841648.1,line,,,0.1028543765049,0.082148323260995,3308.0,689.0
491,l2710546.2,l2785547.2,line,,,0.0891871619823,0.0712325139893648,295.0,3468.0
492,l2710546.2,l3139086.2,line,,,0.1202629239765,0.0960522817875748,295.0,1322.0
493,l2710546.2,l3254214.2,line,,,0.1025209422971999,0.0818820141158599,295.0,3699.0
494,l2711224.2,l2748839.2,line,,,0.25780661573311,0.1433206682341269,599.0,2812.0
495,l2711224.2,l2917310.2,line,,,0.3347685617713098,0.1861055963998669,599.0,3777.0
496,l2711224.2,l3068944.2,line,,,0.18029269779746,0.1005306258588779,599.0,1622.0
497,l2711224.2,l3142079.2,line,,,0.38722668204641,0.281519905027787,599.0,1200.0
498,l2711224.2,l3142098.2,line,,,0.15711517101524,0.087343962200468,599.0,3719.0
499,l2711225.3,l3030200.3,line,,,0.1656566152776599,0.0924462555825599,2876.0,2877.0
500,l2711225.3,l3160861.3,line,,,0.3204535355945738,0.3307854622221927,2876.0,2253.0
501,l2711225.3,l3160872.3,line,,,0.162985677210942,0.1496473973268889,2876.0,1491.0
502,l2711225.3,l3214071.3,line,,,0.3700241231713016,0.6769790391201088,2876.0,407.0
503,l2711225.3,l3552667.3,line,,,0.4270391749709757,0.4615298894085616,2876.0,2300.0
504,l2711226.2,l2767340.2,line,,,0.7876915164786263,1.809970847638871,1120.0,289.0
505,l2711226.2,l2861219.2,line,,,0.088919002302246,0.109896759834576,1120.0,3589.0
506,l2711226.2,l2879767.2,line,,,0.3184730673565055,0.567469326485661,1120.0,671.0
507,l2711226.2,l2917328.2,line,,,0.1949479396299934,0.5220994214878889,1120.0,1546.0
508,l2711226.2,l2989566.2,line,,,0.984447347384126,2.05625876543818,1120.0,1013.0
509,l2711226.2,l3029055.2,line,,,0.8410106313200766,1.690679677799601,1120.0,3351.0
510,l2711226.2,l3048887.2,line,,,0.6869508958587764,1.6582302336605006,1120.0,531.0
511,l2711226.2,l3048963.2,line,,,0.7993632163641059,0.4899482712920608,1120.0,2528.0
512,l2711226.2,l3048965.2,line,,,0.1910250689127018,0.504708372727673,1120.0,1338.0
513,l2711226.2,l3068944.2,line,,,0.3285404686911454,0.5715954639394529,1120.0,1622.0
514,l2711226.2,l3160864.2,line,,,0.3656933832818459,0.2726141212196409,1120.0,2429.0
515,l2711226.2,l3160868.2,line,,,1.3109300065274196,0.844382879727722,1120.0,1351.0
516,l2711226.2,l3179650.2,line,,,0.7861238249065637,2.0928313103450287,1120.0,2424.0
517,l2711226.2,l3254869.2,line,,,0.7774208234826365,1.6536520905563612,1120.0,1738.0
518,l2711226.2,l3254915.2,line,,,1.0404539836760458,0.6244912755431008,1120.0,2686.0
519,l2711234.2,l2917328.2,line,,,0.3557326926310654,0.636237925215121,1295.0,1546.0
520,l2711234.2,l3179678.2,line,,,0.7414781847252678,0.434090106817024,1295.0,3555.0
521,l2711234.2,l3198355.2,line,,,0.1941597704544,0.1065774117936,1295.0,177.0
522,l2711234.2,l3236011.2,line,,,0.3705957288991199,0.2062885762970998,1295.0,2778.0
523,l2724120.3,l2785518.3,line,,,0.15831684174462,0.0883502248939199,1064.0,2672.0
524,l2724120.3,l2973144.3,line,,,0.2810912288418,0.1568656436688,1064.0,2594.0
525,l2726973.1,l2766741.1,line,,,1.7123678312556685,2.2537869485638278,1680.0,1700.0
526,l2726973.1,l2822861.1,line,,,1.358205039351909,1.7221513418862606,1680.0,865.0
527,l2726973.1,l2841635.1,line,,,0.6559775717373892,0.6392703608552789,1680.0,1548.0
528,l2726973.1,l2858166.1,line,,,1.0650133603750631,0.9088131304041795,1680.0,573.0
529,l2726973.1,l2860482.1,line,,,0.4410082892924697,0.4562677047784208,1680.0,2046.0
530,l2726973.1,l2954353.1,line,,,1.026867553081409,0.8433880693683127,1680.0,3429.0
531,l2726973.1,l2991905.1,line,,,1.7179985569832184,2.2284660093826525,1680.0,3750.0
532,l2726973.1,l3010561.1,line,,,1.0190295593797791,1.2138619218677758,1680.0,3802.0
533,l2726973.1,l3010568.1,line,,,1.2377939458084797,1.107341548785543,1680.0,3495.0
534,l2726973.1,l3048227.1,line,,,0.8681851455118194,1.0795796967546658,1680.0,222.0
535,l2726973.1,l3085401.1,line,,,1.0927800809919597,0.9356903484566568,1680.0,2805.0
536,l2726973.1,l3104119.1,line,,,0.5638253821139998,0.659641310005672,1680.0,2417.0
537,l2726973.1,l3104129.1,line,,,1.467150061158779,1.2994187419042895,1680.0,3796.0
538,l2726973.1,l3122811.1,line,,,1.4236110892632086,1.8207602503434703,1680.0,3019.0
539,l2726973.1,l3141401.1,line,,,1.5066460995267794,1.3660549392626913,1680.0,2854.0
540,l2726973.1,l3160123.1,line,,,0.9642968414744396,1.228920872043874,1680.0,1980.0
541,l2726973.1,l3177665.1,line,,,0.2976863296975898,0.381970684177849,1680.0,735.0
542,l2726973.1,l3729297.1,line,,,0.1483102283005798,0.143240956025943,1680.0,3391.0
543,l2726974.2,l2804269.2,line,,,0.6405810560073599,0.3574823735577599,3430.0,122.0
544,l2726974.2,l2916618.2,line,,,0.1493053422159,0.0833212715543999,3430.0,3686.0
545,l2726974.2,l2916619.2,line,,,0.70008315094302,0.3906880856683198,3430.0,1856.0
546,l2726974.2,l2954361.2,line,,,0.20216723943624,0.11282135793984,3430.0,3078.0
547,l2726974.2,l3160113.2,line,,,0.57685396093926,0.3473425664192949,3430.0,3716.0
548,l2726975.2,l2748124.2,line,,,0.6230751738996599,0.3437666691966799,3634.0,3727.0
549,l2726975.2,l3159037.2,line,,,0.60991973286192,0.3403715294707198,3634.0,1401.0
550,l2726983.1,l2764412.1,line,,,0.2065844213809199,0.1397332916378399,2311.0,2973.0
551,l2726983.1,l3215340.1,line,,,0.1597621971732,0.1136037024343199,2311.0,2753.0
552,l2727795.3,l2879076.3,line,,,0.1425409931707399,0.1039519616886297,2888.0,1640.0
553,l2727795.3,l2972704.3,line,,,0.035979389226,0.0287362249163,2888.0,1022.0
554,l2727795.3,l3029503.3,line,,,0.3040251772675,0.1925932201035697,2888.0,1925.0
555,l2728247.1,l2896685.1,line,,,0.3044311752194,0.1676957519193,2467.0,2738.0
556,l2728247.1,l2915542.1,line,,,0.2993252856889288,0.1563871797634919,2467.0,2802.0
557,l2728247.1,l3215203.1,line,,,0.3122147217846066,0.1760636254060563,2467.0,3201.0
558,l2728247.1,l3254237.1,line,,,0.4525854840846,0.2939604404520899,2467.0,449.0
559,l2728247.2,l2803199.2,line,,,0.5737318799693981,0.380131064151034,2468.0,3745.0
560,l2728247.2,l2896685.2,line,,,0.3032484617312599,0.1686773679458479,2468.0,2739.0
561,l2728247.2,l2915542.2,line,,,0.2983173050104887,0.1572237729014997,2468.0,2803.0
562,l2728247.2,l2952003.2,line,,,0.7110815511378699,0.4635694263259607,2468.0,909.0
563,l2728247.2,l3215203.2,line,,,0.3109973425100165,0.1771617686683093,2468.0,3202.0
564,l2728247.3,l2730106.3,line,,,1.7259332280741155,1.2942127946273387,2469.0,99.0
565,l2728247.3,l2730149.3,line,,,1.6200527799951294,0.95124400343823,2469.0,3320.0
566,l2728247.3,l2767340.3,line,,,1.7842499241282492,1.1708513236709173,2469.0,290.0
567,l2728247.3,l2767341.3,line,,,1.7138454527694953,1.2649719781543491,2469.0,3325.0
568,l2728247.3,l2803199.3,line,,,0.5772423323240882,0.3765830731754842,2469.0,3746.0
569,l2728247.3,l2896685.3,line,,,0.30479828659263,0.167395009942117,2469.0,2740.0
570,l2728247.3,l2915542.3,line,,,0.2996381604255089,0.1561308690802739,2469.0,2804.0
571,l2728247.3,l3030126.3,line,,,1.8667640042987808,1.334462644239266,2469.0,2800.0
572,l2728247.3,l3215203.3,line,,,0.3125928240314867,0.1757266337790234,2469.0,3203.0
573,l2729206.3,l2729207.3,line,,,0.2810557763034599,0.15863897252908,1565.0,2993.0
574,l2729206.3,l2878848.3,line,,,0.2103487829763776,0.1188300869806338,1565.0,731.0
575,l2729206.3,l2895449.3,line,,,1.0569441603797152,0.5772087715477827,1565.0,2701.0
576,l2729206.3,l2954345.3,line,,,1.2063846568606251,0.6606341291482896,1565.0,2917.0
577,l2729206.3,l3066815.3,line,,,0.6779117000567149,0.4026059609929559,1565.0,3306.0
578,l2729206.3,l3103822.3,line,,,0.7204741935647299,0.4582832775514559,1565.0,1453.0
579,l2729206.3,l3104123.3,line,,,0.3461633060519455,0.1855176580474639,1565.0,3693.0
580,l2729206.3,l3178972.3,line,,,0.6842424765609253,0.3755123610719096,1565.0,2820.0
581,l2729206.3,l3253995.3,line,,,0.4049193384119758,0.2367112640536369,1565.0,3365.0
582,l2729401.2,l3178969.2,line,,,0.1282977791784,0.0715978004543999,1654.0,1653.0
583,l2729405.2,l2785516.2,line,,,0.4033013335983,0.261203523092595,1307.0,2527.0
584,l2729405.2,l2786273.2,line,,,0.30799668084798,0.208017851807475,1307.0,550.0
585,l2729406.3,l2822863.3,line,,,0.4494104149464,0.2487976950954,65.0,3032.0
586,l2729406.3,l2897768.3,line,,,0.3261778990626,0.1820266904016,65.0,66.0
587,l2729406.3,l2935551.3,line,,,0.3644823543846799,0.2026304046022199,65.0,198.0
588,l2729407.2,l2785520.2,line,,,0.5314214303057401,0.2965648023518399,3651.0,1732.0
589,l2729407.2,l3119793.2,line,,,0.52016598361098,0.3029112748448249,3651.0,3158.0
590,l2729407.2,l3254211.2,line,,,0.39866011981974,0.2222575709854819,3651.0,3021.0
591,l2729408.2,l2822871.2,line,,,0.6156143458708575,0.7449740095871505,2461.0,76.0
592,l2729408.2,l3085398.2,line,,,0.2508468614190998,0.1812976409251029,2461.0,24.0
593,l2729408.2,l3122816.2,line,,,0.2568722581207797,0.2118078283722449,2461.0,2338.0
594,l2729408.2,l3197634.2,line,,,0.0888306405335999,0.0722816424368299,2461.0,3664.0
595,l2729409.2,l2841624.2,line,,,0.14529952702668,0.0810857881468799,2220.0,2221.0
596,l2729409.2,l3029510.2,line,,,0.1811070937494,0.1010685425903999,2220.0,3313.0
597,l2729410.3,l2991914.3,line,,,0.39090900152475,0.222368350021985,635.0,111.0
598,l2729410.3,l3254217.3,line,,,0.0980081069329999,0.0769039561791899,635.0,3670.0
599,l2729411.1,l2897781.1,line,,,0.31060287373134,0.1719761810886899,3198.0,3055.0
600,l2729411.1,l3122826.1,line,,,0.33138820923484,0.1833855850864399,3198.0,1050.0
601,l2729411.1,l3197644.1,line,,,0.19638919185678,0.1095968633284798,3198.0,3241.0
602,l2729412.1,l2748135.1,line,,,0.2262256642646399,0.1529146726659488,2938.0,2741.0
603,l2729412.1,l2763153.1,line,,,0.9501825545811798,0.5367910171104529,2938.0,1887.0
604,l2729412.1,l2804259.1,line,,,0.4503111607004298,0.2869568475564177,2938.0,658.0
605,l2729412.1,l2991919.1,line,,,0.3927021622607198,0.229913841015337,2938.0,211.0
606,l2729412.1,l3010570.1,line,,,0.5797681624058199,0.4314828944313519,2938.0,787.0
607,l2729412.1,l3104135.1,line,,,0.6729093391753299,0.4066806596731779,2938.0,3590.0
608,l2729413.1,l2841639.1,line,,,0.21181126795992,0.1513080911592699,3503.0,453.0
609,l2729413.1,l2916598.1,line,,,0.7224561595472,0.4344250373766498,3503.0,2115.0
610,l2729413.1,l3048212.1,line,,,0.6795998110749,0.4109005004016999,3503.0,2432.0
611,l2729413.1,l3120376.1,line,,,0.6989462430465,0.4227756134084198,3503.0,231.0
612,l2729414.1,l2785530.1,line,,,1.0759871088239,0.6833141706131661,370.0,2306.0
613,l2729414.1,l2814529.1,line,,,0.92244779364688,0.5299476755276574,370.0,2869.0
614,l2729414.1,l2841633.1,line,,,0.94039388403252,0.5315185014330639,370.0,3574.0
615,l2729414.1,l2851933.1,line,,,0.7620643463532,0.4315811252781716,370.0,1164.0
616,l2729414.1,l2860504.1,line,,,1.0295791172069,0.6462487697348163,370.0,181.0
617,l2729414.1,l2879078.1,line,,,1.20626598035948,0.7832396332658874,370.0,1518.0
618,l2729414.1,l3122827.1,line,,,0.7099604660076,0.4064156264013176,370.0,904.0
619,l2729414.1,l3216351.1,line,,,1.1315639436319995,0.7171277601522533,370.0,88.0
620,l2729414.1,l3235258.1,line,,,0.6020223773859599,0.3565355853837118,370.0,3688.0
621,l2729414.2,l2820531.2,line,,,2.4027714673685114,1.404302968105725,371.0,2182.0
622,l2729414.2,l2822866.2,line,,,4.222142712395505,2.540910633278036,371.0,3073.0
623,l2729414.2,l2879070.2,line,,,3.5110437237155194,2.388073369788072,371.0,202.0
624,l2729414.2,l2973167.2,line,,,0.43438239248414,0.254161754135452,371.0,2391.0
625,l2729414.2,l3029506.2,line,,,3.284269341066567,2.0507577743623764,371.0,1472.0
626,l2729414.2,l3235258.2,line,,,0.5994479175218399,0.3589464714327699,371.0,3689.0
627,l2729414.3,l2766724.3,line,,,1.44023948361311,0.8063108583930387,372.0,3042.0
628,l2729414.3,l2822870.3,line,,,1.57786225384491,0.8889937702551729,372.0,2266.0
629,l2729414.3,l2841631.3,line,,,1.7056723809635794,1.1130311230125414,372.0,1637.0
630,l2729414.3,l2851933.3,line,,,0.7630433856321198,0.4307394094173579,372.0,1166.0
631,l2729414.3,l2935560.3,line,,,0.80599305581046,0.4696702741272188,372.0,3751.0
632,l2729414.3,l2973166.3,line,,,1.04346602945404,0.626845269015901,372.0,1621.0
633,l2729414.3,l3141402.3,line,,,1.91971240548694,1.2207089213005715,372.0,3628.0
634,l2729414.3,l3189188.3,line,,,0.6439692186088599,0.3646420236626439,372.0,2954.0
635,l2729414.3,l3197642.3,line,,,1.6476996924984997,1.07291087188732,372.0,3676.0
636,l2729414.3,l3216368.3,line,,,0.80300505930102,0.4523456013655978,372.0,1853.0
637,l2729414.3,l3235258.3,line,,,0.60282220416865,0.355795237518137,372.0,3690.0
638,l2729414.3,l3254217.3,line,,,1.76905036565415,1.0018504466146818,372.0,3670.0
639,l2729423.3,l2766738.3,line,,,0.2799037065317017,0.6132052650138339,3763.0,2521.0
640,l2729423.3,l2897790.3,line,,,0.1102672454436,0.08806887593518,3763.0,460.0
641,l2729423.3,l3008237.3,line,,,0.139607287256064,0.1234046930951526,3763.0,912.0
642,l2729423.3,l3231255.3,line,,,0.3773669492971575,0.859899343445746,3763.0,2214.0
643,l2729424.1,l2748144.1,line,,,0.2298681612396647,0.3756972375753797,3527.0,1931.0
644,l2729424.1,l3104144.1,line,,,0.1616084586422998,0.1231146207909548,3527.0,1855.0
645,l2729424.1,l3160114.1,line,,,0.1985943433427998,0.1526547192847296,3527.0,3709.0
646,l2729424.1,l3197652.1,line,,,0.1715758195867199,0.1183092153098097,3527.0,1213.0
647,l2729427.2,l2748131.2,line,,,0.09351612591828,0.05218756681248,3606.0,3605.0
648,l2729427.2,l2860483.2,line,,,0.29284322580072,0.1901951242753549,3606.0,376.0
649,l2729427.2,l2879066.2,line,,,0.3339581584154399,0.1863685384070399,3606.0,3783.0
650,l2729427.2,l3048207.2,line,,,0.1922445540522,0.1072839086351999,3606.0,1350.0
651,l2729428.1,l2954355.1,line,,,0.67114192299804,0.3745371571286396,1459.0,905.0
652,l2729428.1,l2973159.1,line,,,0.2321901384463799,0.15574129894444,1459.0,3369.0
653,l2729428.1,l3160106.1,line,,,1.0580074590501,0.5904311627015998,1459.0,3481.0
654,l2729428.1,l3197639.1,line,,,0.46700616929694,0.2606172510110397,1459.0,3050.0
655,l2729429.1,l2822869.1,line,,,1.2133953867050802,0.7003878011649514,1066.0,626.0
656,l2729429.1,l2841633.1,line,,,0.1796849857126599,0.1028841234046418,1066.0,3574.0
657,l2729429.1,l3197641.1,line,,,0.7467547114840999,0.4529154674101447,1066.0,2535.0
658,l2729429.1,l3197647.1,line,,,0.132901475355,0.10614651248025,1066.0,1576.0
659,l2729430.2,l2766742.2,line,,,0.181937155725,0.1015317665999999,373.0,374.0
660,l2729434.2,l3216361.2,line,,,0.15657552860196,0.08737846847136,3113.0,2735.0
661,l2730106.3,l2730149.3,line,,,0.1807094682399459,0.3838882135770048,99.0,3320.0
662,l2730106.3,l2767340.3,line,,,0.3449066123730656,0.6034955338096916,99.0,290.0
663,l2730106.3,l2767341.3,line,,,0.2745021410143117,0.6976161882931234,99.0,3325.0
664,l2730106.3,l2803199.3,line,,,1.2243566582386838,0.9431865436870412,99.0,3746.0
665,l2730106.3,l2896685.3,line,,,1.7405016181300057,1.30221374445389,99.0,2740.0
666,l2730106.3,l2915542.3,line,,,1.5060359527616642,1.165015158738449,99.0,2804.0
667,l2730106.3,l3030126.3,line,,,0.4274206925435976,0.7671068543780405,99.0,2800.0
668,l2730106.3,l3142049.3,line,,,0.0311501243490779,0.0793400768580309,99.0,421.0
669,l2730106.3,l3215203.3,line,,,1.4498848124178418,1.1308293781478884,99.0,3203.0
670,l2730107.3,l3086002.3,line,,,0.36658836090162,0.2045781344059199,3637.0,1912.0
671,l2730107.3,l3179608.3,line,,,0.27832678887078,0.1553229215524798,3637.0,1858.0
672,l2730108.3,l2786204.3,line,,,0.14127210035016,0.0788382442425599,2845.0,282.0
673,l2730108.3,l3160863.3,line,,,0.5204178607446,0.2904241553135999,2845.0,2368.0
674,l2730149.3,l2767340.3,line,,,0.2390261642940797,0.2605267426205828,3320.0,290.0
675,l2730149.3,l2767341.3,line,,,0.1686216929353258,0.3546473971040147,3320.0,3325.0
676,l2730149.3,l2803199.3,line,,,1.118476210159698,0.6002177524979323,3320.0,3746.0
677,l2730149.3,l2896685.3,line,,,1.6346211700510196,0.9592449532647812,3320.0,2740.0
678,l2730149.3,l2915542.3,line,,,1.4001555046826784,0.8220463675493399,3320.0,2804.0
679,l2730149.3,l3030126.3,line,,,0.3215402444646118,0.4241380631889317,3320.0,2800.0
680,l2730149.3,l3215203.3,line,,,1.344004364338856,0.7878605869587795,3320.0,3203.0
681,l2730163.3,l2805031.3,line,,,0.1059170746402698,0.166708987877947,1676.0,2024.0
682,l2730163.3,l2861218.3,line,,,0.1013801457129717,0.2582175423316939,1676.0,3733.0
683,l2730163.3,l3030199.3,line,,,0.025178546007048,0.064130330684596,1676.0,149.0
684,l2730187.1,l2992656.1,line,,,0.182506589273,0.10096093792543,1041.0,2110.0
685,l2730187.1,l3104856.1,line,,,0.22147155267822,0.1235943142315199,1041.0,2671.0
686,l2731712.2,l2766744.2,line,,,0.1266767180883,0.101174887649665,3776.0,1891.0
687,l2731712.2,l2785543.2,line,,,0.2734295594390999,0.2183842885562049,3776.0,3788.0
688,l2731712.2,l3010580.2,line,,,0.2073914319897,0.1656405782192349,3776.0,2997.0
689,l2745799.3,l2820528.3,line,,,0.034206738822,0.0273204343261,3672.0,3104.0
690,l2745806.3,l3104117.3,line,,,0.2095637951502,0.1673756136860097,2675.0,1753.0
691,l2745811.3,l3027124.3,line,,,0.3088775418596999,0.2466960864377348,3302.0,694.0
692,l2745811.3,l3048890.3,line,,,0.3902712158367,0.3117040527340847,3302.0,2479.0
693,l2745811.3,l3179637.3,line,,,0.3858662949552,0.3081859052637598,3302.0,3257.0
694,l2745811.3,l3254873.3,line,,,0.1940240676452,0.14126473990082,3302.0,269.0
695,l2746587.3,l2991933.3,line,,,0.12678798275676,0.0707552441481599,2321.0,431.0
696,l2746587.3,l3120484.3,line,,,1.696689001464358,1.1543901148374756,2321.0,1517.0
697,l2746587.3,l3122817.3,line,,,1.1874262117314998,0.6522082267820377,2321.0,601.0
698,l2746587.3,l3122818.3,line,,,0.5769568707577596,0.3359962459302836,2321.0,3653.0
699,l2746587.3,l3160103.3,line,,,2.34402085214954,1.5370618131022855,2321.0,2342.0
700,l2746587.3,l3177881.3,line,,,0.3909356626129598,0.2222520238691288,2321.0,2624.0
701,l2748124.2,l3159037.2,line,,,0.13318710180546,0.0703799538894799,3727.0,1401.0
702,l2748125.3,l2933120.3,line,,,0.26059020722412,0.1851712812608899,2945.0,1644.0
703,l2748125.3,l2954344.3,line,,,0.4327352182399799,0.2394573776251798,2945.0,2116.0
704,l2748125.3,l3066809.3,line,,,0.4218873449447198,0.2324531214645198,2945.0,672.0
705,l2748126.3,l3104118.3,line,,,0.0895325296059,0.071508354183545,3130.0,3129.0
706,l2748127.1,l3197631.1,line,,,0.088580889501,0.0494334110159999,2454.0,2453.0
707,l2748128.3,l2822862.3,line,,,1.19612237825882,0.6671426340376099,2634.0,1181.0
708,l2748128.3,l2879062.3,line,,,0.5764548785215999,0.3210869097323,2634.0,1125.0
709,l2748128.3,l2935550.3,line,,,1.10991327622262,0.6190328216584099,2634.0,3678.0
710,l2748128.3,l2991640.3,line,,,0.69471746661798,0.38769371430768,2634.0,1686.0
711,l2748128.3,l3029497.3,line,,,0.3444366680955,0.2050064138245949,2634.0,3137.0
712,l2748128.3,l3048205.3,line,,,1.51831459468838,0.84578696243066,2634.0,491.0
713,l2748128.3,l3048228.3,line,,,1.22654533739398,0.6925332832962849,2634.0,2462.0
714,l2748128.3,l3085392.3,line,,,0.422399408067,0.235724022072,2634.0,1614.0
715,l2748128.3,l3197626.3,line,,,0.6851154350827799,0.38233520894448,2634.0,2609.0
716,l2748128.3,l3197627.3,line,,,0.28433565316338,0.15867622563408,2634.0,3531.0
717,l2748128.3,l3216343.3,line,,,0.32830120550058,0.1832116218292799,2634.0,1930.0
718,l2748129.1,l2785519.1,line,,,0.18266822125338,0.120676700337041,3533.0,3565.0
719,l2748129.1,l2973151.1,line,,,0.2256085616394,0.14925731144956,3533.0,253.0
720,l2748130.2,l2785528.2,line,,,0.17736891602274,0.0989824168238397,1303.0,3505.0
721,l2748130.2,l2841620.2,line,,,0.3140914307083799,0.1752817213540798,1303.0,2127.0
722,l2748130.2,l3178981.2,line,,,0.4696208226535799,0.2620763832772799,1303.0,495.0
723,l2748130.2,l3254212.2,line,,,0.12085994760372,0.06744704753952,1303.0,3172.0
724,l2748131.2,l2973152.2,line,,,0.21193040890548,0.11787895721676,3605.0,2265.0
725,l2748131.2,l3066811.2,line,,,0.4235702153754,0.2938885100789299,3605.0,2062.0
726,l2748131.2,l3178975.2,line,,,0.7978812264804,0.5928453749716799,3605.0,3682.0
727,l2748132.1,l3091052.1,line,,,0.2902263796340399,0.2092108538502199,242.0,2746.0
728,l2748132.1,l3254216.1,line,,,0.15001657366722,0.08371818105552,242.0,1370.0
729,l2748133.3,l2860486.3,line,,,0.5871521155395999,0.3250152848886279,1793.0,2781.0
730,l2748133.3,l2897776.3,line,,,0.26556299824322,0.146616282319908,1793.0,1025.0
731,l2748133.3,l2954351.3,line,,,0.7324293478177,0.4060886312382279,1793.0,1281.0
732,l2748133.3,l3085399.3,line,,,0.139164632347,0.076693853769325,1793.0,1794.0
733,l2748133.3,l3122819.3,line,,,0.27444839845216,0.1695553827615979,1793.0,3141.0
734,l2748133.3,l3235266.3,line,,,0.5660136372766599,0.3104093447776399,1793.0,3386.0
735,l2748135.1,l2763153.1,line,,,1.0656104509692197,0.6012130931420718,2741.0,1887.0
736,l2748135.1,l2804259.1,line,,,0.3939164578492298,0.2571288895909526,2741.0,658.0
737,l2748135.1,l2991919.1,line,,,0.28559802154888,0.1721398299010278,2741.0,211.0
738,l2748135.1,l3010570.1,line,,,0.47266402169398,0.3737088833170429,2741.0,787.0
739,l2748135.1,l3104135.1,line,,,0.6165146363241298,0.3768527017077128,2741.0,3590.0
740,l2748139.2,l2801896.2,line,,,0.43500878804202,0.2604554909321949,1635.0,1440.0
741,l2748139.2,l2804245.2,line,,,0.4242043958426399,0.2544259967221148,1635.0,2684.0
742,l2748139.2,l2860479.2,line,,,0.57594162069744,0.3391044035989148,1635.0,348.0
743,l2748139.2,l2991927.2,line,,,0.2696336144493,0.1681662965686748,1635.0,2103.0
744,l2748139.2,l3160108.2,line,,,0.30764540048256,0.1893791366408349,1635.0,3347.0
745,l2748139.2,l3178969.2,line,,,0.59514024949614,0.3498183816781148,1635.0,1653.0
746,l2748139.2,l3251806.2,line,,,0.2702055675961,0.167954250770535,1635.0,3243.0
747,l2748139.2,l3254206.2,line,,,0.71707635559242,0.4312371103467198,1635.0,3577.0
748,l2748139.2,l3315860.2,line,,,1.11304830886902,0.7474942607510497,1635.0,3761.0
749,l2748140.1,l3066821.1,line,,,0.1214863653125999,0.084939957990525,2405.0,3680.0
750,l2748140.1,l3141412.1,line,,,0.13106478807786,0.07314195618576,2405.0,2406.0
751,l2748143.1,l3197652.1,line,,,0.0342600873525,0.027363043036375,131.0,1213.0
752,l2748143.1,l3251854.1,line,,,0.0752570363394,0.06010672135647,131.0,132.0
753,l2748144.1,l2897792.1,line,,,0.3227258989319048,0.6632166510363185,1931.0,3644.0
754,l2748144.1,l2916620.1,line,,,0.224494344763153,0.5770566963887376,1931.0,3379.0
755,l2748144.1,l3104144.1,line,,,0.1544330861739649,0.3214080689537549,1931.0,1855.0
756,l2748144.1,l3160098.1,line,,,0.312423542022518,0.8021167111780277,1931.0,2196.0
757,l2748144.1,l3160114.1,line,,,0.1914189708744649,0.3509481674475298,1931.0,3709.0
758,l2748144.1,l3197652.1,line,,,0.2139357846427848,0.3442463314630096,1931.0,1213.0
759,l2748144.1,q16642.1,line,,,0.3310747394555148,0.7014602111417156,1931.0,3537.0
760,l2748146.1,l2804253.1,line,,,0.1868105634401399,0.1092158913267599,3613.0,1149.0
761,l2748146.1,l2973151.1,line,,,0.2925031207027799,0.1632341588644799,3613.0,253.0
762,l2748146.1,l3195315.1,line,,,0.3071396842706398,0.1714022328902399,3613.0,1082.0
763,l2748152.2,l2804256.2,line,,,0.37936471048806,0.3037768002437219,2595.0,3027.0
764,l2748152.2,l3216361.2,line,,,0.45334017298251,0.3521684973115868,2595.0,2735.0
765,l2748157.1,l2764403.1,line,,,0.2045129959859999,0.1141304297759999,2431.0,3753.0
766,l2748157.1,l2785537.1,line,,,0.36024262870206,0.2010368379729598,2431.0,2659.0
767,l2748158.1,l3027116.1,line,,,0.75927343991576,0.4181637295954888,3037.0,973.0
768,l2748158.1,l3104133.1,line,,,0.2874123371061798,0.158775998007401,3037.0,3140.0
769,l2748158.1,l3216370.1,line,,,0.23826314381974,0.1312525197986269,3037.0,1892.0
770,l2748780.1,l2767342.1,line,,,0.08187197378724,0.04568943655584,1592.0,1795.0
771,l2748780.1,l2823544.1,line,,,0.11591422446552,0.06468703952832,1592.0,937.0
772,l2748781.1,l2823544.1,line,,,0.45552778145412,0.2951187012309298,3417.0,937.0
773,l2748781.1,l2823545.1,line,,,0.47524739977434,0.303853508982372,3417.0,3346.0
774,l2748781.1,l3101782.1,line,,,0.2549501997246,0.20362508756673,3417.0,3671.0
775,l2748781.1,l3195321.1,line,,,0.4786808664591,0.3260699722501798,3417.0,1876.0
776,l2748839.2,l2917310.2,line,,,0.3639359654935999,0.2023204316175199,2812.0,3777.0
777,l2748839.2,l3142079.2,line,,,0.4163940857687,0.29773474024544,2812.0,1200.0
778,l2748839.2,l3142098.2,line,,,0.18628257473753,0.1035587974181209,2812.0,3719.0
779,l2748840.2,l3086075.2,line,,,0.3670550621523,0.293161641972865,20.0,3179.0
780,l2748840.2,l3142099.2,line,,,0.913580605413,0.7296637969981498,20.0,3396.0
781,l2748840.2,l3179674.2,line,,,0.862762760406,0.6890763091252998,20.0,2143.0
782,l2763072.2,l2973163.2,line,,,0.43889370209535,0.244251880121535,822.0,82.0
783,l2763072.2,l3104130.2,line,,,0.12818100848592,0.07153263545472,822.0,3006.0
784,l2763153.1,l2804259.1,line,,,1.28969594740501,0.7352552680325404,1887.0,658.0
785,l2763153.1,l2991919.1,line,,,1.2320869489653,0.6782122614914599,1887.0,211.0
786,l2763153.1,l3010570.1,line,,,1.4191529491104,0.8797813149074749,1887.0,787.0
787,l2763153.1,l3027116.1,line,,,0.4237792355213999,0.2334385678382999,1887.0,973.0
788,l2763153.1,l3104135.1,line,,,1.5122941258799096,0.8549790801493007,1887.0,3590.0
789,l2763407.3,l3067448.3,line,,,0.285635574153,0.2281330583851499,3404.0,2436.0
790,l2763811.3,l2763812.3,line,,,0.0966728345549399,0.0545659631941199,2862.0,2041.0
791,l2763811.3,l3232301.3,line,,,0.1982222574713158,0.1118844653229678,2862.0,3459.0
792,l2763812.3,l2951995.3,line,,,0.1776199485500999,0.1002557090598,2041.0,2042.0
793,l2764399.2,l2954347.2,line,,,0.0684153361727999,0.05464235303264,3297.0,692.0
794,l2764399.2,l3008232.2,line,,,0.0684147772674,0.0546419066428699,3297.0,3145.0
795,l2764403.1,l2785537.1,line,,,0.35287286535774,0.1969240711838399,3753.0,2659.0
796,l2764403.1,l3197654.1,line,,,0.2333396558921998,0.19593397295425,3753.0,3618.0
797,l2764403.1,q16642.1,line,,,0.2447139265485094,0.236939668475321,3753.0,3537.0
798,l2764403.1,regxfmr_190-8593.1,line,,,0.2752553946038097,0.277459794234251,3753.0,2020.0
799,l2764411.3,l2767343.3,line,,,0.09197840119182,0.05132942484912,1561.0,2084.0
800,l2764411.3,l2891575.3,line,,,0.37020988181268,0.2065991587228799,1561.0,799.0
801,l2764411.3,l3048888.3,line,,,0.7785508239678,0.4344777196847997,1561.0,3234.0
802,l2764412.1,l3215340.1,line,,,0.16315274905332,0.0910489491331199,2973.0,2753.0
803,l2764412.1,l3251808.1,line,,,0.3918243667540799,0.21866132838528,2973.0,1321.0
804,l2766499.3,l2878848.3,line,,,0.1385699131037999,0.0782143278723999,1551.0,731.0
805,l2766499.3,l2897554.3,line,,,0.1803814982724358,0.1018144367127279,1551.0,559.0
806,l2766715.2,l2954338.2,line,,,0.26355336371442,0.1470784706107198,2825.0,687.0
807,l2766715.2,l3254206.2,line,,,0.16070236458102,0.10085308204852,2825.0,3577.0
808,l2766716.3,l2785517.3,line,,,0.727928595491232,0.4999923307300407,1611.0,2835.0
809,l2766716.3,l2897777.3,line,,,1.4088570365716182,1.3594178397382428,1611.0,3017.0
810,l2766716.3,l2925506.3,line,,,0.896665036704885,0.9925266095306996,1611.0,3112.0
811,l2766716.3,l2991914.3,line,,,1.2028683345625786,1.246506196226073,1611.0,111.0
812,l2766716.3,l3141396.3,line,,,0.483285142736071,0.4107023521533648,1611.0,3208.0
813,l2766716.3,l3157708.3,line,,,1.1760802999645783,1.232229917587491,1611.0,479.0
814,l2766716.3,l3235245.3,line,,,0.0770735922417,0.061557578641835,1611.0,3710.0
815,l2766716.3,l3254209.3,line,,,0.10519893401522,0.0679747302198379,1611.0,3767.0
816,l2766717.3,l2785518.3,line,,,0.12786392333754,0.07135568306064,3607.0,2672.0
817,l2766718.3,l2841629.3,line,,,1.1793409498859595,0.6468952822898947,1238.0,2176.0
818,l2766718.3,l2841630.3,line,,,1.2341975704884398,0.6761148583567848,1238.0,3549.0
819,l2766718.3,l2841638.3,line,,,1.27775319203767,0.7016066998468861,1238.0,3366.0
820,l2766718.3,l2860487.3,line,,,0.8491968549340898,0.4647365003152849,1238.0,156.0
821,l2766718.3,l2973158.3,line,,,1.4627899969443698,0.7999707189631857,1238.0,3371.0
822,l2766718.3,l2991911.3,line,,,1.16555987749436,0.6372138007341189,1238.0,2008.0
823,l2766718.3,l3197637.3,line,,,0.6847065709759399,0.3755594910427089,1238.0,807.0
824,l2766718.3,l3216347.3,line,,,1.2053443768107197,0.6611427490953248,1238.0,3322.0
825,l2766718.3,l3254210.3,line,,,0.64674571104637,0.3565510255460689,1238.0,2501.0
826,l2766718.3,r18242.3,line,,,1.44015762640454,0.7886628563513111,1238.0,309.0
827,l2766720.1,l2766748.1,line,,,0.8286387209154997,0.6672761577802419,1950.0,3792.0
828,l2766720.1,l2804262.1,line,,,1.3562808203008092,1.34216516778829,1950.0,452.0
829,l2766720.1,l2858166.1,line,,,2.051818699356018,2.359436460572604,1950.0,573.0
830,l2766720.1,l2876813.1,line,,,1.1692939068837491,1.0667730703922305,1950.0,3128.0
831,l2766720.1,l2876814.1,line,,,1.35292912241702,0.7451177395679038,1950.0,1089.0
832,l2766720.1,l2972930.1,line,,,2.331998135012608,2.411161881482395,1950.0,2829.0
833,l2766720.1,l2973165.1,line,,,1.384376324849869,1.3578441323132502,1950.0,1813.0
834,l2766720.1,l2991909.1,line,,,0.6479709471860798,0.4214851452402336,1950.0,2547.0
835,l2766720.1,l3197638.1,line,,,0.9891191935647996,0.7954496219754568,1950.0,2043.0
836,l2766720.1,l3215340.1,line,,,3.9432129539884992,2.3335059439331154,1950.0,2753.0
837,l2766720.1,l3216123.1,line,,,2.503918347131428,2.505963022468925,1950.0,1340.0
838,l2766720.1,l3632979.1,line,,,1.8678142796655,1.0421310459129416,1950.0,3561.0
839,l2766720.1,l3649297.1,line,,,1.5699907415351886,1.6902862031042754,1950.0,3091.0
840,l2766721.1,l2991906.1,line,,,0.34035088359006,0.1858024984961669,396.0,1779.0
841,l2766722.2,l2804258.2,line,,,0.6975835837555,0.3880335369520928,1199.0,2108.0
842,l2766722.2,l2879071.2,line,,,0.0590849054541,0.0471902711194549,1199.0,3289.0
843,l2766722.2,l2879072.2,line,,,0.97602842258168,0.5408078682463728,1199.0,540.0
844,l2766722.2,l2954349.2,line,,,0.25227518603464,0.13998602391686,1199.0,596.0
845,l2766722.2,l3197635.2,line,,,0.7020643626646,0.390534078397693,1199.0,808.0
846,l2766722.2,l3235250.2,line,,,0.63689704871506,0.3536816997448669,1199.0,328.0
847,l2766723.1,l2822868.1,line,,,0.0660240942102,0.0527325021890099,264.0,2307.0
848,l2766723.1,l3122822.1,line,,,0.09572045575638,0.05341771412208,264.0,265.0
849,l2766724.3,l2822870.3,line,,,0.2907475647734798,0.1681356652490138,3042.0,2266.0
850,l2766724.3,l2841631.3,line,,,3.03278095528093,1.831297927590208,3042.0,1637.0
851,l2766724.3,l2851933.3,line,,,2.09015195994947,1.1490062139950248,3042.0,1166.0
852,l2766724.3,l2935560.3,line,,,2.13310163012781,1.1879370787048855,3042.0,3751.0
853,l2766724.3,l2973166.3,line,,,2.37057460377139,1.3451120735935675,3042.0,1621.0
854,l2766724.3,l3141402.3,line,,,3.24682097980429,1.9389757258782383,3042.0,3628.0
855,l2766724.3,l3189188.3,line,,,1.9710777929262095,1.0829088282403108,3042.0,2954.0
856,l2766724.3,l3197642.3,line,,,2.97480826681585,1.7911776764649867,3042.0,3676.0
857,l2766724.3,l3216368.3,line,,,2.13011363361837,1.170612405943265,3042.0,1853.0
858,l2766724.3,l3235258.3,line,,,0.9401841676487795,0.5304938822698058,3042.0,3690.0
859,l2766724.3,l3254217.3,line,,,0.4819356765827198,0.2809923416085228,3042.0,3670.0
860,l2766725.3,l2822870.3,line,,,0.0715263461613,0.057127072330815,2656.0,2266.0
861,l2766726.2,l2785526.2,line,,,0.2309700389917,0.12844555431125,443.0,3547.0
862,l2766726.2,l2841636.2,line,,,0.42352703767144,0.2361308911521857,443.0,844.0
863,l2766726.2,l2973162.2,line,,,0.30403335285706,0.166970637694864,443.0,342.0
864,l2766726.2,l3122823.2,line,,,0.31068475053256,0.1727230083225828,443.0,3472.0
865,l2766726.2,l3197643.2,line,,,0.67423995085984,0.3760436257665858,443.0,2285.0
866,l2766727.2,l3029507.2,line,,,0.22036211165028,0.146826141728615,3599.0,3726.0
867,l2766727.2,l3197643.2,line,,,0.18943488653856,0.10571594685696,3599.0,2285.0
868,l2766729.1,l2785527.1,line,,,0.1210960629411,0.0675788139576,3432.0,3431.0
869,l2766730.2,l2914323.2,line,,,0.4141184632192899,0.2304512443119067,3509.0,1279.0
870,l2766730.2,l3160102.2,line,,,2.17884894176565,1.2045988372367404,3509.0,2617.0
871,l2766732.2,l2897784.2,line,,,0.0541189411911,0.0432240263038048,436.0,1372.0
872,l2766732.2,l3048231.2,line,,,0.1495377165708,0.11943364101754,436.0,3281.0
873,l2766738.3,l2897790.3,line,,,0.3012723007763017,0.6302720564065639,2521.0,460.0
874,l2766738.3,l2916620.3,line,,,0.0734950553544058,0.187193581481687,2521.0,3381.0
875,l2766738.3,l3008237.3,line,,,0.3072113281375657,0.6469178171479765,2521.0,912.0
876,l2766738.3,l3231255.3,line,,,0.1705162413983915,0.4327617313662839,2521.0,2214.0
877,l2766738.3,q16642.3,line,,,0.180379989028856,0.3113055803131049,2521.0,3539.0
878,l2766741.1,l2822861.1,line,,,0.6069350405361597,0.7335211957761857,1700.0,865.0
879,l2766741.1,l2860482.1,line,,,1.5990916795745191,1.9804132918465256,1700.0,2046.0
880,l2766741.1,l2991905.1,line,,,0.1208296387336499,0.126323028275235,1700.0,3750.0
881,l2766741.1,l3010561.1,line,,,1.1618988163669293,1.4016138314841908,1700.0,3802.0
882,l2766741.1,l3048227.1,line,,,1.0110544024989694,1.2673316063710809,1700.0,222.0
883,l2766741.1,l3104119.1,line,,,1.3636949571118289,1.712246300640195,1700.0,2417.0
884,l2766741.1,l3122811.1,line,,,0.4283230906050594,0.5109130314219558,1700.0,3019.0
885,l2766741.1,l3143999.1,line,,,0.3054564429058796,0.4020925690932279,1700.0,2706.0
886,l2766741.1,l3160123.1,line,,,0.9043333663408292,1.149670607540933,1700.0,1980.0
887,l2766741.1,l3177665.1,line,,,1.455769719979639,1.906116271245954,1700.0,735.0
888,l2766741.1,l3254207.1,line,,,0.12365345521096,0.1000862274245238,1700.0,52.0
889,l2766742.2,l3254234.2,line,,,0.2765721266531999,0.1466381788218239,374.0,3038.0
890,l2766744.2,l2785543.2,line,,,0.2666098911437999,0.21293751677369,1891.0,3788.0
891,l2766744.2,l3010580.2,line,,,0.2005717636944,0.16019380643672,1891.0,2997.0
892,l2766744.2,l3254213.2,line,,,0.16219940682916,0.1318331160911648,1891.0,2808.0
893,l2766746.3,l2879089.3,line,,,0.1759335930612,0.1405156510240599,249.0,2434.0
894,l2766746.3,l3104118.3,line,,,0.2156713663400999,0.1722536436687549,249.0,3129.0
895,l2766746.3,l3235241.3,line,,,0.2480731717986,0.1981325034654299,249.0,2219.0
896,l2766746.3,l3235267.3,line,,,0.3061627340733,0.2445278081864149,249.0,3387.0
897,l2766747.1,l2858163.1,line,,,0.263606809007,0.1446980049955,2235.0,956.0
898,l2766747.1,l3047058.1,line,,,0.19064230630584,0.10464661931196,2235.0,3798.0
899,l2766747.1,l3065696.1,line,,,0.2090049237345599,0.15244389758478,2235.0,1591.0
900,l2766748.1,l2804262.1,line,,,0.845690584155309,0.9289097977215484,3792.0,452.0
901,l2766748.1,l2858166.1,line,,,1.5412284632105178,1.9461810905058616,3792.0,573.0
902,l2766748.1,l2876813.1,line,,,0.6587036707382493,0.6535177003254886,3792.0,3128.0
903,l2766748.1,l2876814.1,line,,,1.2905368281644791,0.9218550381893378,3792.0,1089.0
904,l2766748.1,l2972930.1,line,,,1.821407898867108,1.997906511415653,3792.0,2829.0
905,l2766748.1,l2973165.1,line,,,0.873786088704369,0.9445887622465086,3792.0,1813.0
906,l2766748.1,l2991909.1,line,,,0.4188030726041395,0.3786846894155277,3792.0,2547.0
907,l2766748.1,l3197638.1,line,,,0.2380630874229,0.190137591871895,3792.0,2043.0
908,l2766748.1,l3215340.1,line,,,4.584973542027241,2.8964929756451965,3792.0,2753.0
909,l2766748.1,l3216123.1,line,,,1.993328110985928,2.0927076524021824,3792.0,1340.0
910,l2766748.1,l3632979.1,line,,,2.50957486770424,1.6051180776250231,3792.0,3561.0
911,l2766748.1,l3649297.1,line,,,1.0594005053896889,1.2770308330375335,3792.0,3091.0
912,l2766749.2,l2876798.2,line,,,0.2025695613161359,0.2721151432401918,3704.0,3228.0
913,l2766749.2,l2935549.2,line,,,0.1653855537135579,0.2218219152213758,3704.0,139.0
914,l2766749.2,l2973178.2,line,,,0.1502066838115769,0.1508360758000839,3704.0,1296.0
915,l2766749.2,l3029518.2,line,,,0.1024451101568769,0.1116896486308239,3704.0,1730.0
916,l2766750.3,l3048230.3,line,,,1.23154373861358,0.681415101751174,892.0,3106.0
917,l2766750.3,l3104157.3,line,,,0.47689932964641,0.278190532977536,892.0,2095.0
918,l2766750.3,l3178997.3,line,,,0.5948452227420499,0.328067552795651,892.0,2970.0
919,l2766750.3,l3214055.3,line,,,1.3419266358041997,0.7359538039246171,892.0,771.0
920,l2767340.1,l2898457.1,line,,,0.19556792187742,0.104850266761296,288.0,3397.0
921,l2767340.1,l2955078.1,line,,,0.7303573468417099,1.383571382128354,288.0,1414.0
922,l2767340.1,l3048962.1,line,,,0.5664839234343069,1.1143130941148245,288.0,108.0
923,l2767340.1,l3067478.1,line,,,0.172771080391475,0.1683128820740447,288.0,2373.0
924,l2767340.1,l3081380.1,line,,,0.6518888925361099,1.4000840914687542,288.0,579.0
925,l2767340.1,l3198348.1,line,,,0.5836118641777179,1.1824561603938446,288.0,3127.0
926,l2767340.1,l3251799.1,line,,,0.4385537110169359,0.7363565048672907,288.0,1315.0
927,l2767340.1,q16483.1,line,,,0.6769759077058559,1.464117994254038,288.0,3485.0
928,l2767340.2,l2989566.2,line,,,0.4677251450543598,0.3945095851266088,289.0,1013.0
929,l2767340.2,l3029055.2,line,,,0.4663052283580695,0.4092724951115897,289.0,3351.0
930,l2767340.2,l3048887.2,line,,,0.2617522565754099,0.2415946945073299,289.0,531.0
931,l2767340.2,l3048965.2,line,,,0.6269652855864523,1.3876174886212216,289.0,1338.0
932,l2767340.2,l3179650.2,line,,,0.2694016225767976,0.4310821300334579,289.0,2424.0
933,l2767340.2,l3254869.2,line,,,0.4027154205206295,0.3722449078683499,289.0,1738.0
934,l2767340.3,l2767341.3,line,,,0.2020322364685456,0.2411382640181519,290.0,3325.0
935,l2767340.3,l2803199.3,line,,,1.2826733542928177,0.8198250727306191,290.0,3746.0
936,l2767340.3,l2896685.3,line,,,1.798818314184139,1.1788522734974678,290.0,2740.0
937,l2767340.3,l2915542.3,line,,,1.564352648815798,1.0416536877820266,290.0,2804.0
938,l2767340.3,l3030126.3,line,,,0.3549507879978316,0.3106289301030689,290.0,2800.0
939,l2767340.3,l3160793.3,line,,,0.08423079238455,0.066448349358535,290.0,2622.0
940,l2767340.3,l3215203.3,line,,,1.5082015084719755,1.0074679071914665,290.0,3203.0
941,l2767341.3,l2803199.3,line,,,1.2122688829340638,0.913945727214051,3325.0,3746.0
942,l2767341.3,l2896685.3,line,,,1.7284138428253852,1.2729729279808997,3325.0,2740.0
943,l2767341.3,l2915542.3,line,,,1.4939481774570442,1.1357743422654587,3325.0,2804.0
944,l2767341.3,l3030126.3,line,,,0.168853477840674,0.110077286674443,3325.0,2800.0
945,l2767341.3,l3123452.3,line,,,0.0413723961894819,0.1038294134790888,3325.0,2172.0
946,l2767341.3,l3215203.3,line,,,1.4377970371132218,1.1015885616748982,3325.0,3203.0
947,l2767342.1,l3011229.1,line,,,0.20700078124884,0.13726445695638,1795.0,3048.0
948,l2767342.1,l3235946.1,line,,,0.40938584961144,0.2284616815430399,1795.0,1571.0
949,l2767343.3,l2804957.3,line,,,0.1130336300769,0.0630794963304,2084.0,1566.0
950,l2767407.2,l2879767.2,line,,,0.11757354625458,0.0656130398932799,3636.0,671.0
951,l2767408.3,l2955077.3,line,,,0.2366591409778178,0.3555896272277808,2925.0,2187.0
952,l2767408.3,l3067507.3,line,,,0.1669434134426588,0.1525066417398368,2925.0,932.0
953,l2767408.3,l3104853.3,line,,,0.1681213698176999,0.0938217353831999,2925.0,2490.0
954,l2767408.3,l3217053.3,line,,,0.07594637024052,0.04238259692832,2925.0,2966.0
955,l2767408.3,q16483.3,line,,,0.2716601098721118,0.4442508478437718,2925.0,3487.0
956,l2767409.2,l3082988.2,line,,,0.1539866967057,0.1229869779850349,2742.0,1352.0
957,l2767409.2,l3217064.2,line,,,0.5244060349206,0.4188356192565299,2742.0,3389.0
958,l2767414.3,l2804250.3,line,,,1.03489896270518,0.573720419540715,1034.0,3661.0
959,l2767414.3,l2822865.3,line,,,1.00101144591396,0.5586239934633599,1034.0,1875.0
960,l2767414.3,l2861218.3,line,,,0.5491084896313101,0.5648946764007948,1034.0,3733.0
961,l2767414.3,l2875754.3,line,,,0.0647745455916,0.0517345055325798,1034.0,281.0
962,l2767414.3,l2898526.3,line,,,0.470140348652818,0.3168935579734559,1034.0,1336.0
963,l2767414.3,l2916605.3,line,,,0.87918913819464,0.4906398916742398,1034.0,2682.0
964,l2767414.3,l3011298.3,line,,,0.6398807411773,0.5230385450904058,1034.0,1961.0
965,l2767414.3,l3045895.3,line,,,0.2474031988974,0.1380657169583999,1034.0,3463.0
966,l2767414.3,l3048205.3,line,,,1.32533434516308,0.7393102538504098,1034.0,491.0
967,l2767414.3,l3085394.3,line,,,1.0284674363262,0.5739460710191998,1034.0,3781.0
968,l2767414.3,l3160878.3,line,,,0.3904812515472,0.2277549435576498,1034.0,2586.0
969,l2767414.3,l3179682.3,line,,,0.50890147304896,0.2928429885062799,1034.0,254.0
970,l2783231.2,l2785534.2,line,,,0.24670134758678,0.1556944813911198,130.0,1221.0
971,l2783231.2,l2820535.2,line,,,0.2792392819342139,0.3211970734960989,130.0,2887.0
972,l2783231.2,l2916620.2,line,,,0.4168138116044773,0.7621762992174828,130.0,3380.0
973,l2783231.2,l3066814.2,line,,,0.3224291440237396,0.5077220489328299,130.0,1782.0
974,l2783231.2,l3254227.2,line,,,0.2482418919192,0.1362639555948,130.0,861.0
975,l2783231.2,q16642.2,line,,,0.5224144221605115,0.8875275797442288,130.0,3538.0
976,l2785511.1,l3157167.1,line,,,0.2100113066844,0.1171988145504,1371.0,1251.0
977,l2785512.2,l2897765.2,line,,,0.6503414960466299,0.3626863201055309,2088.0,1086.0
978,l2785512.2,l2916603.2,line,,,0.5785664108006099,0.3226315485892108,2088.0,3480.0
979,l2785512.2,l2973149.2,line,,,0.30995183530506,0.1729715806209599,2088.0,958.0
980,l2785513.1,l3010559.1,line,,,0.2851213399983,0.1591146856727999,2975.0,1473.0
981,l2785513.1,l3160101.1,line,,,0.26683683775788,0.14891084464608,2975.0,1688.0
982,l2785513.1,l3235244.1,line,,,0.21715597227948,0.12118596339168,2975.0,544.0
983,l2785514.1,l2897801.1,line,,,0.22047987094068,0.1230408967708799,3277.0,2439.0
984,l2785514.1,l3066805.1,line,,,0.19461501195496,0.1080071541434599,3277.0,638.0
985,l2785514.1,l3235244.1,line,,,0.1094367233185199,0.0610722081763199,3277.0,544.0
986,l2785515.3,l2841619.3,line,,,0.190294446422,0.104455673443,3525.0,1170.0
987,l2785516.2,l2786273.2,line,,,0.41093699338848,0.22932731213568,2527.0,550.0
988,l2785516.2,l3048196.2,line,,,0.8075632733147597,0.4499284447787118,2527.0,1678.0
989,l2785516.2,l3142078.2,line,,,4.8885410735691694,2.7236505757738723,2527.0,1052.0
990,l2785516.2,l3195318.2,line,,,4.134365200396929,2.315122280545548,2527.0,3609.0
991,l2785517.3,l2897777.3,line,,,1.6556882354804503,1.5909291755498838,2835.0,3017.0
992,l2785517.3,l2925506.3,line,,,0.8868193131335731,0.8882709099007406,2835.0,3112.0
993,l2785517.3,l2991914.3,line,,,1.449699533471411,1.478017532037714,2835.0,111.0
994,l2785517.3,l3066809.3,line,,,0.1675242279282,0.0934884946511999,2835.0,672.0
995,l2785517.3,l3141396.3,line,,,0.473439419164759,0.3064466525234058,2835.0,3208.0
996,l2785517.3,l3157708.3,line,,,1.4229114988734108,1.463741253399132,2835.0,479.0
997,l2785517.3,l3254209.3,line,,,0.690734860561172,0.4885034727053987,2835.0,3767.0
998,l2785519.1,l2973151.1,line,,,0.21416408015838,0.114898965197881,3565.0,253.0
999,l2785519.1,l3104122.1,line,,,0.05466035311152,0.03050373186432,3565.0,3566.0
1000,l2785520.2,l2841620.2,line,,,0.4014532296918,0.2240348072687999,1732.0,2127.0
1001,l2785520.2,l3119793.2,line,,,0.43871058987204,0.257454314761785,1732.0,3158.0
1002,l2785520.2,l3254211.2,line,,,0.3172047260807999,0.176800610902442,1732.0,3021.0
1003,l2785521.3,l3103822.3,line,,,0.24431742936106,0.2457916344823197,3757.0,1453.0
1004,l2785521.3,l3235254.3,line,,,0.3464150939089049,0.3793487529778196,3757.0,2224.0
1005,l2785521.3,l3342743.3,line,,,0.413561532546835,0.2716568512643398,3757.0,3652.0
1006,l2785521.3,l3645809.3,line,,,0.2280221073769247,0.1513317656741637,3757.0,1355.0
1007,l2785521.3,l3645812.3,line,,,0.6761997496842105,0.4056233322964857,3757.0,3697.0
1008,l2785522.2,l2860506.2,line,,,0.3487166958645,0.2785150504219748,226.0,2026.0
1009,l2785523.3,l3141388.3,line,,,0.1671984295452,0.09294947913564,1996.0,1997.0
1010,l2785523.3,l3216347.3,line,,,0.14417933337264,0.080152630473648,1996.0,3322.0
1011,l2785524.3,l2879073.3,line,,,0.2339943521331,0.1287666542975999,2410.0,1347.0
1012,l2785524.3,l3010565.3,line,,,0.2768721390029399,0.1545111403070398,2410.0,117.0
1013,l2785524.3,l3029503.3,line,,,0.1383456768877,0.0762635625124999,2410.0,1925.0
1014,l2785524.3,l3104126.3,line,,,0.1871578412886,0.1044452200175999,2410.0,3184.0
1015,l2785525.3,l3263051.3,line,,,0.1607244718923,0.1283683429098649,2533.0,1023.0
1016,l2785526.2,l2841636.2,line,,,0.55618014462294,0.3106087047321357,3547.0,844.0
1017,l2785526.2,l2973162.2,line,,,0.43668645980856,0.241448451274814,3547.0,342.0
1018,l2785526.2,l3122823.2,line,,,0.44333785748406,0.2472008219025328,3547.0,3472.0
1019,l2785526.2,l3197643.2,line,,,0.80689305781134,0.4505214393465357,3547.0,2285.0
1020,l2785527.1,l2860491.1,line,,,0.55885446781954,0.3085362442360839,3431.0,2079.0
1021,l2785527.1,l3048211.1,line,,,0.58905777682824,0.3609486683484588,3431.0,2655.0
1022,l2785527.1,l3216370.1,line,,,0.13637609573096,0.0758698478385659,3431.0,1892.0
1023,l2785528.2,l2841620.2,line,,,0.2783430715899599,0.1553320082793598,3505.0,2127.0
1024,l2785528.2,l3178981.2,line,,,0.4338724635351599,0.2421266702025599,3505.0,495.0
1025,l2785529.3,l2820528.3,line,,,0.5261652017091459,0.6224495874078444,3774.0,3104.0
1026,l2785529.3,l3120484.3,line,,,0.4077993427524788,0.5285263938651944,3774.0,1517.0
1027,l2785529.3,l3235254.3,line,,,0.328122163786135,0.4246063382435949,3774.0,2224.0
1028,l2785530.1,l2814529.1,line,,,0.51409788671918,0.3726873345074005,2306.0,2869.0
1029,l2785530.1,l2822868.1,line,,,0.129598557678,0.1035085192488999,2306.0,2307.0
1030,l2785530.1,l2841633.1,line,,,1.90346364731738,1.1265244578271023,2306.0,3574.0
1031,l2785530.1,l2851933.1,line,,,0.6420658774563001,0.4324905067381946,2306.0,1164.0
1032,l2785530.1,l2860504.1,line,,,0.0762537487248,0.0609027813202399,2306.0,181.0
1033,l2785530.1,l2879078.1,line,,,0.36612967109778,0.2882961317693306,2306.0,1518.0
1034,l2785530.1,l3122827.1,line,,,1.16268742088738,0.7214826966691283,2306.0,904.0
1035,l2785530.1,l3216351.1,line,,,0.2914276343703,0.2221842586556966,2306.0,88.0
1036,l2785530.1,l3235258.1,line,,,1.5650921406708198,0.9515415417777502,2306.0,3688.0
1037,l2785531.1,l2876813.1,line,,,0.13371664306708,0.071360313066764,2912.0,3128.0
1038,l2785531.1,l3216358.1,line,,,0.15302668534246,0.081665467537418,2912.0,642.0
1039,l2785534.2,l2820535.2,line,,,0.1948967432694339,0.2951762566860788,1221.0,2887.0
1040,l2785534.2,l2916620.2,line,,,0.3324712729396973,0.7361554824074628,1221.0,3380.0
1041,l2785534.2,l3066814.2,line,,,0.2380866053589597,0.4817012321228098,1221.0,1782.0
1042,l2785534.2,q16642.2,line,,,0.4380718834957315,0.8615067629342088,1221.0,3538.0
1043,l2785535.2,l2897791.2,line,,,0.20867747079491,0.1268867833026049,3714.0,561.0
1044,l2785535.2,l3197653.2,line,,,0.15238591649795,0.1229304494689449,3714.0,2696.0
1045,l2785536.2,l2822873.2,line,,,0.62709966315742,0.3485841753078369,503.0,279.0
1046,l2785536.2,l3066826.2,line,,,0.58939321590942,0.32891651073072,503.0,1039.0
1047,l2785536.2,l3178988.2,line,,,0.33992147530536,0.1896964243257599,503.0,3494.0
1048,l2785536.2,l3254229.2,line,,,0.3842723987271,0.2144468805336,503.0,3359.0
1049,l2785538.1,l2897792.1,line,,,0.15408820118548,0.08458148478362,1483.0,3644.0
1050,l2785538.1,l2897793.1,line,,,0.10690840555278,0.05868373832607,1483.0,802.0
1051,l2785543.2,l3010580.2,line,,,0.1141903258992,0.09120218433096,3788.0,2997.0
1052,l2785546.1,l2914324.1,line,,,0.285745537107,0.2282208842278499,1817.0,2948.0
1053,l2785546.1,l3027133.1,line,,,0.0715290632496,0.0571292424304799,1817.0,3530.0
1054,l2785546.1,l3122847.1,line,,,0.1089395555652,0.08700846896926,1817.0,3205.0
1055,l2785547.2,l2913406.2,line,,,0.1798564434453,0.1436487756650148,3468.0,2635.0
1056,l2785547.2,l3046854.2,line,,,0.1454186174417999,0.1161437753035899,3468.0,1609.0
1057,l2785547.2,l3139086.2,line,,,0.119397748518,0.0953612784908998,3468.0,1322.0
1058,l2786204.3,l2936216.3,line,,,0.2043408426126599,0.1140343579425598,282.0,3279.0
1059,l2786266.1,l2839305.1,line,,,0.134902004643131,0.1162239213170959,2085.0,2268.0
1060,l2786266.1,l2842383.1,line,,,0.0354800208265219,0.0914497572938119,2085.0,3299.0
1061,l2786266.1,l2917333.1,line,,,0.114314745627772,0.1079034009362419,2085.0,3393.0
1062,l2786266.1,l2992656.1,line,,,0.1349616782848109,0.1162566771360159,2085.0,2110.0
1063,l2786266.1,l3011293.1,line,,,0.4155353959849572,0.9592009139107988,2085.0,1467.0
1064,l2786266.1,l3030204.1,line,,,0.267109561206121,0.6884749212124658,2085.0,3254.0
1065,l2786266.1,l3086098.1,line,,,0.115792490954546,0.1998240566150408,2085.0,2892.0
1066,l2786266.1,l3139366.1,line,,,0.572216224364752,0.9676622961441068,2085.0,2035.0
1067,l2786273.2,l2805036.2,line,,,0.29193131474442,0.1629150570907199,550.0,736.0
1068,l2786273.2,l3179699.2,line,,,0.3100740789498,0.20413368744915,550.0,3725.0
1069,l2786274.3,l3179682.3,line,,,0.04643664211602,0.0259144114363199,255.0,254.0
1070,l2798067.2,l3254869.2,line,,,0.0807061148388,0.0644588226209399,1739.0,1738.0
1071,l2801895.2,l3029495.2,line,,,0.18481715396144,0.10190018373336,3080.0,3446.0
1072,l2801896.2,l2804245.2,line,,,0.1475205331290598,0.0823252418049598,1440.0,2684.0
1073,l2801896.2,l2860479.2,line,,,0.29925775798386,0.1670036486817598,1440.0,348.0
1074,l2801896.2,l2991927.2,line,,,0.5575704306463201,0.3111575016211197,1440.0,2103.0
1075,l2801896.2,l3160108.2,line,,,0.31844126627742,0.1777091886187199,1440.0,3347.0
1076,l2801896.2,l3178969.2,line,,,0.31845638678256,0.1777176267609598,1440.0,1653.0
1077,l2801896.2,l3251806.2,line,,,0.28100143339096,0.1562843027484199,1440.0,3243.0
1078,l2801896.2,l3254206.2,line,,,0.4403924928788399,0.2591363554295648,1440.0,3577.0
1079,l2801896.2,l3315860.2,line,,,0.83636444615544,0.5753935058338947,1440.0,3761.0
1080,l2801902.2,l2804270.2,line,,,0.21506987847966,0.1226575317771698,3612.0,16.0
1081,l2801902.2,l2916617.2,line,,,0.5127977771083401,0.2974617547867618,3612.0,3595.0
1082,l2801902.2,l2916619.2,line,,,0.32143488181308,0.1820155372918896,3612.0,1856.0
1083,l2801902.2,l2991929.2,line,,,0.6063856148073601,0.3587829469478148,3612.0,2697.0
1084,l2801902.2,l3082983.2,line,,,0.23460688070466,0.1335603423771697,3612.0,3673.0
1085,l2801902.2,l3102793.2,line,,,0.68838122990016,0.4242716750264548,3612.0,1742.0
1086,l2801902.2,l3122835.2,line,,,0.1324529863182,0.1057883106844099,3612.0,1389.0
1087,l2801909.3,l2823592.3,line,,,0.1023541767478779,0.288974498699472,3603.0,3452.0
1088,l2802480.2,l3027670.2,line,,,0.2173588725693779,0.122685926146044,1554.0,2348.0
1089,l2802480.2,l3252336.2,line,,,0.0771004517806859,0.043518537896228,1554.0,1831.0
1090,l2802481.1,l3027671.1,line,,,0.1677451505126159,0.094681983320368,1162.0,3543.0
1091,l2802481.1,l3214549.1,line,,,0.0853601123158979,0.0481806162850039,1162.0,1163.0
1092,l2803194.3,l2970258.3,line,,,0.4128723968535633,0.2604783284989018,2148.0,2016.0
1093,l2803194.3,l3047073.3,line,,,0.084709791276636,0.047813549424328,2148.0,3138.0
1094,l2803194.3,l3125349.3,line,,,0.5293223092456204,0.4611342283244307,2148.0,1360.0
1095,l2803194.3,l3232301.3,line,,,0.4625778455435492,0.2885340454565299,2148.0,3459.0
1096,l2803194.3,l3235243.3,line,,,0.9649681699635196,0.7422899639409203,2148.0,2772.0
1097,l2803199.1,l2859403.1,line,,,1.123704823073466,0.6924875181183112,3744.0,1536.0
1098,l2803199.1,l3067478.1,line,,,1.108029559902428,0.6536620258003631,3744.0,2373.0
1099,l2803199.1,l3233412.1,line,,,0.8073936728584357,0.433566230098687,3744.0,3385.0
1100,l2803199.1,l3254237.1,line,,,0.1656954339739281,0.0832114306887932,3744.0,449.0
1101,l2803199.2,l2896685.2,line,,,0.5882261933191781,0.388193306617378,3745.0,2739.0
1102,l2803199.2,l2915542.2,line,,,0.3551554600719671,0.249840524440918,3745.0,2803.0
1103,l2803199.2,l2952003.2,line,,,0.2130154336571282,0.1089951844101132,3745.0,909.0
1104,l2803199.2,l3215203.2,line,,,0.2992789458345949,0.2153125127822975,3745.0,3202.0
1105,l2803199.3,l2896685.3,line,,,0.5918107223799781,0.3845840230020352,3746.0,2740.0
1106,l2803199.3,l2915542.3,line,,,0.357345057011637,0.2473854372865941,3746.0,2804.0
1107,l2803199.3,l3030126.3,line,,,1.3651874344633497,0.9834363932989678,3746.0,2800.0
1108,l2803199.3,l3215203.3,line,,,0.3011939166678148,0.2131996566960336,3746.0,3203.0
1109,l2804245.2,l2860479.2,line,,,0.2884533657844799,0.1609741544716798,2684.0,348.0
1110,l2804245.2,l2991927.2,line,,,0.5467660384469399,0.3051280074110398,2684.0,2103.0
1111,l2804245.2,l3160108.2,line,,,0.3076368740780399,0.1716796944086399,2684.0,3347.0
1112,l2804245.2,l3178969.2,line,,,0.3076519945831799,0.1716881325508798,2684.0,1653.0
1113,l2804245.2,l3251806.2,line,,,0.2701970411915799,0.1502548085383399,2684.0,3243.0
1114,l2804245.2,l3254206.2,line,,,0.4295881006794598,0.2531068612194848,2684.0,3577.0
1115,l2804245.2,l3315860.2,line,,,0.8255600539560599,0.5693640116238147,2684.0,3761.0
1116,l2804247.2,l2954339.2,line,,,0.4986788009256398,0.2720681497140159,2511.0,2251.0
1117,l2804247.2,l3029495.2,line,,,0.21869845222762,0.12126120999097,2511.0,3446.0
1118,l2804247.2,l3085389.2,line,,,0.6143039712289199,0.3391600086606417,2511.0,1306.0
1119,l2804247.2,l3104115.2,line,,,0.4155540044423599,0.22931837962578,2511.0,3178.0
1120,l2804248.2,l2897765.2,line,,,0.2871019743579,0.170509996337405,3502.0,1086.0
1121,l2804248.2,l2935553.2,line,,,0.9387184710822,0.533681311910855,3502.0,18.0
1122,l2804248.2,l3160100.2,line,,,0.1102063146543,0.0880202113829649,3502.0,3076.0
1123,l2804249.3,l2936279.3,line,,,0.3705447406391999,0.2026282947874199,3250.0,777.0
1124,l2804250.3,l2822865.3,line,,,0.3219463058851399,0.1758503832600749,3661.0,1875.0
1125,l2804250.3,l2916605.3,line,,,0.2001239981658198,0.1078662814709549,3661.0,2682.0
1126,l2804250.3,l3045895.3,line,,,0.7942999408809799,0.4394518385535148,3661.0,3463.0
1127,l2804250.3,l3048205.3,line,,,0.4118775852442998,0.2257321625677648,3661.0,491.0
1128,l2804250.3,l3048968.3,line,,,0.99215306785914,0.55264795432242,3661.0,246.0
1129,l2804250.3,l3085394.3,line,,,0.3494022962973798,0.1911724608159148,3661.0,3781.0
1130,l2804250.3,l3198356.3,line,,,0.57968921324124,0.3411925831368549,3661.0,2534.0
1131,l2804251.1,l3048206.1,line,,,0.54476703148024,0.299726466085248,3295.0,1239.0
1132,l2804251.1,l3085395.1,line,,,0.29521605024706,0.177813671444025,3295.0,2852.0
1133,l2804251.1,l3197630.1,line,,,0.36329588327836,0.19999732843134,3295.0,1989.0
1134,l2804252.1,l2935559.1,line,,,0.15309160922939,0.0853387023902509,3303.0,3666.0
1135,l2804252.1,l3085402.1,line,,,0.14127540177844,0.0783702637656679,3303.0,2543.0
1136,l2804252.1,l3195310.1,line,,,0.1049994032639499,0.0583715999575149,3303.0,3718.0
1137,l2804253.1,l2973151.1,line,,,0.14695550593944,0.0869743960155599,1149.0,253.0
1138,l2804253.1,l3195315.1,line,,,0.1615920695072999,0.0951424700413199,1149.0,1082.0
1139,l2804254.1,l2841622.1,line,,,0.4499926636608,0.2511227017728,813.0,1658.0
1140,l2804254.1,l3178971.1,line,,,0.2373301011691199,0.1554400554289448,813.0,2513.0
1141,l2804255.2,l2822866.2,line,,,1.0374409428035798,0.5714703743344035,2918.0,3073.0
1142,l2804255.2,l2860484.2,line,,,2.08160283674472,1.1581457818190384,2918.0,2873.0
1143,l2804255.2,l2879068.2,line,,,2.08020575163972,1.1573661251390384,2918.0,2488.0
1144,l2804255.2,l3197632.2,line,,,2.1513391440162604,1.1970627938236782,2918.0,2409.0
1145,l2804255.2,l3216344.2,line,,,1.8700904535933,1.0401092772163183,2918.0,2983.0
1146,l2804256.2,l2935556.2,line,,,1.21569128695312,0.7986838280347547,3027.0,2715.0
1147,l2804256.2,l2954347.2,line,,,0.6374453349220599,0.4642288899169248,3027.0,692.0
1148,l2804256.2,l3104124.2,line,,,1.13550431825068,0.6982157661023797,3027.0,3384.0
1149,l2804256.2,l3122816.2,line,,,0.9579761372563198,0.7928495602045199,3027.0,2338.0
1150,l2804256.2,l3216361.2,line,,,0.65980918591977,0.5178559703387688,3027.0,2735.0
1151,l2804257.2,l2860485.2,line,,,0.066692172465,0.0532660867607499,809.0,810.0
1152,l2804257.2,l3122815.2,line,,,0.2775495079015199,0.1945754118038248,809.0,1063.0
1153,l2804257.2,l3254213.2,line,,,0.2016097113041999,0.1656925453177049,809.0,2808.0
1154,l2804258.2,l2879072.2,line,,,0.47306286170182,0.2613827768645198,2108.0,540.0
1155,l2804258.2,l2954349.2,line,,,0.61997918551694,0.3439271096977529,2108.0,596.0
1156,l2804258.2,l3197635.2,line,,,0.19909880178474,0.1111089870158399,2108.0,808.0
1157,l2804258.2,l3235250.2,line,,,0.27145025285312,0.1500434219876459,2108.0,328.0
1158,l2804259.1,l2991919.1,line,,,0.5603929558453097,0.3341280579403407,658.0,211.0
1159,l2804259.1,l3010570.1,line,,,0.7474589559904097,0.5356971113563557,658.0,787.0
1160,l2804259.1,l3104135.1,line,,,0.4409750161877,0.2941382771763998,658.0,3590.0
1161,l2804260.2,l2860488.2,line,,,1.0209051071778,0.5697258410448,2851.0,3018.0
1162,l2804260.2,l2973163.2,line,,,0.50954181319314,0.28435467315024,2851.0,82.0
1163,l2804261.3,l2897779.3,line,,,0.1616995427424,0.0902379734784,2163.0,1293.0
1164,l2804261.3,l3178980.3,line,,,0.1628709121486199,0.09089166735792,2163.0,2164.0
1165,l2804262.1,l2841639.1,line,,,0.12505910898858,0.06979042963728,452.0,453.0
1166,l2804262.1,l2858166.1,line,,,0.9637371632506488,1.1669424636713526,452.0,573.0
1167,l2804262.1,l2876813.1,line,,,0.5215666964501997,0.4539466700761215,452.0,3128.0
1168,l2804262.1,l2876814.1,line,,,1.8181789275497888,1.5967440481973862,452.0,1089.0
1169,l2804262.1,l2972930.1,line,,,1.2439165989072387,1.2186678845811434,452.0,2829.0
1170,l2804262.1,l2973165.1,line,,,0.25136099488578,0.1402744027924798,452.0,1813.0
1171,l2804262.1,l2991909.1,line,,,0.9464451719894488,1.0535736994235765,452.0,2547.0
1172,l2804262.1,l3197638.1,line,,,1.0061710568046092,1.0570832619167632,452.0,2043.0
1173,l2804262.1,l3215340.1,line,,,5.112615641412551,3.5713819856532454,452.0,2753.0
1174,l2804262.1,l3216123.1,line,,,1.4158368110260586,1.3134690255676733,452.0,1340.0
1175,l2804262.1,l3632979.1,line,,,3.037216967089549,2.280007087633072,452.0,3561.0
1176,l2804262.1,l3649297.1,line,,,0.4819092054298198,0.4977922062030244,452.0,3091.0
1177,l2804269.2,l2916619.2,line,,,0.88828208481246,0.4957142973393598,122.0,1856.0
1178,l2804269.2,l2954361.2,line,,,0.7186896802534799,0.4010716369756799,122.0,3078.0
1179,l2804269.2,l2989564.2,line,,,0.10395037639116,0.05801049989856,122.0,437.0
1180,l2804269.2,l3160113.2,line,,,0.2750399768115,0.1789123913351349,122.0,3716.0
1181,l2804270.2,l2916617.2,line,,,0.7059603730556001,0.4026222525203118,16.0,3595.0
1182,l2804270.2,l2916619.2,line,,,0.51459747776034,0.2871760350254397,16.0,1856.0
1183,l2804270.2,l2991929.2,line,,,0.7995482107546201,0.4639434446813648,16.0,2697.0
1184,l2804270.2,l3082983.2,line,,,0.05787446106312,0.0322973954899199,16.0,3673.0
1185,l2804270.2,l3102793.2,line,,,0.8815438258474201,0.5294321727600048,16.0,1742.0
1186,l2804270.2,l3104145.2,line,,,0.14888837029716,0.08308857639456,16.0,2649.0
1187,l2804270.2,l3122835.2,line,,,0.32561558226546,0.2109488084179599,16.0,1389.0
1188,l2804272.2,l2841641.2,line,,,0.0891811969578,0.0712277498093899,582.0,583.0
1189,l2804272.2,l2973171.2,line,,,0.8009111159328599,0.4561431082419206,582.0,1613.0
1190,l2804272.2,l3082983.2,line,,,0.8527448844320799,0.4784290660867157,582.0,3673.0
1191,l2804272.2,l3085410.2,line,,,0.3237721021172999,0.195854592719376,582.0,3217.0
1192,l2804272.2,l3160115.2,line,,,0.4843375825983598,0.267216153373078,582.0,2710.0
1193,l2804272.2,l3176660.2,line,,,0.4778542922980799,0.292571107397346,582.0,3437.0
1194,l2804272.2,l3235273.2,line,,,1.09187463805506,0.6114357674743957,582.0,2057.0
1195,l2804272.2,l3254227.2,line,,,0.2457143868950799,0.138581035745016,582.0,861.0
1196,l2804272.2,l3254229.2,line,,,0.5242240736585397,0.2907838687589079,582.0,3359.0
1197,l2804277.3,l2955006.3,line,,,0.7902814824134877,0.7740959454117154,2054.0,1496.0
1198,l2804277.3,l3097861.3,line,,,0.3820375830951,0.3051279677190049,2054.0,317.0
1199,l2804277.3,l3118855.3,line,,,0.3622113899751599,0.7136467834355997,2054.0,2211.0
1200,l2804277.3,l3197625.3,line,,,0.2603052463836,0.1699587072735648,2054.0,3392.0
1201,l2804277.3,l3235242.3,line,,,0.4187312789553119,0.7205305998591787,2054.0,142.0
1202,l2804277.3,l3235945.3,line,,,0.9059321371604276,0.8320012003688355,2054.0,811.0
1203,l2804282.3,l2879062.3,line,,,1.2358356005825295,0.685088273795601,3336.0,1125.0
1204,l2804282.3,l2935551.3,line,,,1.1840212707738895,0.655586766623665,3336.0,198.0
1205,l2804282.3,l3104154.3,line,,,0.13278399304352,0.073177473138392,3336.0,3002.0
1206,l2804283.1,l2916627.1,line,,,0.150944120082,0.1205569154391,2259.0,2260.0
1207,l2804283.1,l3104122.1,line,,,0.1478928753588,0.0825330309408,2259.0,3566.0
1208,l2804956.1,l2933135.1,line,,,0.205792791803443,0.2600940351379576,3170.0,367.0
1209,l2804956.1,l2936212.1,line,,,0.267705833423786,0.2734678893303757,3170.0,2314.0
1210,l2804956.1,l2936214.1,line,,,0.1854601764706799,0.1240088731305649,3170.0,565.0
1211,l2804956.1,l2955047.1,line,,,0.240249173301155,0.3489053619575095,3170.0,392.0
1212,l2804956.1,l3027122.1,line,,,0.256996278892225,0.3284995554863296,3170.0,1600.0
1213,l2804956.1,l3067447.1,line,,,0.253474264734686,0.2621013384366706,3170.0,2399.0
1214,l2804957.3,l3048937.3,line,,,0.06693543099,0.0534603738745,1566.0,1567.0
1215,l2805031.3,l2861218.3,line,,,0.1118875686355818,0.1819159721955709,2024.0,3733.0
1216,l2805034.1,l2842383.1,line,,,0.1648943645978019,0.1851920522792915,3071.0,3299.0
1217,l2805034.1,q16483.1,line,,,0.1386044296355199,0.1174297422365197,3071.0,3485.0
1218,l2805036.2,l3179699.2,line,,,0.24029866166862,0.1651948497302699,736.0,3725.0
1219,l2806553.3,l2861157.3,line,,,0.5580995467433,0.3403658691026,3196.0,270.0
1220,l2806553.3,l3142050.3,line,,,1.39856960073688,0.7733471411807499,3196.0,2757.0
1221,l2806553.3,l3254873.3,line,,,1.1990726995052,0.66081090233717,3196.0,269.0
1222,l2814529.1,l2841633.1,line,,,1.74992433214036,0.9731579627415936,2869.0,3574.0
1223,l2814529.1,l2851933.1,line,,,0.48852656227928,0.2791240116526859,2869.0,1164.0
1224,l2814529.1,l2860504.1,line,,,0.46768989510218,0.3356219336290506,2869.0,181.0
1225,l2814529.1,l2879078.1,line,,,0.64437675825476,0.4726127971601216,2869.0,1518.0
1226,l2814529.1,l3122827.1,line,,,1.00914810571036,0.5681162015836196,2869.0,904.0
1227,l2814529.1,l3216351.1,line,,,0.56967472152728,0.4065009240464877,2869.0,88.0
1228,l2814529.1,l3235258.1,line,,,1.4115528254938,0.7981750466922415,2869.0,3688.0
1229,l2814529.2,l2851933.2,line,,,0.4865128584355499,0.2809053714439588,2870.0,1165.0
1230,l2814529.2,l2916610.2,line,,,0.1548887472314098,0.0966977437462378,2870.0,1639.0
1231,l2814529.2,l2973167.2,line,,,0.4841753738794299,0.2792535922514169,2870.0,2391.0
1232,l2814529.2,l3189189.2,line,,,0.4293921602931099,0.2493268353694627,2870.0,1828.0
1233,l2814529.3,l3216368.3,line,,,0.1206515629101199,0.076538047182999,2871.0,1853.0
1234,l2820528.3,l3120484.3,line,,,0.120776047197333,0.0970760354600497,3104.0,1517.0
1235,l2820528.3,l3235254.3,line,,,0.8361482972414809,1.0325685105972493,3104.0,2224.0
1236,l2820531.2,l2822866.2,line,,,1.8715189121543765,1.2066585149535582,2182.0,3073.0
1237,l2820531.2,l2879070.2,line,,,1.1604199234743906,1.0538212514635945,2182.0,202.0
1238,l2820531.2,l2973167.2,line,,,2.7249221138503708,1.5693001572760603,2182.0,2391.0
1239,l2820531.2,l3029506.2,line,,,0.9336455408254384,0.7165056560378995,2182.0,1472.0
1240,l2820531.2,l3160109.2,line,,,0.069721821653547,0.0936585109971837,2182.0,2933.0
1241,l2820531.2,l3235258.2,line,,,1.9052736478896315,1.1263526182156665,2182.0,3689.0
1242,l2820533.1,l2897793.1,line,,,0.27595428473822,0.1700179862864639,3173.0,802.0
1243,l2820533.1,l3254230.1,line,,,0.07039690736534,0.0557438796978479,3173.0,2868.0
1244,l2820533.1,l3254231.1,line,,,0.316615405158,0.1928009937464979,3173.0,1724.0
1245,l2820535.2,l2916620.2,line,,,0.2165465159302632,0.504053024584384,2887.0,3380.0
1246,l2820535.2,l3066814.2,line,,,0.1221618483495258,0.2495987742997309,2887.0,1782.0
1247,l2820535.2,q16642.2,line,,,0.3221471264862974,0.62940430511113,2887.0,3538.0
1248,l2820556.1,l2841648.1,line,,,0.43638851123634,0.2435307746414398,1835.0,689.0
1249,l2820556.1,l2916234.1,line,,,0.74240508477798,0.4143062448676796,1835.0,2471.0
1250,l2820556.1,l2973157.1,line,,,0.2918386387068,0.1792307304097398,1835.0,3677.0
1251,l2820556.1,l3082992.1,line,,,0.33352000372236,0.1861240219977598,1835.0,2276.0
1252,l2821010.1,l2895461.1,line,,,0.3508951836723,0.210605156893055,1418.0,1729.0
1253,l2821010.1,l3120502.1,line,,,0.4959539521917999,0.2748836885036,1418.0,2328.0
1254,l2821010.1,l3195751.1,line,,,0.3751129463336,0.2075744790690999,1418.0,3215.0
1255,l2821010.1,l3233353.1,line,,,0.2863189614,0.1847573109385699,1418.0,1471.0
1256,l2821087.1,l2990098.1,line,,,0.09419187040107,0.05316560910986,2312.0,1859.0
1257,l2821087.1,l3233412.1,line,,,0.1970656495672677,0.1112316301742638,2312.0,3385.0
1258,l2821770.1,l2915534.1,line,,,0.4304158684576918,0.2429437033118159,1829.0,2569.0
1259,l2821770.1,l3159448.1,line,,,0.2418064797635277,0.1588834245175499,1829.0,2476.0
1260,l2822857.2,l2954338.2,line,,,0.1074986025815399,0.0715047381658269,3183.0,687.0
1261,l2822857.2,l3104114.2,line,,,0.15095057964498,0.0978953074306749,3183.0,504.0
1262,l2822858.2,l2860478.2,line,,,0.10397521340824,0.05707366211756,2126.0,2125.0
1263,l2822859.2,l2991902.2,line,,,0.20066073895176,0.1240222805834599,3370.0,1588.0
1264,l2822861.1,l2841616.1,line,,,0.231475789098,0.1848764106699,865.0,1123.0
1265,l2822861.1,l2860482.1,line,,,1.2449288876707592,1.4487776851689598,865.0,2046.0
1266,l2822861.1,l2991905.1,line,,,0.6125657662637096,0.7082002565950107,865.0,3750.0
1267,l2822861.1,l3010561.1,line,,,0.8077360244631695,0.8699782248066247,865.0,3802.0
1268,l2822861.1,l3048227.1,line,,,0.6568916105952095,0.7356959996935147,865.0,222.0
1269,l2822861.1,l3104119.1,line,,,1.009532165208069,1.1806106939626289,865.0,2417.0
1270,l2822861.1,l3122811.1,line,,,0.3181782985436998,0.3004944975558298,865.0,3019.0
1271,l2822861.1,l3160123.1,line,,,0.5501705744370695,0.6180350008633669,865.0,1980.0
1272,l2822861.1,l3177665.1,line,,,1.1016069280758791,1.374480664568388,865.0,735.0
1273,l2822862.3,l2935550.3,line,,,0.35358601764408,0.1973220526252798,1181.0,3678.0
1274,l2822862.3,l2991640.3,line,,,0.88261624122044,0.4921875414035299,1181.0,1686.0
1275,l2822862.3,l3048205.3,line,,,0.7619873361098399,0.4240761933975299,1181.0,491.0
1276,l2822862.3,l3048228.3,line,,,0.47021807881544,0.2708225142631548,1181.0,2462.0
1277,l2822862.3,l3066806.3,line,,,0.0725318147313,0.057930125734315,1181.0,3773.0
1278,l2822862.3,l3197626.3,line,,,0.87301420968524,0.4868290360403299,1181.0,2609.0
1279,l2822862.3,l3197627.3,line,,,1.33634482014224,0.7453951063523299,1181.0,3531.0
1280,l2822862.3,l3216343.3,line,,,1.38031037247944,0.7699305025475298,1181.0,1930.0
1281,l2822863.3,l2841619.3,line,,,0.9651519537279,0.52978738579635,3032.0,1170.0
1282,l2822863.3,l2935551.3,line,,,0.3525576334902799,0.1939756230448198,3032.0,198.0
1283,l2822864.3,l2916606.3,line,,,0.10332395642088,0.05766092025408,516.0,515.0
1284,l2822865.3,l2916605.3,line,,,0.1662364813746,0.0927698553935997,1875.0,2682.0
1285,l2822865.3,l2916606.3,line,,,0.12954572911176,0.07229423082816,1875.0,515.0
1286,l2822865.3,l3045895.3,line,,,0.76041242408976,0.4243554124761596,1875.0,3463.0
1287,l2822865.3,l3048205.3,line,,,0.6123816883430399,0.3414402175697698,1875.0,491.0
1288,l2822865.3,l3085394.3,line,,,0.31551477950616,0.1760760347385598,1875.0,3781.0
1289,l2822866.2,l2860484.2,line,,,2.49600692055778,1.3819244892251226,3073.0,2873.0
1290,l2822866.2,l2879068.2,line,,,2.4946098354527795,1.3811448325451223,3073.0,2488.0
1291,l2822866.2,l2879070.2,line,,,1.3171226716728528,0.9669192027167156,3073.0,202.0
1292,l2822866.2,l2973167.2,line,,,4.544293358877367,2.705907822448371,3073.0,2391.0
1293,l2822866.2,l3029506.2,line,,,1.090348289023901,0.6296036072910206,3073.0,1472.0
1294,l2822866.2,l3197632.2,line,,,2.5657432278293197,1.4208415012297624,3073.0,2409.0
1295,l2822866.2,l3216344.2,line,,,2.28449453740636,1.2638879846224025,3073.0,2983.0
1296,l2822866.2,l3235258.2,line,,,3.724644892916626,2.262960283387977,3073.0,3689.0
1297,l2822867.2,l2879061.2,line,,,0.1441479839201999,0.0804431585232,2896.0,796.0
1298,l2822867.2,l2897774.2,line,,,0.1963605920133,0.1095809029127999,2896.0,3020.0
1299,l2822867.2,l2973156.2,line,,,0.44577701189892,0.2487701170627199,2896.0,981.0
1300,l2822867.2,l3029501.2,line,,,0.43585661075112,0.2432339424979198,2896.0,1329.0
1301,l2822867.2,l3066813.2,line,,,0.10974217292922,0.0612426672475199,2896.0,2909.0
1302,l2822869.1,l2841633.1,line,,,1.05306085201554,0.6126369043343933,626.0,3574.0
1303,l2822869.1,l2841635.1,line,,,0.1001067360162,0.0551437426089,626.0,1548.0
1304,l2822869.1,l3197641.1,line,,,0.7963201766451801,0.5107826485495167,626.0,2535.0
1305,l2822870.3,l2841631.3,line,,,3.17040372551273,1.9139808394523423,2266.0,1637.0
1306,l2822870.3,l2851933.3,line,,,2.22777473018127,1.231689125857159,2266.0,1166.0
1307,l2822870.3,l2935560.3,line,,,2.27072440035961,1.27061999056702,2266.0,3751.0
1308,l2822870.3,l2973166.3,line,,,2.50819737400319,1.4277949854557015,2266.0,1621.0
1309,l2822870.3,l3141402.3,line,,,3.3844437500360907,2.021658637740373,2266.0,3628.0
1310,l2822870.3,l3189188.3,line,,,2.10870056315801,1.165591740102445,2266.0,2954.0
1311,l2822870.3,l3197642.3,line,,,3.1124310370476507,1.8738605883271209,2266.0,3676.0
1312,l2822870.3,l3216368.3,line,,,2.26773640385017,1.2532953178053992,2266.0,1853.0
1313,l2822870.3,l3235258.3,line,,,1.0778069378805797,0.6131767941319399,2266.0,3690.0
1314,l2822870.3,l3254217.3,line,,,0.25697809199484,0.165402195016789,2266.0,3670.0
1315,l2822871.2,l3085398.2,line,,,0.5528579059632777,0.6682988193589438,76.0,24.0
1316,l2822871.2,l3122816.2,line,,,0.8180852640630372,0.9133322638124656,76.0,2338.0
1317,l2822871.2,l3197634.2,line,,,0.5578742233318577,0.6975239203555506,76.0,3664.0
1318,l2822871.2,l3197646.2,line,,,0.1564503268249509,0.2101623897358719,76.0,1878.0
1319,l2822872.2,l3104136.2,line,,,0.09321923858272,0.1252229915238399,1569.0,3232.0
1320,l2822872.2,l3122821.2,line,,,0.2921572945256248,0.3924598717199999,1569.0,2840.0
1321,l2822873.2,l3066826.2,line,,,0.59683250641084,0.3316932995425569,279.0,1039.0
1322,l2822873.2,l3178988.2,line,,,0.34736076580678,0.1924732131375968,279.0,3494.0
1323,l2822873.2,l3254229.2,line,,,0.3917116892285199,0.2172236693454368,279.0,3359.0
1324,l2822877.2,l2935549.2,line,,,0.4829247925037567,0.6487211021863036,2238.0,139.0
1325,l2822877.2,l2973156.2,line,,,0.254965623794096,0.1618496510755518,2238.0,981.0
1326,l2822877.2,l3085391.2,line,,,0.332044678589636,0.2246688260096218,2238.0,3051.0
1327,l2822877.2,l3122812.2,line,,,0.1922885238509218,0.2481701927449197,2238.0,1867.0
1328,l2823544.1,l2823545.1,line,,,0.5907700102800599,0.3274149304688818,937.0,3346.0
1329,l2823544.1,l3101782.1,line,,,0.3704728102303199,0.2271865090532398,937.0,3671.0
1330,l2823544.1,l3195321.1,line,,,0.1267098292138199,0.08874210072069,937.0,1876.0
1331,l2823545.1,l3101782.1,line,,,0.39019242855054,0.235921316804682,3346.0,3671.0
1332,l2823545.1,l3195321.1,line,,,0.61392309528504,0.3583662014881318,3346.0,1876.0
1333,l2823592.1,l2823611.1,line,,,0.166711124217225,0.4265429394448496,3450.0,1662.0
1334,l2823592.1,l2936270.1,line,,,0.153492383435617,0.2265164589445447,3450.0,1626.0
1335,l2823592.2,l2861223.2,line,,,0.4758829068959385,0.909326759130267,3451.0,605.0
1336,l2823592.2,l2936275.2,line,,,0.7120150709611514,1.018305724609967,3451.0,1198.0
1337,l2823592.2,l2973833.2,line,,,0.4159716922986051,1.110677431891211,3451.0,1583.0
1338,l2823592.2,l3011293.2,line,,,0.4164079754133095,0.9949783944591972,3451.0,1468.0
1339,l2823592.2,l3086079.2,line,,,0.3353013188051114,0.8080770189533271,3451.0,959.0
1340,l2823592.2,l3234149.2,line,,,0.8240128189915704,1.1787205360968724,3451.0,2495.0
1341,l2823592.3,l2842384.3,line,,,0.5236805645440131,1.329185268041402,3452.0,3403.0
1342,l2823592.3,l2936268.3,line,,,0.3356773371484097,0.3927167952646748,3452.0,2504.0
1343,l2823592.3,l3011293.3,line,,,0.4261370223065256,0.9719669398312448,3452.0,1469.0
1344,l2823592.3,l3030205.3,line,,,0.6224859098730795,1.1639172340590596,3452.0,3659.0
1345,l2823592.3,l3067506.3,line,,,0.8182170756096795,1.2198741210358794,3452.0,3136.0
1346,l2823592.3,l3123509.3,line,,,0.3931916071770134,0.9983739416199024,3452.0,1529.0
1347,l2823592.3,l3160863.3,line,,,0.3282955739006659,0.2500593638349968,3452.0,2368.0
1348,l2823592.3,l3234149.3,line,,,0.8767179834930563,1.156749065855753,3452.0,2496.0
1349,l2823611.1,l2936270.1,line,,,0.173592528351568,0.2814795847161908,1662.0,1626.0
1350,l2823611.1,l3030204.1,line,,,0.022543864438461,0.0581068128861059,1662.0,3254.0
1351,l2839305.1,l2898522.1,line,,,0.4742852255902998,0.26292064221049,2268.0,3622.0
1352,l2839305.1,l2992656.1,line,,,0.1947500696204,0.1069014364726,2268.0,2110.0
1353,l2839305.1,l3011293.1,line,,,0.5088576127889063,0.968252927837723,2268.0,1467.0
1354,l2839305.1,l3030204.1,line,,,0.36043177801007,0.6975269351393899,2268.0,3254.0
1355,l2839305.1,l3086098.1,line,,,0.209114707758495,0.2088760705419649,2268.0,2892.0
1356,l2839305.1,l3139366.1,line,,,0.6655384411687011,0.9767143100710308,2268.0,2035.0
1357,l2841615.1,l2954348.1,line,,,0.130576673253,0.072869559048,2385.0,1656.0
1358,l2841615.1,l3216336.1,line,,,0.14993585505522,0.0836731352635199,2385.0,418.0
1359,l2841615.1,l3216337.1,line,,,0.13078613388462,0.0881990146936149,2385.0,462.0
1360,l2841618.1,l2897801.1,line,,,0.14619800635878,0.077648974241742,3464.0,2439.0
1361,l2841618.1,l3254207.1,line,,,0.1917361649155798,0.1030619783505419,3464.0,52.0
1362,l2841620.2,l3178981.2,line,,,0.5705949782208,0.3184259747327999,2127.0,495.0
1363,l2841621.3,l2860481.3,line,,,0.4069130146367999,0.2259225055862739,3122.0,1070.0
1364,l2841621.3,l2895449.3,line,,,0.42714996039602,0.2339917211274969,3122.0,2701.0
1365,l2841621.3,l3122814.3,line,,,0.3569296409537099,0.196734121608041,3122.0,2714.0
1366,l2841622.1,l3066812.1,line,,,0.11595626010618,0.06471049791888,1658.0,1657.0
1367,l2841623.1,l3010563.1,line,,,0.0690541583112,0.05515257116156,2482.0,2481.0
1368,l2841625.3,l2954350.3,line,,,0.4469976347304,0.2494512972863999,3007.0,1161.0
1369,l2841625.3,l3010566.3,line,,,0.14586069387006,0.08139895266096,3007.0,3008.0
1370,l2841626.3,l2879073.3,line,,,0.5685344641109197,0.3163419897192498,1294.0,1347.0
1371,l2841626.3,l2954350.3,line,,,0.1547982621837599,0.0863866479801598,1294.0,1161.0
1372,l2841626.3,l3010567.3,line,,,0.5914181847532198,0.3296495463217499,1294.0,3507.0
1373,l2841626.3,l3178977.3,line,,,0.2370511390626599,0.1322886511425599,1294.0,1475.0
1374,l2841626.3,l3235266.3,line,,,0.15666074702538,0.08742602542608,1294.0,3386.0
1375,l2841627.1,l3216348.1,line,,,0.3076785806846,0.1688897072599,593.0,592.0
1376,l2841627.1,l3254216.1,line,,,0.1746624324406,0.0958750102739,593.0,1370.0
1377,l2841629.3,l2841630.3,line,,,0.24999017751116,0.1381157203257699,2176.0,3549.0
1378,l2841629.3,l2860487.3,line,,,0.6143867171574299,0.3381841157767498,2176.0,156.0
1379,l2841629.3,l2973158.3,line,,,0.86090478911381,0.4753301261596907,2176.0,3371.0
1380,l2841629.3,l2991911.3,line,,,0.5636746696638,0.3125732079306238,2176.0,2008.0
1381,l2841629.3,l3197637.3,line,,,0.7446431654682197,0.4085696236454857,2176.0,807.0
1382,l2841629.3,l3216347.3,line,,,0.2211369838334399,0.1231436110643099,2176.0,3322.0
1383,l2841630.3,l2860487.3,line,,,0.66924333775991,0.3674036918436398,3549.0,156.0
1384,l2841630.3,l2954352.3,line,,,0.0318461996205,0.025435105339775,3549.0,3592.0
1385,l2841630.3,l2973158.3,line,,,0.91576140971629,0.5045497022265808,3549.0,3371.0
1386,l2841630.3,l2991911.3,line,,,0.6185312902662801,0.3417927839975138,3549.0,2008.0
1387,l2841630.3,l3197637.3,line,,,0.7994997860706998,0.4377891997123758,3549.0,807.0
1388,l2841630.3,l3216347.3,line,,,0.2759936044359199,0.1523631871312,3549.0,3322.0
1389,l2841631.3,l2851933.3,line,,,1.2711678157485795,0.8627250084305916,1637.0,1166.0
1390,l2841631.3,l2935560.3,line,,,1.0254069466781195,0.7437777066490725,1637.0,3751.0
1391,l2841631.3,l2973166.3,line,,,0.9631640035291796,0.6676989915510605,1637.0,1621.0
1392,l2841631.3,l3141402.3,line,,,0.2926100343477599,0.1704305443062498,1637.0,3628.0
1393,l2841631.3,l3189188.3,line,,,1.1520936487253195,0.7966276226758776,1637.0,2954.0
1394,l2841631.3,l3197642.3,line,,,0.2310844563257997,0.1367269257767416,1637.0,3676.0
1395,l2841631.3,l3216368.3,line,,,1.0224189501686798,0.7264530338874516,1637.0,1853.0
1396,l2841631.3,l3235258.3,line,,,2.19536367583647,1.3807823067153062,1637.0,3690.0
1397,l2841631.3,l3254217.3,line,,,3.3615918373219698,2.0268375158118515,1637.0,3670.0
1398,l2841632.2,regxfmr_190-8593.2,line,,,0.016432193792283,0.0220736459045759,2018.0,2021.0
1399,l2841633.1,l2851933.1,line,,,1.5895408848466803,0.8747914124921077,3574.0,1164.0
1400,l2841633.1,l2860504.1,line,,,1.8570556557003803,1.0894590569487526,3574.0,181.0
1401,l2841633.1,l2879078.1,line,,,2.0337425188529603,1.2264499204798236,3574.0,1518.0
1402,l2841633.1,l3122827.1,line,,,1.53743700450108,0.8496259136152537,3574.0,904.0
1403,l2841633.1,l3197641.1,line,,,0.58642017679456,0.3651645705795867,3574.0,2535.0
1404,l2841633.1,l3216351.1,line,,,1.95904048212548,1.1603380473661895,3574.0,88.0
1405,l2841633.1,l3235258.1,line,,,0.44094439585584,0.2552011378834479,3574.0,3688.0
1406,l2841634.2,l2879077.2,line,,,0.4729541902983,0.377741764935165,779.0,2028.0
1407,l2841634.2,l2991915.2,line,,,0.2456684667251999,0.19621189982726,779.0,1965.0
1408,l2841634.2,l2991916.2,line,,,0.4528449535743,0.361680804428965,779.0,2770.0
1409,l2841634.2,l3029183.2,line,,,0.6489509340582,0.5183078535214101,779.0,398.0
1410,l2841635.1,l2858166.1,line,,,0.9948789773292736,0.5922541803091005,1548.0,573.0
1411,l2841635.1,l2954353.1,line,,,0.95673317003562,0.5268291192732336,1548.0,3429.0
1412,l2841635.1,l3010568.1,line,,,1.1676595627626898,0.7907825986904636,1548.0,3495.0
1413,l2841635.1,l3085401.1,line,,,1.02264569794617,0.6191313983615777,1548.0,2805.0
1414,l2841635.1,l3104129.1,line,,,1.3970156781129897,0.9828597918092108,1548.0,3796.0
1415,l2841635.1,l3141401.1,line,,,1.4365117164809895,1.0494959891676123,1548.0,2854.0
1416,l2841635.1,l3729297.1,line,,,0.7085233700090093,0.6564502479714458,1548.0,3391.0
1417,l2841636.2,l2879079.2,line,,,0.4846209177571,0.2688552310234548,844.0,2731.0
1418,l2841636.2,l2973162.2,line,,,0.6292434584883,0.3491337881157497,844.0,342.0
1419,l2841636.2,l2991917.2,line,,,0.24887400277742,0.1376467681388349,844.0,3508.0
1420,l2841636.2,l3104130.2,line,,,0.49774636930434,0.2771847237584247,844.0,3006.0
1421,l2841636.2,l3122823.2,line,,,0.23792754186552,0.1323425688407969,844.0,3472.0
1422,l2841636.2,l3197643.2,line,,,0.6014827421928,0.3356631862847999,844.0,2285.0
1423,l2841637.3,l2991921.3,line,,,0.28740293755656,0.1701829208040249,1602.0,2412.0
1424,l2841637.3,l2991943.3,line,,,0.3764607009820799,0.2100874880332799,1602.0,1392.0
1425,l2841637.3,l3254205.3,line,,,0.5557213403888399,0.4143328867130398,1602.0,1575.0
1426,l2841638.3,l2860492.3,line,,,0.1023753878433,0.081765761849915,3366.0,3367.0
1427,l2841638.3,l3254210.3,line,,,0.9915868319048998,0.5462804233184169,3366.0,2501.0
1428,l2841638.3,r18242.3,line,,,0.3249973177876299,0.177792667276585,3366.0,309.0
1429,l2841639.1,l2916598.1,line,,,0.65911208154512,0.3659704789028197,453.0,2115.0
1430,l2841639.1,l3048212.1,line,,,0.61625573307282,0.3424459419278698,453.0,2432.0
1431,l2841639.1,l3120376.1,line,,,0.63560216504442,0.3543210549345897,453.0,231.0
1432,l2841645.3,l3066829.3,line,,,0.0336881969415,0.026906282323325,1408.0,3088.0
1433,l2841645.3,l3235267.3,line,,,0.23174371359586,0.1848102515833278,1408.0,3387.0
1434,l2841645.3,l3235268.3,line,,,0.26209088965306,0.2090481081871879,1408.0,3144.0
1435,l2841648.1,l3082992.1,line,,,0.3243642205120199,0.1810145497723198,689.0,2276.0
1436,l2842329.3,l2936211.3,line,,,0.13207363506386,0.07249733638609,2418.0,1353.0
1437,l2842330.3,l3086002.3,line,,,0.09569459230734,0.05340328077744,812.0,1912.0
1438,l2842330.3,l3235945.3,line,,,0.05356191347364,0.02989073713824,812.0,811.0
1439,l2842383.1,l2917333.1,line,,,0.1311285754799499,0.1512410490926299,3299.0,3393.0
1440,l2842383.1,q16483.1,line,,,0.067546625675762,0.1709464343548516,3299.0,3485.0
1441,l2842384.3,l2936268.3,line,,,0.6497181325832434,1.1941328833389675,3403.0,2504.0
1442,l2842384.3,l3011293.3,line,,,0.4822994675303399,1.1165609909697485,3403.0,1469.0
1443,l2842384.3,l3030205.3,line,,,0.3715975601668537,0.5264459105599829,3403.0,3659.0
1444,l2842384.3,l3067506.3,line,,,0.5673287259034537,0.5824027975368029,3403.0,3136.0
1445,l2842384.3,l3123509.3,line,,,0.4493540524008277,1.142967992758406,3403.0,1529.0
1446,l2842384.3,l3160863.3,line,,,0.7816430839400672,1.4062928298339257,3403.0,2368.0
1447,l2842384.3,l3160871.3,line,,,0.06102590638485,0.093138705947265,3403.0,2922.0
1448,l2842384.3,l3234149.3,line,,,0.9328804287168706,1.301343116994257,3403.0,2496.0
1449,l2842384.3,q16483.3,line,,,0.039164099237908,0.0982048308000659,3403.0,3487.0
1450,l2842390.3,l3198356.3,line,,,0.4939688997846,0.3945259136197297,2920.0,2534.0
1451,l2851933.1,l2860504.1,line,,,0.5956578858393001,0.3954251058598447,1164.0,181.0
1452,l2851933.1,l2879078.1,line,,,0.7723447489918801,0.5324159693909158,1164.0,1518.0
1453,l2851933.1,l3122827.1,line,,,0.8487646584166799,0.4697496513341339,1164.0,904.0
1454,l2851933.1,l3207907.1,line,,,0.02672591062176,0.0209012834044319,1164.0,1167.0
1455,l2851933.1,l3216351.1,line,,,0.6976427122644001,0.4663040962772818,1164.0,88.0
1456,l2851933.1,l3235258.1,line,,,1.25116937820012,0.6998084964427556,1164.0,3688.0
1457,l2851933.2,l2916610.2,line,,,0.5523851006735397,0.3068823233895228,1165.0,1639.0
1458,l2851933.2,l2973167.2,line,,,0.32453079618212,0.1801637556502099,1165.0,2391.0
1459,l2851933.2,l3189189.2,line,,,0.2697475825958,0.1502369987682557,1165.0,1828.0
1460,l2851933.2,l3207907.2,line,,,0.02656363907832,0.021103969301704,1165.0,1168.0
1461,l2851933.3,l2935560.3,line,,,0.3714884905954599,0.2193641595452689,1166.0,3751.0
1462,l2851933.3,l2973166.3,line,,,0.60896146423904,0.376539154433951,1166.0,1621.0
1463,l2851933.3,l3141402.3,line,,,1.4852078402719395,0.9704028067186218,1166.0,3628.0
1464,l2851933.3,l3189188.3,line,,,0.2094646533938599,0.1143359090806939,1166.0,2954.0
1465,l2851933.3,l3197642.3,line,,,1.2131951272834998,0.8226047573053699,1166.0,3676.0
1466,l2851933.3,l3207907.3,line,,,0.02677645808944,0.020838760438568,1166.0,1169.0
1467,l2851933.3,l3216368.3,line,,,0.36850049408602,0.202039486783648,1166.0,1853.0
1468,l2851933.3,l3235258.3,line,,,1.2527346805050097,0.6984905931201231,1166.0,3690.0
1469,l2851933.3,l3254217.3,line,,,2.4189628419905094,1.3445458022166683,1166.0,3670.0
1470,l2857591.1,l3027133.1,line,,,0.0839723321835,0.0670675038204249,3548.0,3530.0
1471,l2857591.1,l3141403.1,line,,,0.1481052442752,0.1182895458297599,3548.0,2572.0
1472,l2858163.1,l3216346.1,line,,,0.2146198695796,0.1178082883274,956.0,955.0
1473,l2858166.1,l2876813.1,line,,,1.2171045755054086,1.4712179628604345,573.0,3128.0
1474,l2858166.1,l2876814.1,line,,,2.513716806604997,2.614015340981699,573.0,1089.0
1475,l2858166.1,l2954353.1,line,,,0.0779326408206138,0.0876284833072268,573.0,3429.0
1476,l2858166.1,l2972930.1,line,,,0.5480044802397697,0.4042812852401489,573.0,2829.0
1477,l2858166.1,l2973165.1,line,,,0.9918326677997088,1.1826214281963123,573.0,1813.0
1478,l2858166.1,l2991909.1,line,,,1.6419830510446574,2.070844992207889,573.0,2547.0
1479,l2858166.1,l3010568.1,line,,,0.2888590335476838,0.3515819627244569,573.0,3495.0
1480,l2858166.1,l3085401.1,line,,,0.1438451687311638,0.1799307623955709,573.0,2805.0
1481,l2858166.1,l3104129.1,line,,,0.5182151488979838,0.5436591558432039,573.0,3796.0
1482,l2858166.1,l3141401.1,line,,,0.5577111872659837,0.6102953532016056,573.0,2854.0
1483,l2858166.1,l3197638.1,line,,,1.7017089358598176,2.074354554701076,573.0,2043.0
1484,l2858166.1,l3215340.1,line,,,5.808153520467757,4.588653278437557,573.0,2753.0
1485,l2858166.1,l3216123.1,line,,,0.7199246923585896,0.4990824262266787,573.0,1340.0
1486,l2858166.1,l3632979.1,line,,,3.7327548461447577,3.297278380417384,573.0,3561.0
1487,l2858166.1,l3649297.1,line,,,0.6166144302990291,0.7768022902607378,573.0,3091.0
1488,l2858166.1,l3729297.1,line,,,1.117559158646683,0.9259930175203464,573.0,3391.0
1489,l2858175.1,l2970811.1,line,,,0.5329801566476999,0.4256836479671348,3461.0,3117.0
1490,l2858175.1,l2989571.1,line,,,0.9055363159044,0.7232389377222196,3461.0,3724.0
1491,l2858175.1,l3008248.1,line,,,0.5283986351273999,0.4220244520858697,3461.0,3660.0
1492,l2858175.1,l3120503.1,line,,,0.5573923465644,0.4451813158052197,3461.0,466.0
1493,l2858175.1,l3120504.1,line,,,0.63907196238,0.5104176597689998,3461.0,3785.0
1494,l2858175.1,l3177894.1,line,,,1.099836233991,0.8784235105420497,3461.0,3775.0
1495,l2858175.1,l3251807.1,line,,,0.4573857905973,0.365307506182615,3461.0,2693.0
1496,l2859403.1,l2973791.1,line,,,0.010249284265179,0.026417531237334,1536.0,2420.0
1497,l2859403.1,l3067478.1,line,,,0.0722003925854379,0.184519019140348,1536.0,2373.0
1498,l2859403.1,l3233412.1,line,,,0.5946041934370455,0.4160008649611917,1536.0,3385.0
1499,l2859403.1,l3254237.1,line,,,1.2137344945587376,0.7501421265719178,1536.0,449.0
1500,l2860477.1,l3141389.1,line,,,0.0851495755023,0.068007751265365,3768.0,3665.0
1501,l2860479.2,l2991927.2,line,,,0.6985032633017401,0.3898064142878397,348.0,2103.0
1502,l2860479.2,l3160108.2,line,,,0.45937409893284,0.2563581012854399,348.0,3347.0
1503,l2860479.2,l3178969.2,line,,,0.13993085008422,0.0780897467275199,348.0,1653.0
1504,l2860479.2,l3251806.2,line,,,0.42193426604638,0.2349332154151399,348.0,3243.0
1505,l2860479.2,l3254206.2,line,,,0.2618669561805,0.159508475396125,348.0,3577.0
1506,l2860479.2,l3315860.2,line,,,0.6578389094571,0.4757656258004549,348.0,3761.0
1507,l2860480.2,l3197624.2,line,,,0.4162941052373999,0.2765805184536,412.0,3616.0
1508,l2860481.3,l3122814.3,line,,,0.50218206836799,0.2789528121590469,1070.0,2714.0
1509,l2860482.1,l2991905.1,line,,,1.6047224053020686,1.9550923526653503,2046.0,3750.0
1510,l2860482.1,l3010561.1,line,,,0.9057534076986294,0.9404882651504743,2046.0,3802.0
1511,l2860482.1,l3048227.1,line,,,0.7549089938306695,0.8062060400373645,2046.0,222.0
1512,l2860482.1,l3104119.1,line,,,0.4505492304328499,0.3862676532883707,2046.0,2417.0
1513,l2860482.1,l3122811.1,line,,,1.3103349375820588,1.5473865936261693,2046.0,3019.0
1514,l2860482.1,l3160123.1,line,,,0.8510206897932896,0.9555472153265728,2046.0,1980.0
1515,l2860482.1,l3177665.1,line,,,0.18441017801644,0.1085970274605478,2046.0,735.0
1516,l2860482.1,l3254204.1,line,,,1.033559541495,0.5767877689199999,2046.0,3610.0
1517,l2860483.2,l2879066.2,line,,,0.26362742562612,0.173890968081755,376.0,3783.0
1518,l2860483.2,l3048207.2,line,,,0.33340293836292,0.212829859070555,376.0,1350.0
1519,l2860483.2,l3141397.2,line,,,0.0853516703079,0.0681691615036449,376.0,527.0
1520,l2860484.2,l2879068.2,line,,,0.3643371372342,0.2033218175471999,2873.0,2488.0
1521,l2860484.2,l3197632.2,line,,,0.8392758460670999,0.4683658979735995,2873.0,2409.0
1522,l2860484.2,l3216344.2,line,,,0.55802715564414,0.3114123813662398,2873.0,2983.0
1523,l2860485.2,l2860506.2,line,,,0.2338547733,0.186776471415,810.0,2026.0
1524,l2860486.3,l2897776.3,line,,,0.4927100309490599,0.2732321843091399,2781.0,1025.0
1525,l2860486.3,l2954351.3,line,,,0.15702511284954,0.08762936325264,2781.0,1281.0
1526,l2860486.3,l3122819.3,line,,,0.5015954311579999,0.2961712847508299,2781.0,3141.0
1527,l2860486.3,l3141399.3,line,,,0.1690586351532,0.0943447852511999,2781.0,923.0
1528,l2860486.3,l3235266.3,line,,,0.3912845012313,0.2155506407568519,2781.0,3386.0
1529,l2860487.3,l2973158.3,line,,,0.8978357642158399,0.4912595524500409,156.0,3371.0
1530,l2860487.3,l2991911.3,line,,,0.60060564476583,0.328502634220974,156.0,2008.0
1531,l2860487.3,l3197637.3,line,,,0.4144990705163499,0.2264108416708759,156.0,807.0
1532,l2860487.3,l3216347.3,line,,,0.6403901440821899,0.3524315825821799,156.0,3322.0
1533,l2860488.2,l2897764.2,line,,,0.2670038025705499,0.1488121077722149,3018.0,1317.0
1534,l2860488.2,l2973163.2,line,,,0.7990117009469401,0.44589610741104,3018.0,82.0
1535,l2860488.2,l2991902.2,line,,,0.24844211898023,0.1384535830470949,3018.0,1588.0
1536,l2860488.2,l2991918.2,line,,,0.12126055428095,0.067478696738615,3018.0,2250.0
1537,l2860489.1,l2991919.1,line,,,0.35358846538444,0.195561260247262,3630.0,211.0
1538,l2860489.1,l3104131.1,line,,,0.25310620689016,0.1401853252168989,3630.0,2389.0
1539,l2860489.1,l3122824.1,line,,,0.2050691120548199,0.1144407756571199,3630.0,2433.0
1540,l2860489.1,l3122825.1,line,,,0.23351823515293,0.133687104668167,3630.0,1042.0
1541,l2860490.1,l2991922.1,line,,,0.34324867473622,0.187394985090662,377.0,2646.0
1542,l2860490.1,l2991923.1,line,,,0.50795982944809,0.2805969797471629,377.0,1668.0
1543,l2860490.1,l3197645.1,line,,,0.5917828944768699,0.3736561073328928,377.0,402.0
1544,l2860490.1,l3254218.1,line,,,0.1199666407826,0.0660835606497,377.0,2177.0
1545,l2860491.1,l2991922.1,line,,,0.25793683232992,0.141241800525632,2079.0,2646.0
1546,l2860491.1,l3048211.1,line,,,0.2621195121403,0.1810616430525748,2079.0,2655.0
1547,l2860491.1,l3122826.1,line,,,0.3460823038197599,0.185931398594328,2079.0,1050.0
1548,l2860491.1,l3216370.1,line,,,0.4720422783890999,0.2598537388922498,2079.0,1892.0
1549,l2860491.2,l2897780.2,line,,,0.2864275812542999,0.159425363078234,2080.0,1114.0
1550,l2860491.2,r18242.2,line,,,0.7818081748307202,0.43239462797714,2080.0,308.0
1551,l2860493.1,l2860504.1,line,,,0.233866276875,0.1867856591562499,182.0,181.0
1552,l2860493.1,l3085403.1,line,,,0.0983242249002,0.07853015579851,182.0,1504.0
1553,l2860499.2,l3085410.2,line,,,0.087933405861,0.07023115686055,3657.0,3217.0
1554,l2860500.2,l3010562.2,line,,,0.53728423985418,0.3931480349998649,3321.0,1934.0
1555,l2860500.2,l3048203.2,line,,,1.1868813389547,0.678281490814645,3321.0,3655.0
1556,l2860500.2,l3157710.2,line,,,0.3527876410854,0.2249715297314838,3321.0,2677.0
1557,l2860500.2,l3160117.2,line,,,0.37008709142982,0.2348088907180997,3321.0,3312.0
1558,l2860501.2,l3216344.2,line,,,0.0348840659511,0.027861405841805,3424.0,2983.0
1559,l2860504.1,l2879078.1,line,,,0.31972167948078,0.2512307308909807,181.0,1518.0
1560,l2860504.1,l3122827.1,line,,,1.11627942927038,0.6844172957907786,181.0,904.0
1561,l2860504.1,l3216351.1,line,,,0.2450196427533,0.1851188577773467,181.0,88.0
1562,l2860504.1,l3235258.1,line,,,1.51868414905382,0.9144761408994002,181.0,3688.0
1563,l2861157.3,l2936216.3,line,,,1.5928071228925802,1.0015031036539996,270.0,3279.0
1564,l2861157.3,l2992556.3,line,,,0.73635021871024,0.5231797999927498,270.0,3623.0
1565,l2861157.3,l3253570.3,line,,,0.1277871295644,0.10206175745522,270.0,2712.0
1566,l2861158.3,l2952007.3,line,,,0.2119223281967999,0.1182652783487999,90.0,89.0
1567,l2861197.3,l2917255.3,line,,,0.3264329852761299,0.231115606689875,3134.0,3722.0
1568,l2861197.3,l3104796.3,line,,,0.1801572823509999,0.114272231228026,3134.0,3563.0
1569,l2861197.3,l3123452.3,line,,,0.1705328708010199,0.16059348297135,3134.0,2172.0
1570,l2861197.3,l3160896.3,line,,,0.12025151123608,0.06600798302252,3134.0,3135.0
1571,l2861197.3,l3214069.3,line,,,0.1541738633078418,0.118926717943869,3134.0,2280.0
1572,l2861218.3,l2875754.3,line,,,0.53207021586491,0.5512864502004748,3733.0,281.0
1573,l2861218.3,l2898526.3,line,,,0.173586350548288,0.3921668834749709,3733.0,1336.0
1574,l2861218.3,l3011298.3,line,,,0.34332674307277,0.5983118705919208,3733.0,1961.0
1575,l2861218.3,l3160878.3,line,,,0.85777692182051,0.7273068882255449,3733.0,2586.0
1576,l2861218.3,l3179682.3,line,,,0.21234747494443,0.3681163140077949,3733.0,254.0
1577,l2861219.2,l2879767.2,line,,,0.3660202121152595,0.5665661315716349,3589.0,671.0
1578,l2861219.2,l2917328.2,line,,,0.2424950843887474,0.5211962265738629,3589.0,1546.0
1579,l2861219.2,l3048963.2,line,,,0.84691036112286,0.4890450763780348,3589.0,2528.0
1580,l2861219.2,l3068944.2,line,,,0.3760876134498994,0.5706922690254269,3589.0,1622.0
1581,l2861219.2,l3160864.2,line,,,0.4132405280405999,0.2717109263056149,3589.0,2429.0
1582,l2861219.2,l3160868.2,line,,,1.3584771512861735,0.8434796848136958,3589.0,1351.0
1583,l2861219.2,l3254915.2,line,,,1.0880011284348,0.6235880806290748,3589.0,2686.0
1584,l2861222.1,l2917330.1,line,,,0.14993889288846,0.0836748305553599,723.0,722.0
1585,l2861223.2,l2936275.2,line,,,0.6475312607826508,0.4871630692830939,605.0,1198.0
1586,l2861223.2,l2973833.2,line,,,0.4363876984879447,0.8069090442493779,605.0,1583.0
1587,l2861223.2,l3011293.2,line,,,0.351924165234809,0.4638357391323242,605.0,1468.0
1588,l2861223.2,l3086079.2,line,,,0.2708175086266109,0.2769343636264539,605.0,959.0
1589,l2861223.2,l3234149.2,line,,,0.4702823890819119,0.3375621328670858,605.0,2495.0
1590,l2862616.3,l3101194.3,line,,,0.2141392545095399,0.1208686466449199,2903.0,2902.0
1591,l2875754.3,l2898526.3,line,,,0.453102074886418,0.3032853317731359,281.0,1336.0
1592,l2875754.3,l3011298.3,line,,,0.6228424674109,0.5094303188900858,281.0,1961.0
1593,l2875754.3,l3160878.3,line,,,0.3734429777808,0.2141467173573299,281.0,2586.0
1594,l2875754.3,l3179682.3,line,,,0.49186319928256,0.2792347623059599,281.0,254.0
1595,l2876796.1,l2876797.1,line,,,0.3390737896428,0.1873205530885076,2118.0,855.0
1596,l2876796.1,l2973154.1,line,,,0.23315727824376,0.1301156449401599,2118.0,116.0
1597,l2876796.1,l3066812.1,line,,,0.12138668846148,0.0677410003036799,2118.0,1657.0
1598,l2876797.1,l3784018.1,line,,,0.0944749011154,0.0520414493313,855.0,1617.0
1599,l2876798.2,l3216342.2,line,,,0.144496702509867,0.1614814243361089,3228.0,1808.0
1600,l2876798.2,l3216367.2,line,,,0.1594594448938459,0.214204589309312,3228.0,30.0
1601,l2876812.1,l2970811.1,line,,,0.0800341242462,0.06392211332081,2815.0,3117.0
1602,l2876812.1,l3101788.1,line,,,0.28700518025916,0.1770138409968149,2815.0,3478.0
1603,l2876812.1,l3140238.1,line,,,0.53864866651122,0.3363777313372299,2815.0,3149.0
1604,l2876812.1,l3195327.1,line,,,0.1521148776291,0.121491982790705,2815.0,2092.0
1605,l2876812.1,l3251808.1,line,,,0.55956898344252,0.3291206733705749,2815.0,1321.0
1606,l2876813.1,l2876814.1,line,,,1.6311920141327287,1.321351950801327,3128.0,1089.0
1607,l2876813.1,l2972930.1,line,,,1.4972840111619985,1.5229433837702255,3128.0,2829.0
1608,l2876813.1,l2973165.1,line,,,0.5496622009992598,0.4696256346010817,3128.0,1813.0
1609,l2876813.1,l2991909.1,line,,,0.7594582585723889,0.7781816020275166,3128.0,2547.0
1610,l2876813.1,l3197638.1,line,,,0.8191841433875493,0.7816911645207038,3128.0,2043.0
1611,l2876813.1,l3215340.1,line,,,4.92562872799549,3.295989888257185,3128.0,2753.0
1612,l2876813.1,l3216123.1,line,,,1.6692042232808184,1.6177445247567557,3128.0,1340.0
1613,l2876813.1,l3632979.1,line,,,2.8502300536724894,2.004614990237012,3128.0,3561.0
1614,l2876813.1,l3649297.1,line,,,0.7352766176845795,0.8020677053921069,3128.0,3091.0
1615,l2876814.1,l2972930.1,line,,,2.7938962422615874,2.665740761891491,1089.0,2829.0
1616,l2876814.1,l2973165.1,line,,,1.846274432098849,1.6124230127223462,1089.0,1813.0
1617,l2876814.1,l2991909.1,line,,,1.1098690544350598,0.6760640256493298,1089.0,2547.0
1618,l2876814.1,l3010563.1,line,,,1.95484912845171,1.0814090973384327,1089.0,2481.0
1619,l2876814.1,l3029500.1,line,,,2.40812038551127,1.3595701704334466,1089.0,1157.0
1620,l2876814.1,l3101789.1,line,,,1.70725979505083,0.9436562214327908,1089.0,1122.0
1621,l2876814.1,l3156034.1,line,,,2.16690595009553,1.1998664022670666,1089.0,1574.0
1622,l2876814.1,l3178982.1,line,,,1.9642782317788496,1.1017734103390218,1089.0,3221.0
1623,l2876814.1,l3197638.1,line,,,1.4510173008137794,1.0500285023845528,1089.0,2043.0
1624,l2876814.1,l3215340.1,line,,,5.109263943528761,2.9743345574328584,1089.0,2753.0
1625,l2876814.1,l3216123.1,line,,,2.9658164543804078,2.7605419028780207,1089.0,1340.0
1626,l2876814.1,l3216346.1,line,,,2.31008234919199,1.2606606689424826,1089.0,955.0
1627,l2876814.1,l3632979.1,line,,,3.0338652692057604,1.6829596594126852,1089.0,3561.0
1628,l2876814.1,l3649297.1,line,,,2.031888848784168,1.944865083513372,1089.0,3091.0
1629,l2878848.3,l2895449.3,line,,,1.1957182016677612,0.6554373853567006,731.0,2701.0
1630,l2878848.3,l2954345.3,line,,,1.3451586981486712,0.7388627429572074,731.0,2917.0
1631,l2878848.3,l3066815.3,line,,,0.816685741344761,0.4808345748018738,731.0,3306.0
1632,l2878848.3,l3103822.3,line,,,0.859248234852776,0.5365118913603738,731.0,1453.0
1633,l2878848.3,l3104123.3,line,,,0.4849373473399916,0.2637462718563819,731.0,3693.0
1634,l2878848.3,l3178972.3,line,,,0.8230165178489713,0.4537409748808276,731.0,2820.0
1635,l2878848.3,l3253995.3,line,,,0.5436933797000219,0.3149398778625549,731.0,3365.0
1636,l2879054.1,l2991906.1,line,,,0.1077304926281999,0.0601200298511999,2881.0,1779.0
1637,l2879055.3,l2973144.3,line,,,0.15226587984894,0.0849734278430399,3174.0,2594.0
1638,l2879055.3,l3066801.3,line,,,0.16094586368406,0.0898173756849597,3174.0,1223.0
1639,l2879055.3,l3626914.3,line,,,0.8018441416614299,0.4455022472510407,3174.0,2184.0
1640,l2879061.2,l3066813.2,line,,,0.2412636927035399,0.1346395069166399,796.0,2909.0
1641,l2879062.3,l2935551.3,line,,,0.25067522778992,0.138659443258256,1125.0,198.0
1642,l2879062.3,l3029497.3,line,,,0.3383261991958999,0.2009871700176949,1125.0,3137.0
1643,l2879062.3,l3085392.3,line,,,0.4162889391673999,0.2317047782651,1125.0,1614.0
1644,l2879063.2,l3216342.2,line,,,0.0694492022997,0.055468087159735,3089.0,1808.0
1645,l2879064.1,l2991907.1,line,,,0.31450331333538,0.17551157638608,3608.0,2600.0
1646,l2879064.1,l3010556.1,line,,,0.2642076913868,0.146264980151034,3608.0,428.0
1647,l2879064.1,l3048208.1,line,,,1.2305079461820798,0.6752041249749737,3608.0,388.0
1648,l2879065.2,l3197629.2,line,,,0.4479763570644,0.3095373275797,3620.0,1937.0
1649,l2879066.2,l3048207.2,line,,,0.37451787097764,0.20900327320224,3783.0,1350.0
1650,l2879067.1,l3178971.1,line,,,0.0446794105671,0.035684807852605,2830.0,2513.0
1651,l2879068.2,l2973152.2,line,,,0.27521457393222,0.1535861202955198,2488.0,2265.0
1652,l2879068.2,l3197632.2,line,,,0.8378787609621,0.4675862412935996,2488.0,2409.0
1653,l2879068.2,l3216344.2,line,,,0.55663007053914,0.3106327246862398,2488.0,2983.0
1654,l2879069.1,l2973154.1,line,,,0.10732834982376,0.05989561022016,1495.0,116.0
1655,l2879069.1,l3197633.1,line,,,0.2047129671366,0.1142420255856,1495.0,2573.0
1656,l2879070.2,l2973167.2,line,,,3.8331943701973774,2.553070558958407,202.0,2391.0
1657,l2879070.2,l3029506.2,line,,,0.3539276244901317,0.4427513051779528,202.0,1472.0
1658,l2879070.2,l3216345.2,line,,,0.058402672485141,0.078453305055552,202.0,205.0
1659,l2879070.2,l3235258.2,line,,,3.013545904236639,2.110123019898013,202.0,3689.0
1660,l2879071.2,l3029504.2,line,,,0.0896334984477,0.071588996557135,3289.0,3290.0
1661,l2879072.2,l2954349.2,line,,,0.8984240243431201,0.4967014409920329,540.0,596.0
1662,l2879072.2,l2991910.2,line,,,0.07577818581138,0.0422887400020799,540.0,2910.0
1663,l2879072.2,l3197635.2,line,,,0.47754364061092,0.2638833183101199,540.0,808.0
1664,l2879072.2,l3235250.2,line,,,0.5498950916793,0.3028177532819259,540.0,328.0
1665,l2879073.3,l2954350.3,line,,,0.7097068049648798,0.3951245622226098,1347.0,1161.0
1666,l2879073.3,l3010567.3,line,,,0.3487881998694999,0.1933134715667599,1347.0,3507.0
1667,l2879073.3,l3029503.3,line,,,0.3016009336666,0.1655535893429,1347.0,1925.0
1668,l2879073.3,l3104126.3,line,,,0.3504130980675,0.193735246848,1347.0,3184.0
1669,l2879073.3,l3178977.3,line,,,0.4685572570869398,0.2605487549155699,1347.0,1475.0
1670,l2879074.1,l3122820.1,line,,,0.0831141744669,0.066382105494095,966.0,243.0
1671,l2879074.1,l3178978.1,line,,,0.4368505582902,0.26965675342571,966.0,636.0
1672,l2879075.1,l2916234.1,line,,,0.54881025092882,0.3055462751562098,1259.0,2471.0
1673,l2879075.1,l3178978.1,line,,,0.35728304753558,0.19866269090437,1259.0,636.0
1674,l2879076.3,l3029503.3,line,,,0.24070513254144,0.13212690750336,1640.0,1925.0
1675,l2879077.2,l2973180.2,line,,,0.1926321466176,0.1538525475388799,2028.0,3772.0
1676,l2879077.2,l2991915.2,line,,,0.3506406435315,0.280051679977825,2028.0,1965.0
1677,l2879077.2,l2991916.2,line,,,0.24855207741,0.1985149985454999,2028.0,2770.0
1678,l2879077.2,l3029183.2,line,,,0.6359963766687,0.507961233335685,2028.0,398.0
1679,l2879077.2,l3160104.2,line,,,0.2323798376615999,0.18559846136108,2028.0,2593.0
1680,l2879077.2,l3216349.2,line,,,0.1278068191956,0.10207748328278,2028.0,240.0
1681,l2879078.1,l3048221.1,line,,,0.1404032656194,0.10980387112533,1518.0,2631.0
1682,l2879078.1,l3122827.1,line,,,1.29296629242296,0.8214081593218496,1518.0,904.0
1683,l2879078.1,l3216351.1,line,,,0.14336552163516,0.1044301863565138,1518.0,88.0
1684,l2879078.1,l3235258.1,line,,,1.6953710122064,1.051467004430471,1518.0,3688.0
1685,l2879079.2,l2991917.2,line,,,0.3784395353586,0.2095347306095998,2731.0,3508.0
1686,l2879079.2,l3104130.2,line,,,0.23288991641632,0.1289617319219899,2731.0,3006.0
1687,l2879081.1,l3066816.1,line,,,0.1662605847567,0.132789957280085,1854.0,256.0
1688,l2879081.1,l3216351.1,line,,,0.05308296573762,0.0296234557819199,1854.0,88.0
1689,l2879087.1,l2952013.1,line,,,0.38175497817139,0.2678264399497869,2295.0,1393.0
1690,l2879087.1,l3141403.1,line,,,0.2404749370581,0.1920639017696548,2295.0,2572.0
1691,l2879087.1,l3216358.1,line,,,0.3184677286717,0.2340520508098599,2295.0,642.0
1692,l2879089.3,l3104118.3,line,,,0.1436225614713,0.114709291021315,2434.0,3129.0
1693,l2879089.3,l3235241.3,line,,,0.1760243669298,0.1405881508179899,2434.0,2219.0
1694,l2879089.3,l3235267.3,line,,,0.2341139292045,0.186983455538975,2434.0,3387.0
1695,l2879092.3,l3141411.3,line,,,0.2356343276274958,0.1493568060558637,3743.0,1425.0
1696,l2879752.2,l3142078.2,line,,,0.225642516138,0.125921960208,1053.0,1052.0
1697,l2879753.2,l2955055.2,line,,,0.1131804702585,0.0903956270366748,2947.0,2599.0
1698,l2879753.2,l3142079.2,line,,,0.0676696531176,0.0540467866138799,2947.0,1200.0
1699,l2879767.2,l2917328.2,line,,,0.1457548346628479,0.104904348671988,671.0,1546.0
1700,l2879767.2,l3048963.2,line,,,1.0764644261771197,0.94661764302912,671.0,2528.0
1701,l2879767.2,l3068944.2,line,,,0.2423664230270399,0.133762824132192,671.0,1622.0
1702,l2879767.2,l3160864.2,line,,,0.6427945930948594,0.7292834929566999,671.0,2429.0
1703,l2879767.2,l3160868.2,line,,,1.5483441818554853,1.194764502107243,671.0,1351.0
1704,l2879767.2,l3254915.2,line,,,1.3175551934890597,1.0811606472801598,671.0,2686.0
1705,l2879773.1,l2955081.1,line,,,0.069047708230902,0.177970474997292,3333.0,335.0
1706,l2879773.1,l2991912.1,line,,,1.654024879819029,1.0064263028605582,3333.0,1848.0
1707,l2879773.1,l3047289.1,line,,,1.7194516096591288,1.0558951836749533,3333.0,2524.0
1708,l2879773.1,l3141400.1,line,,,1.711199463135789,1.0137453441811934,3333.0,760.0
1709,l2879773.1,l3160107.1,line,,,1.969189346463529,1.1501025474426734,3333.0,2939.0
1710,l2879773.1,l3215385.1,line,,,1.676342108511129,1.0221809385863534,3333.0,470.0
1711,l2879794.1,l2917330.1,line,,,0.1898202559484398,0.10593100593504,500.0,722.0
1712,l2879794.1,l2917359.1,line,,,0.1083358026135599,0.0653615093251999,500.0,3528.0
1713,l2879794.1,l2936271.1,line,,,0.3232852790863599,0.1781701156879199,500.0,2111.0
1714,l2879794.1,l2992657.1,line,,,0.1143746599339199,0.07774685669808,500.0,2694.0
1715,l2891575.3,l3048888.3,line,,,0.73965205259088,0.4127698889740798,799.0,3234.0
1716,l2895449.3,l2954345.3,line,,,0.15591028583385,0.0869785614756528,2701.0,2917.0
1717,l2895449.3,l3066815.3,line,,,1.6046561217332982,0.8923903105592828,2701.0,3306.0
1718,l2895449.3,l3103822.3,line,,,1.6472186152413133,0.9480676271177828,2701.0,1453.0
1719,l2895449.3,l3104123.3,line,,,0.8680000380119695,0.4529269821388867,2701.0,3693.0
1720,l2895449.3,l3178972.3,line,,,0.63887821066875,0.3478049748066129,2701.0,2820.0
1721,l2895449.3,l3253995.3,line,,,1.3316637600885597,0.7264956136199637,2701.0,3365.0
1722,l2895461.1,l3120502.1,line,,,0.2679443942437,0.162425527870255,1729.0,2328.0
1723,l2896685.1,l2915542.1,line,,,0.3138761289871288,0.1644025041013919,2738.0,2802.0
1724,l2896685.1,l2990826.1,line,,,0.1048037621431638,0.0440185249223718,2738.0,845.0
1725,l2896685.1,l3215203.1,line,,,0.3267655650828066,0.1840789497439563,2738.0,3201.0
1726,l2896685.1,l3254237.1,line,,,0.4671363273828,0.3019757647899899,2738.0,449.0
1727,l2896685.2,l2915542.2,line,,,0.3128116183602688,0.1652860153678438,2739.0,2803.0
1728,l2896685.2,l2952003.2,line,,,0.7255758644876499,0.4716316687923048,2739.0,909.0
1729,l2896685.2,l2990826.2,line,,,0.1046466036083837,0.0441489617001677,2739.0,846.0
1730,l2896685.2,l3215203.2,line,,,0.3254916558597965,0.1852240111346533,2739.0,3202.0
1731,l2896685.3,l2915542.3,line,,,0.3142065504813988,0.1641318189068249,2740.0,2804.0
1732,l2896685.3,l2990826.3,line,,,0.1048525437678737,0.0439785624386808,2740.0,847.0
1733,l2896685.3,l3030126.3,line,,,1.8813323943546711,1.342463594065817,2740.0,2800.0
1734,l2896685.3,l3215203.3,line,,,0.3271612140873766,0.1837275836055744,2740.0,3203.0
1735,l2897764.2,l2991902.2,line,,,0.3357845158168799,0.1873877545900799,1317.0,1588.0
1736,l2897764.2,l2991918.2,line,,,0.2086029511175999,0.1164128682815999,1317.0,2250.0
1737,l2897765.2,l2916603.2,line,,,0.31078749399438,0.1734379279300799,1086.0,3480.0
1738,l2897765.2,l2935553.2,line,,,1.1402936054259,0.63588224119905,1086.0,18.0
1739,l2897767.3,l2954344.3,line,,,0.08527520444196,0.04758864191136,2117.0,2116.0
1740,l2897767.3,l3254208.3,line,,,0.2178686271918,0.1215836672688,2117.0,3747.0
1741,l2897769.3,l3066810.3,line,,,0.2170998745188,0.1211546575007999,567.0,566.0
1742,l2897769.3,l3778577.3,line,,,0.0618640322535,0.049409920048925,567.0,2180.0
1743,l2897770.3,l3082981.3,line,,,0.3459500156973,0.212068066422595,2082.0,2562.0
1744,l2897770.3,l3085393.3,line,,,0.19680650927448,0.1288371088774749,2082.0,1820.0
1745,l2897771.2,l3104859.2,line,,,0.2252576287107,0.1799100546727849,3721.0,2901.0
1746,l2897772.1,l3029499.1,line,,,0.2449786177761,0.1367126563175998,434.0,1839.0
1747,l2897772.1,l3066819.1,line,,,0.21327244578744,0.1190187243590399,434.0,2489.0
1748,l2897773.1,l2935555.1,line,,,0.0841638565248,0.0469684435968,3506.0,3199.0
1749,l2897773.1,l3197631.1,line,,,0.2032822213656,0.1134435842496,3506.0,2453.0
1750,l2897774.2,l2973156.2,line,,,0.37397172583446,0.2086984916913599,3020.0,981.0
1751,l2897774.2,l3029501.2,line,,,0.36405132468666,0.2031623171265598,3020.0,1329.0
1752,l2897775.3,l3010565.3,line,,,0.158048974908,0.1262314616354,118.0,117.0
1753,l2897776.3,l2954351.3,line,,,0.6379872632271599,0.3543055306587399,1025.0,1281.0
1754,l2897776.3,l3122819.3,line,,,0.1357419261502599,0.09257268196227,1025.0,3141.0
1755,l2897776.3,l3235266.3,line,,,0.4715715526861199,0.2586262441981519,1025.0,3386.0
1756,l2897776.3,l3254215.3,line,,,0.163094588802,0.1302613214751,1025.0,3723.0
1757,l2897777.3,l2925506.3,line,,,1.8244246766941037,2.083463454350543,3017.0,3112.0
1758,l2897777.3,l2991914.3,line,,,0.5922538707207599,0.325048209237718,3017.0,111.0
1759,l2897777.3,l3029505.3,line,,,0.460753479500785,0.3961489144084669,3017.0,1498.0
1760,l2897777.3,l3066815.3,line,,,0.408724695957917,0.3482859310787748,3017.0,3306.0
1761,l2897777.3,l3141396.3,line,,,1.4110447827252897,1.5016391969732084,3017.0,3208.0
1762,l2897777.3,l3157708.3,line,,,0.3311244039953999,0.182071776804512,3017.0,479.0
1763,l2897777.3,l3178979.3,line,,,0.5388441915903571,0.5107289942655968,3017.0,1723.0
1764,l2897777.3,l3254209.3,line,,,1.3716633016415587,1.347928981713601,3017.0,3767.0
1765,l2897778.1,l2973164.1,line,,,0.1228952407566,0.068560333975974,1219.0,230.0
1766,l2897778.1,l3048210.1,line,,,0.44864382281368,0.2472483357379779,1219.0,766.0
1767,l2897778.1,l3085402.1,line,,,0.3518709571245599,0.193154687863494,1219.0,2543.0
1768,l2897778.1,l3104131.1,line,,,0.34076428894196,0.1877957502934908,1219.0,2389.0
1769,l2897778.1,l3104132.1,line,,,0.31617896978296,0.174647917904234,1219.0,3070.0
1770,l2897779.3,l3178997.3,line,,,0.20492998297668,0.1143631333468798,1293.0,2970.0
1771,l2897780.2,l3235255.2,line,,,0.07306430992914,0.040640916756072,1114.0,1507.0
1772,l2897781.1,l3122826.1,line,,,0.3179836470925,0.17454632347625,3055.0,1050.0
1773,l2897781.1,l3197644.1,line,,,0.18298462971444,0.1007576017182899,3055.0,3241.0
1774,l2897784.2,l3048231.2,line,,,0.1728313998615,0.1380379735693248,1372.0,3281.0
1775,l2897789.2,l2935547.2,line,,,0.1373235988509,0.1096783994332949,2584.0,416.0
1776,l2897789.2,l2989564.2,line,,,0.119369107422,0.0953384032561,2584.0,437.0
1777,l2897790.3,l2935566.3,line,,,0.0790476977403,0.0631342685422649,460.0,461.0
1778,l2897790.3,l3008237.3,line,,,0.160975881500664,0.1404714844878827,460.0,912.0
1779,l2897790.3,l3231255.3,line,,,0.3987355435417575,0.8769661348384761,460.0,2214.0
1780,l2897791.2,l2954361.2,line,,,0.32278090651638,0.18013096628208,561.0,3078.0
1781,l2897791.2,l3197653.2,line,,,0.28451031656496,0.1862314036370599,561.0,2696.0
1782,l2897791.2,l3254228.2,line,,,0.31521466703688,0.1759085541100798,561.0,2961.0
1783,l2897792.1,l2916620.1,line,,,0.1229378293161478,0.149840381356197,3644.0,3379.0
1784,l2897792.1,l3160098.1,line,,,0.4048440701914108,0.8748762458209947,3644.0,2196.0
1785,l2897792.1,q16642.1,line,,,0.0801966076489299,0.077681951721977,3644.0,3537.0
1786,l2897793.1,l3254230.1,line,,,0.20952113477836,0.116477651127052,802.0,2868.0
1787,l2897793.1,l3254231.1,line,,,0.12648922626614,0.070496839194686,802.0,1724.0
1788,l2897800.2,l2935568.2,line,,,0.37624663785773,0.209503013592527,1068.0,3010.0
1789,l2897800.2,l2989432.2,line,,,0.16731685830624,0.093277844914446,1068.0,2764.0
1790,l2897800.2,l3215549.2,line,,,0.2404883937846,0.1342068439536,1068.0,1067.0
1791,l2897801.1,l3066805.1,line,,,0.15702044569012,0.0870271475460199,2439.0,638.0
1792,l2897801.1,l3254207.1,line,,,0.1918942553720399,0.1070884211126398,2439.0,52.0
1793,l2897805.1,l3160123.1,line,,,0.1029935843523,0.082259506582865,1981.0,1980.0
1794,l2897806.3,l3104155.3,line,,,0.21236039580756,0.1185097461609599,1874.0,3003.0
1795,l2897807.2,l3029518.2,line,,,0.103617312678,0.0827576694989,1731.0,1730.0
1796,l2898457.1,l2955078.1,line,,,0.68864006468413,1.35996323747615,3397.0,1414.0
1797,l2898457.1,l3048962.1,line,,,0.524766641276727,1.0907049494626204,3397.0,108.0
1798,l2898457.1,l3067478.1,line,,,0.131053798233895,0.1447047374218407,3397.0,2373.0
1799,l2898457.1,l3081380.1,line,,,0.61017161037853,1.3764759468165502,3397.0,579.0
1800,l2898457.1,l3198348.1,line,,,0.541894582020138,1.1588480157416403,3397.0,3127.0
1801,l2898457.1,l3251799.1,line,,,0.3968364288593559,0.7127483602150868,3397.0,1315.0
1802,l2898457.1,q16483.1,line,,,0.635258625548276,1.440509849601834,3397.0,3485.0
1803,l2898515.3,l3048946.3,line,,,0.24289089116448,0.1355475805516799,325.0,3770.0
1804,l2898515.3,l3048966.3,line,,,0.44061984618912,0.24589211150592,325.0,3473.0
1805,l2898515.3,l3067506.3,line,,,0.42420628414866,0.23673236651856,325.0,3136.0
1806,l2898515.3,l3198347.3,line,,,0.29550691647828,0.1649104557724799,325.0,2245.0
1807,l2898526.3,l3011298.3,line,,,0.225123861672282,0.2503789738608399,1336.0,1961.0
1808,l2898526.3,l3160878.3,line,,,0.778808780842018,0.479305769798206,1336.0,2586.0
1809,l2898526.3,l3179682.3,line,,,0.1333793339659379,0.120115195580456,1336.0,254.0
1810,l2911069.2,l2948732.2,line,,,0.248171067783,0.1982106915916499,848.0,849.0
1811,l2911069.2,l2991901.2,line,,,0.5266329340050001,0.42061421178775,848.0,1319.0
1812,l2911069.2,l3231269.2,line,,,0.194818283766,0.1555985840933,848.0,1261.0
1813,l2913406.2,l3046854.2,line,,,0.1523359191033,0.1216685254629149,2635.0,1609.0
1814,l2914323.2,l3160102.2,line,,,2.04355429478252,1.1297478853433935,1279.0,2617.0
1815,l2914324.1,l3010585.1,line,,,0.32044782114374,0.17445132814633,2948.0,3588.0
1816,l2914324.1,l3120502.1,line,,,0.3310682469181399,0.18037815813673,2948.0,2328.0
1817,l2915542.1,l3215203.1,line,,,0.0926303212087354,0.0466096788339482,2802.0,3201.0
1818,l2915542.1,l3254237.1,line,,,0.2330010835087289,0.1645064938799817,2802.0,449.0
1819,l2915542.2,l2952003.2,line,,,0.4925051312404389,0.3332788866158448,2803.0,909.0
1820,l2915542.2,l3215203.2,line,,,0.0924209226125855,0.0468712289581932,2803.0,3202.0
1821,l2915542.3,l3030126.3,line,,,1.64686672898633,1.2052650083503755,2804.0,2800.0
1822,l2915542.3,l3215203.3,line,,,0.0926955487190354,0.0465289978901332,2804.0,3203.0
1823,l2916234.1,l2973157.1,line,,,0.58660643562078,0.3437287134534196,2471.0,3677.0
1824,l2916234.1,l3178978.1,line,,,0.7480523246648401,0.4174577409974398,2471.0,636.0
1825,l2916598.1,l3048212.1,line,,,0.3625263837233,0.19899654595645,2115.0,2432.0
1826,l2916598.1,l3120376.1,line,,,0.3818728156949,0.21087165896317,2115.0,231.0
1827,l2916599.1,l3120376.1,line,,,0.17591666307834,0.0978518756540278,594.0,231.0
1828,l2916599.1,l3235249.1,line,,,0.2111076018562,0.11741533350823,594.0,1655.0
1829,l2916602.1,l2973148.1,line,,,0.4919725416634,0.273537544892008,3790.0,3611.0
1830,l2916602.1,l3010557.1,line,,,0.569198508577213,0.5713397568169957,3790.0,2806.0
1831,l2916602.1,l3157167.1,line,,,0.609958812762313,0.5822252538415057,3790.0,1251.0
1832,l2916602.1,l3157718.1,line,,,0.5105909934710859,0.7288129600593337,3790.0,1129.0
1833,l2916602.1,l3160098.1,line,,,0.1912254517587,0.1490449010800078,3790.0,2196.0
1834,l2916605.3,l3045895.3,line,,,0.6385901163704399,0.3563713106870397,2682.0,3463.0
1835,l2916605.3,l3048205.3,line,,,0.4905593806237199,0.2734561157806497,2682.0,491.0
1836,l2916605.3,l3085394.3,line,,,0.19369247178684,0.1080919329494397,2682.0,3781.0
1837,l2916607.3,l2916608.3,line,,,0.89361999742285,0.6678392206152567,1810.0,2787.0
1838,l2916607.3,l3010564.3,line,,,0.2350006083243,0.1311443328888,1810.0,3153.0
1839,l2916607.3,l3235248.3,line,,,0.32483462635742,0.180806063730354,1810.0,3388.0
1840,l2916608.3,l3010564.3,line,,,0.8945908262940702,0.6683810009347768,2787.0,3153.0
1841,l2916608.3,l3160103.3,line,,,1.16041199261108,0.919465699356226,2787.0,2342.0
1842,l2916608.3,l3235248.3,line,,,0.8006298348146302,0.6158668294763389,2787.0,3388.0
1843,l2916610.2,l2973167.2,line,,,0.5500476161174197,0.3052305441969809,1639.0,2391.0
1844,l2916610.2,l3189189.2,line,,,0.4952644025310997,0.2753037873150267,1639.0,1828.0
1845,l2916617.2,l2916619.2,line,,,0.35907513060302,0.2090396314590318,3595.0,1856.0
1846,l2916617.2,l2991929.2,line,,,0.1728134156105,0.122842436126157,3595.0,2697.0
1847,l2916617.2,l3082983.2,line,,,0.7254973752806,0.4135250631203117,3595.0,3673.0
1848,l2916617.2,l3102793.2,line,,,0.2548090307032999,0.188331164204797,3595.0,1742.0
1849,l2916617.2,l3122835.2,line,,,0.6233434808941399,0.3857530314275519,3595.0,1389.0
1850,l2916619.2,l2954361.2,line,,,0.7781917751891398,0.4342773490862399,1856.0,3078.0
1851,l2916619.2,l2991929.2,line,,,0.45266296830204,0.2703608236200849,1856.0,2697.0
1852,l2916619.2,l3082983.2,line,,,0.53413447998534,0.2980788456254395,1856.0,3673.0
1853,l2916619.2,l3102793.2,line,,,0.5346585833948401,0.3358495516987249,1856.0,1742.0
1854,l2916619.2,l3122835.2,line,,,0.43198058559888,0.2703068139326798,1856.0,1389.0
1855,l2916619.2,l3160113.2,line,,,0.8245549897443599,0.4855744902008947,1856.0,3716.0
1856,l2916620.1,l3160098.1,line,,,0.306612516022659,0.7887162911734136,3379.0,2196.0
1857,l2916620.1,q16642.1,line,,,0.1312866698397579,0.188083941461594,3379.0,3537.0
1858,l2916620.2,l3066814.2,line,,,0.1199374407805453,0.319532061137101,3380.0,1782.0
1859,l2916620.2,q16642.2,line,,,0.1298141674440898,0.190198767847782,3380.0,3538.0
1860,l2916620.3,q16642.3,line,,,0.1317448344406818,0.1874307328233819,3381.0,3539.0
1861,l2916625.2,l3119793.2,line,,,0.1798844548414317,0.1128590254501457,1178.0,3158.0
1862,l2916625.2,l3139598.2,line,,,0.1335767418140999,0.0753959849318,1178.0,2401.0
1863,l2917255.3,l3104796.3,line,,,0.14763516823467,0.117899044592641,3722.0,3563.0
1864,l2917255.3,l3123452.3,line,,,0.27179971434159,0.268111783414085,3722.0,2172.0
1865,l2917255.3,l3214069.3,line,,,0.2554407068484119,0.2264450183866039,3722.0,2280.0
1866,l2917310.2,l3142079.2,line,,,0.4933560318068999,0.3405196684111798,3777.0,1200.0
1867,l2917310.2,l3142098.2,line,,,0.2632445207757299,0.1463437255838609,3777.0,3719.0
1868,l2917328.2,l3048963.2,line,,,0.9529392984506072,0.9012477380313478,1546.0,2528.0
1869,l2917328.2,l3068944.2,line,,,0.1558222359974878,0.10903048612578,1546.0,1622.0
1870,l2917328.2,l3160864.2,line,,,0.5192694653683473,0.683913587958928,1546.0,2429.0
1871,l2917328.2,l3160868.2,line,,,1.4248190541289734,1.1493945971094708,1546.0,1351.0
1872,l2917328.2,l3179678.2,line,,,0.8002527842550534,0.9046077332916648,1546.0,3555.0
1873,l2917328.2,l3236011.2,line,,,0.4293703284289055,0.6768062027717409,1546.0,2778.0
1874,l2917328.2,l3254915.2,line,,,1.194030065762547,1.0357907422823878,1546.0,2686.0
1875,l2917330.1,l2992657.1,line,,,0.1911352967569199,0.12058386286608,722.0,2694.0
1876,l2917336.3,l3160878.3,line,,,0.325895367174,0.181869020784,2587.0,2586.0
1877,l2917359.1,l2936271.1,line,,,0.2557071387544,0.1453611698047999,3528.0,2111.0
1878,l2925506.3,l2991914.3,line,,,1.618435974685064,1.9705518108383728,3112.0,111.0
1879,l2925506.3,l3066810.3,line,,,0.09598098150157,0.0872143647487647,3112.0,566.0
1880,l2925506.3,l3141396.3,line,,,0.574610995649414,0.7105972382718647,3112.0,3208.0
1881,l2925506.3,l3157708.3,line,,,1.5916479400870638,1.956275532199791,3112.0,479.0
1882,l2925506.3,l3181545.3,line,,,0.8047796165113599,1.0524490215039994,3112.0,3271.0
1883,l2925506.3,l3254209.3,line,,,0.8594713017748249,0.9810377515060577,3112.0,3767.0
1884,l2929261.1,l2935554.1,line,,,0.2509963351919,0.1665587695785148,976.0,886.0
1885,l2929261.1,l2973153.1,line,,,0.4779372663537695,0.2863526890172356,976.0,319.0
1886,l2929261.1,l3159645.1,line,,,0.231260116707,0.1847041562078496,976.0,2365.0
1887,l2933120.3,l2954344.3,line,,,0.5025033041706599,0.3181385524310299,1644.0,2116.0
1888,l2933120.3,l3066809.3,line,,,0.4916554308753997,0.3111342962703699,1644.0,672.0
1889,l2933120.3,l3104117.3,line,,,0.281115241551,0.2245227332200499,1644.0,1753.0
1890,l2933135.1,l2936212.1,line,,,0.1024740013292569,0.1179197319730619,367.0,2314.0
1891,l2933135.1,l2936214.1,line,,,0.135632285400763,0.2281733637007927,367.0,565.0
1892,l2933135.1,l2955047.1,line,,,0.169204328673438,0.4361241743883476,367.0,392.0
1893,l2933135.1,l3027122.1,line,,,0.1859514342645079,0.4157183679171676,367.0,1600.0
1894,l2933135.1,l3067447.1,line,,,0.0882424326401569,0.1065531810793568,367.0,2399.0
1895,l2933135.1,l3232902.1,line,,,0.010953193556051,0.028231857506246,367.0,1524.0
1896,l2935549.2,l2973178.2,line,,,0.2009772420355809,0.2193803487659719,139.0,1296.0
1897,l2935549.2,l3029518.2,line,,,0.153215668380881,0.1802339215967119,139.0,1730.0
1898,l2935549.2,l3122812.2,line,,,0.326396804730075,0.4283201314821359,139.0,1867.0
1899,l2935550.3,l2991640.3,line,,,0.79640713918424,0.4440777290243299,3678.0,1686.0
1900,l2935550.3,l3048205.3,line,,,0.67577823407364,0.3759663810183299,3678.0,491.0
1901,l2935550.3,l3048228.3,line,,,0.38400897677924,0.2227127018839548,3678.0,2462.0
1902,l2935550.3,l3197626.3,line,,,0.78680510764904,0.4387192236611299,3678.0,2609.0
1903,l2935550.3,l3197627.3,line,,,1.25013571810604,0.6972852939731298,3678.0,3531.0
1904,l2935550.3,l3216343.3,line,,,1.29410127044324,0.7218206901683297,3678.0,1930.0
1905,l2935552.3,l3045895.3,line,,,0.4055885681093999,0.2263425723503997,3735.0,3463.0
1906,l2935553.2,l3048207.2,line,,,0.08486016843018,0.04735702710288,18.0,1350.0
1907,l2935553.2,l3085397.2,line,,,0.36269502257664,0.20240541978624,18.0,2403.0
1908,l2935554.1,l2935555.1,line,,,0.0991500075323299,0.0541280035906849,886.0,3199.0
1909,l2935554.1,l2973153.1,line,,,0.4904929869926695,0.2624723411906008,886.0,319.0
1910,l2935554.1,l2973155.1,line,,,1.4229674567412698,0.7825697813531267,886.0,946.0
1911,l2935554.1,l2991908.1,line,,,1.0631004052768898,0.5841457691736567,886.0,2484.0
1912,l2935554.1,l3159645.1,line,,,0.2750874631360999,0.1858000097992248,886.0,2365.0
1913,l2935554.1,l3176656.1,line,,,0.9361319903639698,0.5179228386374268,886.0,3410.0
1914,l2935555.1,l2973155.1,line,,,1.3779076542754998,0.7586273330674016,3199.0,946.0
1915,l2935555.1,l2991908.1,line,,,1.0180406028111195,0.5602033208879316,3199.0,2484.0
1916,l2935555.1,l3176656.1,line,,,0.8910721878981998,0.4939803903517017,3199.0,3410.0
1917,l2935556.2,l2954347.2,line,,,0.94362342371166,0.6262767125123598,2715.0,692.0
1918,l2935556.2,l3104124.2,line,,,0.38292936088896,0.269416343996695,2715.0,3384.0
1919,l2935556.2,l3122816.2,line,,,1.6981341663630398,1.197967912353875,2715.0,2338.0
1920,l2935557.1,l3197638.1,line,,,0.1373871906135,0.109729189266925,3251.0,2043.0
1921,l2935559.1,l3048214.1,line,,,0.06341854356864,0.03539132365824,3666.0,3784.0
1922,l2935559.1,l3085402.1,line,,,0.20493415212857,0.1139911687277368,3666.0,2543.0
1923,l2935560.3,l2973166.3,line,,,0.36320059516858,0.2575918526524319,3751.0,1621.0
1924,l2935560.3,l3141402.3,line,,,1.23944697120148,0.8514555049371026,3751.0,3628.0
1925,l2935560.3,l3189188.3,line,,,0.2524143235722,0.1532667737905549,3751.0,2954.0
1926,l2935560.3,l3197642.3,line,,,0.96743425821304,0.7036574555238507,3751.0,3676.0
1927,l2935560.3,l3216368.3,line,,,0.1227396250155599,0.0830921850021289,3751.0,1853.0
1928,l2935560.3,l3235258.3,line,,,1.2956843506833498,0.7374214578299839,3751.0,3690.0
1929,l2935560.3,l3254217.3,line,,,2.461912512168849,1.383476666926529,3751.0,3670.0
1930,l2935567.2,l3160115.2,line,,,0.13461146340954,0.07512121221264,2711.0,2710.0
1931,l2935568.2,l2989432.2,line,,,0.45469839641201,0.253378691526401,3010.0,2764.0
1932,l2935568.2,l3235246.2,line,,,0.3085994452008,0.1722168664127999,3010.0,597.0
1933,l2936211.3,l3214069.3,line,,,0.143711710211724,0.085817760106958,1353.0,2280.0
1934,l2936211.3,l3214071.3,line,,,0.154894364631528,0.114300235849316,1353.0,407.0
1935,l2936211.3,l3236004.3,line,,,0.25740270595482,0.14129247333333,1353.0,3782.0
1936,l2936212.1,l2936214.1,line,,,0.197545327021106,0.2415472178932107,2314.0,565.0
1937,l2936212.1,l2955047.1,line,,,0.231117370293781,0.4494980285807656,2314.0,392.0
1938,l2936212.1,l3027122.1,line,,,0.247864475884851,0.4290922221095856,2314.0,1600.0
1939,l2936212.1,l3067447.1,line,,,0.1172089279503,0.0936130987277649,2314.0,2399.0
1940,l2936213.2,l3066814.2,line,,,0.5665401726592127,1.4027376335948087,2316.0,1782.0
1941,l2936213.2,l3141394.2,line,,,0.1018654854282,0.0813585100649098,2316.0,3000.0
1942,l2936214.1,l2955047.1,line,,,0.170088666898475,0.3169846905203446,565.0,392.0
1943,l2936214.1,l3027122.1,line,,,0.1868357724895449,0.2965788840491646,565.0,1600.0
1944,l2936214.1,l3067447.1,line,,,0.183313758332006,0.2301806669995057,565.0,2399.0
1945,l2936216.3,l2992556.3,line,,,1.20222957574774,0.6705463395400297,3279.0,3623.0
1946,l2936216.3,l3253570.3,line,,,1.5551910364399804,0.9714596720108696,3279.0,2712.0
1947,l2936268.3,l3011293.3,line,,,0.5521745903457558,0.8369145551288102,2504.0,1469.0
1948,l2936268.3,l3030205.3,line,,,0.7485234779123097,1.028864849356625,2504.0,3659.0
1949,l2936268.3,l3067506.3,line,,,0.9442546436489097,1.084821736333445,2504.0,3136.0
1950,l2936268.3,l3123509.3,line,,,0.5192291752162436,0.8633215569174679,2504.0,1529.0
1951,l2936268.3,l3160863.3,line,,,0.5936398565444638,0.4698243570571976,2504.0,2368.0
1952,l2936268.3,l3234149.3,line,,,1.0027555515322866,1.0216966811533186,2504.0,2496.0
1953,l2936270.1,l3086078.1,line,,,0.10148199788688,0.0566329977100799,1626.0,1627.0
1954,l2936271.1,l2955074.1,line,,,0.186011162897295,0.1530674071830517,2111.0,3584.0
1955,l2936271.1,l3160865.1,line,,,0.2711925820338799,0.3670498064803616,2111.0,621.0
1956,l2936275.2,l2973833.2,line,,,0.6725198625531574,0.915888009729078,1198.0,1583.0
1957,l2936275.2,l3011293.2,line,,,0.5487654587935579,0.46758794099444,1198.0,1468.0
1958,l2936275.2,l3086079.2,line,,,0.3857678550351598,0.2152814342025599,1198.0,959.0
1959,l2936275.2,l3179674.2,line,,,0.1520450859759,0.0848502117144,1198.0,2143.0
1960,l2936275.2,l3234149.2,line,,,0.9956611728782826,0.7565568462496997,1198.0,2495.0
1961,l2936276.2,l3086079.2,line,,,0.1224265384446,0.0683212985136,3656.0,959.0
1962,l2936279.3,l3011298.3,line,,,0.27646747975012,0.151516316515466,777.0,1961.0
1963,l2937757.3,l3067448.3,line,,,0.0907402703049,0.072472959450995,2435.0,2436.0
1964,l2937757.3,l3253570.3,line,,,0.099557055738,0.0795148002019,2435.0,2712.0
1965,l2951995.3,l3101194.3,line,,,0.1451496582536399,0.08192819571672,2042.0,2902.0
1966,l2952003.2,l2989566.2,line,,,0.5940318147676,0.32545137964406,909.0,1013.0
1967,l2952003.2,l3215203.2,line,,,0.4366286170030666,0.2987508749572242,909.0,3202.0
1968,l2952007.3,l3048889.3,line,,,0.3501980846037,0.219053397789375,89.0,3142.0
1969,l2952007.3,l3064514.3,line,,,0.8628918558676001,0.47729469754549,89.0,3627.0
1970,l2952013.1,l3141403.1,line,,,0.27423341162029,0.1819504985779819,1393.0,2572.0
1971,l2952013.1,l3216358.1,line,,,0.2165116537490899,0.1155453729599469,1393.0,642.0
1972,l2952014.1,l3010585.1,line,,,0.1382485837785,0.077150941956,2944.0,3588.0
1973,l2954338.2,l3104114.2,line,,,0.1380493612183199,0.073238426102592,687.0,504.0
1974,l2954338.2,l3254206.2,line,,,0.1957053425814,0.1203868280745998,687.0,3577.0
1975,l2954339.2,l3029495.2,line,,,0.3708377520318598,0.2006800255170058,2251.0,3446.0
1976,l2954339.2,l3048200.2,line,,,0.10508364728238,0.0586429325380799,2251.0,2252.0
1977,l2954339.2,l3085389.2,line,,,0.2441702495434398,0.1318947868614978,2251.0,1306.0
1978,l2954339.2,l3104115.2,line,,,0.2986804266649598,0.1610717124171559,2251.0,3178.0
1979,l2954344.3,l3066809.3,line,,,0.2187542457892599,0.12112739827166,2116.0,672.0
1980,l2954345.3,l3066815.3,line,,,1.7540966182142084,0.9758156681597896,2917.0,3306.0
1981,l2954345.3,l3103822.3,line,,,1.7966591117222237,1.0314929847182897,2917.0,1453.0
1982,l2954345.3,l3104123.3,line,,,1.0174405344928794,0.5363523397393936,2917.0,3693.0
1983,l2954345.3,l3178972.3,line,,,0.7883187071496599,0.4312303324071198,2917.0,2820.0
1984,l2954345.3,l3253995.3,line,,,1.4811042565694696,0.8099209712204706,2917.0,3365.0
1985,l2954346.2,l3178974.2,line,,,0.4281620571477599,0.2389399234041599,2027.0,1821.0
1986,l2954347.2,l3008232.2,line,,,0.0684147750228,0.0546419048501399,692.0,3145.0
1987,l2954347.2,l3104124.2,line,,,0.86343645500922,0.5258086505799847,692.0,3384.0
1988,l2954347.2,l3122816.2,line,,,1.1198882143319795,0.8635129742360448,692.0,2338.0
1989,l2954348.1,l3235249.1,line,,,0.15685800187746,0.0875361053793599,1656.0,1655.0
1990,l2954349.2,l3197635.2,line,,,0.62445996442604,0.346427651143353,596.0,808.0
1991,l2954349.2,l3235250.2,line,,,0.5592926504765,0.3095752724905269,596.0,328.0
1992,l2954350.3,l3010567.3,line,,,0.7325905256071799,0.4084321188251099,1161.0,3507.0
1993,l2954350.3,l3178977.3,line,,,0.37822347991662,0.2110712236459199,1161.0,1475.0
1994,l2954351.3,l3122819.3,line,,,0.6468726634360998,0.3772446311004299,1281.0,3141.0
1995,l2954351.3,l3235266.3,line,,,0.5365617335094,0.296623987106452,1281.0,3386.0
1996,l2954353.1,l3010568.1,line,,,0.25071322625403,0.2861569016885899,3429.0,3495.0
1997,l2954353.1,l3085401.1,line,,,0.1056993614375099,0.1145057013597039,3429.0,2805.0
1998,l2954353.1,l3104129.1,line,,,0.48006934160433,0.4782340948073369,3429.0,3796.0
1999,l2954353.1,l3141401.1,line,,,0.51956537997233,0.5448702921657386,3429.0,2854.0
2000,l2954353.1,l3729297.1,line,,,1.0794133513530293,0.8605679564844794,3429.0,3391.0
2001,l2954354.1,l3010569.1,line,,,0.1808530633389597,0.0956103666091499,3662.0,1849.0
2002,l2954355.1,l3122827.1,line,,,0.0979768038834,0.0546768907344,905.0,904.0
2003,l2954355.1,l3160106.1,line,,,0.75130758738594,0.4192743714350398,905.0,3481.0
2004,l2954361.2,l3160113.2,line,,,0.65496258518538,0.3909318298372148,3078.0,3716.0
2005,l2954361.2,l3254228.2,line,,,0.17393499554886,0.0970660847217599,3078.0,2961.0
2006,l2955005.2,l3048887.2,line,,,0.1643194521124999,0.0891770080127059,2502.0,531.0
2007,l2955005.2,l3179607.2,line,,,0.16645270677516,0.09289052204256,2502.0,3133.0
2008,l2955005.2,l3216988.2,line,,,0.1870354856050199,0.1043769382603199,2502.0,3758.0
2009,l2955006.3,l3097861.3,line,,,1.0513489365323876,0.9826067967984105,1496.0,317.0
2010,l2955006.3,l3118855.3,line,,,0.9135070512294476,1.2968681627033556,1496.0,2211.0
2011,l2955006.3,l3197625.3,line,,,0.8453482239764876,0.7801335866837505,1496.0,3392.0
2012,l2955006.3,l3235242.3,line,,,0.9700269402095996,1.3037519791269343,1496.0,142.0
2013,l2955006.3,l3235945.3,line,,,0.1707959157197399,0.1019489882297599,1496.0,811.0
2014,l2955047.1,l3027122.1,line,,,0.04621238352769,0.0555409504113399,392.0,1600.0
2015,l2955047.1,l3067447.1,line,,,0.216885801604681,0.4381314776870605,392.0,2399.0
2016,l2955047.1,regxfmr_190-8581.1,line,,,0.062879015358245,0.1620706684897699,392.0,3793.0
2017,l2955055.2,l3142079.2,line,,,0.0511460964333,0.040849657604415,2599.0,1200.0
2018,l2955074.1,l2992624.1,line,,,0.071923046865309,0.1853816606203139,3584.0,3456.0
2019,l2955074.1,l3160865.1,line,,,0.1354872684287349,0.3436457309712096,3584.0,621.0
2020,l2955077.3,l3067507.3,line,,,0.1169362247491369,0.269229746559148,2187.0,932.0
2021,l2955077.3,l3104853.3,line,,,0.193666882611358,0.331597387024421,2187.0,2490.0
2022,l2955077.3,l3160872.3,line,,,0.0266456440463859,0.066320040039397,2187.0,1491.0
2023,l2955077.3,q16483.3,line,,,0.07558893924301,0.192039706393173,2187.0,3487.0
2024,l2955078.1,l3048962.1,line,,,0.2410143724209628,0.3336547301567057,1414.0,108.0
2025,l2955078.1,l3067478.1,line,,,0.6310395215192848,1.4045842724756092,1414.0,2373.0
2026,l2955078.1,l3081380.1,line,,,0.1381907166875999,0.1374214280315998,1414.0,579.0
2027,l2955078.1,l3198348.1,line,,,0.1945625166853719,0.2379208645358338,1414.0,3127.0
2028,l2955078.1,l3251799.1,line,,,0.4215907982623739,0.7508740324409435,1414.0,1315.0
2029,l2955078.1,q16483.1,line,,,0.1632777318573459,0.2014553308168837,1414.0,3485.0
2030,l2955081.1,l2989565.1,line,,,0.1054044379900689,0.1407699831964438,335.0,3192.0
2031,l2955081.1,l2992624.1,line,,,0.1778646853476428,0.4568687444962776,335.0,3456.0
2032,l2970258.3,l3125349.3,line,,,0.2651223606139408,0.2984906135266707,2016.0,1360.0
2033,l2970258.3,l3232301.3,line,,,0.1389612990596695,0.0784352415526599,2016.0,3459.0
2034,l2970258.3,l3235243.3,line,,,0.7007682213318399,0.5796463491431605,2016.0,2772.0
2035,l2970804.3,l3176661.3,line,,,0.0864619235397,0.069055904921735,1195.0,1194.0
2036,l2970811.1,l2989571.1,line,,,1.2467880355635,0.9957918181394246,3117.0,3724.0
2037,l2970811.1,l3008248.1,line,,,0.1303423002764999,0.1041025358525746,3117.0,3660.0
2038,l2970811.1,l3120503.1,line,,,0.8986440662234999,0.7177341962224247,3117.0,466.0
2039,l2970811.1,l3120504.1,line,,,0.9803236820390998,0.7829705401862047,3117.0,3785.0
2040,l2970811.1,l3177894.1,line,,,1.4410879536500998,1.1509763909592547,3117.0,3775.0
2041,l2970811.1,l3251807.1,line,,,0.7986375102564,0.6378603865998198,3117.0,2693.0
2042,l2972704.3,l3263051.3,line,,,0.059706079425,0.0476863939087499,1022.0,1023.0
2043,l2972930.1,l2973165.1,line,,,1.2720121034562986,1.2343468491061036,2829.0,1813.0
2044,l2972930.1,l2991909.1,line,,,1.9221624867012477,2.12257041311768,2829.0,2547.0
2045,l2972930.1,l3197638.1,line,,,1.981888371516408,2.1260799756108675,2829.0,2043.0
2046,l2972930.1,l3215340.1,line,,,6.088332956124347,4.64037869934735,2829.0,2753.0
2047,l2972930.1,l3216123.1,line,,,0.2743111200759799,0.1510051524340699,2829.0,1340.0
2048,l2972930.1,l3632979.1,line,,,4.012934281801348,3.3490038013271755,2829.0,3561.0
2049,l2972930.1,l3649297.1,line,,,0.896793865955619,0.8285277111705289,2829.0,3091.0
2050,l2973146.2,l3216338.2,line,,,0.0657456089328,0.05251007997064,228.0,227.0
2051,l2973148.1,l3010557.1,line,,,0.7706939445858929,0.6847986369982676,3611.0,2806.0
2052,l2973148.1,l3157167.1,line,,,0.8114542487709929,0.6956841340227776,3611.0,1251.0
2053,l2973148.1,l3157718.1,line,,,0.712086429479766,0.8422718402406056,3611.0,1129.0
2054,l2973148.1,l3160098.1,line,,,0.39272088776738,0.2625037812612797,3611.0,2196.0
2055,l2973150.1,l3066804.1,line,,,0.222796942191,0.17794473945205,3715.0,895.0
2056,l2973150.1,l3254230.1,line,,,0.557895206547,0.4455829428998497,3715.0,2868.0
2057,l2973151.1,l3195315.1,line,,,0.26728462676994,0.1491607375790398,253.0,1082.0
2058,l2973152.2,l3066811.2,line,,,0.26962068212808,0.2083663340327299,2265.0,2062.0
2059,l2973152.2,l3178975.2,line,,,0.64393169323308,0.50732319892548,2265.0,3682.0
2060,l2973153.1,l3159645.1,line,,,0.5020283942979695,0.3055939292379457,319.0,2365.0
2061,l2973153.1,l3216123.1,line,,,0.2360300170562,0.12739778047986,319.0,1340.0
2062,l2973154.1,l3066812.1,line,,,0.16478515068288,0.0919599264460799,116.0,1657.0
2063,l2973155.1,l2991908.1,line,,,0.55789515544762,0.30712481428453,946.0,2484.0
2064,l2973155.1,l3176656.1,line,,,1.3479642773430998,0.7452080963684996,946.0,3410.0
2065,l2973155.1,l3784018.1,line,,,0.1077507456706,0.0593544412857,946.0,1617.0
2066,l2973156.2,l3029501.2,line,,,0.3796784295486,0.2118831721775999,981.0,1329.0
2067,l2973156.2,l3085391.2,line,,,0.0875287355856599,0.0686507190559898,981.0,3051.0
2068,l2973158.3,l2991911.3,line,,,0.5381416602698901,0.2966852230455828,3371.0,2008.0
2069,l2973158.3,l3197637.3,line,,,1.02809221252663,0.5616450603187768,3371.0,807.0
2070,l2973158.3,l3216347.3,line,,,0.88690821603857,0.4895775929651207,3371.0,3322.0
2071,l2973159.1,l3197639.1,line,,,0.45229340347296,0.2785720271897197,3369.0,3050.0
2072,l2973160.2,l3029506.2,line,,,0.24528538483254,0.160254369155005,1437.0,1472.0
2073,l2973161.1,l3197641.1,line,,,0.146325350547,0.1168679700998499,2536.0,2535.0
2074,l2973162.2,l3122823.2,line,,,0.5164011713494201,0.2857259052861468,342.0,3472.0
2075,l2973162.2,l3197643.2,line,,,0.8799563716767,0.4890465227301497,342.0,2285.0
2076,l2973162.2,l3235275.2,line,,,0.34191345348384,0.1889620476692309,342.0,2564.0
2077,l2973164.1,l3085402.1,line,,,0.46829061225348,0.25814631613584,230.0,2543.0
2078,l2973164.1,l3104132.1,line,,,0.43259862491188,0.2396395461765799,230.0,3070.0
2079,l2973165.1,l2991909.1,line,,,0.9745406765385088,1.0692526639485365,1813.0,2547.0
2080,l2973165.1,l3197638.1,line,,,1.0342665613536692,1.0727622264417234,1813.0,2043.0
2081,l2973165.1,l3215340.1,line,,,5.14071114596161,3.587060950178205,1813.0,2753.0
2082,l2973165.1,l3216123.1,line,,,1.4439323155751187,1.3291479900926335,1813.0,1340.0
2083,l2973165.1,l3632979.1,line,,,3.065312471638609,2.295686052158032,1813.0,3561.0
2084,l2973165.1,l3649297.1,line,,,0.5100047099788798,0.5134711707279846,1813.0,3091.0
2085,l2973166.3,l3141402.3,line,,,1.17720402805254,0.7753767898390908,1621.0,3628.0
2086,l2973166.3,l3189188.3,line,,,0.48988729721578,0.310441768679237,1621.0,2954.0
2087,l2973166.3,l3197642.3,line,,,0.9051913150641,0.6275787404258388,1621.0,3676.0
2088,l2973166.3,l3216368.3,line,,,0.36021259865914,0.240267179890811,1621.0,1853.0
2089,l2973166.3,l3235258.3,line,,,1.53315732432693,0.8945964527186661,1621.0,3690.0
2090,l2973166.3,l3254217.3,line,,,2.6993854858124298,1.5406516618152113,1621.0,3670.0
2091,l2973167.2,l3029506.2,line,,,3.6064199875484273,2.215754963532712,2391.0,1472.0
2092,l2973167.2,l3189189.2,line,,,0.26741009803968,0.1485852195757138,2391.0,1828.0
2093,l2973167.2,l3235258.2,line,,,0.9215985640037,0.5239436606031059,2391.0,3689.0
2094,l2973169.1,l3178976.1,line,,,0.2041975300455,0.1630896542985248,2448.0,3275.0
2095,l2973171.2,l3082983.2,line,,,0.11069944723822,0.0693011357142448,1613.0,3673.0
2096,l2973171.2,l3085410.2,line,,,0.7747593657252,0.4525099502150647,1613.0,3217.0
2097,l2973171.2,l3160115.2,line,,,0.93532484620626,0.5238715108687667,1613.0,2710.0
2098,l2973171.2,l3176660.2,line,,,0.52083459454398,0.3215342851010347,1613.0,3437.0
2099,l2973171.2,l3235273.2,line,,,0.3498292008611999,0.2023078371019246,1613.0,2057.0
2100,l2973171.2,l3254227.2,line,,,0.7102569779675398,0.4026771298763447,1613.0,861.0
2101,l2973171.2,l3254229.2,line,,,0.9752113372664398,0.5474392262545966,1613.0,3359.0
2102,l2973178.2,l3029518.2,line,,,0.1380367984789,0.10924808217542,1296.0,1730.0
2103,l2973180.2,l3160104.2,line,,,0.2106983125079999,0.1682817365153999,3772.0,2593.0
2104,l2973180.2,l3216349.2,line,,,0.106125294042,0.0847607584370999,3772.0,240.0
2105,l2973791.1,l3232902.1,line,,,0.028947584548908,0.074612402122968,2420.0,1524.0
2106,l2973833.2,l3011293.2,line,,,0.3769127670053157,0.8925606795783083,1583.0,1468.0
2107,l2973833.2,l3086079.2,line,,,0.2958061103971175,0.7056593040724382,1583.0,959.0
2108,l2973833.2,l3234149.2,line,,,0.7845176105835765,1.0763028212159838,1583.0,2495.0
2109,l2973833.2,q16483.2,line,,,0.1323433146402194,0.35107867863407,1583.0,3486.0
2110,l2983432.1,l3159645.1,line,,,0.1068359142006,0.0853283206205299,3760.0,2365.0
2111,l2989432.2,l3066830.2,line,,,0.13719674825376,0.07656395510016,2764.0,2765.0
2112,l2989565.1,l2992624.1,line,,,0.219648137080374,0.4336556291349736,3192.0,3456.0
2113,l2989566.2,l3029055.2,line,,,0.6630610592635693,0.6555604129108985,1013.0,3351.0
2114,l2989566.2,l3048887.2,line,,,0.4585080874809096,0.4878826123066387,1013.0,531.0
2115,l2989566.2,l3048965.2,line,,,0.823721116491952,1.6339054064205305,1013.0,1338.0
2116,l2989566.2,l3179650.2,line,,,0.3387712332555978,0.3362109054888167,1013.0,2424.0
2117,l2989566.2,l3254869.2,line,,,0.5994712514261293,0.6185328256676588,1013.0,1738.0
2118,l2989571.1,l3008248.1,line,,,1.2422065140432,0.9921326222581596,3724.0,3660.0
2119,l2989571.1,l3120503.1,line,,,0.5000248126278001,0.3993626848178898,3724.0,466.0
2120,l2989571.1,l3120504.1,line,,,0.4504999155804,0.3598078560360199,3724.0,3785.0
2121,l2989571.1,l3177894.1,line,,,0.3653377826634,0.2917900753426699,3724.0,3775.0
2122,l2989571.1,l3251807.1,line,,,0.7653549955851,0.6112781169185046,3724.0,2693.0
2123,l2990098.1,l3027671.1,line,,,0.1613814595013759,0.091090064958848,1859.0,3543.0
2124,l2991640.3,l3048205.3,line,,,1.20480845765,0.67083186979658,1686.0,491.0
2125,l2991640.3,l3048228.3,line,,,0.9130392003556,0.5175781906622049,1686.0,2462.0
2126,l2991640.3,l3066807.3,line,,,0.4642001558914199,0.2590513284427199,1686.0,3166.0
2127,l2991640.3,l3197626.3,line,,,0.3716092980444,0.2073801163104,1686.0,2609.0
2128,l2991640.3,l3197627.3,line,,,0.8349399085014,0.4659461866224,1686.0,3531.0
2129,l2991640.3,l3216343.3,line,,,0.8789054608386,0.4904815828175999,1686.0,1930.0
2130,l2991901.2,l3216338.2,line,,,0.24774900111546,0.1382586951873599,1319.0,227.0
2131,l2991901.2,l3231269.2,line,,,0.7149409125930001,0.57101310800715,1319.0,1261.0
2132,l2991902.2,l2991918.2,line,,,0.19004126752728,0.10605434355648,1588.0,2250.0
2133,l2991905.1,l3010561.1,line,,,1.1675295420944791,1.3762928923030158,3750.0,3802.0
2134,l2991905.1,l3048227.1,line,,,1.0166851282265192,1.2420106671899058,3750.0,222.0
2135,l2991905.1,l3104119.1,line,,,1.369325682839379,1.6869253614590198,3750.0,2417.0
2136,l2991905.1,l3122811.1,line,,,0.4339538163326095,0.4855920922407808,3750.0,3019.0
2137,l2991905.1,l3160123.1,line,,,0.9099640920683792,1.124349668359758,3750.0,1980.0
2138,l2991905.1,l3177665.1,line,,,1.4614004457071892,1.880795332064779,3750.0,735.0
2139,l2991907.1,l2991913.1,line,,,0.25070297743062,0.1399071898699199,2600.0,2055.0
2140,l2991907.1,l3010556.1,line,,,0.29768965609286,0.164949910187994,2600.0,428.0
2141,l2991907.1,l3048208.1,line,,,1.2639899108881398,0.6938890550119337,2600.0,388.0
2142,l2991907.1,l3195315.1,line,,,0.26737726896114,0.1492124374382399,2600.0,1082.0
2143,l2991907.1,l3235253.1,line,,,0.18728357820546,0.12653607980267,2600.0,404.0
2144,l2991908.1,l3176656.1,line,,,0.98809722587872,0.5467840841890297,2484.0,3410.0
2145,l2991908.1,l3178973.1,line,,,0.113159331738,0.0903787440018999,2484.0,2485.0
2146,l2991909.1,l3197638.1,line,,,0.5792835452534396,0.5068581536107426,2547.0,2043.0
2147,l2991909.1,l3215340.1,line,,,4.40430576829782,2.650701963105188,2547.0,2753.0
2148,l2991909.1,l3216123.1,line,,,2.094082698820068,2.2173715541042105,2547.0,1340.0
2149,l2991909.1,l3632979.1,line,,,2.32890709397482,1.359327065085015,2547.0,3561.0
2150,l2991909.1,l3649297.1,line,,,1.1601550932238285,1.4016947347395614,2547.0,3091.0
2151,l2991910.2,l3066813.2,line,,,0.14426419025226,0.08050800857616,2910.0,2909.0
2152,l2991911.3,l3197637.3,line,,,0.7308620930766196,0.3988881420897099,2008.0,807.0
2153,l2991911.3,l3216347.3,line,,,0.58967809658856,0.3268206747360539,2008.0,3322.0
2154,l2991912.1,l3047289.1,line,,,0.2697916902111,0.2126922593254449,1848.0,2524.0
2155,l2991912.1,l3104128.1,line,,,0.1882275303636,0.1050421702176,1848.0,2522.0
2156,l2991912.1,l3141400.1,line,,,0.26153954368776,0.1705424198316849,1848.0,760.0
2157,l2991912.1,l3160107.1,line,,,0.5195294270155,0.3068996230931649,1848.0,2939.0
2158,l2991912.1,l3215385.1,line,,,0.2266821890631,0.1789780142368449,1848.0,470.0
2159,l2991913.1,l3195315.1,line,,,0.32654130698124,0.1822294936598399,2055.0,1082.0
2160,l2991913.1,l3235253.1,line,,,0.24644761622556,0.15955313602427,2055.0,404.0
2161,l2991914.3,l3141396.3,line,,,1.2050560807162496,1.3887275534610384,111.0,3208.0
2162,l2991914.3,l3157708.3,line,,,0.35947713411372,0.197860287086966,111.0,479.0
2163,l2991914.3,l3254209.3,line,,,1.1656745996325188,1.2350173382014311,111.0,3767.0
2164,l2991914.3,l3254217.3,line,,,0.4273394523729498,0.250091110712935,111.0,3670.0
2165,l2991915.2,l2991916.2,line,,,0.3305314068075,0.263990719471625,1965.0,2770.0
2166,l2991915.2,l3029183.2,line,,,0.5266373872914001,0.42061776856407,1965.0,398.0
2167,l2991916.2,l3029183.2,line,,,0.6158871399447,0.4919002728294849,2770.0,398.0
2168,l2991917.2,l3104130.2,line,,,0.3915649869058399,0.2178642233445698,3508.0,3006.0
2169,l2991919.1,l3010570.1,line,,,0.6084347691506999,0.433786062925275,211.0,787.0
2170,l2991919.1,l3104131.1,line,,,0.40603569862076,0.2237669296427209,211.0,2389.0
2171,l2991919.1,l3104135.1,line,,,0.7829911343202098,0.4538518700571008,211.0,3590.0
2172,l2991919.1,l3122824.1,line,,,0.35799860378542,0.198022380082942,211.0,2433.0
2173,l2991919.1,l3122825.1,line,,,0.15819047670777,0.091475769670143,211.0,1042.0
2174,l2991920.1,l3122825.1,line,,,0.0683100734112,0.0545582811665599,1043.0,1042.0
2175,l2991921.3,l2991943.3,line,,,0.17047008105012,0.104927423940985,2412.0,1392.0
2176,l2991921.3,l3254205.3,line,,,0.59781581411172,0.4476190774581849,2412.0,1575.0
2177,l2991922.1,l2991923.1,line,,,0.34388747824665,0.1906263277598189,2646.0,1668.0
2178,l2991922.1,l3122826.1,line,,,0.3249860311712799,0.17346796076516,2646.0,1050.0
2179,l2991922.1,l3197645.1,line,,,0.42771054327543,0.2836854553455488,2646.0,402.0
2180,l2991923.1,l3197645.1,line,,,0.30084716788122,0.2141714999847697,1668.0,402.0
2181,l2991927.2,l3160108.2,line,,,0.43020704308686,0.2400811473297598,2103.0,3347.0
2182,l2991927.2,l3178969.2,line,,,0.71770189210044,0.4005203923670398,2103.0,1653.0
2183,l2991927.2,l3251806.2,line,,,0.3927672102004,0.2186562614594598,2103.0,3243.0
2184,l2991927.2,l3254206.2,line,,,0.83963799819672,0.4819391210356448,2103.0,3577.0
2185,l2991927.2,l3315860.2,line,,,1.23560995147332,0.7981962714399747,2103.0,3761.0
2186,l2991929.2,l3082983.2,line,,,0.81908521297962,0.4748462552813646,2697.0,3673.0
2187,l2991929.2,l3102793.2,line,,,0.184824123705,0.14761639102275,2697.0,1742.0
2188,l2991929.2,l3122835.2,line,,,0.71693131859316,0.4470742235886049,2697.0,1389.0
2189,l2991933.3,l3122837.3,line,,,0.13945438419432,0.07782385038912,431.0,432.0
2190,l2991939.2,l3216367.2,line,,,0.061316009130491,0.082366839810752,513.0,30.0
2191,l2991940.3,l3048228.3,line,,,0.1018522321875,0.081347924890625,2463.0,2462.0
2192,l2991943.3,l3048230.3,line,,,0.11576825272662,0.06460557860592,1392.0,3106.0
2193,l2991943.3,l3254205.3,line,,,0.6868735775372399,0.4875236446874399,1392.0,1575.0
2194,l2992556.3,l3253570.3,line,,,0.69873413225764,0.4931363683496198,3623.0,2712.0
2195,l2992656.1,l3011293.1,line,,,0.5089172864305862,0.9682856836566432,2110.0,1467.0
2196,l2992656.1,l3030204.1,line,,,0.3604914516517499,0.6975596909583099,2110.0,3254.0
2197,l2992656.1,l3086098.1,line,,,0.209174381400175,0.2089088263608849,2110.0,2892.0
2198,l2992656.1,l3104856.1,line,,,0.23333377459334,0.1293255339108699,2110.0,2671.0
2199,l2992656.1,l3139366.1,line,,,0.665598114810381,0.9767470658899507,2110.0,2035.0
2200,l3008237.3,l3231255.3,line,,,0.4046745709030215,0.8936118955798886,912.0,2214.0
2201,l3008248.1,l3120503.1,line,,,0.8940625447031999,0.7140750003411597,3660.0,466.0
2202,l3008248.1,l3120504.1,line,,,0.9757421605187998,0.7793113443049396,3660.0,3785.0
2203,l3008248.1,l3177894.1,line,,,1.4365064321297996,1.1473171950779897,3660.0,3775.0
2204,l3008248.1,l3251807.1,line,,,0.7940559887361,0.6342011907185547,3660.0,2693.0
2205,l3010556.1,l3048206.1,line,,,0.3332993001662,0.1835977432839,428.0,1239.0
2206,l3010556.1,l3048208.1,line,,,1.21369428893956,0.6646424587768877,428.0,388.0
2207,l3010557.1,l3157167.1,line,,,0.1393462472007,0.0896246833482899,2806.0,1251.0
2208,l3010557.1,l3157718.1,line,,,0.499756943835033,0.4927961796150777,2806.0,1129.0
2209,l3010557.1,l3160098.1,line,,,0.420897955646993,0.5329337868390677,2806.0,2196.0
2210,l3010559.1,l3160101.1,line,,,0.32830453807398,0.1832134816036799,1473.0,1688.0
2211,l3010559.1,l3235244.1,line,,,0.27862367259558,0.1554886003492799,1473.0,544.0
2212,l3010560.2,l3122821.2,line,,,0.194060861016401,0.2606852611502719,831.0,2840.0
2213,l3010561.1,l3048227.1,line,,,0.26558623566204,0.1983149941383898,3802.0,222.0
2214,l3010561.1,l3104119.1,line,,,0.6703566852359396,0.672321273944144,3802.0,2417.0
2215,l3010561.1,l3122811.1,line,,,0.8731420743744693,0.9685871332638348,3802.0,3019.0
2216,l3010561.1,l3160123.1,line,,,0.4138278265856999,0.3767477549642379,3802.0,1980.0
2217,l3010561.1,l3177665.1,line,,,0.7624314481037495,0.8661912445499028,3802.0,735.0
2218,l3010562.2,l3048203.2,line,,,1.50970169616108,0.90014028214562,1934.0,3655.0
2219,l3010562.2,l3157710.2,line,,,0.38755685997522,0.2887144316888189,1934.0,2677.0
2220,l3010562.2,l3160117.2,line,,,0.40485631031964,0.2985517926754348,1934.0,3312.0
2221,l3010563.1,l3029500.1,line,,,0.559555365508,0.360694148117526,2481.0,1157.0
2222,l3010563.1,l3101789.1,line,,,0.33851747357464,0.2081625733808899,2481.0,1122.0
2223,l3010563.1,l3156034.1,line,,,0.31834093009226,0.2009903799511458,2481.0,1574.0
2224,l3010563.1,l3178982.1,line,,,0.20904846978906,0.154130607988721,2481.0,3221.0
2225,l3010563.1,l3216346.1,line,,,0.4615173291887199,0.261784646626562,2481.0,955.0
2226,l3010564.3,l3235248.3,line,,,0.32580545522864,0.1813478440498739,3153.0,3388.0
2227,l3010567.3,l3178977.3,line,,,0.4914409777292399,0.27385631151807,3507.0,1475.0
2228,l3010568.1,l3085401.1,line,,,0.18038795879538,0.1991203374824139,3495.0,2805.0
2229,l3010568.1,l3104129.1,line,,,0.3405761643141,0.280907059633437,3495.0,3796.0
2230,l3010568.1,l3141401.1,line,,,0.3800722026821,0.3475432569918387,3495.0,2854.0
2231,l3010568.1,l3729297.1,line,,,1.2903397440800994,1.1245214359017095,3495.0,3391.0
2232,l3010569.1,l3104133.1,line,,,0.2736242236998399,0.1507947518436639,1849.0,3140.0
2233,l3010570.1,l3104135.1,line,,,0.9700571344653096,0.6554209234731159,787.0,3590.0
2234,l3010585.1,l3120502.1,line,,,0.29256679964928,0.16326969550848,3588.0,2328.0
2235,l3011229.1,l3235946.1,line,,,0.3831276136722,0.2355537171701399,3048.0,1571.0
2236,l3011293.1,l3030204.1,line,,,0.2345695945605642,0.4927615423090211,1467.0,3254.0
2237,l3011293.1,l3086098.1,line,,,0.4106382322014112,0.8479473731468082,1467.0,2892.0
2238,l3011293.1,l3139366.1,line,,,0.4530488269437552,0.5486667055944221,1467.0,2035.0
2239,l3011293.2,l3086079.2,line,,,0.1720517066375181,0.2573592353378002,1468.0,959.0
2240,l3011293.2,l3234149.2,line,,,0.7000540773304409,0.73322951609893,1468.0,2495.0
2241,l3011293.3,l3030205.3,line,,,0.5811048128594062,0.9512929569874052,1469.0,3659.0
2242,l3011293.3,l3067506.3,line,,,0.7768359785960062,1.0072498439642252,1469.0,3136.0
2243,l3011293.3,l3123509.3,line,,,0.0669247272205162,0.0601390807461002,1469.0,1529.0
2244,l3011293.3,l3160863.3,line,,,0.6840995417025797,1.0490745016237677,1469.0,2368.0
2245,l3011293.3,l3234149.3,line,,,0.7481707993269031,0.722110777649139,1469.0,2496.0
2246,l3011298.3,l3160878.3,line,,,0.9485491733665,0.6854507569151559,1961.0,2586.0
2247,l3011298.3,l3179682.3,line,,,0.3031197264904199,0.3262601826974059,1961.0,254.0
2248,l3027116.1,l3104133.1,line,,,0.9367121041183,0.5155678695846498,973.0,3140.0
2249,l3027116.1,l3216370.1,line,,,0.86123230583402,0.4735335524126619,973.0,1892.0
2250,l3027122.1,l3065665.1,line,,,0.3009874908526199,0.1679689426219198,1600.0,3276.0
2251,l3027122.1,l3067447.1,line,,,0.233632907195751,0.4177256712158806,1600.0,2399.0
2252,l3027122.1,l3108449.1,line,,,0.3798605834481,0.2455683954995198,1600.0,2931.0
2253,l3027132.1,l3101787.1,line,,,0.06514006725408,0.03635203638528,3741.0,3740.0
2254,l3027133.1,l3122847.1,line,,,0.1727873349965999,0.13800277959033,3530.0,3205.0
2255,l3027133.1,l3141403.1,line,,,0.0697963386681,0.0557453400251548,3530.0,2572.0
2256,l3029055.2,l3048887.2,line,,,0.3655646077382196,0.2575318811332197,3351.0,531.0
2257,l3029055.2,l3048965.2,line,,,0.6802844004279025,1.2683263187819511,3351.0,1338.0
2258,l3029055.2,l3179650.2,line,,,0.4647375367860071,0.6921329578177479,3351.0,2424.0
2259,l3029055.2,l3254869.2,line,,,0.40059125860464,0.2220130881500397,3351.0,1738.0
2260,l3029495.2,l3085389.2,line,,,0.48646292233514,0.2677718844636317,3446.0,1306.0
2261,l3029495.2,l3104115.2,line,,,0.28771295554858,0.1579302554287699,3446.0,3178.0
2262,l3029497.3,l3085392.3,line,,,0.1842707287413,0.1156242823573948,3137.0,1614.0
2263,l3029498.3,l3047289.3,line,,,0.31576101823555,0.2118792358240648,2263.0,2526.0
2264,l3029498.3,l3215385.3,line,,,0.27256998287355,0.1782658417001648,2263.0,472.0
2265,l3029498.3,regxfmr_190-7361.3,line,,,1.12716295304077,0.6134521194489517,2263.0,2146.0
2266,l3029499.1,l3066819.1,line,,,0.22041873747738,0.1230067806580799,1839.0,2489.0
2267,l3029500.1,l3101789.1,line,,,0.7917887306342001,0.4863236464759039,1157.0,1122.0
2268,l3029500.1,l3156034.1,line,,,0.35453423809694,0.2502106780214398,1157.0,1574.0
2269,l3029500.1,l3178976.1,line,,,0.2051116355393999,0.1638197373164699,1157.0,3275.0
2270,l3029500.1,l3178982.1,line,,,0.6623197268486201,0.432291681083735,1157.0,3221.0
2271,l3029500.1,l3216346.1,line,,,0.23386149346872,0.1661739182884359,1157.0,955.0
2272,l3029501.2,l3197636.2,line,,,0.3337930034462399,0.1862763720998399,1329.0,3225.0
2273,l3029501.2,l3235252.2,line,,,0.07642439808684,0.0602872431711299,1329.0,2831.0
2274,l3029502.1,l3160107.1,line,,,0.40781310789988,0.2236981599289079,2058.0,2939.0
2275,l3029502.1,regxfmr_190-7361.1,line,,,0.15295556450334,0.0843523482003938,2058.0,2144.0
2276,l3029503.3,l3104126.3,line,,,0.2547644228221,0.1412321550629,1925.0,3184.0
2277,l3029504.2,l3046854.2,line,,,0.0662452142454,0.05290910760677,3290.0,1609.0
2278,l3029505.3,l3066815.3,line,,,0.378307312852062,0.4749371673966278,1498.0,3306.0
2279,l3029505.3,l3178979.3,line,,,0.156874116035972,0.1775032607164497,1498.0,1723.0
2280,l3029506.2,l3235258.2,line,,,2.7867715215876867,1.772807424472317,1472.0,3689.0
2281,l3029507.2,l3197643.2,line,,,0.16731355515168,0.117221888351015,3726.0,2285.0
2282,l3029510.2,l3160108.2,line,,,0.09821462402466,0.0548096085345599,3313.0,3347.0
2283,l3029520.2,l3139086.2,line,,,0.0754753719483,0.0602811028926649,1776.0,1322.0
2284,l3030126.3,l3215203.3,line,,,1.5907155886425075,1.1710792277598152,2800.0,3203.0
2285,l3030126.3,l3254870.3,line,,,0.0803601594003,0.0448457541048,2800.0,2801.0
2286,l3030203.3,l3160871.3,line,,,0.14983534531134,0.0836170448414399,3332.0,2922.0
2287,l3030203.3,l3179673.3,line,,,0.09070965533058,0.05062138910928,3332.0,3742.0
2288,l3030204.1,l3086098.1,line,,,0.262212397422575,0.577221380448475,3254.0,2892.0
2289,l3030204.1,l3139366.1,line,,,0.391250422940359,0.501222924542329,3254.0,2035.0
2290,l3030205.3,l3067506.3,line,,,0.6079756407558,0.38521066836378,3659.0,3136.0
2291,l3030205.3,l3123509.3,line,,,0.548159397729894,0.9776999587760632,3659.0,1529.0
2292,l3030205.3,l3160863.3,line,,,0.8804484292691335,1.2410247958515823,3659.0,2368.0
2293,l3030205.3,l3234149.3,line,,,1.0316857740459369,1.1360750830119135,3659.0,2496.0
2294,l3045895.3,l3048205.3,line,,,1.08473532333888,0.6050416728632096,3463.0,491.0
2295,l3045895.3,l3085394.3,line,,,0.787868414502,0.4396774900319996,3463.0,3781.0
2296,l3047058.1,l3065696.1,line,,,0.28365755134488,0.19342192210386,3798.0,1591.0
2297,l3047289.1,l3141400.1,line,,,0.32696627352786,0.22001130064608,2524.0,760.0
2298,l3047289.1,l3160107.1,line,,,0.5849561568556,0.35636850390756,2524.0,2939.0
2299,l3047289.1,l3215385.1,line,,,0.12449881953432,0.097365629460924,2524.0,470.0
2300,l3047289.2,l3104125.2,line,,,0.7633742679823998,0.4596394086472099,2525.0,2204.0
2301,l3047289.2,l3215385.2,line,,,0.1237429008347399,0.0983098126284779,2525.0,471.0
2302,l3047289.3,l3215385.3,line,,,0.1247342876590799,0.097074375196326,2526.0,472.0
2303,l3047289.3,regxfmr_190-7361.3,line,,,1.14725436289802,0.6629498091450469,2526.0,2146.0
2304,l3048196.2,l3066818.2,line,,,3.98921099688526,2.215716018307837,1678.0,2916.0
2305,l3048196.2,l3104120.2,line,,,3.31744948923518,1.839572072758995,1678.0,2855.0
2306,l3048196.2,l3142078.2,line,,,5.00339362409561,2.7884850872543603,1678.0,1052.0
2307,l3048196.2,l3195318.2,line,,,4.2492177509233695,2.3799567920260354,1678.0,3609.0
2308,l3048196.2,r18242.2,line,,,4.01278231343935,2.227586311958407,1678.0,308.0
2309,l3048199.2,l3122810.2,line,,,1.43624569043934,0.8226022612813199,2372.0,2120.0
2310,l3048199.2,l3197624.2,line,,,0.8100350247974399,0.4520477785190397,2372.0,3616.0
2311,l3048199.2,l3254203.2,line,,,0.5657948420532,0.3952744028978499,2372.0,3591.0
2312,l3048200.2,l3216339.2,line,,,0.24865764246132,0.13776327028695,2252.0,3641.0
2313,l3048200.2,l3225319.2,line,,,0.13205716452444,0.0724882954428599,2252.0,3343.0
2314,l3048201.2,l3225319.2,line,,,0.08338665518554,0.04577227232501,3344.0,3343.0
2315,l3048203.2,l3157710.2,line,,,1.3252050973922995,0.7319637768772389,3655.0,2677.0
2316,l3048203.2,l3160117.2,line,,,1.34250454773672,0.7418011378638548,3655.0,3312.0
2317,l3048205.3,l3048228.3,line,,,0.365484145693,0.2121287089298049,491.0,2462.0
2318,l3048205.3,l3085394.3,line,,,0.6398376787552799,0.3567622951256097,491.0,3781.0
2319,l3048205.3,l3197626.3,line,,,1.1952064261148,0.66547336443338,491.0,2609.0
2320,l3048205.3,l3197627.3,line,,,1.6585370365718,0.92403943474538,491.0,3531.0
2321,l3048205.3,l3216343.3,line,,,1.702502588909,0.94857483094058,491.0,1930.0
2322,l3048206.1,l3085395.1,line,,,0.37316552285058,0.220641965626593,1239.0,2852.0
2323,l3048206.1,l3197630.1,line,,,0.7797763551858801,0.429305244601908,1239.0,1989.0
2324,l3048207.2,l3085397.2,line,,,0.28761968821794,0.16050891274704,1350.0,2403.0
2325,l3048210.1,l3104131.1,line,,,0.30727740796428,0.1693410760736129,766.0,2389.0
2326,l3048211.1,l3216370.1,line,,,0.5022455873978,0.3122661630046247,2655.0,1892.0
2327,l3048212.1,l3120376.1,line,,,0.3390164672226,0.18734712198822,2432.0,231.0
2328,l3048222.3,l3122837.3,line,,,0.252502471611,0.140911414776,1752.0,432.0
2329,l3048227.1,l3104119.1,line,,,0.5195122713679796,0.5380390488310337,222.0,2417.0
2330,l3048227.1,l3122811.1,line,,,0.7222976605065095,0.8343049081507248,222.0,3019.0
2331,l3048227.1,l3160123.1,line,,,0.2629834127177399,0.2424655298511278,222.0,1980.0
2332,l3048227.1,l3177665.1,line,,,0.6115870342357895,0.7319090194367927,222.0,735.0
2333,l3048228.3,l3197626.3,line,,,0.9034371688204,0.5122196852990049,2462.0,2609.0
2334,l3048228.3,l3197627.3,line,,,1.3667677792774,0.7707857556110049,2462.0,3531.0
2335,l3048228.3,l3216343.3,line,,,1.4107333316146,0.7953211518062048,2462.0,1930.0
2336,l3048230.3,l3104157.3,line,,,0.87820847850897,0.501913428432228,3106.0,2095.0
2337,l3048230.3,l3178997.3,line,,,1.63136709422099,0.9006488398325849,3106.0,2970.0
2338,l3048230.3,l3214055.3,line,,,2.3784485072831405,1.308535090961551,3106.0,771.0
2339,l3048887.2,l3048965.2,line,,,0.5262246649666024,1.2358768746428517,531.0,1338.0
2340,l3048887.2,l3179650.2,line,,,0.2601845650033475,0.5244551572134879,531.0,2424.0
2341,l3048887.2,l3254869.2,line,,,0.3019747999007796,0.2205042938899798,531.0,1738.0
2342,l3048888.3,l3064514.3,line,,,0.1016804107992399,0.056036238701779,3234.0,3627.0
2343,l3048889.3,l3048890.3,line,,,0.1746536649039,0.1394933906634449,3142.0,2479.0
2344,l3048889.3,l3064514.3,line,,,0.7090316155609001,0.415053535168465,3142.0,3627.0
2345,l3048890.3,l3179637.3,line,,,0.3513984676281,0.2806569432731547,2479.0,3257.0
2346,l3048890.3,l3254873.3,line,,,0.3069126882778999,0.2314272708047046,2479.0,269.0
2347,l3048937.3,l3176661.3,line,,,0.121410167094,0.0969685684997,1567.0,1194.0
2348,l3048946.3,l3198347.3,line,,,0.338758681833,0.189047516328,3770.0,2245.0
2349,l3048962.1,l3067478.1,line,,,0.4671660981118818,1.135325984462079,108.0,2373.0
2350,l3048962.1,l3081380.1,line,,,0.162545918115363,0.3501674394971059,108.0,579.0
2351,l3048962.1,l3198348.1,line,,,0.094268889756971,0.1325395084221959,108.0,3127.0
2352,l3048962.1,l3251799.1,line,,,0.257717374854971,0.4816157444274136,108.0,1315.0
2353,l3048962.1,q16483.1,line,,,0.187632933285109,0.4142013422823898,108.0,3485.0
2354,l3048963.2,l3068944.2,line,,,1.0865318275117597,0.9507437804829116,2528.0,1622.0
2355,l3048963.2,l3160864.2,line,,,0.63879663538386,0.3811660008654999,2528.0,2429.0
2356,l3048963.2,l3160868.2,line,,,2.0689213653480336,1.2235311962711806,2528.0,1351.0
2357,l3048963.2,l3254915.2,line,,,0.35346641845086,0.19725530915376,2528.0,2686.0
2358,l3048965.2,l3179650.2,line,,,0.6253975940143899,1.6704779513273793,1338.0,2424.0
2359,l3048965.2,l3254869.2,line,,,0.6166945925904628,1.231298731538712,1338.0,1738.0
2360,l3048965.2,q16483.2,line,,,0.0386848231677717,0.101925531257782,1338.0,3486.0
2361,l3048966.3,l3067506.3,line,,,0.19495432642218,0.10879612297488,3473.0,3136.0
2362,l3048968.3,l3198356.3,line,,,0.5680913079093,0.335752798049635,246.0,2534.0
2363,l3065665.1,l3108449.1,line,,,0.2002617002173199,0.1453415241870397,3276.0,2931.0
2364,l3065665.1,l3235946.1,line,,,0.181783254471,0.101445880536,3276.0,1571.0
2365,l3065750.2,l3234185.2,line,,,0.16650528774984,0.0929198653574399,1391.0,1390.0
2366,l3066801.3,l3626914.3,line,,,0.76280426175825,0.4237156695801607,1223.0,2184.0
2367,l3066808.3,l3141396.3,line,,,0.179997998022,0.1437618332861,3209.0,3208.0
2368,l3066810.3,l3181545.3,line,,,0.85932052563039,1.0854543435467645,566.0,3271.0
2369,l3066811.2,l3178975.2,line,,,0.855571499703,0.6833327517876497,2062.0,3682.0
2370,l3066814.2,q16642.2,line,,,0.2255380513365795,0.444883341663847,1782.0,3538.0
2371,l3066815.3,l3103822.3,line,,,0.101429223542473,0.1326827101046999,3306.0,1453.0
2372,l3066815.3,l3104123.3,line,,,0.8938752674055287,0.500699197058964,3306.0,3693.0
2373,l3066815.3,l3178972.3,line,,,1.2319544379145086,0.6906939000834097,3306.0,2820.0
2374,l3066815.3,l3178979.3,line,,,0.456398024941634,0.5895172472537576,3306.0,1723.0
2375,l3066815.3,l3253995.3,line,,,0.324060742169939,0.2066822839565789,3306.0,3365.0
2376,l3066816.1,l3066817.1,line,,,0.4028034897418737,0.273825591711932,256.0,2664.0
2377,l3066818.2,l3104120.2,line,,,0.8811843416366796,0.4863120597010418,2916.0,2855.0
2378,l3066818.2,l3178981.2,line,,,0.10009421216886,0.0558585306417599,2916.0,495.0
2379,l3066818.2,r18242.2,line,,,0.2087216022292498,0.1151951780931299,2916.0,308.0
2380,l3066821.1,l3156034.1,line,,,0.0667420946136,0.0533059588686799,3680.0,1574.0
2381,l3066826.2,l3178988.2,line,,,0.30965431855878,0.1728055485604799,1039.0,3494.0
2382,l3066826.2,l3254229.2,line,,,0.3540052419805199,0.19755600476832,1039.0,3359.0
2383,l3066830.2,l3197660.2,line,,,0.2236301274558,0.1247989274927999,2765.0,3737.0
2384,l3067478.1,l3081380.1,line,,,0.5525710672136849,1.421096981816009,2373.0,579.0
2385,l3067478.1,l3198348.1,line,,,0.484294038855293,1.2034690507410994,2373.0,3127.0
2386,l3067478.1,l3233412.1,line,,,0.5789289302660076,0.3771753726432437,2373.0,3385.0
2387,l3067478.1,l3251799.1,line,,,0.3392358856945109,0.7573693952145455,2373.0,1315.0
2388,l3067478.1,l3254237.1,line,,,1.1980592313876994,0.7113166342539698,2373.0,449.0
2389,l3067478.1,q16483.1,line,,,0.5776580823834309,1.485130884601293,2373.0,3485.0
2390,l3067506.3,l3123509.3,line,,,0.7438905634664942,1.033656845752883,3136.0,1529.0
2391,l3067506.3,l3160863.3,line,,,1.0761795950057336,1.2969816828284022,3136.0,2368.0
2392,l3067506.3,l3234149.3,line,,,1.2274169397825372,1.1920319699887338,3136.0,2496.0
2393,l3067507.3,l3104853.3,line,,,0.1239511550761989,0.128514401536477,932.0,2490.0
2394,l3067507.3,q16483.3,line,,,0.1519371936434309,0.3578909671751391,932.0,3487.0
2395,l3068944.2,l3160864.2,line,,,0.6528619944294993,0.7334096304104919,1622.0,2429.0
2396,l3068944.2,l3160868.2,line,,,1.5584115831901253,1.1988906395610348,1622.0,1351.0
2397,l3068944.2,l3254915.2,line,,,1.3276225948236997,1.0852867847339518,1622.0,2686.0
2398,l3081380.1,l3160865.1,line,,,0.080547815305333,0.2060345020510178,579.0,621.0
2399,l3081380.1,l3198348.1,line,,,0.116094062379772,0.254433573876234,579.0,3127.0
2400,l3081380.1,l3251799.1,line,,,0.343122343956774,0.7673867417813438,579.0,1315.0
2401,l3081380.1,q16483.1,line,,,0.0848092775517459,0.2179680401572839,579.0,3485.0
2402,l3082981.3,l3085393.3,line,,,0.38477407327398,0.2147268448036798,2562.0,1820.0
2403,l3082981.3,l3216343.3,line,,,0.12469147757742,0.06958526941872,2562.0,1930.0
2404,l3082983.2,l3085410.2,line,,,0.82659313422442,0.4747959080598596,3673.0,3217.0
2405,l3082983.2,l3102793.2,line,,,0.90108082807242,0.5403349833600046,3673.0,1742.0
2406,l3082983.2,l3122835.2,line,,,0.34515258449046,0.2218516190179598,3673.0,1389.0
2407,l3082983.2,l3160115.2,line,,,0.98715861470548,0.5461574687135616,3673.0,2710.0
2408,l3082983.2,l3176660.2,line,,,0.5726683630431999,0.3438202429458296,3673.0,3437.0
2409,l3082983.2,l3235273.2,line,,,0.4016629693604199,0.2245937949467197,3673.0,2057.0
2410,l3082983.2,l3254227.2,line,,,0.7620907464667599,0.4249630877211396,3673.0,861.0
2411,l3082983.2,l3254229.2,line,,,1.02704510576566,0.5697251840993915,3673.0,3359.0
2412,l3082988.2,l3160868.2,line,,,0.0299519861697,0.023922224078235,1352.0,1351.0
2413,l3082992.1,l3216348.1,line,,,0.1475695292968599,0.0819158390830999,2276.0,592.0
2414,l3082993.1,l3177894.1,line,,,0.1033066533042,0.08250955028871,2837.0,3775.0
2415,l3082993.1,l3312692.1,line,,,0.1207527192648,0.09644347429724,2837.0,3550.0
2416,l3085388.2,l3141390.2,line,,,0.84535984661624,0.4704722169307599,902.0,3803.0
2417,l3085389.2,l3104115.2,line,,,0.41430559696824,0.2281635713637816,1306.0,3178.0
2418,l3085390.2,l3160100.2,line,,,0.0750478059504,0.05993961202952,3077.0,3076.0
2419,l3085395.1,l3197630.1,line,,,0.5302253739527,0.307392449960685,2852.0,1989.0
2420,l3085396.1,l3122813.1,line,,,0.390897797472,0.218144247552,607.0,3197.0
2421,l3085398.2,l3122816.2,line,,,0.4533177796112795,0.3496558951504177,24.0,2338.0
2422,l3085398.2,l3160102.2,line,,,0.2900653724122,0.16134447400456,24.0,2617.0
2423,l3085398.2,l3197634.2,line,,,0.1931067388800999,0.1338475516935028,24.0,3664.0
2424,l3085400.3,l3141399.3,line,,,0.22000900690414,0.144417717515783,3752.0,923.0
2425,l3085401.1,l3104129.1,line,,,0.40974407414568,0.391197530601161,2805.0,3796.0
2426,l3085401.1,l3141401.1,line,,,0.44924011251368,0.4578337279595627,2805.0,2854.0
2427,l3085401.1,l3729297.1,line,,,1.1453258792635794,0.9528702355728236,2805.0,3391.0
2428,l3085402.1,l3104132.1,line,,,0.2730481874938399,0.1509656633550999,2543.0,3070.0
2429,l3085410.2,l3160115.2,line,,,0.26916361891866,0.158097344633582,3217.0,2710.0
2430,l3085410.2,l3176660.2,line,,,0.45170254209042,0.28893794937049,3217.0,3437.0
2431,l3085410.2,l3235273.2,line,,,1.0657228878474,0.6078026094475397,3217.0,2057.0
2432,l3085410.2,l3254227.2,line,,,0.23311796415198,0.1423886143538,3217.0,861.0
2433,l3085410.2,l3254229.2,line,,,0.3090501099788398,0.1816650600194118,3217.0,3359.0
2434,l3086002.3,l3179608.3,line,,,0.1998331251228,0.1115187831647999,1912.0,1858.0
2435,l3086074.3,l3217052.3,line,,,0.26640497308776,0.1486698384441598,2703.0,863.0
2436,l3086074.3,l3217053.3,line,,,0.1514287407601799,0.0845062543828798,2703.0,2966.0
2437,l3086075.2,l3142099.2,line,,,0.8054375719707,0.6432914988857847,3179.0,3396.0
2438,l3086075.2,l3179674.2,line,,,0.7546197269637,0.6027040110129348,3179.0,2143.0
2439,l3086078.1,l3217056.1,line,,,0.2801202964700999,0.1762206306870348,1627.0,2977.0
2440,l3086078.1,l3217057.1,line,,,0.2623296595085399,0.1463955707966397,1627.0,3523.0
2441,l3086079.2,l3234149.2,line,,,0.6189474207222427,0.5463281405930598,959.0,2495.0
2442,l3086098.1,l3139366.1,line,,,0.567319060581206,0.856408755380116,2892.0,2035.0
2443,l3091052.1,l3254216.1,line,,,0.25249268764038,0.1881532068116599,2746.0,1370.0
2444,l3097861.3,l3118855.3,line,,,0.62327884409406,0.9221576348222946,317.0,2211.0
2445,l3097861.3,l3197625.3,line,,,0.5213727005025,0.3784695586602597,317.0,3392.0
2446,l3097861.3,l3235242.3,line,,,0.6797987330742119,0.9290414512458736,317.0,142.0
2447,l3097861.3,l3235945.3,line,,,1.1669995912793276,1.0405120517555304,317.0,811.0
2448,l3101782.1,l3195321.1,line,,,0.3936258952353,0.2581377800724898,3671.0,1876.0
2449,l3101787.1,l3101788.1,line,,,0.09187544142036,0.05127196716576,3740.0,3478.0
2450,l3101788.1,l3140238.1,line,,,0.4759976328629399,0.2845668636344948,3478.0,3149.0
2451,l3101788.1,l3195327.1,line,,,0.29908658600406,0.1866630874198099,3478.0,2092.0
2452,l3101788.1,l3251808.1,line,,,0.49691794979424,0.2773098056678398,3478.0,1321.0
2453,l3101789.1,l3156034.1,line,,,0.55057429521846,0.3266198783095238,1122.0,1574.0
2454,l3101789.1,l3178982.1,line,,,0.34794657690178,0.2285268863814789,1122.0,3221.0
2455,l3101789.1,l3216346.1,line,,,0.6937506943149201,0.3874141449849399,1122.0,955.0
2456,l3102286.2,l3233413.2,line,,,0.1474655323043999,0.0832353664312,164.0,903.0
2457,l3102793.2,l3122835.2,line,,,0.79892693368596,0.5125629516672449,1742.0,1389.0
2458,l3103822.3,l3104123.3,line,,,0.9364377609135436,0.556376513617464,1453.0,3693.0
2459,l3103822.3,l3178972.3,line,,,1.2745169314225238,0.7463712166419098,1453.0,2820.0
2460,l3103822.3,l3235254.3,line,,,0.393931095432925,0.5153134719074999,1453.0,2224.0
2461,l3103822.3,l3253995.3,line,,,0.366623235677954,0.262359600515079,1453.0,3365.0
2462,l3103822.3,l3342743.3,line,,,0.461077534070855,0.40762157019402,1453.0,3652.0
2463,l3103822.3,l3645809.3,line,,,0.2755381089009447,0.2872964846038439,1453.0,1355.0
2464,l3103822.3,l3645812.3,line,,,0.7237157512082304,0.5415880512261658,1453.0,3697.0
2465,l3104113.1,l3104121.1,line,,,0.0369446817006,0.0295071902455299,2670.0,2669.0
2466,l3104114.2,l3254234.2,line,,,0.13537056292118,0.07430707296067,504.0,3038.0
2467,l3104118.3,l3235241.3,line,,,0.2157621402087,0.172326143462685,3129.0,2219.0
2468,l3104118.3,l3235267.3,line,,,0.2738517024834,0.21872144818367,3129.0,3387.0
2469,l3104119.1,l3122811.1,line,,,1.074938215119369,1.279219602419839,2417.0,3019.0
2470,l3104119.1,l3160123.1,line,,,0.6156239673305998,0.6873802241202419,2417.0,1980.0
2471,l3104119.1,l3177665.1,line,,,0.3072272708379698,0.311970632687799,2417.0,735.0
2472,l3104120.2,r18242.2,line,,,0.9047556581907698,0.498182353351612,2855.0,308.0
2473,l3104123.3,l3178972.3,line,,,0.4952983541931796,0.2512305716630136,3693.0,2820.0
2474,l3104123.3,l3253995.3,line,,,0.6208829057607897,0.334804500119645,3693.0,3365.0
2475,l3104124.2,l3122816.2,line,,,1.6179471976606,1.0974998504215,3384.0,2338.0
2476,l3104125.2,l3215385.2,line,,,0.7205265145213999,0.4255982266005099,2204.0,471.0
2477,l3104125.2,regxfmr_190-7361.2,line,,,0.3774277239464998,0.2095606825791369,2204.0,2145.0
2478,l3104127.2,l3197636.2,line,,,0.2298478905114599,0.1282688095233597,2083.0,3225.0
2479,l3104129.1,l3141401.1,line,,,0.40512036281936,0.2706763420201616,3796.0,2854.0
2480,l3104129.1,l3729297.1,line,,,1.5196958594303995,1.3165986290204568,3796.0,3391.0
2481,l3104131.1,l3122824.1,line,,,0.25751634529114,0.1426464450525789,2389.0,2433.0
2482,l3104131.1,l3122825.1,line,,,0.28596546838925,0.1618927740636259,2389.0,1042.0
2483,l3104133.1,l3216370.1,line,,,0.4157018080222798,0.2286566597877879,3140.0,1892.0
2484,l3104134.3,l3216370.3,line,,,0.96775737240308,0.5287693925290349,382.0,1894.0
2485,l3104134.3,l3254219.3,line,,,0.1185822448027799,0.074182618719544,382.0,833.0
2486,l3104134.3,r18242.3,line,,,0.2907174779523,0.15966183949457,382.0,309.0
2487,l3104136.2,l3160109.2,line,,,0.0621752886066059,0.0835211245720318,3232.0,2933.0
2488,l3104144.1,l3160114.1,line,,,0.1231592682771,0.0983655506631049,1855.0,3709.0
2489,l3104144.1,l3197652.1,line,,,0.1456760820454199,0.0916637146785847,1855.0,1213.0
2490,l3104154.3,l3104155.3,line,,,0.06769507257084,0.0377778814934399,3002.0,3003.0
2491,l3104157.3,l3178997.3,line,,,0.8767226852538199,0.497424271058947,2095.0,2970.0
2492,l3104157.3,l3214055.3,line,,,1.62380409831597,0.9053105221879132,2095.0,771.0
2493,l3104796.3,l3123452.3,line,,,0.12552401141646,0.151268407952236,3563.0,2172.0
2494,l3104796.3,l3214069.3,line,,,0.1091650039232818,0.109601642924755,3563.0,2280.0
2495,l3104830.3,l3142049.3,line,,,0.0361534843171739,0.0920837487602229,2608.0,421.0
2496,l3104850.3,l3160862.3,line,,,0.148328768277,0.11846807126135,1302.0,1301.0
2497,l3104853.3,q16483.3,line,,,0.228667851505652,0.4202586076404119,2490.0,3487.0
2498,l3104859.2,l3198358.2,line,,,0.1779714268722,0.0993186537551999,2901.0,2779.0
2499,l3118855.3,l3197625.3,line,,,0.4172781315381599,0.7196844247076348,2211.0,3392.0
2500,l3118855.3,l3231255.3,line,,,0.013716709937532,0.034936772915814,2211.0,2214.0
2501,l3118855.3,l3235242.3,line,,,0.100284690910848,0.1183537646634708,2211.0,142.0
2502,l3118855.3,l3235945.3,line,,,1.0291577059763877,1.3547734176604755,2211.0,811.0
2503,l3119793.2,l3254211.2,line,,,0.30594927938604,0.183147083395427,3158.0,3021.0
2504,l3120376.1,l3235249.1,line,,,0.33485339774194,0.1861527586806579,231.0,1655.0
2505,l3120484.3,l3122817.3,line,,,0.555577967084418,0.5280285149203977,1517.0,601.0
2506,l3120484.3,l3122818.3,line,,,1.274149706439798,0.9417249838248516,1517.0,3653.0
2507,l3120484.3,l3160103.3,line,,,1.234210230846418,1.1503854918052097,1517.0,2342.0
2508,l3120484.3,l3177881.3,line,,,1.367328168984798,0.9813170294095166,1517.0,2624.0
2509,l3120484.3,l3235254.3,line,,,0.7177824382848139,0.9386453170545994,1517.0,2224.0
2510,l3120503.1,l3120504.1,line,,,0.2335604591034,0.18654140686467,466.0,3785.0
2511,l3120503.1,l3177894.1,line,,,0.6943247307144,0.55454725763772,466.0,3775.0
2512,l3120503.1,l3251807.1,line,,,0.4172110262451,0.3332204950015048,466.0,2693.0
2513,l3120504.1,l3177894.1,line,,,0.644799833667,0.5149924288558501,3785.0,3775.0
2514,l3120504.1,l3251807.1,line,,,0.4988906420607,0.3984568389652847,3785.0,2693.0
2515,l3122810.2,l3197624.2,line,,,0.9415691893221,0.5465433174454799,2120.0,3616.0
2516,l3122810.2,l3254203.2,line,,,1.53145279967214,0.95526068745277,2120.0,3591.0
2517,l3122811.1,l3160123.1,line,,,0.6155766243483695,0.7166439093205769,3019.0,1980.0
2518,l3122811.1,l3177665.1,line,,,1.1670129779871794,1.473089573025598,3019.0,735.0
2519,l3122815.2,l3254213.2,line,,,0.17607001348692,0.1117536138217198,1063.0,2808.0
2520,l3122816.2,l3197634.2,line,,,0.2913015587257795,0.2406398966621448,2338.0,3664.0
2521,l3122817.3,l3122818.3,line,,,0.76488691670694,0.4395430957694138,601.0,3653.0
2522,l3122817.3,l3160103.3,line,,,1.2029098177696,0.9107002131852078,601.0,2342.0
2523,l3122817.3,l3177881.3,line,,,0.8580653792519398,0.4791351413540788,601.0,2624.0
2524,l3122818.3,l3160103.3,line,,,1.92148155712498,1.324396682089662,3653.0,2342.0
2525,l3122818.3,l3177881.3,line,,,0.2475960382781998,0.1629231605023247,3653.0,2624.0
2526,l3122819.3,l3235266.3,line,,,0.4804569528950598,0.2815653446398419,3141.0,3386.0
2527,l3122820.1,l3141398.1,line,,,0.0666744120675,0.053251901784625,243.0,244.0
2528,l3122823.2,l3197643.2,line,,,0.48864045505392,0.272255303455197,3472.0,2285.0
2529,l3122824.1,l3122825.1,line,,,0.23792837355391,0.136148224503847,2433.0,1042.0
2530,l3122826.1,l3197644.1,line,,,0.20376996521794,0.1121670057160399,1050.0,3241.0
2531,l3122827.1,l3216351.1,line,,,1.21826425569548,0.7552962862082155,904.0,88.0
2532,l3122827.1,l3235258.1,line,,,1.19906549785452,0.6746429975659016,904.0,3688.0
2533,l3122848.3,l3197661.3,line,,,0.0762619886514,0.06090936243207,2068.0,2067.0
2534,l3122849.2,l3235275.2,line,,,0.37588083264672,0.209078025161856,1559.0,2564.0
2535,l3123452.3,l3214069.3,line,,,0.0506897174755019,0.129107866002379,2172.0,2280.0
2536,l3123509.3,l3160863.3,line,,,0.6511541265730676,1.0754815034124254,1529.0,2368.0
2537,l3123509.3,l3234149.3,line,,,0.7152253841973909,0.7485177794377967,1529.0,2496.0
2538,l3125349.3,l3181545.3,line,,,0.0667151131883568,0.0872721067322998,1360.0,3271.0
2539,l3125349.3,l3232301.3,line,,,0.3148278093039267,0.3265463304842987,1360.0,3459.0
2540,l3125349.3,l3235243.3,line,,,0.6978463568377011,0.6241483288842893,1360.0,2772.0
2541,l3139103.1,l3195327.1,line,,,0.0773476040313,0.0617764279493149,3155.0,2092.0
2542,l3139366.1,l3234149.1,line,,,0.2522690241058719,0.1762537714620157,2035.0,2494.0
2543,l3140238.1,l3195327.1,line,,,0.55073007225612,0.3460269777602249,3149.0,2092.0
2544,l3140238.1,l3251808.1,line,,,0.1782750976635,0.118419960683455,3149.0,1321.0
2545,l3141388.3,l3626914.3,line,,,0.06578924108451,0.036573762733107,1997.0,2184.0
2546,l3141389.1,l3197618.1,line,,,0.2360673425419799,0.129539997441331,3665.0,3567.0
2547,l3141389.1,l3270814.1,line,,,0.0577727654445599,0.0318777432978289,3665.0,1217.0
2548,l3141393.3,l3235242.3,line,,,0.280971205569,0.2244076937359499,236.0,142.0
2549,l3141395.3,l3778577.3,line,,,0.0717517466487,0.0573070964846849,3691.0,2180.0
2550,l3141396.3,l3157708.3,line,,,1.1782680461182495,1.374451274822456,3208.0,479.0
2551,l3141396.3,l3254209.3,line,,,0.446091407806011,0.3992134941287228,3208.0,3767.0
2552,l3141400.1,l3160107.1,line,,,0.57670401033226,0.3142186644138,760.0,2939.0
2553,l3141400.1,l3215385.1,line,,,0.28385677237986,0.18629705555748,760.0,470.0
2554,l3141401.1,l3729297.1,line,,,1.5591918977983994,1.3832348263788588,2854.0,3391.0
2555,l3141402.3,l3189188.3,line,,,1.36613367324868,0.904305420963908,3628.0,2954.0
2556,l3141402.3,l3197642.3,line,,,0.4451244808491599,0.2444047240647718,3628.0,3676.0
2557,l3141402.3,l3216368.3,line,,,1.23645897469204,0.834130832175482,3628.0,1853.0
2558,l3141402.3,l3235258.3,line,,,2.4094037003598303,1.4884601050033366,3628.0,3690.0
2559,l3141402.3,l3254217.3,line,,,3.57563186184533,2.134515314099882,3628.0,3670.0
2560,l3141403.1,l3216358.1,line,,,0.2109461621206,0.1481761094380549,2572.0,642.0
2561,l3142050.3,l3254873.3,line,,,0.54588973648768,0.3034338901061799,2757.0,269.0
2562,l3142078.2,l3195318.2,line,,,0.8567977079948401,0.4904908907649548,1052.0,3609.0
2563,l3142079.2,l3142098.2,line,,,0.31570264105083,0.241758034211781,1200.0,3719.0
2564,l3142099.2,l3179674.2,line,,,0.591755356683,0.4726265617866497,3396.0,2143.0
2565,l3143999.1,l3159448.1,line,,,0.0970446753233997,0.12774634067754,2706.0,2476.0
2566,l3143999.1,l3254207.1,line,,,0.3483027696151595,0.3958070153525438,2706.0,52.0
2567,l3150961.3,l3254870.3,line,,,0.574018395441822,0.449654672740256,2875.0,2801.0
2568,l3156034.1,l3178982.1,line,,,0.42110529143288,0.2725879129173549,1574.0,3221.0
2569,l3156034.1,l3216346.1,line,,,0.2564962017776599,0.1513011765304759,1574.0,955.0
2570,l3157167.1,l3157718.1,line,,,0.5405172480201329,0.5036816766395878,1251.0,1129.0
2571,l3157167.1,l3160098.1,line,,,0.4616582598320929,0.5438192838635778,1251.0,2196.0
2572,l3157708.3,l3197640.3,line,,,0.2313799347912,0.1291237814591997,479.0,3801.0
2573,l3157708.3,l3254209.3,line,,,1.1388865650345186,1.2207410595628492,479.0,3767.0
2574,l3157710.2,l3160117.2,line,,,0.18883910126106,0.1052002256210639,2677.0,3312.0
2575,l3157718.1,l3160098.1,line,,,0.362290440540866,0.6904069900814057,1129.0,2196.0
2576,l3159037.2,l3234185.2,line,,,0.2430823550422799,0.13565442879648,1401.0,1390.0
2577,l3160098.1,q16642.1,line,,,0.4131929107150209,0.9131198059263916,2196.0,3537.0
2578,l3160101.1,l3235244.1,line,,,0.26033917035516,0.14528475932256,1688.0,544.0
2579,l3160103.3,l3177881.3,line,,,2.0146600196699795,1.363988727674327,2342.0,2624.0
2580,l3160104.2,l3214112.2,line,,,0.116095044078,0.0927234555688999,2593.0,2592.0
2581,l3160104.2,l3216349.2,line,,,0.145872985086,0.1165066722593,2593.0,240.0
2582,l3160105.3,l3178977.3,line,,,0.09987314197692,0.05573516031072,2688.0,1475.0
2583,l3160105.3,l3235251.3,line,,,0.0940634600868,0.0751271437233399,2688.0,2689.0
2584,l3160107.1,l3215385.1,line,,,0.5418466557075999,0.32265425881896,2939.0,470.0
2585,l3160108.2,l3178969.2,line,,,0.47857272773154,0.2670720793646399,3347.0,1653.0
2586,l3160108.2,l3251806.2,line,,,0.1536380458315,0.08520794845706,3347.0,3243.0
2587,l3160108.2,l3254206.2,line,,,0.6005088338278199,0.3484908080332449,3347.0,3577.0
2588,l3160108.2,l3315860.2,line,,,0.99648078710442,0.6647479584375748,3347.0,3761.0
2589,l3160114.1,l3197652.1,line,,,0.1826619667459199,0.1212038131723596,3709.0,1213.0
2590,l3160115.2,l3176660.2,line,,,0.61226802257148,0.3602995100241919,2710.0,3437.0
2591,l3160115.2,l3235273.2,line,,,1.22628836832846,0.6791641701012415,2710.0,2057.0
2592,l3160115.2,l3254227.2,line,,,0.39368344463304,0.2137501750075019,2710.0,861.0
2593,l3160115.2,l3254229.2,line,,,0.3261394503523799,0.1806965554551299,2710.0,3359.0
2594,l3160117.2,l3215549.2,line,,,0.1631532347047199,0.0910492201555199,3312.0,1067.0
2595,l3160123.1,l3177665.1,line,,,0.7076987301984096,0.8812501947260011,1980.0,735.0
2596,l3160861.3,l3160872.3,line,,,0.2164852225326757,0.3314566368236418,2253.0,1491.0
2597,l3160861.3,l3214071.3,line,,,0.2697151410629678,0.4670344528224759,2253.0,407.0
2598,l3160861.3,l3552667.3,line,,,0.326730192862642,0.2515853031109288,2253.0,2300.0
2599,l3160862.3,l3552667.3,line,,,0.223451793018,0.1784677594659,1301.0,2300.0
2600,l3160863.3,l3234149.3,line,,,1.1346805028891105,1.2338566276482763,2368.0,2496.0
2601,l3160864.2,l3160868.2,line,,,1.6352515322657737,1.0061970461987608,2429.0,1351.0
2602,l3160864.2,l3254915.2,line,,,0.8798874026958,0.5157090051165398,2429.0,2686.0
2603,l3160868.2,l3254915.2,line,,,2.310012132659973,1.3580742005222206,1351.0,2686.0
2604,l3160871.3,q16483.3,line,,,0.040779540112978,0.0400237266915209,2922.0,3487.0
2605,l3160872.3,l3214071.3,line,,,0.2660558101094036,0.6776502137215579,1491.0,407.0
2606,l3160872.3,l3552667.3,line,,,0.3230708619090778,0.4622010640100107,1491.0,2300.0
2607,l3160878.3,l3179682.3,line,,,0.81756990523816,0.45525520033103,2586.0,254.0
2608,l3172805.1,l3216350.1,line,,,0.5009968431833,0.30425752519513,106.0,3736.0
2609,l3176660.2,l3235273.2,line,,,0.8117981166661798,0.4768269443335096,3437.0,2057.0
2610,l3176660.2,l3254227.2,line,,,0.38720015433276,0.23910512903177,3437.0,861.0
2611,l3176660.2,l3254229.2,line,,,0.6521545136316599,0.3838672254100219,3437.0,3359.0
2612,l3177894.1,l3251807.1,line,,,0.9596549136717,0.7664626897383348,3775.0,2693.0
2613,l3178969.2,l3251806.2,line,,,0.4411328948450799,0.2456471934943399,1653.0,3243.0
2614,l3178969.2,l3254206.2,line,,,0.2810655849792,0.170222453475325,1653.0,3577.0
2615,l3178969.2,l3315860.2,line,,,0.6770375382558,0.4864796038796549,1653.0,3761.0
2616,l3178972.3,l3253995.3,line,,,0.9589620762697696,0.5247992031440908,2820.0,3365.0
2617,l3178974.2,l3448661.2,line,,,0.2579872634388,0.177061750619315,1821.0,2823.0
2618,l3178982.1,l3216346.1,line,,,0.56428169052934,0.333382179592771,3221.0,955.0
2619,l3178988.2,l3254229.2,line,,,0.10453350137646,0.0583359183633599,3494.0,3359.0
2620,l3178997.3,l3214055.3,line,,,0.9430350978633096,0.5172400755875259,2970.0,771.0
2621,l3179607.2,l3216988.2,line,,,0.2461120645066199,0.1373451870859199,3133.0,3758.0
2622,l3179637.3,l3254873.3,line,,,0.3025077673963999,0.2279091233343798,3257.0,269.0
2623,l3179646.2,l3179650.2,line,,,0.2004478365202812,0.536828958974217,2914.0,2424.0
2624,l3179650.2,l3254869.2,line,,,0.4011477289485671,0.655105370574508,2424.0,1738.0
2625,l3179678.2,l3236011.2,line,,,0.815115820523108,0.4746583843736438,3555.0,2778.0
2626,l3189188.3,l3197642.3,line,,,1.09412096026024,0.7565073715506558,2954.0,3676.0
2627,l3189188.3,l3216368.3,line,,,0.24942632706276,0.135942101028934,2954.0,1853.0
2628,l3189188.3,l3235258.3,line,,,1.1336605134817497,0.632393207365409,2954.0,3690.0
2629,l3189188.3,l3254217.3,line,,,2.299888674967249,1.2784484164619545,2954.0,3670.0
2630,l3189190.1,l3226771.1,line,,,0.181675499832,0.1451016300515999,2249.0,2248.0
2631,l3195315.1,l3235253.1,line,,,0.26312190775608,0.1688583835925899,1082.0,404.0
2632,l3195327.1,l3251808.1,line,,,0.57165038918742,0.3387699197935698,2092.0,1321.0
2633,l3195751.1,l3233353.1,line,,,0.2963714011124,0.18860628926847,3215.0,1471.0
2634,l3197618.1,l3270814.1,line,,,0.2803827851577,0.1546335532279819,3567.0,1217.0
2635,l3197624.2,l3254203.2,line,,,0.90524213403024,0.5847062046904898,3616.0,3591.0
2636,l3197625.3,l3235242.3,line,,,0.473798020518312,0.7265682411312135,3392.0,142.0
2637,l3197625.3,l3235945.3,line,,,0.9609988787234278,0.8380388416408705,3392.0,811.0
2638,l3197626.3,l3197627.3,line,,,0.8253378769662,0.4605876812591999,2609.0,3531.0
2639,l3197626.3,l3216343.3,line,,,0.8693034293034,0.4851230774543998,2609.0,1930.0
2640,l3197627.3,l3216343.3,line,,,0.468523647384,0.2614640941439999,3531.0,1930.0
2641,l3197630.1,l3235256.1,line,,,0.2018532642846,0.11072278678986,1989.0,2863.0
2642,l3197632.2,l3216344.2,line,,,0.46590846148548,0.2600046646876798,2409.0,2983.0
2643,l3197635.2,l3235250.2,line,,,0.27593103176222,0.152543963433246,808.0,328.0
2644,l3197636.2,l3235252.2,line,,,0.403968427839,0.24307631584569,3225.0,2831.0
2645,l3197637.3,l3216347.3,line,,,0.7706465923929797,0.4228170904509158,807.0,3322.0
2646,l3197638.1,l3215340.1,line,,,4.7454540146765405,3.024666439840411,2043.0,2753.0
2647,l3197638.1,l3216123.1,line,,,2.1538085836352283,2.2208811165973974,2043.0,1340.0
2648,l3197638.1,l3632979.1,line,,,2.67005534035354,1.733291541820238,2043.0,3561.0
2649,l3197638.1,l3649297.1,line,,,1.2198809780389888,1.4052042972327483,2043.0,3091.0
2650,l3197642.3,l3216368.3,line,,,0.9644462617036,0.68633278276223,3676.0,1853.0
2651,l3197642.3,l3235258.3,line,,,2.13739098737139,1.3406620555900846,3676.0,3690.0
2652,l3197642.3,l3254217.3,line,,,3.30361914885689,1.9867172646866296,3676.0,3670.0
2653,l3197646.2,l3216345.2,line,,,0.4804152302630139,0.645349964468608,1878.0,205.0
2654,l3197654.1,q16642.1,line,,,0.1131720073227097,0.1223100956163909,3618.0,3537.0
2655,l3197654.1,regxfmr_190-8593.1,line,,,0.2847354276338099,0.348466767593301,3618.0,2020.0
2656,l3197661.3,l3342743.3,line,,,0.5794268194965,0.3241406438465148,2067.0,3652.0
2657,l3198348.1,l3251799.1,line,,,0.274845315598382,0.5497588107064337,3127.0,1315.0
2658,l3198348.1,q16483.1,line,,,0.141181077549518,0.318467476661518,3127.0,3485.0
2659,l3198358.2,l3236011.2,line,,,0.1903232836206,0.1062117253295999,2779.0,2778.0
2660,l3207907.1,l3226771.1,line,,,0.26272848089124,0.2097918877791979,1167.0,2248.0
2661,l3214069.3,l3214071.3,line,,,0.018121320328692,0.046155415995634,2280.0,407.0
2662,l3214069.3,l3236004.3,line,,,0.255095932978104,0.146958346281428,2280.0,3782.0
2663,l3214071.3,l3236004.3,line,,,0.266278587397908,0.175440822023786,407.0,3782.0
2664,l3214071.3,l3552667.3,line,,,0.3555687618475259,0.5449739560199068,407.0,2300.0
2665,l3214112.2,l3254214.2,line,,,0.0936976205889,0.074834952935195,2592.0,3699.0
2666,l3215203.1,l3254237.1,line,,,0.1769151706752066,0.1302400323456063,3201.0,449.0
2667,l3215340.1,l3216123.1,line,,,6.260253168243168,4.735179840333879,2753.0,1340.0
2668,l3215340.1,l3632979.1,line,,,2.2088085448442,1.397927458467233,2753.0,3561.0
2669,l3215340.1,l3649297.1,line,,,5.326325562646929,3.9195030209692314,2753.0,3091.0
2670,l3215385.3,regxfmr_190-7361.3,line,,,1.10406332753602,0.6293364150211469,472.0,2146.0
2671,l3216123.1,l3632979.1,line,,,4.184854493920168,3.443804942313706,1340.0,3561.0
2672,l3216123.1,l3649297.1,line,,,1.0687140780744389,0.9233288521570588,1340.0,3091.0
2673,l3216336.1,l3216337.1,line,,,0.1455911883444,0.0964611166700949,418.0,462.0
2674,l3216339.2,l3225319.2,line,,,0.16143337773204,0.08988447253863,3641.0,3343.0
2675,l3216342.2,l3216367.2,line,,,0.1347629005453789,0.1484058423057729,1808.0,30.0
2676,l3216351.1,l3235258.1,line,,,1.62066897547892,0.9853551313168374,88.0,3688.0
2677,l3216368.3,l3235258.3,line,,,1.2926963541739098,0.720096785068363,1853.0,3690.0
2678,l3216368.3,l3254217.3,line,,,2.458924515659409,1.366151994164908,1853.0,3670.0
2679,l3216370.2,l3235255.2,line,,,0.1106872812295,0.0613265534324309,1893.0,1507.0
2680,l3216370.2,l3254238.2,line,,,0.5702052350065,0.316369524582217,1893.0,553.0
2681,l3216370.3,l3254219.3,line,,,0.9336603447740598,0.5201922991235388,1894.0,833.0
2682,l3217052.3,l3217053.3,line,,,0.1238642390785799,0.0691236210772799,863.0,2966.0
2683,l3217056.1,l3217057.1,line,,,0.14758475499384,0.102257906526875,2977.0,3523.0
2684,l3232301.3,l3235243.3,line,,,0.7504736700218257,0.6077020661007886,3459.0,2772.0
2685,l3233412.1,l3254237.1,line,,,0.8974233443437073,0.4912208385522938,3385.0,449.0
2686,l3233413.2,l3252336.2,line,,,0.1627670943819599,0.0918721719720799,903.0,1831.0
2687,l3235241.3,l3235267.3,line,,,0.0911619588177,0.072809756050635,2219.0,3387.0
2688,l3235242.3,l3235945.3,line,,,1.0856775949565396,1.3616572340840545,142.0,811.0
2689,l3235254.3,l3342743.3,line,,,0.45421253748551,0.3986412554485199,2224.0,3652.0
2690,l3235254.3,l3645809.3,line,,,0.3244741656087717,0.3513112566691437,2224.0,1355.0
2691,l3235254.3,l3645812.3,line,,,0.7726518079160574,0.6056028232914658,2224.0,3697.0
2692,l3235256.1,r18242.1,line,,,0.3022337539590699,0.164949100762887,2863.0,307.0
2693,l3235258.3,l3254217.3,line,,,1.26899504968982,0.7260334704914488,3690.0,3670.0
2694,l3235267.3,l3235268.3,line,,,0.1738066460148,0.1388168887597399,3387.0,3144.0
2695,l3235273.2,l3254227.2,line,,,1.0012205000897398,0.5579697891088194,2057.0,861.0
2696,l3235273.2,l3254229.2,line,,,1.2661748593886395,0.7027318854870713,2057.0,3359.0
2697,l3251799.1,q16483.1,line,,,0.36820935912652,0.8314206445666275,1315.0,3485.0
2698,l3251806.2,l3254206.2,line,,,0.5630690009413599,0.3270659221629449,3243.0,3577.0
2699,l3251806.2,l3315860.2,line,,,0.95904095421796,0.6433230725672748,3243.0,3761.0
2700,l3254206.2,l3315860.2,line,,,0.5071079913516,0.4050199186205799,3577.0,3761.0
2701,l3254210.3,r18242.3,line,,,1.15399126627177,0.633336579822842,2501.0,309.0
2702,l3254218.1,r18242.1,line,,,0.0637440166322,0.0351133578609,2177.0,307.0
2703,l3254219.3,l3254220.3,line,,,0.0720171627426,0.05751908053263,833.0,834.0
2704,l3254227.2,l3254229.2,line,,,0.4335699356932199,0.2373178903933319,861.0,3359.0
2705,l3254230.1,l3254231.1,line,,,0.2501822551981399,0.139260658587086,2868.0,1724.0
2706,l3342743.3,l3645809.3,line,,,0.3916206042467017,0.2436193549556639,3652.0,1355.0
2707,l3342743.3,l3645812.3,line,,,0.8397982465539875,0.4979109215779859,3652.0,3697.0
2708,l3632979.1,l3649297.1,line,,,3.2509268883239297,2.628128122949056,3561.0,3091.0
2709,l3645809.3,l3645810.3,line,,,0.1415814085997399,0.0799141347845199,1355.0,1649.0
2710,l3645809.3,l3645812.3,line,,,0.6216414361239171,0.3522013779202578,1355.0,3697.0
2711,l3645810.3,l3645811.3,line,,,0.1465851534044518,0.082738445834296,1649.0,3358.0
2712,l3649297.1,l3649298.1,line,,,0.0714384902727,0.057056903085885,3091.0,2653.0
2713,l3649298.1,l3649299.1,line,,,0.0725490644823,0.0579439028643649,2653.0,528.0
2714,l3649299.1,l3649300.1,line,,,0.0727745659767,0.0581240076910849,528.0,893.0
2715,l3649299.1,l3649306.1,line,,,0.0872468466921,0.0696828118463549,528.0,3635.0
2716,l3649300.1,l3649301.1,line,,,0.0686562300117,0.054834751505335,893.0,67.0
2717,l3649300.1,l3649306.1,line,,,0.1513146362039999,0.1208528413802,893.0,3635.0
2718,l3649301.1,l3649302.1,line,,,0.0707727957831,0.0565252223934049,67.0,68.0
2719,l3649302.1,l3649304.1,line,,,0.0704362112793,0.056256397151715,68.0,1651.0
2720,l3649304.1,l3649305.1,line,,,0.0752924157246,0.0601349783667299,1651.0,3759.0
2721,l3727707.1,l3727708.1,line,,,0.0618144299604,0.0493703034050199,1979.0,2687.0
2722,l3727707.1,l3729298.1,line,,,0.0668737965186,0.05341114730143,1979.0,1978.0
2723,l3727708.1,l3727709.1,line,,,0.0764773479207,0.0610813668082849,2687.0,2128.0
2724,l3727708.1,l3727711.1,line,,,0.0607648875471,0.0485320488516049,2687.0,1903.0
2725,l3727708.1,l3728037.1,line,,,0.1239780388752,0.09901949105976,2687.0,2926.0
2726,l3727709.1,l3727710.1,line,,,0.0811387457766,0.06480435877933,2128.0,2129.0
2727,l3727709.1,l3727711.1,line,,,0.1258500509874,0.1005146404288699,2128.0,1903.0
2728,l3727709.1,l3728037.1,line,,,0.1890632023155,0.1510020826370249,2128.0,2926.0
2729,l3727711.1,l3727712.1,line,,,0.0477681720804,0.0381517576110199,1903.0,2777.0
2730,l3727711.1,l3728037.1,line,,,0.1733507419419,0.138452764680345,1903.0,2926.0
2731,l3728037.1,l3728038.1,line,,,0.120618283437,0.0963361023193499,2926.0,83.0
2732,l3728037.1,l3728042.1,line,,,0.1985256839745,0.1585596317524749,2926.0,1725.0
2733,l3728038.1,l3728039.1,line,,,0.0887838230745,0.070910372957475,83.0,84.0
2734,l3728038.1,l3728042.1,line,,,0.0864066457755,0.069011755360025,83.0,1725.0
2735,l3728039.1,l3728040.1,line,,,0.0677281945302,0.05409354280501,84.0,2514.0
2736,l3728040.1,l3728041.1,line,,,0.0427488592869,0.034142904085095,2514.0,2515.0
2737,l3728042.1,l3728043.1,line,,,0.0742049754849,0.0592664553599949,1725.0,1726.0
2738,l3729297.1,l3729298.1,line,,,0.0702436302108,0.0561025853995399,3391.0,1978.0
2739,q16642.1,regxfmr_190-8593.1,line,,,0.2961096982901196,0.3894724631143719,3537.0,2020.0
2740,q16642.3,regxfmr_190-8593.3,line,,,0.297063969818932,0.3882904524747996,3539.0,2022.0
