sample_id,p_grid_kw,q_grid_kvar
0,983.555280355738,-392.78576653876667
1,2018.326460250266,665.4535874795431
2,1096.666933273011,-338.96050099739983
3,733.752599448974,-350.96527594427334
4,1307.119378388644,-99.41607016254936
5,868.0475018323109,-342.9509107527728
6,816.0222786183676,60.30385841266436
7,507.90263711566917,-205.36819156037805
8,2147.6638707922343,576.4139749947051
9,1503.5371227229216,290.48632887799107
